"更新日時","更新理由","商品基本コード","商品コード","商品名","属性1名","属性2名","属性1コード","属性2コード","倉庫名","実在庫区分","変動前","変動後","増減値","ユーザー"
"2026/08/15 00:12:15","受注取込","7994812","7994812X12Y33","サファリハット メンズ 釣り 帽子 ハット レディース SUNS(サンズ)  撥水 アウトドア 登山 キャンプ バーベキュー NEK ★REV H-051 H-053 送料無料 大きいサイズあり キッズサイズ 子供 UVカット アドベンチャーハット 父の日 プレゼント ユニセックス 春 夏 夏フェス ギフト","大きいサイズ","GREIGE(H-051)","X12","Y33",,"0","64","63","-1",
"2026/08/15 00:16:31","受注取込","7986572","7986572X11Y29","【新型/IQOS イルマ i ワン用】アイコス イルマiワン ILUMA ケース 保護ケース NEK ★REVL 7986572 iqosイルマワン イルマワンカバー 耐衝撃 おしゃれ iqos iluma one 専用 IQOSイルマワン保護ケース レザー ヒョウ柄 ペイズリー 保護カバー アイコスケース アクセサリー 送料無料","イルマiワン","73","X11","Y29",,"0","1","0","-1",
"2026/08/15 00:19:15","受注取込","7987345","7987345X15Y13","【とにかくデカい！】 大きいサイズ キャップ 送料無料 大きめ ビッグサイズ ★REV 7987345 BIG SIZE 帽子 ハット キャップ キャスケット メンズキャップ 大きいサイズ バケット 大きい帽子 メンズ メンズ帽子 大きい 頭 メッシュキャップ","EEE","3","X15","Y13",,"0","23","22","-1",
"2026/08/15 00:29:15","受注取込","8003102","8003102X16Y12","やみつきになる！ ストレッチ AVIREX アビレックス Tシャツ メンズ ★REV NEK 6143501 6143502 Vネック クルーネック 半袖 プレゼント ギフト","クルーネック_ホワイト_001","Mサイズ","X16","Y12",,"0","4","2","-2",
"2026/08/15 00:29:15","受注取込","8003102","8003102X17Y12","やみつきになる！ ストレッチ AVIREX アビレックス Tシャツ メンズ ★REV NEK 6143501 6143502 Vネック クルーネック 半袖 プレゼント ギフト","クルーネック_ブラック_009","Mサイズ","X17","Y12",,"0","3","2","-1",
"2026/08/15 00:43:01","受注取込","7987642","7987642X11Y20","【送料無料】ミニ財布 メンズ 本革 レディース 二つ折り 財布 カードケース LTG カード入れ 多い NEK ★REV 7987642 折りたたみ コンパクト 小さい財布 小銭入れ コインスルー お札が折れない スキミング防止 ファスナー コインケース ミニマリスト ラウンドジッパー","ONESIZE","チョコ","X11","Y20",,"0","28","27","-1",
"2026/08/15 00:59:15","受注取込","7994812","7994812X11Y33","サファリハット メンズ 釣り 帽子 ハット レディース SUNS(サンズ)  撥水 アウトドア 登山 キャンプ バーベキュー NEK ★REV H-051 H-053 送料無料 大きいサイズあり キッズサイズ 子供 UVカット アドベンチャーハット 父の日 プレゼント ユニセックス 春 夏 夏フェス ギフト","普通サイズ","GREIGE(H-051)","X11","Y33",,"0","25","24","-1",
"2026/08/15 01:01:18","受注取込","7988017","7988017X15Y13","【犬セーター登場】ドッグウェア 犬 服 セーター パーカー 暖かい NEK ★REVG 7988017 冬 冬服 アウター フリース 男の子 女の子 プレゼント ギフト インスタ映え 送料無料","XXL","グレー","X15","Y13",,"0","1","0","-1",
"2026/08/15 01:16:31","受注取込","7987493","7987493X11Y11","【楽あけくん】 瓶オープナー 缶オープナー キャップオープナー 蓋開け ジャーオープナー NEK ★REV 7987493 ツイスト 力節約 びん蓋開け ジャムのフタや缶 滑り止め 安全 らくらく 力の弱い 女性 お年寄り お子様 キッチンツール キッチン用品 送料無料","ONESIZE","レッド","X11","Y11",,"0","20","19","-1",
"2026/08/15 01:16:31","受注取込","7987493","7987493X11Y12","【楽あけくん】 瓶オープナー 缶オープナー キャップオープナー 蓋開け ジャーオープナー NEK ★REV 7987493 ツイスト 力節約 びん蓋開け ジャムのフタや缶 滑り止め 安全 らくらく 力の弱い 女性 お年寄り お子様 キッチンツール キッチン用品 送料無料","ONESIZE","グリーン","X11","Y12",,"0","33","32","-1",
"2026/08/15 01:17:31","受注取込","7987522","7987522X11Y11","ショルダーバッグ メンズ ワンショルダー サコッシュ 斜め掛け おしゃれバッグ ★REV 7987522 斜めがけ メンズボディバック かっこいい ボディバッグ レザー ワンショルダーバッグ カバン 鞄 かばん レザー調 メンズバッグ 斜めがけ メンズショルダーバック 散歩 父の日","ONESIZE","A柄(ブラック)","X11","Y11",,"0","12","11","-1",
"2026/08/15 01:58:45","受注取込","7987873","7987873X11Y12","【深く大きいサイズ】メッシュキャップ メンズ 帽子 刺繍 キャップ NEW YORK 1985 FORCE ★REV 7987873 おしゃれ 黒 ブラック 父の日 プレゼント ギフト 送料無料","ONESIZE","ブラック×レッド","X11","Y12",,"0","31","30","-1",
"2026/08/15 02:38:00","受注取込","7988215","7988215X16Y15","【とにかくデカい！】 大きいサイズ キャップ メッシュキャップ 送料無料 大きめ ビッグサイズ BIG SIZE ★REV 7988215 <br> 帽子 ハット キャップ ワークキャップ メンズキャップ 大きいサイズ バケット 大きい帽子 メンズ バケハ メンズ帽子 大きい 頭 メッシュ 全39カラー","FF","5","X16","Y15",,"0","140","139","-1",
"2026/08/15 04:07:45","受注取込","7986531","7986531X11Y21","【新型/IQOS イルマ i ワン用】アイコス イルマiワン ILUMA ケース 保護ケース NEK ★REVL 7986531 iqosイルマワン イルマワンカバー 耐衝撃 おしゃれ iqos iluma one 専用 IQOSイルマワン保護ケース レザー ヒョウ柄 ペイズリー 保護カバー アイコスケース アクセサリー 送料無料","ONESIZE","104","X11","Y21",,"0","14","13","-1",
"2026/08/15 04:35:45","受注取込","7987560","7987560X11Y11","【機能的】長財布 財布 メンズ レディース ウォレット スマホケース クラッチバッグ NEK ★REV 7987560 プレゼント ギフト 母の日 父の日 プチギフト 誕プレ 送料無料","ワンサイズ","ブラック","X11","Y11",,"0","27","26","-1",
"2026/08/15 04:41:45","受注取込","7987400","7987400X11Y15","【とにかくデカい！/普通サイズあり！】キャップ メンズ 大きいサイズ 帽子 深め ビッグサイズ ★REVM 7987400 BIG SIZE メンズキャップ帽子 大きめ 大きい帽子 メンズ帽子 レディース 春 夏 春夏 プレゼント ギフト 母の日 父の日 送料無料","大きいサイズ","E-ベージュ","X11","Y15",,"0","73","72","-1",
"2026/08/15 05:00:01","受注取込","7992723","7992723X12Y11","お得！ 送料無料 4枚入り 福袋 Dickies ディッキーズ ボクサーパンツ メンズ かわいい NEK ★REV <br> パンツ ボクサーパンツ セット メンズ下着 メンズボクサーパンツ メンズボクサー 大きいサイズ 大きめ 特大 3L 下着 インナー メンズ usa まとめ買い プレゼント ギフト","L","福袋4枚セット","X12","Y11",,"0","247","246","-1",
"2026/08/15 05:04:45","受注取込","7987345","7987345X20Y15","【とにかくデカい！】 大きいサイズ キャップ 送料無料 大きめ ビッグサイズ ★REV 7987345 BIG SIZE 帽子 ハット キャップ キャスケット メンズキャップ 大きいサイズ バケット 大きい帽子 メンズ メンズ帽子 大きい 頭 メッシュキャップ","JJJ","5","X20","Y15",,"0","11","10","-1",
"2026/08/15 05:57:38","受注取込","7986804","7986804X11Y11","【シンプル/おしゃれ/年中大活躍】ワッチキャップ スラウチビーニー ニット帽 ニットキャップ 帽子 NEK ★REV 7986804 無地 ワッチ メンズ レディース ユニセックス 送料無料","ONESIZE","グレー","X11","Y11",,"0","20","19","-1",
"2026/08/15 05:59:31","受注取込","7988466","7988466X11Y12","【速攻配達 送料無料】ゲーミングイヤホン ヘッドセット LTG 落ちない ズレない こもらない 暑くない switch ヘッドホン マイク 付き NEK 7988466 ps4 ps5 ヘッドフォン 有線 USB ニンテンドースイッチ テレワーク zoom ズーム リモート WEB会議 ミーティング","ONESIZE","ブラック/ブラック","X11","Y12",,"0","29","28","-1",
"2026/08/15 05:59:31","受注取込","7986716","7986716X11Y11","【紫外線でプロ級チェック】アニサキスライト UV 紫外線ライト ブラックライト NEK ★REVL 7986716 365nm 充電式 TYPE-C充電  USB 光学レンズ アニサキス検出 生活 食事 釣り 掃除 コンパクト 送料無料","1本","ブラック(TYPE-C)","X11","Y11",,"0","70","69","-1",
"2026/08/15 06:11:30","受注取込","7997141","7997141X11Y11","特大 スイカ ドーナツ 浮き輪 浮輪 送料無料 プール 大人用 子供用 NEK 7997141 ★REV 120cm 90cm 80cm 70cm 60cm サイズ 大きい 大きめ うきわ ウキワ すいか 海 海水浴 ビックフロート 水上 レジャー かわいい フローティングベッド 西瓜 子供用浮き輪 大人 子供 こども","120cm","スイカ","X11","Y11",,"0","712","711","-1",
"2026/08/15 07:13:01","受注取込","7994812","7994812X12Y11","サファリハット メンズ 釣り 帽子 ハット レディース SUNS(サンズ)  撥水 アウトドア 登山 キャンプ バーベキュー NEK ★REV H-051 H-053 送料無料 大きいサイズあり キッズサイズ 子供 UVカット アドベンチャーハット 父の日 プレゼント ユニセックス 春 夏 夏フェス ギフト","大きいサイズ","BK/BLACK(H_051)","X12","Y11",,"0","288","287","-1",
"2026/08/15 07:19:45","受注取込","7987345","7987345X22Y15","【とにかくデカい！】 大きいサイズ キャップ 送料無料 大きめ ビッグサイズ ★REV 7987345 BIG SIZE 帽子 ハット キャップ キャスケット メンズキャップ 大きいサイズ バケット 大きい帽子 メンズ メンズ帽子 大きい 頭 メッシュキャップ","LLL","5","X22","Y15",,"0","12","11","-1",
"2026/08/15 07:24:13","受注取込","7986572","7986572X11Y36","【新型/IQOS イルマ i ワン用】アイコス イルマiワン ILUMA ケース 保護ケース NEK ★REVL 7986572 iqosイルマワン イルマワンカバー 耐衝撃 おしゃれ iqos iluma one 専用 IQOSイルマワン保護ケース レザー ヒョウ柄 ペイズリー 保護カバー アイコスケース アクセサリー 送料無料","イルマiワン","80","X11","Y36",,"0","6","5","-1",
"2026/08/15 07:25:00","受注取込","7987400","7987400X11Y18","【とにかくデカい！/普通サイズあり！】キャップ メンズ 大きいサイズ 帽子 深め ビッグサイズ ★REVM 7987400 BIG SIZE メンズキャップ帽子 大きめ 大きい帽子 メンズ帽子 レディース 春 夏 春夏 プレゼント ギフト 母の日 父の日 送料無料","大きいサイズ","H-オリーブ","X11","Y18",,"0","20","19","-1",
"2026/08/15 07:41:45","受注取込","7987400","7987400X11Y13","【とにかくデカい！/普通サイズあり！】キャップ メンズ 大きいサイズ 帽子 深め ビッグサイズ ★REVM 7987400 BIG SIZE メンズキャップ帽子 大きめ 大きい帽子 メンズ帽子 レディース 春 夏 春夏 プレゼント ギフト 母の日 父の日 送料無料","大きいサイズ","C-グレー","X11","Y13",,"0","58","57","-1",
"2026/08/15 07:43:31","受注取込","8003102","8003102X20Y12","やみつきになる！ ストレッチ AVIREX アビレックス Tシャツ メンズ ★REV NEK 6143501 6143502 Vネック クルーネック 半袖 プレゼント ギフト","クルーネック_オリーブ_075","Mサイズ","X20","Y12",,"0","2","1","-1",
"2026/08/15 07:43:31","受注取込","8003102","8003102X19Y12","やみつきになる！ ストレッチ AVIREX アビレックス Tシャツ メンズ ★REV NEK 6143501 6143502 Vネック クルーネック 半袖 プレゼント ギフト","クルーネック_チャコール_019","Mサイズ","X19","Y12",,"0","3","2","-1",
"2026/08/15 07:43:31","受注取込","8003102","8003102X17Y12","やみつきになる！ ストレッチ AVIREX アビレックス Tシャツ メンズ ★REV NEK 6143501 6143502 Vネック クルーネック 半袖 プレゼント ギフト","クルーネック_ブラック_009","Mサイズ","X17","Y12",,"0","2","1","-1",
"2026/08/15 07:48:22","受注取込","7988215","7988215X18Y14","【とにかくデカい！】 大きいサイズ キャップ メッシュキャップ 送料無料 大きめ ビッグサイズ BIG SIZE ★REV 7988215 <br> 帽子 ハット キャップ ワークキャップ メンズキャップ 大きいサイズ バケット 大きい帽子 メンズ バケハ メンズ帽子 大きい 頭 メッシュ 全39カラー","HH","4","X18","Y14",,"0","49","48","-1",
"2026/08/15 07:54:39","受注取込","7994812","7994812X12Y27","サファリハット メンズ 釣り 帽子 ハット レディース SUNS(サンズ)  撥水 アウトドア 登山 キャンプ バーベキュー NEK ★REV H-051 H-053 送料無料 大きいサイズあり キッズサイズ 子供 UVカット アドベンチャーハット 父の日 プレゼント ユニセックス 春 夏 夏フェス ギフト","大きいサイズ","CAMO(H_051)","X12","Y27",,"0","86","85","-1",
"2026/08/15 07:56:13","受注取込","7994812","7994812X11Y33","サファリハット メンズ 釣り 帽子 ハット レディース SUNS(サンズ)  撥水 アウトドア 登山 キャンプ バーベキュー NEK ★REV H-051 H-053 送料無料 大きいサイズあり キッズサイズ 子供 UVカット アドベンチャーハット 父の日 プレゼント ユニセックス 春 夏 夏フェス ギフト","普通サイズ","GREIGE(H-051)","X11","Y33",,"0","24","23","-1",
"2026/08/15 07:58:45","受注取込","7987794","7987794X12Y11","【大きいサイズもあり】キャスハンチング キャップ メンズ レディース CULTURE MART NEK 101294 ★REV 7987794 ハンチング帽子 ハンチング帽 秋冬 帽子 ハンチング キャスケット メンズ帽子 レディース帽子秋冬 秋冬帽子 メンズハンチング おしゃれ カルチャーマート","大きいサイズ","ベージュ(1)","X12","Y11",,"0","137","136","-1",
"2026/08/15 08:07:46","受注取込","7986674","7986674X11Y12","【深め/美シルエット】メッシュキャップ キャップ 帽子 メンズ レディース スエード風 ★REVL 7986674 野球帽 A-Frame Trucker 無地 刺繍 10色展開 送料無料","ONESIZE","B","X11","Y12",,"0","2","1","-1",
"2026/08/15 08:24:45","受注取込","7998477","7998477X11Y11","2WAY ビジネスバッグ メンズ 鞄 バッグ 通勤 ポケット多 書類カバン ★REV 7998477 プレゼント ギフト","ONESIZE","ブラック×レッド","X11","Y11",,"0","33","32","-1",
"2026/08/15 08:24:45","受注取込","7988044","7988044X11Y13","ショルダーバッグ メンズ ワンショルダー 斜め掛け ★REV 7988044 おしゃれバッグ Vintage 斜めがけ メンズボディバック かっこいい ボディバッグ レザー ワンショルダーバッグ カバン 鞄 かばん レザー調 メンズバッグ 斜めがけ メンズショルダーバック 散歩 送料無料","ONESIZE","C_ブラウン","X11","Y13",,"0","31","30","-1",
"2026/08/15 08:31:45","受注取込","7986975","7986975X13Y12","【万能マルチカバー】ソファーカバー 2人掛け 3人掛け 1人掛け ブランケット ひざ掛け 大判 ★REV 7986975 北欧 マルチカバー キャンプ フリンジ付き  母の日 父の日 ギフト プレゼント 送料無料","180×230","グリーン","X13","Y12",,"0","14","12","-2",
"2026/08/15 08:39:18","受注取込","7992723","7992723X11Y11","お得！ 送料無料 4枚入り 福袋 Dickies ディッキーズ ボクサーパンツ メンズ かわいい NEK ★REV <br> パンツ ボクサーパンツ セット メンズ下着 メンズボクサーパンツ メンズボクサー 大きいサイズ 大きめ 特大 3L 下着 インナー メンズ usa まとめ買い プレゼント ギフト","M","福袋4枚セット","X11","Y11",,"0","125","124","-1",
"2026/08/15 08:40:46","受注取込","7987400","7987400X11Y13","【とにかくデカい！/普通サイズあり！】キャップ メンズ 大きいサイズ 帽子 深め ビッグサイズ ★REVM 7987400 BIG SIZE メンズキャップ帽子 大きめ 大きい帽子 メンズ帽子 レディース 春 夏 春夏 プレゼント ギフト 母の日 父の日 送料無料","大きいサイズ","C-グレー","X11","Y13",,"0","57","56","-1",
"2026/08/15 08:40:46","受注取込","7987400","7987400X11Y15","【とにかくデカい！/普通サイズあり！】キャップ メンズ 大きいサイズ 帽子 深め ビッグサイズ ★REVM 7987400 BIG SIZE メンズキャップ帽子 大きめ 大きい帽子 メンズ帽子 レディース 春 夏 春夏 プレゼント ギフト 母の日 父の日 送料無料","大きいサイズ","E-ベージュ","X11","Y15",,"0","72","71","-1",
"2026/08/15 08:42:03","受注取込","7994812","7994812X11Y33","サファリハット メンズ 釣り 帽子 ハット レディース SUNS(サンズ)  撥水 アウトドア 登山 キャンプ バーベキュー NEK ★REV H-051 H-053 送料無料 大きいサイズあり キッズサイズ 子供 UVカット アドベンチャーハット 父の日 プレゼント ユニセックス 春 夏 夏フェス ギフト","普通サイズ","GREIGE(H-051)","X11","Y33",,"0","23","22","-1",
"2026/08/15 08:42:15","受注取込","7987439","7987439X12Y15","【通気性◎】メッシュキャップ メンズ 帽子 7987439 ★REV 野球帽 普通サイズ 56cm～59cm 大きいサイズ ビッグサイズ 59cm～63cm BIG 刺繍 プレゼント ギフト 送料無料","大きいサイズ","グレー","X12","Y15",,"0","15","14","-1",
"2026/08/15 08:42:57","受注取込","7986595","7986595X11Y11","【大判/高純度テラヘルツ】高純度 テラヘルツ 重さ954g リラクゼーション用 健康 NEK ★REVL 7986595 テラヘルツ波 パワーストーン 天然石 アクセサリー プレゼント ギフト プチギフト 母の日 父の日 送料無料","ピロー","メタリッククローム","X11","Y11",,"0","24","23","-1",
"2026/08/15 08:44:00","受注取込","7986706","7986706X12Y12","【特大！すっぽりかぶって、小顔見せ】バケットハット チューリップハット 帽子 NEK ★REVL 7986706 メンズ レディース 大きいサイズ 普通サイズ  デニム素材 コットン100％ おしゃれ フリンジ 送料無料","大きいサイズ","ベージュ","X12","Y12",,"0","132","131","-1",
"2026/08/15 08:48:32","受注取込","7986757","7986757X11Y12","【置くだけで充電】 ワイヤレス充電器 車載 ホルダー 置き型 Type-C充電 USB-A NEK ★REVL 7986757 最大20W 車載ワイヤレス充電パッド 充電 充電器 車載 スマホ ホルダー スタンド 車 携帯ホルダー 急速充電 サイズ調整可能 滑り止め iphone/Android 1M PD充電 スマホアクセサリー Qi規格 送料無料","ONESIZE","TYPE-C(1m)","X11","Y12",,"0","167","166","-1",
"2026/08/15 08:50:05","受注取込","7987782","7987782X11Y11","【お得なMilitaryショルダー】ショルダーバッグ サコッシュ ポーチ ★REV 7987782 メンズ レディース ミリタリー MA-1 プレゼント ギフト 送料無料","ONESIZE","オリーブ","X11","Y11",,"0","10","9","-1",
"2026/08/15 08:50:05","受注取込","7987782","7987782X11Y12","【お得なMilitaryショルダー】ショルダーバッグ サコッシュ ポーチ ★REV 7987782 メンズ レディース ミリタリー MA-1 プレゼント ギフト 送料無料","ONESIZE","ブラック","X11","Y12",,"0","9","8","-1",
"2026/08/15 08:56:14","受注取込","7988088","7988088X11Y11","安全靴 スニーカー エアウォーク AIR WALK Y_YU AW-920 グリーン フレックスフィット ローカット メンズ セーフティシューズ 樹脂先芯 軽量 衝撃吸収 負担軽減 作業靴 オシャレ  かかとが踏める ムレにくい","25.0cm ","グリーン","X11","Y11",,"0","80","79","-1",
"2026/08/15 08:56:14","受注取込","7987981","7987981X11Y12","【Vintage加工 本革】長財布 メンズ レディース 本革 レザー 本皮 ★REV 7987981 Vintage ヌメ革 プレゼント ギフト アクセサリー インスタ映え 送料無料","ONESIZE","キャメル","X11","Y12",,"0","4","3","-1",
"2026/08/15 08:58:01","受注取込","7987641","7987641X14Y13","犬 服 暖かい 犬の服 ボア ダウン ジャケット コート ★REVG NEK 7987641 小型犬 中型犬 秋 秋服 冬 冬用 冬服 秋冬 おしゃれ おもしろ かわいい 可愛い 着せやすい セール ブランド 女の子 男の子 オス メス 背開き アウター ベスト ハーネス キルティング","XL","ピンク","X14","Y13",,"0","1","0","-1",
"2026/08/15 09:00:27","受注取込","7987073","7987073X12Y18","【くすみカラー 超軽量】バケットハット サファリハット メンズ レディース 普通サイズ 大きいサイズ NEK ★REV 7987073 アドベンチャーハット 撥水 速乾 軽量 折り畳める UV カット アウトドア キャンプ 登山 ウォーキング 散歩 日焼け防止 紫外線防止 送料無料","大きいサイズ","カーキ","X12","Y18",,"0","17","16","-1",
"2026/08/15 09:04:46","受注取込","7986676","7986676X11Y13","【通気性抜群/薄手コットンニット】ハット 帽子 チューリップハット メンズ レディース NEK ★REVL 7986676 折りたたみ可能  UVカット 春夏ハット おしゃれ 無地 送料無料","ONESIZE","ベージュ","X11","Y13",,"0","3","2","-1",
"2026/08/15 09:04:46","受注取込","7993221","7993221X11Y15","訳あり キーホルダー メンズ 車 スマートキー キーチェーン キーリング レザー NEK ★REV 7993221 家 鍵 カギ 送料無料 ステンレス レザー 男性 おしゃれ シンプル カラビナフック プレゼント","ONESIZE","ブラック_B","X11","Y15",,"0","7","6","-1",
"2026/08/15 09:12:47","受注取込","7994702","7994702X11Y11","経年変化を楽しむ！日本製 本革 レザー 130cm 長め ベルト 7994702 メンズ レディース ヌメ革 総革 Artisan aging 送料無料 ナチュラル ギフトBOX付き プレゼント 180618 プレゼント ギフト","ONESIZE","ナチュラル","X11","Y11",,"0","67","66","-1",
"2026/08/15 09:12:47","受注取込","7994388","7994388X11Y11","一枚革 ヌメ革 GENUINE LEATHER 本革 レザー Vintage ベルト ★REVM 7994388 メンズ レディース 新品 125cm サイズ調整可能 ALI 180824-2 プレゼント ギフト","ONESIZE","ブラック","X11","Y11",,"0","2","1","-1",
"2026/08/15 09:12:47","受注取込","7994388","7994388X11Y14","一枚革 ヌメ革 GENUINE LEATHER 本革 レザー Vintage ベルト ★REVM 7994388 メンズ レディース 新品 125cm サイズ調整可能 ALI 180824-2 プレゼント ギフト","ONESIZE","ダークブラウン","X11","Y14",,"0","2","1","-1",
"2026/08/15 09:14:16","受注取込","7997141","7997141X11Y11","特大 スイカ ドーナツ 浮き輪 浮輪 送料無料 プール 大人用 子供用 NEK 7997141 ★REV 120cm 90cm 80cm 70cm 60cm サイズ 大きい 大きめ うきわ ウキワ すいか 海 海水浴 ビックフロート 水上 レジャー かわいい フローティングベッド 西瓜 子供用浮き輪 大人 子供 こども","120cm","スイカ","X11","Y11",,"0","711","710","-1",
"2026/08/15 09:15:30","受注取込","7997141","7997141X11Y11","特大 スイカ ドーナツ 浮き輪 浮輪 送料無料 プール 大人用 子供用 NEK 7997141 ★REV 120cm 90cm 80cm 70cm 60cm サイズ 大きい 大きめ うきわ ウキワ すいか 海 海水浴 ビックフロート 水上 レジャー かわいい フローティングベッド 西瓜 子供用浮き輪 大人 子供 こども","120cm","スイカ","X11","Y11",,"0","710","709","-1",
"2026/08/15 09:17:16","受注取込","7988215","7988215X25Y15","【とにかくデカい！】 大きいサイズ キャップ メッシュキャップ 送料無料 大きめ ビッグサイズ BIG SIZE ★REV 7988215 <br> 帽子 ハット キャップ ワークキャップ メンズキャップ 大きいサイズ バケット 大きい帽子 メンズ バケハ メンズ帽子 大きい 頭 メッシュ 全39カラー","OO","5","X25","Y15",,"0","10","9","-1",
"2026/08/15 09:24:26","受注取込","7987129","7987129X11Y15","【高級 天然木材】長い 靴べら 靴ベラ ロング 天然木 ★REV 7987129 70～75cm 使いやすい おしゃれ アンティーク 北欧 父の日 母の日 プレゼント ギフト 送料無料","ONESIZE","E","X11","Y15",,"0","7","6","-1",
"2026/08/15 09:32:33","受注取込","7987073","7987073X12Y12","【くすみカラー 超軽量】バケットハット サファリハット メンズ レディース 普通サイズ 大きいサイズ NEK ★REV 7987073 アドベンチャーハット 撥水 速乾 軽量 折り畳める UV カット アウトドア キャンプ 登山 ウォーキング 散歩 日焼け防止 紫外線防止 送料無料","大きいサイズ","グレー","X12","Y12",,"0","66","65","-1",
"2026/08/15 09:33:16","受注取込","7987946","7987946X11Y11","【お得な3個セット】犬 ナスカン カラビナ キーホルダー キーフック キーケース NEK ★REV 7987946 カラナビ プレゼント ギフト アクセサリー 送料無料","ONESIZE","3色MIX","X11","Y11",,"0","92","91","-1",
"2026/08/15 09:34:50","WEB画面","FBA-7988215","FBA-7988215X19Y14","【FBA専用】 とにかくデカい！ 大きいサイズ キャップ 7988215","II","4","X19","Y14",,"0","0","50","50","阿二"
"2026/08/15 09:34:50","WEB画面","FBA-7988215","FBA-7988215X19Y15","【FBA専用】 とにかくデカい！ 大きいサイズ キャップ 7988215","II","5","X19","Y15",,"0","0","30","30","阿二"
"2026/08/15 09:36:15","受注取込","7994812","7994812X12Y33","サファリハット メンズ 釣り 帽子 ハット レディース SUNS(サンズ)  撥水 アウトドア 登山 キャンプ バーベキュー NEK ★REV H-051 H-053 送料無料 大きいサイズあり キッズサイズ 子供 UVカット アドベンチャーハット 父の日 プレゼント ユニセックス 春 夏 夏フェス ギフト","大きいサイズ","GREIGE(H-051)","X12","Y33",,"0","63","62","-1",
"2026/08/15 09:36:31","WEB画面","FBA-7987400","FBA-7987400X11Y30","【FBA専用】帽子 7987400","ONESIZE","T-ブラック","X11","Y30",,"0","0","15","15","阿二"
"2026/08/15 09:36:31","WEB画面","FBA-7987400","FBA-7987400X11Y31","【FBA専用】帽子 7987400","ONESIZE","U-ホワイト","X11","Y31",,"0","0","15","15","阿二"
"2026/08/15 09:36:31","WEB画面","FBA-7987400","FBA-7987400X11Y33","【FBA専用】帽子 7987400","ONESIZE","W-グレー","X11","Y33",,"0","0","15","15","阿二"
"2026/08/15 09:36:31","WEB画面","FBA-7987400","FBA-7987400X11Y34","【FBA専用】帽子 7987400","ONESIZE","X-ブラック","X11","Y34",,"0","10","20","10","阿二"
"2026/08/15 09:36:31","WEB画面","FBA-7987400","FBA-7987400X11Y35","【FBA専用】帽子 7987400","ONESIZE","Y-ネイビー","X11","Y35",,"0","5","15","10","阿二"
"2026/08/15 09:36:31","WEB画面","FBA-7987400","FBA-7987400X11Y36","【FBA専用】帽子 7987400","ONESIZE","Z-グレー","X11","Y36",,"0","2","17","15","阿二"
"2026/08/15 09:44:45","受注取込","7987078","7987078X11Y11","【3個の福袋！即出荷】ビーチボール 水遊び ビーチバレー 浮き輪 フロート NEK ★REV 7987078 サッカーボール 30cm アウトドア キャンプ 海 プール 川 リゾート 送料無料","ONESIZE","3個セット","X11","Y11",,"0","44","43","-1",
"2026/08/15 09:47:01","受注取込","7987400","7987400X11Y15","【とにかくデカい！/普通サイズあり！】キャップ メンズ 大きいサイズ 帽子 深め ビッグサイズ ★REVM 7987400 BIG SIZE メンズキャップ帽子 大きめ 大きい帽子 メンズ帽子 レディース 春 夏 春夏 プレゼント ギフト 母の日 父の日 送料無料","大きいサイズ","E-ベージュ","X11","Y15",,"0","71","70","-1",
"2026/08/15 09:47:01","受注取込","7988215","7988215X13Y13","【とにかくデカい！】 大きいサイズ キャップ メッシュキャップ 送料無料 大きめ ビッグサイズ BIG SIZE ★REV 7988215 <br> 帽子 ハット キャップ ワークキャップ メンズキャップ 大きいサイズ バケット 大きい帽子 メンズ バケハ メンズ帽子 大きい 頭 メッシュ 全39カラー","CC","3","X13","Y13",,"0","22","21","-1",
"2026/08/15 09:52:01","受注取込","7994812","7994812X12Y23","サファリハット メンズ 釣り 帽子 ハット レディース SUNS(サンズ)  撥水 アウトドア 登山 キャンプ バーベキュー NEK ★REV H-051 H-053 送料無料 大きいサイズあり キッズサイズ 子供 UVカット アドベンチャーハット 父の日 プレゼント ユニセックス 春 夏 夏フェス ギフト","大きいサイズ","BLUE(H_051)","X12","Y23",,"0","14","13","-1",
"2026/08/15 09:59:15","受注取込","7994812","7994812X12Y11","サファリハット メンズ 釣り 帽子 ハット レディース SUNS(サンズ)  撥水 アウトドア 登山 キャンプ バーベキュー NEK ★REV H-051 H-053 送料無料 大きいサイズあり キッズサイズ 子供 UVカット アドベンチャーハット 父の日 プレゼント ユニセックス 春 夏 夏フェス ギフト","大きいサイズ","BK/BLACK(H_051)","X12","Y11",,"0","287","286","-1",
"2026/08/15 10:00:29","受注取込","7988124","7988124X11Y15","大きいサイズ キャップ 帽子 メンズ フルキャップ ベースボールキャップ コットンキャップ 野球帽 ワンポイント ★REV 7988124 イーグル 鷲 刺繍 ミリタリー BIGSIZE キングサイズ 送料無料","ONESIZE","メッシュネイビー","X11","Y15",,"0","35","34","-1",
"2026/08/15 10:02:36","WEB画面","7986804","7986804X11Y12","【シンプル/おしゃれ/年中大活躍】ワッチキャップ スラウチビーニー ニット帽 ニットキャップ 帽子 NEK ★REV 7986804 無地 ワッチ メンズ レディース ユニセックス 送料無料","ONESIZE","ブラック","X11","Y12",,"0","23","25","2","星島"
"2026/08/15 10:03:38","WEB画面","7986524","7986524X11Y13","【ミニマル】スマホショルダー サコッシュ ミニバッグ 軽量 撥水 コンパクト 収納力抜群 NEK ★REVL 7986524 レディース メンズ ユニセックス 斜めがけ ポーチ アウトドア 旅行 サブバッグ 送料無料","ONESIZE","パープル","X11","Y13",,"0","69","54","-15","植野"
"2026/08/15 10:04:57","WEB画面","7986524","7986524X11Y13","【ミニマル】スマホショルダー サコッシュ ミニバッグ 軽量 撥水 コンパクト 収納力抜群 NEK ★REVL 7986524 レディース メンズ ユニセックス 斜めがけ ポーチ アウトドア 旅行 サブバッグ 送料無料","ONESIZE","パープル","X11","Y13",,"0","54","44","-10","植野"
"2026/08/15 10:06:46","受注取込","7987062","7987062X12Y17","【直射日光をはね返す】コカゲル サファリハット 洗濯機洗いOK 体感マイナス10℃ アドベンチャー NEK CC2R501 ★REV 7987062 ブッシュハット UV アウトドア SEK サイズ調整 大きいサイズ ユニセックス アウトドア 夏 対策 熱中症 木陰 日よけ 日焼け 送料無料","L(58.5～60.0)","グレージュ","X12","Y17",,"0","45","44","-1",
"2026/08/15 10:06:58","WEB画面","7986524","7986524X11Y14","【ミニマル】スマホショルダー サコッシュ ミニバッグ 軽量 撥水 コンパクト 収納力抜群 NEK ★REVL 7986524 レディース メンズ ユニセックス 斜めがけ ポーチ アウトドア 旅行 サブバッグ 送料無料","ONESIZE","ブラック","X11","Y14",,"0","116","101","-15","植野"
"2026/08/15 10:10:12","WEB画面","7986524","7986524X11Y15","【ミニマル】スマホショルダー サコッシュ ミニバッグ 軽量 撥水 コンパクト 収納力抜群 NEK ★REVL 7986524 レディース メンズ ユニセックス 斜めがけ ポーチ アウトドア 旅行 サブバッグ 送料無料","ONESIZE","ベージュ×オレンジ","X11","Y15",,"0","6","1","-5","植野"
"2026/08/15 10:13:30","受注取込","7987078","7987078X11Y11","【3個の福袋！即出荷】ビーチボール 水遊び ビーチバレー 浮き輪 フロート NEK ★REV 7987078 サッカーボール 30cm アウトドア キャンプ 海 プール 川 リゾート 送料無料","ONESIZE","3個セット","X11","Y11",,"0","43","42","-1",
"2026/08/15 10:13:30","受注取込","7986751","7986751X11Y14","【グリップ力効果/洗濯可能】トレーニンググローブ 手袋 筋トレ 筋トレグローブ NEK ★REV 7986751 レディース メンズ ジム手袋 指無し ウェイトリフティング 防滑 クッション性 伸びる 洗濯OK バーベル サイクリング ヨガ グリップ 衝撃吸収 通気性 送料無料","S","パステル","X11","Y14",,"0","3","2","-1",
"2026/08/15 10:19:45","受注取込","7986572","7986572X11Y13","【新型/IQOS イルマ i ワン用】アイコス イルマiワン ILUMA ケース 保護ケース NEK ★REVL 7986572 iqosイルマワン イルマワンカバー 耐衝撃 おしゃれ iqos iluma one 専用 IQOSイルマワン保護ケース レザー ヒョウ柄 ペイズリー 保護カバー アイコスケース アクセサリー 送料無料","イルマiワン","57","X11","Y13",,"0","5","4","-1",
"2026/08/15 10:20:32","WEB画面","7997141","7997141X11Y11","特大 スイカ ドーナツ 浮き輪 浮輪 送料無料 プール 大人用 子供用 NEK 7997141 ★REV 120cm 90cm 80cm 70cm 60cm サイズ 大きい 大きめ うきわ ウキワ すいか 海 海水浴 ビックフロート 水上 レジャー かわいい フローティングベッド 西瓜 子供用浮き輪 大人 子供 こども","120cm","スイカ","X11","Y11",,"0","709","708","-1","塩谷 満里子"
"2026/08/15 10:23:45","受注取込","7987400","7987400X11Y11","【とにかくデカい！/普通サイズあり！】キャップ メンズ 大きいサイズ 帽子 深め ビッグサイズ ★REVM 7987400 BIG SIZE メンズキャップ帽子 大きめ 大きい帽子 メンズ帽子 レディース 春 夏 春夏 プレゼント ギフト 母の日 父の日 送料無料","大きいサイズ","A-ブラック","X11","Y11",,"0","67","66","-1",
"2026/08/15 10:24:33","受注取込","7988386","7988386X11Y11","【高輝度・省電力】LED 卓上 ライト 間接照明 おしゃれ テーブルランプ 北欧 ベッドライト ★REV 7988386 照明 ランプ 一人暮らし ナイトランプ ムードランプ インテリア 雑貨 スタンドライト フロアライト ベッドサイド ルームライト 寝室 usb 電気スタンド フロアランプ","ONESIZE","アイボリー","X11","Y11",,"0","237","236","-1",
"2026/08/15 10:25:31","受注取込","8003102","8003102X18Y12","やみつきになる！ ストレッチ AVIREX アビレックス Tシャツ メンズ ★REV NEK 6143501 6143502 Vネック クルーネック 半袖 プレゼント ギフト","クルーネック_グレー_014","Mサイズ","X18","Y12",,"0","2","1","-1",
"2026/08/15 10:25:31","受注取込","8003102","8003102X17Y12","やみつきになる！ ストレッチ AVIREX アビレックス Tシャツ メンズ ★REV NEK 6143501 6143502 Vネック クルーネック 半袖 プレゼント ギフト","クルーネック_ブラック_009","Mサイズ","X17","Y12",,"0","1","0","-1",
"2026/08/15 10:25:31","受注取込","7987070","7987070X12Y11","【お得な2枚組】X-LARGE XLARGE エクストララージ ボクサーパンツ メンズ アンダーウェア 下着 NEK ★REVL 7987070 かっこいい ツルツル おすすめ 人気 カモフラ タイダイ 炎 迷彩 カモ柄 ブランド 男性 紳士 プレゼント プチギフト 父の日 誕生日 彼氏 父 息子 ギフト 記念日 大きいサイズ 福袋 送料無料","L","2枚組","X12","Y11",,"0","21","20","-1",
"2026/08/15 10:29:15","受注取込","7987642","7987642X11Y11","【送料無料】ミニ財布 メンズ 本革 レディース 二つ折り 財布 カードケース LTG カード入れ 多い NEK ★REV 7987642 折りたたみ コンパクト 小さい財布 小銭入れ コインスルー お札が折れない スキミング防止 ファスナー コインケース ミニマリスト ラウンドジッパー","ONESIZE","ブラック","X11","Y11",,"0","23","22","-1",
"2026/08/15 10:29:30","受注取込","7987140","7987140X11Y16","【COOLにマナーを】携帯灰皿 カラビナ付き 吸い殻入れ 金属製 フタ付き 小型 軽量 NEK ★REVL 7987140 喫煙グッズ アッシュトレイ 持ち運び便利 男性 メンズ レディース 送料無料","ONESIZE","F.ブラックペイズリー","X11","Y16",,"0","43","42","-1",
"2026/08/15 10:30:45","受注取込","7987490","7987490X11Y11","【手首を太く逞しくする】前腕筋 筋トレ 握力 手首 前腕部の強化 腕相撲 ★REV 7987490 バスケットボール テニス ゴルフ 柔道 剣道 空手 格闘技 プレゼント ギフト 送料無料","ONESIZE","ブラック","X11","Y11",,"0","93","92","-1",
"2026/08/15 10:37:15","受注取込","7994812","7994812X12Y13","サファリハット メンズ 釣り 帽子 ハット レディース SUNS(サンズ)  撥水 アウトドア 登山 キャンプ バーベキュー NEK ★REV H-051 H-053 送料無料 大きいサイズあり キッズサイズ 子供 UVカット アドベンチャーハット 父の日 プレゼント ユニセックス 春 夏 夏フェス ギフト","大きいサイズ","NAVY(H_051)","X12","Y13",,"0","58","57","-1",
"2026/08/15 10:37:15","受注取込","7994812","7994812X12Y24","サファリハット メンズ 釣り 帽子 ハット レディース SUNS(サンズ)  撥水 アウトドア 登山 キャンプ バーベキュー NEK ★REV H-051 H-053 送料無料 大きいサイズあり キッズサイズ 子供 UVカット アドベンチャーハット 父の日 プレゼント ユニセックス 春 夏 夏フェス ギフト","大きいサイズ","BEIGE(H_051)","X12","Y24",,"0","34","33","-1",
"2026/08/15 10:50:01","受注取込","7987400","7987400X11Y16","【とにかくデカい！/普通サイズあり！】キャップ メンズ 大きいサイズ 帽子 深め ビッグサイズ ★REVM 7987400 BIG SIZE メンズキャップ帽子 大きめ 大きい帽子 メンズ帽子 レディース 春 夏 春夏 プレゼント ギフト 母の日 父の日 送料無料","大きいサイズ","F-ブラック","X11","Y16",,"0","171","170","-1",
"2026/08/15 10:54:56","WEB画面","7987626","7987626X11Y11","【お得な5個セット】LEDライト キーホルダー 小型LEDライト NEK ★REV 7987626 キーライト 高輝度 5灯 LR44 ボタン電池 LTG 送料無料","ONESIZE","5本セット","X11","Y11",,"0","50","56","6","村垣 文香"
"2026/08/15 11:11:45","受注取込","7997141","7997141X11Y11","特大 スイカ ドーナツ 浮き輪 浮輪 送料無料 プール 大人用 子供用 NEK 7997141 ★REV 120cm 90cm 80cm 70cm 60cm サイズ 大きい 大きめ うきわ ウキワ すいか 海 海水浴 ビックフロート 水上 レジャー かわいい フローティングベッド 西瓜 子供用浮き輪 大人 子供 こども","120cm","スイカ","X11","Y11",,"0","708","707","-1",
"2026/08/15 11:13:00","受注取込","7987515","7987515X12Y11","【選べる6柄×3サイズ】ネックレス チェーン メンズ レディース NEK ★REV 7987515 サージカルステンレス316L 50cm 60cm 70cm シンプル おしゃれ プレゼント プチギフト バレンタイン クリスマス 送料無料","60cm","A","X12","Y11",,"0","10","9","-1",
"2026/08/15 11:13:00","受注取込","7988448","7988448X11Y16","【超ミニサイズ】ミニ財布 栃木レザー 短財布 財布 メンズ 小さい 小さめ 小ぶり レディース 本革 レザー 日本製  TDSG-1024 送料無料 職人技 無地 ヌメ革 総革 本皮 フルベジタブルタンニング 父の日 母の日 誕生日 プレゼント ギフト","ONESIZE","ブラウン","X11","Y16",,"0","2","1","-1",
"2026/08/15 11:15:47","受注取込","7988459","7988459X12Y23","【速攻配達】ドッグウェア 犬 服 犬服 暖かい 冬 冬服 男の子 女の子 アディドッグ adidog ★REVG NEK 7988459 7988345 ペット服 小型犬 つなぎ パーカー お散歩 かっこいい かわいい サロペット ロンパース オーバーオール 裏起毛","S","POTI_SMITH_ブラック","X12","Y23",,"0","10","9","-1",
"2026/08/15 11:15:47","受注取込","7988459","7988459X12Y12","【速攻配達】ドッグウェア 犬 服 犬服 暖かい 冬 冬服 男の子 女の子 アディドッグ adidog ★REVG NEK 7988459 7988345 ペット服 小型犬 つなぎ パーカー お散歩 かっこいい かわいい サロペット ロンパース オーバーオール 裏起毛","S","adidog_グレー","X12","Y12",,"0","13","12","-1",
"2026/08/15 11:16:30","WEB画面","7987437","7987437X11Y16","【のびーーる 楽々ストレッチ】カジュアルベルト メッシュベルト メンズ レディース 大きいサイズ 普通サイズ 7987437 ★REVM NEK 35mm 115cm 125cm 伸縮 カジュアル シンプル おしゃれ プレゼント ギフト 父の日 母の日 送料無料","115cm","チャコール","X11","Y16",,"0","0","25","25","阿二"
"2026/08/15 11:16:30","WEB画面","7987437","7987437X11Y17","【のびーーる 楽々ストレッチ】カジュアルベルト メッシュベルト メンズ レディース 大きいサイズ 普通サイズ 7987437 ★REVM NEK 35mm 115cm 125cm 伸縮 カジュアル シンプル おしゃれ プレゼント ギフト 父の日 母の日 送料無料","115cm","ダークブラウン","X11","Y17",,"0","0","25","25","阿二"
"2026/08/15 11:16:30","WEB画面","7987437","7987437X11Y18","【のびーーる 楽々ストレッチ】カジュアルベルト メッシュベルト メンズ レディース 大きいサイズ 普通サイズ 7987437 ★REVM NEK 35mm 115cm 125cm 伸縮 カジュアル シンプル おしゃれ プレゼント ギフト 父の日 母の日 送料無料","115cm","ベージュ","X11","Y18",,"0","0","25","25","阿二"
"2026/08/15 11:16:30","WEB画面","7987437","7987437X12Y16","【のびーーる 楽々ストレッチ】カジュアルベルト メッシュベルト メンズ レディース 大きいサイズ 普通サイズ 7987437 ★REVM NEK 35mm 115cm 125cm 伸縮 カジュアル シンプル おしゃれ プレゼント ギフト 父の日 母の日 送料無料","125cm","チャコール","X12","Y16",,"0","0","30","30","阿二"
"2026/08/15 11:16:30","WEB画面","7987437","7987437X12Y17","【のびーーる 楽々ストレッチ】カジュアルベルト メッシュベルト メンズ レディース 大きいサイズ 普通サイズ 7987437 ★REVM NEK 35mm 115cm 125cm 伸縮 カジュアル シンプル おしゃれ プレゼント ギフト 父の日 母の日 送料無料","125cm","ダークブラウン","X12","Y17",,"0","0","30","30","阿二"
"2026/08/15 11:16:30","WEB画面","7987437","7987437X12Y18","【のびーーる 楽々ストレッチ】カジュアルベルト メッシュベルト メンズ レディース 大きいサイズ 普通サイズ 7987437 ★REVM NEK 35mm 115cm 125cm 伸縮 カジュアル シンプル おしゃれ プレゼント ギフト 父の日 母の日 送料無料","125cm","ベージュ","X12","Y18",,"0","0","30","30","阿二"
"2026/08/15 11:26:30","WEB画面","7987475","7987475X11Y17","【防犯】護身用 タクティカルスティック 防災グッズ 熊対策グッズ クマ対策 タクティカルペン キーホルダー 女性 キーリング NEK ★REVM 7987475 棒 車 ガラス 防災 災害 車内 軽量 不審者 痴漢 痴漢対策 武器 護身グッズ 自己防衛 コンパクト 非常時 バッググリップ","ONESIZE","ネイビー","X11","Y17",,"0","0","49","49","阿二"
"2026/08/15 11:33:45","受注取込","7987074","7987074X12Y13","【くすみカラー 超軽量】サファリハット バケットハット メンズ レディース 普通サイズ 大きいサイズ アドベンチャーハット NEK ★REV 7987074 撥水 速乾 軽量 折り畳める UV カット アウトドア キャンプ 登山 ウォーキング 散歩 日焼け防止 紫外線防止 送料無料","大きいサイズ","グレー","X12","Y13",,"0","27","26","-1",
"2026/08/15 11:37:06","WEB画面","7994388","7994388X11Y11","一枚革 ヌメ革 GENUINE LEATHER 本革 レザー Vintage ベルト ★REVM 7994388 メンズ レディース 新品 125cm サイズ調整可能 ALI 180824-2 プレゼント ギフト","ONESIZE","ブラック","X11","Y11",,"0","1","0","-1","塩谷 満里子"
"2026/08/15 11:37:31","受注取込","7994812","7994812X12Y11","サファリハット メンズ 釣り 帽子 ハット レディース SUNS(サンズ)  撥水 アウトドア 登山 キャンプ バーベキュー NEK ★REV H-051 H-053 送料無料 大きいサイズあり キッズサイズ 子供 UVカット アドベンチャーハット 父の日 プレゼント ユニセックス 春 夏 夏フェス ギフト","大きいサイズ","BK/BLACK(H_051)","X12","Y11",,"0","286","285","-1",
"2026/08/15 11:37:45","受注取込","7987892","7987892X11Y12","【深めのシルエット】メッシュキャップ キャップ 帽子 メンズ レディース 大きいサイズ 普通サイズ ★REV 7987892","普通サイズ","B","X11","Y12",,"0","13","12","-1",
"2026/08/15 11:37:45","受注取込","7987892","7987892X11Y11","【深めのシルエット】メッシュキャップ キャップ 帽子 メンズ レディース 大きいサイズ 普通サイズ ★REV 7987892","普通サイズ","A","X11","Y11",,"0","11","10","-1",
"2026/08/15 11:37:45","受注取込","7997141","7997141X11Y11","特大 スイカ ドーナツ 浮き輪 浮輪 送料無料 プール 大人用 子供用 NEK 7997141 ★REV 120cm 90cm 80cm 70cm 60cm サイズ 大きい 大きめ うきわ ウキワ すいか 海 海水浴 ビックフロート 水上 レジャー かわいい フローティングベッド 西瓜 子供用浮き輪 大人 子供 こども","120cm","スイカ","X11","Y11",,"0","707","706","-1",
"2026/08/15 11:39:15","受注取込","7994812","7994812X12Y33","サファリハット メンズ 釣り 帽子 ハット レディース SUNS(サンズ)  撥水 アウトドア 登山 キャンプ バーベキュー NEK ★REV H-051 H-053 送料無料 大きいサイズあり キッズサイズ 子供 UVカット アドベンチャーハット 父の日 プレゼント ユニセックス 春 夏 夏フェス ギフト","大きいサイズ","GREIGE(H-051)","X12","Y33",,"0","62","61","-1",
"2026/08/15 11:40:05","受注取込","7986564","7986564X11Y16","【当店限定/大きいサイズ】BlackRebel 帽子 キャップ メンズ レディース 大きいサイズ ★REVL 7986564 深め Vintage クラッシュ 加工 こなれ感 おしゃれ 送料無料","ONESIZE","ワイン","X11","Y16",,"0","4","3","-1",
"2026/08/15 11:53:45","受注取込","7992099","7992099X11Y17","アンクレット メンズ レディース 手作り 送料無料 つけっぱなし お守り アンク アクセサリー シルバー ターコイズ NEK ALI ★REV 7992099 190813 プレゼント ギフト","ONESIZE","波","X11","Y17",,"0","27","26","-1",
"2026/08/15 11:54:32","WEB画面","7990267","7990267X11Y11","【耳が痛くない 抗菌防臭】マスク 送料無料 AVIREX アビレックス ブランド シンプル ロゴ かっこいい クロ シロ 洗えるマスク ホワイト ブラック 白 黒 NEK 1472-3800.3900.4000 プレゼント ギフト","ONESIZE","ホワイト","X11","Y11",,"0","15","10","-5","塩谷 満里子"
"2026/08/15 11:54:32","WEB画面","7990267","7990267X11Y13","【耳が痛くない 抗菌防臭】マスク 送料無料 AVIREX アビレックス ブランド シンプル ロゴ かっこいい クロ シロ 洗えるマスク ホワイト ブラック 白 黒 NEK 1472-3800.3900.4000 プレゼント ギフト","ONESIZE","アーミーカモ","X11","Y13",,"0","14","10","-4","塩谷 満里子"
"2026/08/15 11:56:15","受注取込","7987400","7987400X11Y16","【とにかくデカい！/普通サイズあり！】キャップ メンズ 大きいサイズ 帽子 深め ビッグサイズ ★REVM 7987400 BIG SIZE メンズキャップ帽子 大きめ 大きい帽子 メンズ帽子 レディース 春 夏 春夏 プレゼント ギフト 母の日 父の日 送料無料","大きいサイズ","F-ブラック","X11","Y16",,"0","170","169","-1",
"2026/08/15 12:00:17","受注取込","7994812","7994812X12Y16","サファリハット メンズ 釣り 帽子 ハット レディース SUNS(サンズ)  撥水 アウトドア 登山 キャンプ バーベキュー NEK ★REV H-051 H-053 送料無料 大きいサイズあり キッズサイズ 子供 UVカット アドベンチャーハット 父の日 プレゼント ユニセックス 春 夏 夏フェス ギフト","大きいサイズ","GRAY(H_051)","X12","Y16",,"0","63","62","-1",
"2026/08/15 12:00:31","受注取込","7986547","7986547X11Y11","【お得な5枚10点セット】福袋 おなかぷにぷに3Dキャラクターシール 犬猫アニマル NEK ★REVO 7986547 ピンセット付き ぷにぷに触感 ストレス解消 癒しデコシール プレゼント ギフト 送料無料","ONESIZE","5枚10点アソート","X11","Y11",,"0","677","676","-1",
"2026/08/15 12:07:46","受注取込","7987674","7987674X11Y11","【ヒョウ柄】リュックサック リュック レディース メンズ デイパック バックパック ★REV 7987674 ヒョウ柄 レオパード プレゼント ギフト クリスマス 送料無料","ONESIZE","レオパード","X11","Y11",,"0","44","43","-1",
"2026/08/15 12:08:46","受注取込","7987714","7987714X11Y16","【なんと6+1個入り！速攻配達】水風船 水ふうせん 何度も使える ゴミが出ない プール クラッシュボール ★REV NEK 7987714 水遊び 海 川 お風呂 水鉄砲 子供 おもちゃ 繰り返し BALL 水 風船 ボール エコ ウォーターボム リサイクル 安心 安全 送料無料","ワンサイズ","オシャレアソート6+1","X11","Y16",,"0","4","3","-1",
"2026/08/15 12:11:45","受注取込","7994812","7994812X12Y11","サファリハット メンズ 釣り 帽子 ハット レディース SUNS(サンズ)  撥水 アウトドア 登山 キャンプ バーベキュー NEK ★REV H-051 H-053 送料無料 大きいサイズあり キッズサイズ 子供 UVカット アドベンチャーハット 父の日 プレゼント ユニセックス 春 夏 夏フェス ギフト","大きいサイズ","BK/BLACK(H_051)","X12","Y11",,"0","285","284","-1",
"2026/08/15 12:14:45","受注取込","7987610","7987610X11Y11","【お得3本セット】ピンセット イルマ ワン テリア ILUMA TEREA アイコス NEK ★REV 7987610 IQOS グロー プルーム 電子タバコ お掃除 DIY LTG プラモデル 模型 工作 クリーニングフィルター クリーナー プレゼント ギフト 母の日 父の日 送料無料","ONESIZE","3本セット","X11","Y11",,"0","6","5","-1",
"2026/08/15 12:16:21","WEB画面","7986465","7986465X11Y11","【とにかくデカい】帽子 キャップ 大きいサイズ 深い 深め 60～65cm ★REVL 7986465 サイドタグ シンプル おしゃれ 野球帽 送料無料","ONESIZE","チャコール","X11","Y11",,"0","24","22","-2","植野"
"2026/08/15 12:16:21","WEB画面","7986465","7986465X11Y12","【とにかくデカい】帽子 キャップ 大きいサイズ 深い 深め 60～65cm ★REVL 7986465 サイドタグ シンプル おしゃれ 野球帽 送料無料","ONESIZE","ブラック","X11","Y12",,"0","24","22","-2","植野"
"2026/08/15 12:16:21","WEB画面","7986465","7986465X11Y13","【とにかくデカい】帽子 キャップ 大きいサイズ 深い 深め 60～65cm ★REVL 7986465 サイドタグ シンプル おしゃれ 野球帽 送料無料","ONESIZE","カーキ","X11","Y13",,"0","24","22","-2","植野"
"2026/08/15 12:16:21","WEB画面","7986465","7986465X11Y14","【とにかくデカい】帽子 キャップ 大きいサイズ 深い 深め 60～65cm ★REVL 7986465 サイドタグ シンプル おしゃれ 野球帽 送料無料","ONESIZE","ネイビー","X11","Y14",,"0","24","22","-2","植野"
"2026/08/15 12:16:21","WEB画面","7986465","7986465X11Y15","【とにかくデカい】帽子 キャップ 大きいサイズ 深い 深め 60～65cm ★REVL 7986465 サイドタグ シンプル おしゃれ 野球帽 送料無料","ONESIZE","ブラウン","X11","Y15",,"0","24","22","-2","植野"
"2026/08/15 12:19:11","WEB画面","7994367","7994367X11Y14","ショルダーバッグ メンズ 本革 レザー NATIVE柄 バッグ メンズ Vintage キャンバス生地 ジャカード織り ★REV 7994367","ONESIZE","ブルー","X11","Y14",,"0","1","0","-1","植野"
"2026/08/15 12:19:15","受注取込","7987400","7987400X11Y32","【とにかくデカい！/普通サイズあり！】キャップ メンズ 大きいサイズ 帽子 深め ビッグサイズ ★REVM 7987400 BIG SIZE メンズキャップ帽子 大きめ 大きい帽子 メンズ帽子 レディース 春 夏 春夏 プレゼント ギフト 母の日 父の日 送料無料","大きいサイズ","V-ライトグレー","X11","Y32",,"0","32","31","-1",
"2026/08/15 12:20:25","WEB画面","7986462","7986462X11Y11","【デカい深い】キャップ メンズ レディース 大きいサイズ 深め 帽子 ★REVL 7986462  コットン100% 59cm?65cm ビッグサイズ ロングバイザー 8cm 深い ベースボールキャップ サイズ調整 おしゃれ 春 夏 秋 冬 男女兼用 ブラック ネイビー チャコール アイボリー 黒 送料無料","ONESIZE","ブラック×ブラック","X11","Y11",,"0","32","30","-2","植野"
"2026/08/15 12:20:25","WEB画面","7986462","7986462X11Y12","【デカい深い】キャップ メンズ レディース 大きいサイズ 深め 帽子 ★REVL 7986462  コットン100% 59cm?65cm ビッグサイズ ロングバイザー 8cm 深い ベースボールキャップ サイズ調整 おしゃれ 春 夏 秋 冬 男女兼用 ブラック ネイビー チャコール アイボリー 黒 送料無料","ONESIZE","ネイビー","X11","Y12",,"0","23","21","-2","植野"
"2026/08/15 12:20:25","WEB画面","7986462","7986462X11Y13","【デカい深い】キャップ メンズ レディース 大きいサイズ 深め 帽子 ★REVL 7986462  コットン100% 59cm?65cm ビッグサイズ ロングバイザー 8cm 深い ベースボールキャップ サイズ調整 おしゃれ 春 夏 秋 冬 男女兼用 ブラック ネイビー チャコール アイボリー 黒 送料無料","ONESIZE","チャコール","X11","Y13",,"0","23","21","-2","植野"
"2026/08/15 12:20:25","WEB画面","7986462","7986462X11Y14","【デカい深い】キャップ メンズ レディース 大きいサイズ 深め 帽子 ★REVL 7986462  コットン100% 59cm?65cm ビッグサイズ ロングバイザー 8cm 深い ベースボールキャップ サイズ調整 おしゃれ 春 夏 秋 冬 男女兼用 ブラック ネイビー チャコール アイボリー 黒 送料無料","ONESIZE","アイボリー","X11","Y14",,"0","22","20","-2","植野"
"2026/08/15 12:20:25","WEB画面","7986462","7986462X11Y15","【デカい深い】キャップ メンズ レディース 大きいサイズ 深め 帽子 ★REVL 7986462  コットン100% 59cm?65cm ビッグサイズ ロングバイザー 8cm 深い ベースボールキャップ サイズ調整 おしゃれ 春 夏 秋 冬 男女兼用 ブラック ネイビー チャコール アイボリー 黒 送料無料","ONESIZE","ブラック×ホワイト","X11","Y15",,"0","22","20","-2","植野"
"2026/08/15 12:22:24","WEB画面","7987551","7987551X11Y13","【ちょい大きく深いかぶり】キャップ 帽子 深め 大きめ メンズ レディース 紫外線対策 無地 日よけ ★REV 7987551 大きい 深い 綿100％ 黒 ベージュ グレー ブラック プレゼント ギフト 母の日 父の日 送料無料","ワンサイズ","オリーブ","X11","Y13",,"0","14","12","-2","植野"
"2026/08/15 12:22:24","WEB画面","7987551","7987551X11Y14","【ちょい大きく深いかぶり】キャップ 帽子 深め 大きめ メンズ レディース 紫外線対策 無地 日よけ ★REV 7987551 大きい 深い 綿100％ 黒 ベージュ グレー ブラック プレゼント ギフト 母の日 父の日 送料無料","ワンサイズ","グレー","X11","Y14",,"0","30","28","-2","植野"
"2026/08/15 12:22:24","WEB画面","7987551","7987551X11Y15","【ちょい大きく深いかぶり】キャップ 帽子 深め 大きめ メンズ レディース 紫外線対策 無地 日よけ ★REV 7987551 大きい 深い 綿100％ 黒 ベージュ グレー ブラック プレゼント ギフト 母の日 父の日 送料無料","ワンサイズ","ネイビー","X11","Y15",,"0","4","2","-2","植野"
"2026/08/15 12:22:24","WEB画面","7987551","7987551X11Y16","【ちょい大きく深いかぶり】キャップ 帽子 深め 大きめ メンズ レディース 紫外線対策 無地 日よけ ★REV 7987551 大きい 深い 綿100％ 黒 ベージュ グレー ブラック プレゼント ギフト 母の日 父の日 送料無料","ワンサイズ","ホワイト","X11","Y16",,"0","11","9","-2","植野"
"2026/08/15 12:23:51","WEB画面","7992723","7992723X14Y11","お得！ 送料無料 4枚入り 福袋 Dickies ディッキーズ ボクサーパンツ メンズ かわいい NEK ★REV <br> パンツ ボクサーパンツ セット メンズ下着 メンズボクサーパンツ メンズボクサー 大きいサイズ 大きめ 特大 3L 下着 インナー メンズ usa まとめ買い プレゼント ギフト","3L","福袋4枚セット","X14","Y11",,"0","172","171","-1","村垣 文香"
"2026/08/15 12:23:51","WEB画面","7992723","7992723X11Y11","お得！ 送料無料 4枚入り 福袋 Dickies ディッキーズ ボクサーパンツ メンズ かわいい NEK ★REV <br> パンツ ボクサーパンツ セット メンズ下着 メンズボクサーパンツ メンズボクサー 大きいサイズ 大きめ 特大 3L 下着 インナー メンズ usa まとめ買い プレゼント ギフト","M","福袋4枚セット","X11","Y11",,"0","124","122","-2","村垣 文香"
"2026/08/15 12:23:51","WEB画面","7992723","7992723X12Y11","お得！ 送料無料 4枚入り 福袋 Dickies ディッキーズ ボクサーパンツ メンズ かわいい NEK ★REV <br> パンツ ボクサーパンツ セット メンズ下着 メンズボクサーパンツ メンズボクサー 大きいサイズ 大きめ 特大 3L 下着 インナー メンズ usa まとめ買い プレゼント ギフト","L","福袋4枚セット","X12","Y11",,"0","246","244","-2","村垣 文香"
"2026/08/15 12:24:17","WEB画面","7988450","7988450X11Y11","【撫でるだけ！】ペット グルーミング グローブ ブラシ 手袋 犬 猫 マッサージ NEK 7988450 ブラシ 抜け毛抜き 毛玉除去 毛取り マッサージ手袋 抜け毛対策 グルーミンググローブ ペット用品 ペットグッズ 換毛期 右手用 プレゼント ギフト","ONESIZE","ブルー","X11","Y11",,"0","52","49","-3","村垣 文香"
"2026/08/15 12:25:24","WEB画面","7987401","7987401X11Y11","大きいサイズ キャップ メッシュキャップ 帽子 ★REV 7987401 メンズ 野球帽 迷彩 カモフラ シャドーカモ 刺繍 送料無料","ONESIZE","ブラックシャドーカモ","X11","Y11",,"0","30","28","-2","植野"
"2026/08/15 12:25:24","WEB画面","7987401","7987401X11Y12","大きいサイズ キャップ メッシュキャップ 帽子 ★REV 7987401 メンズ 野球帽 迷彩 カモフラ シャドーカモ 刺繍 送料無料","ONESIZE","グレーシャードカモ","X11","Y12",,"0","25","23","-2","植野"
"2026/08/15 12:25:24","WEB画面","7987401","7987401X11Y13","大きいサイズ キャップ メッシュキャップ 帽子 ★REV 7987401 メンズ 野球帽 迷彩 カモフラ シャドーカモ 刺繍 送料無料","ONESIZE","ホワイトシャードカモ","X11","Y13",,"0","3","2","-1","植野"
"2026/08/15 12:25:24","WEB画面","7987401","7987401X11Y14","大きいサイズ キャップ メッシュキャップ 帽子 ★REV 7987401 メンズ 野球帽 迷彩 カモフラ シャドーカモ 刺繍 送料無料","ONESIZE","ネイビーシャードカモ","X11","Y14",,"0","25","23","-2","植野"
"2026/08/15 12:40:07","受注取込","7986564","7986564X11Y13","【当店限定/大きいサイズ】BlackRebel 帽子 キャップ メンズ レディース 大きいサイズ ★REVL 7986564 深め Vintage クラッシュ 加工 こなれ感 おしゃれ 送料無料","ONESIZE","カーキ","X11","Y13",,"0","18","17","-1",
"2026/08/15 12:41:22","在庫CSV取込","7988522","7988522X11Y11","【速攻配達 送料無料】包丁研ぎ シャープナー 包丁 送料無料 あす楽 ナイフ 砥石 簡単 楽な 包丁とぎ 包丁研ぎ器 包丁研ぎ機 研ぎ石 家庭用 キッチン用 調理器具 7988522 プレゼント ギフト","ONESIZE","ブラック","X11","Y11",,"0","100","99","-1","星島"
"2026/08/15 12:41:22","在庫CSV取込","7986477","7986477X11Y11","【和の彩りを手のひらサイズに】豆がま口キーホルダー 6色セット 鈴付き ミニがま口 NEK 7986477 和柄 小銭入れ アクセサリーケース 和雑貨 ギフト 送料無料","ONESIZE","6色セット","X11","Y11",,"0","133","132","-1","星島"
"2026/08/15 12:41:22","在庫CSV取込","7988614","7988614X11Y11","【超絶おしゃれ】マスク デコマスク レディース ビーズマスク デコレーションマスク 新作 6色展開 NEK 7988614 プレゼント ギフト","ONESIZE","イエロー","X11","Y11",,"0","24","23","-1","星島"
"2026/08/15 12:41:22","在庫CSV取込","7988607","7988607X11Y11","【超絶可愛い】マスク 日本製 フリルマスク レディース 抗菌 防臭 ワイヤー入り UVカット おしゃれ 可愛い 送料無料 エレガント 洗えるマスク NEK 7988607 プレゼント ギフト","ONESIZE","オレンジ","X11","Y11",,"0","14","13","-1","星島"
"2026/08/15 12:41:22","在庫CSV取込","7992776","7992776X11Y11","ロングネックレス ネックレス レディース メンズ チョーカー フェザー 羽 羽根 長め 送料無料 シルバー ゴールド 巾着付き アクセサリー プレゼント つけっぱなし MB ALI 7992776 190518","ONESIZE","ゴールド","X11","Y11",,"0","15","14","-1","星島"
"2026/08/15 12:41:22","在庫CSV取込","7990381","7990381X11Y21","【15柄展開】マスク 洗えるマスク カラーマスク レース メンズ レディース ペイズリー カモフラ 花柄 レオパード柄 新作 15柄展開 ★REV NEK 7990381 プレゼント ギフト","ONESIZE","K","X11","Y21",,"0","90","89","-1","星島"
"2026/08/15 12:41:22","在庫CSV取込","7990381","7990381X11Y11","【15柄展開】マスク 洗えるマスク カラーマスク レース メンズ レディース ペイズリー カモフラ 花柄 レオパード柄 新作 15柄展開 ★REV NEK 7990381 プレゼント ギフト","ONESIZE","A","X11","Y11",,"0","265","264","-1","星島"
"2026/08/15 12:41:22","在庫CSV取込","7990453","7990453X11Y12","【魅せるマスク】マスク カラーマスク ペイズリー 迷彩 カモフラージュ 総柄 おしゃれ かわいい ストレッチ 大人用 14色展開 NEK 7990453 プレゼント ギフト","一般成人用サイズ","ペイズリーB","X11","Y12",,"0","3","2","-1","星島"
"2026/08/15 12:41:22","在庫CSV取込","7988089","7988089X12Y11","安全靴 スニーカー エアウォーク AIR WALK Y_YU AW-880 レッド迷彩 アクティブライト ローカット メンズ セーフティシューズ 樹脂先芯 軽量 衝撃吸収 負担軽減 作業靴 オシャレ","25.5cm ","レッド迷彩","X12","Y11",,"0","288","287","-1","星島"
"2026/08/15 12:41:22","在庫CSV取込","7990413","7990413X11Y19","【超おしゃれ】マスク スカーフマスク 送料無料 感染対策 女性 レディース スカーフ マスクスカーフ 花柄 おしゃれ エレガント 防塵 花粉 UVカット 洗える NEK 7990413","ONESIZE","I","X11","Y19",,"0","6","5","-1","星島"
"2026/08/15 12:41:22","在庫CSV取込","7986648","7986648X11Y11","【孔雀石】パワーストーン ブレスレット 孔雀石 マラカイト メンズ レディース NEK ★REVL 7986648 バングル スピリチュアル 天然石 エネルギーアクセサリー プレゼント ギフト 送料無料","ONESIZE","ブラック","X11","Y11",,"0","29","28","-1","星島"
"2026/08/15 12:41:22","在庫CSV取込","7986662","7986662X11Y11","【溶岩石とオニキスの力】パワーストーン ブレスレット メンズ レディース バングル NEK ★REVL 7986662 スピリチュアル 天然石 エネルギーアクセサリー プレゼント ギフト 送料無料","ONESIZE","ブラック","X11","Y11",,"0","0","-1","-1","星島"
"2026/08/15 12:41:22","在庫CSV取込","7987082","7987082X11Y15","【超冷感】アームカバー UPF50＋ UVカット レディース uvカット アームカバー NEK ★REVA 7987082 指先まで 日焼け止め 腕カバー アームカバー uv 冷感 日焼け止め 手袋 アームカバー 日焼け対策 アームカバー 日焼け 冷感 夏 アウトドア 運転 自転車 ゴルフ 送料無料","ONESIZE","ピーチ","X11","Y15",,"0","9","8","-1","星島"
"2026/08/15 12:41:22","在庫CSV取込","7987071","7987071X11Y11","【UV冷感】アームカバー UPF50＋ UVカット レディース uvカット アームカバー NEK ★REVA 7987071 指先まで 日焼け止め 腕カバー アームカバー uv 冷感 日焼け止め 手袋 アームカバー 日焼け対策 アームカバー 日焼け 冷感 夏 アウトドア 運転 自転車 ゴルフ 送料無料","ONESIZE","ブラック","X11","Y11",,"0","104","103","-1","星島"
"2026/08/15 12:41:22","在庫CSV取込","7992495","7992495X11Y19","ブレスレット バングル メンズ レディース サバイバル パラコード 笛付き リフレクター素材 サバゲー ミリタリー アクセサリー プレゼント 送料無料  NEK ALI 7992495 190707","ONESIZE","I","X11","Y19",,"0","17","16","-1","星島"
"2026/08/15 12:41:22","在庫CSV取込","7992495","7992495X11Y11","ブレスレット バングル メンズ レディース サバイバル パラコード 笛付き リフレクター素材 サバゲー ミリタリー アクセサリー プレゼント 送料無料  NEK ALI 7992495 190707","ONESIZE","A","X11","Y11",,"0","26","25","-1","星島"
"2026/08/15 12:41:22","在庫CSV取込","7990307","7990307X11Y11","【3枚セット】マスク メンズ レディース 洗えるマスク 布マスク 迷彩 ペイズリー カモフラ ウイルス対策 風邪対策 花粉対策 粉塵対策 送料無料 NEK DVH2002 プレゼント ギフト","ONESIZE","モカ(15_1)","X11","Y11",,"0","0","-1","-1","星島"
"2026/08/15 12:41:22","在庫CSV取込","7986677","7986677X11Y11","【深め/美シルエット】Vintage ダメージ加工 メッシュキャップ キャップ 帽子 メンズ レディース ★REVL 7986677 野球帽 ウォッシュ加工 A-Frame Trucker アメカジ 無地 おしゃれ 送料無料","ONESIZE","ベージュ","X11","Y11",,"0","4","3","-1","星島"
"2026/08/15 12:41:22","在庫CSV取込","7986688","7986688X15Y13","【竹炭消臭インソール付】サンダル メンズ スポーツサンダル ★REVL 7986688 防滑 水陸両用 レジャー アウトドアサンダル ウォーターシューズ マジックテープ ブラック 歩きやすい 海 ビーチ 夏レジャー 送料無料","27.0cm","ダークブラウン","X15","Y13",,"0","4","3","-1","星島"
"2026/08/15 12:41:22","在庫CSV取込","7986697","7986697X13Y12","【5cm厚底/履くだけで足元美人】 シャワーサンダル トングサンダル サンダル レディース ★REV 7986697 メンズ 厚底 5cmアップ 美脚 防滑 軽量 おしゃれ 人字サンダル 黒 クロ BLACK 韓国ファッション 送料無料","25.0cm～25.5cm","シャワーサンダル","X13","Y12",,"0","3","2","-1","星島"
"2026/08/15 12:41:22","在庫CSV取込","7987006","7987006X11Y13","【くすみカラー】サファリハット ハット アドベンチャーハット レディース メンズ NEK ★REV 7987006 アウトドア キャンプ 釣り 日焼け止め 速乾 通気性 日よけ 送料無料","ONESIZE","ベージュ","X11","Y13",,"0","7","6","-1","星島"
"2026/08/15 12:41:22","在庫CSV取込","7987080","7987080X11Y11","【防災 災害 アウトドア】収納ボックス コンテナボックス ソフトコンテナ バッグ ★REV 7987080 メンズ レディース ミリタリー Military タクティカルバッグ 防災 防災リュックのサブ キャンプ アウトドア サバゲー 釣り カメラ撮影 鞄 カバン ツールボックス 送料無料","ONESIZE","ブラック","X11","Y11",,"0","18","17","-1","星島"
"2026/08/15 12:41:22","在庫CSV取込","7987175","7987175X11Y11","LA ロサンゼルス LOS ANGELESS キャップ 帽子 野球帽 アウトドア ★REV 7987175 メンズ レディース 野球 ローキャップ Vintage プレゼント ギフト","ONESIZE","ブラック","X11","Y11",,"0","34","33","-1","星島"
"2026/08/15 12:41:22","在庫CSV取込","7987409","7987409X11Y11","【130cm 大きいサイズ対応】本革 床革 ベルト メンズ 130cm NEK ★REV 7987409 大きいサイズ対応 シンセティックレザー ビジネスベルト カジュアルベルト 父の日 送料無料","ONESIZE","ブラックA","X11","Y11",,"0","74","73","-1","星島"
"2026/08/15 12:41:22","在庫CSV取込","7987493","7987493X11Y11","【楽あけくん】 瓶オープナー 缶オープナー キャップオープナー 蓋開け ジャーオープナー NEK ★REV 7987493 ツイスト 力節約 びん蓋開け ジャムのフタや缶 滑り止め 安全 らくらく 力の弱い 女性 お年寄り お子様 キッチンツール キッチン用品 送料無料","ONESIZE","レッド","X11","Y11",,"0","19","18","-1","星島"
"2026/08/15 12:41:22","在庫CSV取込","7987481","7987481X11Y11","【お得な2個セット】犬 ナスカン キーホルダー キーフック キーケース NEK ★REV 7987481 カラナビ プレゼント ギフト アクセサリー 送料無料","ONESIZE","2個セット","X11","Y11",,"0","11","10","-1","星島"
"2026/08/15 12:41:22","在庫CSV取込","7987490","7987490X11Y11","【手首を太く逞しくする】前腕筋 筋トレ 握力 手首 前腕部の強化 腕相撲 ★REV 7987490 バスケットボール テニス ゴルフ 柔道 剣道 空手 格闘技 プレゼント ギフト 送料無料","ONESIZE","ブラック","X11","Y11",,"0","92","91","-1","星島"
"2026/08/15 12:41:22","在庫CSV取込","9009978","9009978X14Y4","帽子 メンズ AVIREX アビレックス 送料無料 キャップ 父の日 プレゼント 贈り物 ニットキャップ メッシュキャップ 大きいサイズ レディース ディッキーズ ローキャップ ワークキャップ ハット ハンチング おしゃれ ロゴ 刺繍 プリント アメカジ HYPE 通販 yos ギフト","N","-4","X14","Y4",,"0","10","9","-1","星島"
"2026/08/15 12:41:22","在庫CSV取込","7994226","7994226X11Y14","【大きいサイズもあり 限定モデル】AVIREX メッシュキャップ メンズ 帽子 メンズ キャップ メンズ 14023200 14670200 レディース ★REV 父の日 贈り物 プレゼント ブランド アビレックス 送料無料 正規品 ブラック 黒 ネイビー 紺 グレー 灰 yos プレゼント ギフト","普通サイズ_14023200","01_ホワイト","X11","Y14",,"0","13","12","-1","星島"
"2026/08/15 12:41:22","在庫CSV取込","9009978","9009978X2Y2","帽子 メンズ AVIREX アビレックス 送料無料 キャップ 父の日 プレゼント 贈り物 ニットキャップ メッシュキャップ 大きいサイズ レディース ディッキーズ ローキャップ ワークキャップ ハット ハンチング おしゃれ ロゴ 刺繍 プリント アメカジ HYPE 通販 yos ギフト","B","-2","X2","Y2",,"0","0","-1","-1","星島"
"2026/08/15 12:41:22","在庫CSV取込","7988248","7988248X11Y18","リュック メンズ レディース 防水 防災リュック 避難 スポーツ 軽量 リュックサック 32L ★REV 7988248 バックパック デイパック アウトドア キャンプ ジム 登山 散歩  送料無料","ONESIZE","ネイビー","X11","Y18",,"0","12","11","-1","星島"
"2026/08/15 12:41:22","在庫CSV取込","7990243","7990243X11Y13","多機能 ドアオープナー フック アシスト つり革 触らない ボタン押し ウィルス対策 接触防止 ハンドルフック 吊り革グリップ 便利グッズ タッチペン NEK 7990243 プレゼント ギフト","ONESIZE","クローム","X11","Y13",,"0","0","-1","-1","星島"
"2026/08/15 12:41:22","在庫CSV取込","7987674","7987674X11Y11","【ヒョウ柄】リュックサック リュック レディース メンズ デイパック バックパック ★REV 7987674 ヒョウ柄 レオパード プレゼント ギフト クリスマス 送料無料","ONESIZE","レオパード","X11","Y11",,"0","43","42","-1","星島"
"2026/08/15 12:42:25","WEB画面","7987401","7987401X11Y11","大きいサイズ キャップ メッシュキャップ 帽子 ★REV 7987401 メンズ 野球帽 迷彩 カモフラ シャドーカモ 刺繍 送料無料","ONESIZE","ブラックシャドーカモ","X11","Y11",,"0","28","30","2","植野"
"2026/08/15 12:42:25","WEB画面","7987401","7987401X11Y12","大きいサイズ キャップ メッシュキャップ 帽子 ★REV 7987401 メンズ 野球帽 迷彩 カモフラ シャドーカモ 刺繍 送料無料","ONESIZE","グレーシャードカモ","X11","Y12",,"0","23","25","2","植野"
"2026/08/15 12:42:25","WEB画面","7987401","7987401X11Y13","大きいサイズ キャップ メッシュキャップ 帽子 ★REV 7987401 メンズ 野球帽 迷彩 カモフラ シャドーカモ 刺繍 送料無料","ONESIZE","ホワイトシャードカモ","X11","Y13",,"0","2","3","1","植野"
"2026/08/15 12:42:25","WEB画面","7987401","7987401X11Y14","大きいサイズ キャップ メッシュキャップ 帽子 ★REV 7987401 メンズ 野球帽 迷彩 カモフラ シャドーカモ 刺繍 送料無料","ONESIZE","ネイビーシャードカモ","X11","Y14",,"0","23","25","2","植野"
"2026/08/15 12:48:36","WEB画面","7990307","7990307X11Y11","【3枚セット】マスク メンズ レディース 洗えるマスク 布マスク 迷彩 ペイズリー カモフラ ウイルス対策 風邪対策 花粉対策 粉塵対策 送料無料 NEK DVH2002 プレゼント ギフト","ONESIZE","モカ(15_1)","X11","Y11",,"0","-1","1","2","星島"
"2026/08/15 12:48:36","WEB画面","7990307","7990307X11Y12","【3枚セット】マスク メンズ レディース 洗えるマスク 布マスク 迷彩 ペイズリー カモフラ ウイルス対策 風邪対策 花粉対策 粉塵対策 送料無料 NEK DVH2002 プレゼント ギフト","ONESIZE","カーキ(15_2)","X11","Y12",,"0","-1","1","2","星島"
"2026/08/15 12:48:36","WEB画面","7990307","7990307X11Y13","【3枚セット】マスク メンズ レディース 洗えるマスク 布マスク 迷彩 ペイズリー カモフラ ウイルス対策 風邪対策 花粉対策 粉塵対策 送料無料 NEK DVH2002 プレゼント ギフト","ONESIZE","ネイビー(15_3)","X11","Y13",,"0","-1","0","1","星島"
"2026/08/15 12:48:36","WEB画面","7990307","7990307X11Y14","【3枚セット】マスク メンズ レディース 洗えるマスク 布マスク 迷彩 ペイズリー カモフラ ウイルス対策 風邪対策 花粉対策 粉塵対策 送料無料 NEK DVH2002 プレゼント ギフト","ONESIZE","チャコール(15_4)","X11","Y14",,"0","-1","0","1","星島"
"2026/08/15 12:48:36","WEB画面","7990307","7990307X11Y20","【3枚セット】マスク メンズ レディース 洗えるマスク 布マスク 迷彩 ペイズリー カモフラ ウイルス対策 風邪対策 花粉対策 粉塵対策 送料無料 NEK DVH2002 プレゼント ギフト","ONESIZE","ブラック(15_10)","X11","Y20",,"0","-1","0","1","星島"
"2026/08/15 12:48:45","WEB画面","7990307","7990307X11Y11","【3枚セット】マスク メンズ レディース 洗えるマスク 布マスク 迷彩 ペイズリー カモフラ ウイルス対策 風邪対策 花粉対策 粉塵対策 送料無料 NEK DVH2002 プレゼント ギフト","ONESIZE","モカ(15_1)","X11","Y11",,"0","1","0","-1","星島"
"2026/08/15 12:48:45","WEB画面","7990307","7990307X11Y12","【3枚セット】マスク メンズ レディース 洗えるマスク 布マスク 迷彩 ペイズリー カモフラ ウイルス対策 風邪対策 花粉対策 粉塵対策 送料無料 NEK DVH2002 プレゼント ギフト","ONESIZE","カーキ(15_2)","X11","Y12",,"0","1","0","-1","星島"
"2026/08/15 12:50:15","WEB画面","7990453","7990453X11Y12","【魅せるマスク】マスク カラーマスク ペイズリー 迷彩 カモフラージュ 総柄 おしゃれ かわいい ストレッチ 大人用 14色展開 NEK 7990453 プレゼント ギフト","一般成人用サイズ","ペイズリーB","X11","Y12",,"0","2","5","3","星島"
"2026/08/15 12:55:31","受注取込","7988125","7988125X11Y12","【カーボンスタイル 大きいサイズ】メッシュキャップ キャップ 帽子 ★REV 7988125 大きいサイズ 大きめ ビッグサイズ BIGサイズ シンプル 無地 カーボン調 プレゼント ギフト 送料無料","ONESIZE","カーキ","X11","Y12",,"0","3","2","-1",
"2026/08/15 12:56:41","在庫CSV取込","7990512","7990512X11Y11","リーフ ネックレス レディース ロングネックレス 葉っぱ 大きめ アクセサリー かわいい ナチュラル アンティーク風 プレゼント 贈り物 ギフト NEK 7990512 プレゼント ギフト","ONESIZE","ライトブラウン","X11","Y11",,"0","22","21","-1","星島"
"2026/08/15 12:56:41","在庫CSV取込","7986467","7986467X11Y11","【スタイルに合わせて使える2WAY仕様】ゴムベルト レディース 伸縮 ストライプ ACRHT042 NEK 7986467 2cm幅 フック式 ベルトループ対応 ウエストマーク 選べる4カラー","ONESIZE","ブラック","X11","Y11",,"0","97","96","-1","星島"
"2026/08/15 12:56:41","在庫CSV取込","7987617","7987617X11Y11","【電気代0円】ソーラーライト 庭 6個セット ガーデンライト ソーラー 屋外 照明 ★REVL 7987617 LTG SUNECO ベランダ センサーライト 防水 防犯 LEDライト IP65 電球色 ガーデニング 庭 かわいい ライト おしゃれ キャンプ アウトドア クリスマス プレゼント 駐車場 送料無料","ワンサイズ","暖色(6個セット)","X11","Y11",,"0","79","78","-1","星島"
"2026/08/15 12:56:41","在庫CSV取込","7987821","7987821X11Y11","【お得な5色セット】ベルト メンズ レディース 120cm ガチャベルト ★REV 7987821 送料無料 フリーサイズ プレゼント 大きいサイズ サバゲー キャンプ アウトドア 登山 作業服 ギフト","ONESIZE","5色セット","X11","Y11",,"0","50","49","-1","星島"
"2026/08/15 12:56:41","在庫CSV取込","7990381","7990381X11Y22","【15柄展開】マスク 洗えるマスク カラーマスク レース メンズ レディース ペイズリー カモフラ 花柄 レオパード柄 新作 15柄展開 ★REV NEK 7990381 プレゼント ギフト","ONESIZE","L","X11","Y22",,"0","297","296","-1","星島"
"2026/08/15 12:56:41","在庫CSV取込","7990381","7990381X11Y12","【15柄展開】マスク 洗えるマスク カラーマスク レース メンズ レディース ペイズリー カモフラ 花柄 レオパード柄 新作 15柄展開 ★REV NEK 7990381 プレゼント ギフト","ONESIZE","B","X11","Y12",,"0","146","145","-1","星島"
"2026/08/15 12:56:41","在庫CSV取込","7990453","7990453X11Y23","【魅せるマスク】マスク カラーマスク ペイズリー 迷彩 カモフラージュ 総柄 おしゃれ かわいい ストレッチ 大人用 14色展開 NEK 7990453 プレゼント ギフト","一般成人用サイズ","迷彩D","X11","Y23",,"0","111","110","-1","星島"
"2026/08/15 12:56:41","在庫CSV取込","7990453","7990453X11Y16","【魅せるマスク】マスク カラーマスク ペイズリー 迷彩 カモフラージュ 総柄 おしゃれ かわいい ストレッチ 大人用 14色展開 NEK 7990453 プレゼント ギフト","一般成人用サイズ","モザイクA","X11","Y16",,"0","25","24","-1","星島"
"2026/08/15 12:56:41","在庫CSV取込","7988091","7988091X13Y11","安全靴 スニーカー エアウォーク AIR WALK Y_YU AW-900 アクティブライト ローカット メンズ セーフティシューズ 樹脂先芯 軽量 衝撃吸収 負担軽減 作業靴 オシャレ","26.0cm ","グレー迷彩","X13","Y11",,"0","289","288","-1","星島"
"2026/08/15 12:56:41","在庫CSV取込","7990413","7990413X11Y20","【超おしゃれ】マスク スカーフマスク 送料無料 感染対策 女性 レディース スカーフ マスクスカーフ 花柄 おしゃれ エレガント 防塵 花粉 UVカット 洗える NEK 7990413","ONESIZE","J","X11","Y20",,"0","44","43","-1","星島"
"2026/08/15 12:56:41","在庫CSV取込","7992250","7992250X18Y11","iPhone XS ケース バンカーリング 付き 落ちない シリコン ケース 透明 スケルトン 輪 送料無料 iphone XR ケース iPhone8 ケース iphone XS MAX  iphone X リング付 iPhone7 Plus スマホケース カバー クリア アイフォン アクセサリー NEK ALI 7992250 190715","iPhone_11_pro","レッド","X18","Y11",,"0","9","8","-1","星島"
"2026/08/15 12:56:41","在庫CSV取込","7987082","7987082X11Y12","【超冷感】アームカバー UPF50＋ UVカット レディース uvカット アームカバー NEK ★REVA 7987082 指先まで 日焼け止め 腕カバー アームカバー uv 冷感 日焼け止め 手袋 アームカバー 日焼け対策 アームカバー 日焼け 冷感 夏 アウトドア 運転 自転車 ゴルフ 送料無料","ONESIZE","グレー","X11","Y12",,"0","19","18","-1","星島"
"2026/08/15 12:56:41","在庫CSV取込","7987071","7987071X11Y12","【UV冷感】アームカバー UPF50＋ UVカット レディース uvカット アームカバー NEK ★REVA 7987071 指先まで 日焼け止め 腕カバー アームカバー uv 冷感 日焼け止め 手袋 アームカバー 日焼け対策 アームカバー 日焼け 冷感 夏 アウトドア 運転 自転車 ゴルフ 送料無料","ONESIZE","ピンク","X11","Y12",,"0","15","14","-1","星島"
"2026/08/15 12:56:41","在庫CSV取込","7992495","7992495X11Y20","ブレスレット バングル メンズ レディース サバイバル パラコード 笛付き リフレクター素材 サバゲー ミリタリー アクセサリー プレゼント 送料無料  NEK ALI 7992495 190707","ONESIZE","J","X11","Y20",,"0","12","11","-1","星島"
"2026/08/15 12:56:41","在庫CSV取込","7992495","7992495X11Y12","ブレスレット バングル メンズ レディース サバイバル パラコード 笛付き リフレクター素材 サバゲー ミリタリー アクセサリー プレゼント 送料無料  NEK ALI 7992495 190707","ONESIZE","B","X11","Y12",,"0","21","20","-1","星島"
"2026/08/15 12:56:41","在庫CSV取込","7986688","7986688X14Y11","【竹炭消臭インソール付】サンダル メンズ スポーツサンダル ★REVL 7986688 防滑 水陸両用 レジャー アウトドアサンダル ウォーターシューズ マジックテープ ブラック 歩きやすい 海 ビーチ 夏レジャー 送料無料","26.5cm","ブラック","X14","Y11",,"0","2","1","-1","星島"
"2026/08/15 12:56:41","在庫CSV取込","7986688","7986688X12Y13","【竹炭消臭インソール付】サンダル メンズ スポーツサンダル ★REVL 7986688 防滑 水陸両用 レジャー アウトドアサンダル ウォーターシューズ マジックテープ ブラック 歩きやすい 海 ビーチ 夏レジャー 送料無料","25.5cm","ダークブラウン","X12","Y13",,"0","11","10","-1","星島"
"2026/08/15 12:56:41","在庫CSV取込","7986697","7986697X13Y11","【5cm厚底/履くだけで足元美人】 シャワーサンダル トングサンダル サンダル レディース ★REV 7986697 メンズ 厚底 5cmアップ 美脚 防滑 軽量 おしゃれ 人字サンダル 黒 クロ BLACK 韓国ファッション 送料無料","25.0cm～25.5cm","トングサンダル","X13","Y11",,"0","8","7","-1","星島"
"2026/08/15 12:56:41","在庫CSV取込","7987092","7987092X11Y15","【本革】キーケース スマートキーケース メンズ レディース NEK ★REV 7987092 ポーチ LEATHER 本革 本皮 おしゃれ コスメポーチ 小銭入れ 送料無料","ONESIZE","ピンク","X11","Y15",,"0","3","2","-1","星島"
"2026/08/15 12:56:41","在庫CSV取込","7987031","7987031X11Y12","【大人気SUNSより当店限定！】ミニトート バッグ レディース メンズ トートバッグ トート NEK ★REVL 7987031 CRB-001 ミニ 仕切り ポケット ランチバッグ マザーズバッグ 収納 ミリタリー MA-1 シンプル おしゃれ 便利 無地 通勤 通学 ユニセックス ジッパー付き 撥水","ONESIZE","カーキ","X11","Y12",,"0","51","50","-1","星島"
"2026/08/15 12:56:41","在庫CSV取込","7987485","7987485X11Y12","【特大】トートバッグ 大きめ メンズ レディース Military バッグ ★REV 7987485 撥水 MA-1 旅行 アウトドア キャンプ ジムバッグ プレゼント プチギフト 送料無料","ONESIZE","オリーブ","X11","Y12",,"0","20","19","-1","星島"
"2026/08/15 12:56:41","在庫CSV取込","7987598","7987598X11Y14","【8bits】ペン型 ドライバー 精密ドライバー ドライバーセット NEK ★REV 7987598 工具 DIY プラス マイナス 8in1 送料無料","ワンサイズ","ネイビー ","X11","Y14",,"0","68","67","-1","星島"
"2026/08/15 12:56:41","在庫CSV取込","7987598","7987598X11Y11","【8bits】ペン型 ドライバー 精密ドライバー ドライバーセット NEK ★REV 7987598 工具 DIY プラス マイナス 8in1 送料無料","ワンサイズ","ブラック","X11","Y11",,"0","104","103","-1","星島"
"2026/08/15 12:56:41","在庫CSV取込","7987626","7987626X11Y11","【お得な5個セット】LEDライト キーホルダー 小型LEDライト NEK ★REV 7987626 キーライト 高輝度 5灯 LR44 ボタン電池 LTG 送料無料","ONESIZE","5本セット","X11","Y11",,"0","56","55","-1","星島"
"2026/08/15 12:56:41","在庫CSV取込","7987924","7987924X11Y12","【蒸れない 通気性抜群】メッシュキャップ 帽子 キャップ メンズ レディース アウトドア キャンプ ゴルフ ランニング ★REV 7987924","ONESIZE","ブラック","X11","Y12",,"0","4","3","-1","星島"
"2026/08/15 12:56:41","在庫CSV取込","7987946","7987946X11Y11","【お得な3個セット】犬 ナスカン カラビナ キーホルダー キーフック キーケース NEK ★REV 7987946 カラナビ プレゼント ギフト アクセサリー 送料無料","ONESIZE","3色MIX","X11","Y11",,"0","91","90","-1","星島"
"2026/08/15 12:56:41","在庫CSV取込","9009978","9009978X14Y7","帽子 メンズ AVIREX アビレックス 送料無料 キャップ 父の日 プレゼント 贈り物 ニットキャップ メッシュキャップ 大きいサイズ レディース ディッキーズ ローキャップ ワークキャップ ハット ハンチング おしゃれ ロゴ 刺繍 プリント アメカジ HYPE 通販 yos ギフト","N","-7","X14","Y7",,"0","7","6","-1","星島"
"2026/08/15 12:56:41","在庫CSV取込","7988525","7988525X11Y11","【速攻配達】イヤホン イヤフォン 3.5mm ハイレゾ 高音質 マイク付き NEK ★REV 7988525 重低音 hi-res 有線 ノイズキャンセリング 遮音 通勤 ゲーミング 携帯 スマホ イヤホンマイク Android アクセサリー 送料無料 プレゼント ギフト","ONESIZE","ブラック","X11","Y11",,"0","23","22","-1","星島"
"2026/08/15 12:56:41","在庫CSV取込","7992492","7992492X11Y11","レッド メッシュキャップ キャップ 帽子 メンズ レディース ALI 7992492 レッド 赤 190612","ONESIZE","レッド","X11","Y11",,"0","9","8","-1","星島"
"2026/08/15 12:58:30","受注取込","7987149","7987149X11Y11","【便利グッズ】キークリップ キーフック お得 6個セット 紛失防止 収納 ★REV NEK 7987149 キーホルダー 鍵 カギ バッグ 鞄 かばん 財布 小物 ポケット 帽子フック","ONESIZE","6色セット","X11","Y11",,"0","157","156","-1",
"2026/08/15 13:00:42","受注取込","7987345","7987345X23Y12","【とにかくデカい！】 大きいサイズ キャップ 送料無料 大きめ ビッグサイズ ★REV 7987345 BIG SIZE 帽子 ハット キャップ キャスケット メンズキャップ 大きいサイズ バケット 大きい帽子 メンズ メンズ帽子 大きい 頭 メッシュキャップ","MMM","2","X23","Y12",,"0","7","6","-1",
"2026/08/15 13:01:46","受注取込","7994812","7994812X11Y33","サファリハット メンズ 釣り 帽子 ハット レディース SUNS(サンズ)  撥水 アウトドア 登山 キャンプ バーベキュー NEK ★REV H-051 H-053 送料無料 大きいサイズあり キッズサイズ 子供 UVカット アドベンチャーハット 父の日 プレゼント ユニセックス 春 夏 夏フェス ギフト","普通サイズ","GREIGE(H-051)","X11","Y33",,"0","22","21","-1",
"2026/08/15 13:12:45","受注取込","7994812","7994812X12Y17","サファリハット メンズ 釣り 帽子 ハット レディース SUNS(サンズ)  撥水 アウトドア 登山 キャンプ バーベキュー NEK ★REV H-051 H-053 送料無料 大きいサイズあり キッズサイズ 子供 UVカット アドベンチャーハット 父の日 プレゼント ユニセックス 春 夏 夏フェス ギフト","大きいサイズ","YELLOW(H_051)","X12","Y17",,"0","23","22","-1",
"2026/08/15 13:15:22","受注取込","7997141","7997141X16Y15","特大 スイカ ドーナツ 浮き輪 浮輪 送料無料 プール 大人用 子供用 NEK 7997141 ★REV 120cm 90cm 80cm 70cm 60cm サイズ 大きい 大きめ うきわ ウキワ すいか 海 海水浴 ビックフロート 水上 レジャー かわいい フローティングベッド 西瓜 子供用浮き輪 大人 子供 こども","ONESIZE","グリーンストライプ","X16","Y15",,"0","53","52","-1",
"2026/08/15 13:17:31","受注取込","7987065","7987065X11Y11","【衝撃に強い】安全靴 スニーカー エアウォーク ミッドカット ハイカット ミドルカット AIR WALK AW-970 AW-980 Y_YU ★REV 7987065 メンズ おしゃれ 耐滑底 樹脂先芯 超軽量 マジックテープ セーフティシューズ 作業靴","25.0cm","AW-970_BLACK","X11","Y11",,"0","80","79","-1",
"2026/08/15 13:21:00","受注取込","7987988","7987988X12Y15","【AVIREX 限定】サファリハット メンズ 大きいサイズ BIGサイズ アドベンチャーハット 17158300 17158400 釣り 帽子 ハット ★REV NEK 7987988 大きめ 普通サイズ AVIREX 限定 かっこいい アウトドア ブラックシリーズ アビレックス 帽子 キャップ ブランド 撥水加工","大きいサイズ_17158400","グレージュ(73)","X12","Y15",,"0","18","17","-1",
"2026/08/15 13:21:45","受注取込","7987409","7987409X11Y12","【130cm 大きいサイズ対応】本革 床革 ベルト メンズ 130cm NEK ★REV 7987409 大きいサイズ対応 シンセティックレザー ビジネスベルト カジュアルベルト 父の日 送料無料","ONESIZE","ブラウンA","X11","Y12",,"0","28","27","-1",
"2026/08/15 13:24:31","受注取込","7986652","7986652X11Y11","【高見え/麻×綿/かぶるオシャレ日傘】 シャルマンハット ハット 帽子 レディース 遮光 UVカット NEK ★REVA 7986652 つば広 折りたたみ 涼しい かぶる日傘 オシャレ 無地 送料無料","ONESIZE","ブラック","X11","Y11",,"0","14","13","-1",
"2026/08/15 13:28:45","受注取込","7994812","7994812X12Y14","サファリハット メンズ 釣り 帽子 ハット レディース SUNS(サンズ)  撥水 アウトドア 登山 キャンプ バーベキュー NEK ★REV H-051 H-053 送料無料 大きいサイズあり キッズサイズ 子供 UVカット アドベンチャーハット 父の日 プレゼント ユニセックス 春 夏 夏フェス ギフト","大きいサイズ","KHAKI(H_051)","X12","Y14",,"0","43","42","-1",
"2026/08/15 13:32:20","受注取込","7987560","7987560X11Y12","【機能的】長財布 財布 メンズ レディース ウォレット スマホケース クラッチバッグ NEK ★REV 7987560 プレゼント ギフト 母の日 父の日 プチギフト 誕プレ 送料無料","ワンサイズ","ブラウン","X11","Y12",,"0","36","35","-1",
"2026/08/15 13:35:30","受注取込","7987075","7987075X11Y12","アンクレット レディース メンズ つけっぱなし NEK ★REV 7987075 ゴールド シルバー アクセサリー プレゼント ギフト おしゃれ 送料無料","ONESIZE","B","X11","Y12",,"0","6","5","-1",
"2026/08/15 13:42:15","受注取込","7994812","7994812X12Y21","サファリハット メンズ 釣り 帽子 ハット レディース SUNS(サンズ)  撥水 アウトドア 登山 キャンプ バーベキュー NEK ★REV H-051 H-053 送料無料 大きいサイズあり キッズサイズ 子供 UVカット アドベンチャーハット 父の日 プレゼント ユニセックス 春 夏 夏フェス ギフト","大きいサイズ","PINK(H_051)","X12","Y21",,"0","11","10","-1",
"2026/08/15 13:44:31","受注取込","7997141","7997141X11Y11","特大 スイカ ドーナツ 浮き輪 浮輪 送料無料 プール 大人用 子供用 NEK 7997141 ★REV 120cm 90cm 80cm 70cm 60cm サイズ 大きい 大きめ うきわ ウキワ すいか 海 海水浴 ビックフロート 水上 レジャー かわいい フローティングベッド 西瓜 子供用浮き輪 大人 子供 こども","120cm","スイカ","X11","Y11",,"0","706","705","-1",
"2026/08/15 14:08:45","受注取込","7988215","7988215X13Y14","【とにかくデカい！】 大きいサイズ キャップ メッシュキャップ 送料無料 大きめ ビッグサイズ BIG SIZE ★REV 7988215 <br> 帽子 ハット キャップ ワークキャップ メンズキャップ 大きいサイズ バケット 大きい帽子 メンズ バケハ メンズ帽子 大きい 頭 メッシュ 全39カラー","CC","4","X13","Y14",,"0","23","22","-1",
"2026/08/15 14:09:01","受注取込","7986802","7986802X11Y11","【お得な7個セット】LEDライト カラビナ キーホルダー 小型LEDライト 避難 防災 災害 NKE ★REV 7986802 キーライト 高輝度 LR41 ボタン電池 LTG 送料無料","ONESIZE","7色セット","X11","Y11",,"0","8","7","-1",
"2026/08/15 14:10:15","受注取込","7988215","7988215X14Y11","【とにかくデカい！】 大きいサイズ キャップ メッシュキャップ 送料無料 大きめ ビッグサイズ BIG SIZE ★REV 7988215 <br> 帽子 ハット キャップ ワークキャップ メンズキャップ 大きいサイズ バケット 大きい帽子 メンズ バケハ メンズ帽子 大きい 頭 メッシュ 全39カラー","DD","1","X14","Y11",,"0","54","53","-1",
"2026/08/15 14:15:17","受注取込","7987400","7987400X11Y17","【とにかくデカい！/普通サイズあり！】キャップ メンズ 大きいサイズ 帽子 深め ビッグサイズ ★REVM 7987400 BIG SIZE メンズキャップ帽子 大きめ 大きい帽子 メンズ帽子 レディース 春 夏 春夏 プレゼント ギフト 母の日 父の日 送料無料","大きいサイズ","G-オレンジ","X11","Y17",,"0","9","8","-1",
"2026/08/15 14:20:45","受注取込","7988215","7988215X13Y12","【とにかくデカい！】 大きいサイズ キャップ メッシュキャップ 送料無料 大きめ ビッグサイズ BIG SIZE ★REV 7988215 <br> 帽子 ハット キャップ ワークキャップ メンズキャップ 大きいサイズ バケット 大きい帽子 メンズ バケハ メンズ帽子 大きい 頭 メッシュ 全39カラー","CC","2","X13","Y12",,"0","22","21","-1",
"2026/08/15 14:20:45","受注取込","7994812","7994812X11Y12","サファリハット メンズ 釣り 帽子 ハット レディース SUNS(サンズ)  撥水 アウトドア 登山 キャンプ バーベキュー NEK ★REV H-051 H-053 送料無料 大きいサイズあり キッズサイズ 子供 UVカット アドベンチャーハット 父の日 プレゼント ユニセックス 春 夏 夏フェス ギフト","普通サイズ","BLACK(H_051)","X11","Y12",,"0","80","79","-1",
"2026/08/15 14:24:13","受注取込","7987988","7987988X12Y15","【AVIREX 限定】サファリハット メンズ 大きいサイズ BIGサイズ アドベンチャーハット 17158300 17158400 釣り 帽子 ハット ★REV NEK 7987988 大きめ 普通サイズ AVIREX 限定 かっこいい アウトドア ブラックシリーズ アビレックス 帽子 キャップ ブランド 撥水加工","大きいサイズ_17158400","グレージュ(73)","X12","Y15",,"0","17","16","-1",
"2026/08/15 14:27:01","受注取込","7987515","7987515X14Y11","【選べる6柄×3サイズ】ネックレス チェーン メンズ レディース NEK ★REV 7987515 サージカルステンレス316L 50cm 60cm 70cm シンプル おしゃれ プレゼント プチギフト バレンタイン クリスマス 送料無料","80cm","A","X14","Y11",,"0","8","7","-1",
"2026/08/15 14:27:01","受注取込","7987515","7987515X13Y11","【選べる6柄×3サイズ】ネックレス チェーン メンズ レディース NEK ★REV 7987515 サージカルステンレス316L 50cm 60cm 70cm シンプル おしゃれ プレゼント プチギフト バレンタイン クリスマス 送料無料","70cm","A","X13","Y11",,"0","27","26","-1",
"2026/08/15 14:36:15","受注取込","7987475","7987475X11Y12","【防犯】護身用 タクティカルスティック 防災グッズ 熊対策グッズ クマ対策 タクティカルペン キーホルダー 女性 キーリング NEK ★REVM 7987475 棒 車 ガラス 防災 災害 車内 軽量 不審者 痴漢 痴漢対策 武器 護身グッズ 自己防衛 コンパクト 非常時 バッググリップ","ONESIZE","シルバー","X11","Y12",,"0","110","109","-1",
"2026/08/15 14:36:15","受注取込","7987213","7987213X11Y26","【イルマワン アイ対応】アイコス イルマワン ILUMA i ケース 保護ケース iqosイルマワン イルマワンカバー NEK ★REV 7987213 耐衝撃 おしゃれ iqos iluma one 専用 IQOSイルマワン保護ケース レザー ヒョウ柄 ペイズリー 保護カバー アクセサリー アイコスケース 送料無料","イルマワン","P","X11","Y26",,"0","1","0","-1",
"2026/08/15 14:37:30","受注取込","7987400","7987400X11Y32","【とにかくデカい！/普通サイズあり！】キャップ メンズ 大きいサイズ 帽子 深め ビッグサイズ ★REVM 7987400 BIG SIZE メンズキャップ帽子 大きめ 大きい帽子 メンズ帽子 レディース 春 夏 春夏 プレゼント ギフト 母の日 父の日 送料無料","大きいサイズ","V-ライトグレー","X11","Y32",,"0","31","29","-2",
"2026/08/15 14:38:46","受注取込","7987515","7987515X11Y12","【選べる6柄×3サイズ】ネックレス チェーン メンズ レディース NEK ★REV 7987515 サージカルステンレス316L 50cm 60cm 70cm シンプル おしゃれ プレゼント プチギフト バレンタイン クリスマス 送料無料","50cm","B","X11","Y12",,"0","32","31","-1",
"2026/08/15 14:50:45","受注取込","7994812","7994812X12Y11","サファリハット メンズ 釣り 帽子 ハット レディース SUNS(サンズ)  撥水 アウトドア 登山 キャンプ バーベキュー NEK ★REV H-051 H-053 送料無料 大きいサイズあり キッズサイズ 子供 UVカット アドベンチャーハット 父の日 プレゼント ユニセックス 春 夏 夏フェス ギフト","大きいサイズ","BK/BLACK(H_051)","X12","Y11",,"0","284","283","-1",
"2026/08/15 14:54:15","受注取込","7992723","7992723X11Y11","お得！ 送料無料 4枚入り 福袋 Dickies ディッキーズ ボクサーパンツ メンズ かわいい NEK ★REV <br> パンツ ボクサーパンツ セット メンズ下着 メンズボクサーパンツ メンズボクサー 大きいサイズ 大きめ 特大 3L 下着 インナー メンズ usa まとめ買い プレゼント ギフト","M","福袋4枚セット","X11","Y11",,"0","122","121","-1",
"2026/08/15 14:54:15","受注取込","7986758","7986758X11Y11","【なんと16色変化】LED ライト テーブルライト 充電式 インテリアライト ★REVL 7986758 電球 クリスタル 幻想 クリスタルランプ 間接照明 テーブルランプ デスク タッチ Type-c USB デスクライト おしゃれ リビング 寝室 フロアライト ムードランプ LTG 送料無料","ONESIZE","クリア","X11","Y11",,"0","14","13","-1",
"2026/08/15 14:56:15","受注取込","7987026","7987026X11Y11","【大きいサイズあり】キャップ 11cm つば長 帽子 メンズ レディース ★REV 7987026 深め 深い ゴルフ 無地 日焼け止め UVカット 送料無料","普通サイズ","ブラック","X11","Y11",,"0","48","47","-1",
"2026/08/15 14:59:15","受注取込","7987026","7987026X12Y14","【大きいサイズあり】キャップ 11cm つば長 帽子 メンズ レディース ★REV 7987026 深め 深い ゴルフ 無地 日焼け止め UVカット 送料無料","大きいサイズ","ネイビー","X12","Y14",,"0","22","21","-1",
"2026/08/15 15:18:46","受注取込","7987886","7987886X11Y12","帽子 キャップ メンズ レディース 無地 シンプル 野球帽 ★REV 7987886 アクセサリー プレゼント ギフト 父の日","ONESIZE","ホワイト","X11","Y12",,"0","13","12","-1",
"2026/08/15 15:25:38","受注取込","7988114","7988114X11Y12","【もこもこ素材】キャップ 帽子 メンズ レディース ボア ムートン ★REV 7988114 プレゼント ギフト アクセサリー インスタ映え 送料無料","ONESIZE","キャメル","X11","Y12",,"0","3","2","-1",
"2026/08/15 15:26:01","受注取込","7987794","7987794X12Y12","【大きいサイズもあり】キャスハンチング キャップ メンズ レディース CULTURE MART NEK 101294 ★REV 7987794 ハンチング帽子 ハンチング帽 秋冬 帽子 ハンチング キャスケット メンズ帽子 レディース帽子秋冬 秋冬帽子 メンズハンチング おしゃれ カルチャーマート","大きいサイズ","オリーブ(2)","X12","Y12",,"0","28","27","-1",
"2026/08/15 15:26:01","受注取込","7986693","7986693X11Y16","【健康な髪は地肌から】 シャンプーブラシ シャワーブラシ スカルプブラシ ★REV 7986693 レディース メンズ 頭皮マッサージブラシ  ヘッドスパブラシ お風呂 洗浄 ドライ＆ウェット両用 頭皮ケア 毛穴スッキリ 櫛 送料無料","ONESIZE","ブルー","X11","Y16",,"0","25","24","-1",
"2026/08/15 15:26:01","受注取込","7986693","7986693X11Y12","【健康な髪は地肌から】 シャンプーブラシ シャワーブラシ スカルプブラシ ★REV 7986693 レディース メンズ 頭皮マッサージブラシ  ヘッドスパブラシ お風呂 洗浄 ドライ＆ウェット両用 頭皮ケア 毛穴スッキリ 櫛 送料無料","ONESIZE","ホワイト","X11","Y12",,"0","21","20","-1",
"2026/08/15 15:26:01","受注取込","7986968","7986968X14Y14","AVIREX ヘンリーネック 半袖 リブ Ｔシャツ メンズ Y_U NEK 6143504 7834934019 ★REV 7986968 正規品 S/S HENLEY NECK T-SHIRT ブランド おしゃれ 無地 ストレッチ アビレックス アヴィレックス 送料無料","XL","チャコール(410)","X14","Y14",,"0","1","0","-1",
"2026/08/15 15:30:30","受注取込","7987076","7987076X11Y11","【超軽量55g】特価 キャップ 帽子 メッシュキャップ ランニングキャップ NEK ★REV 7987076 メンズ レディース 速乾 軽量 ジョギング アウトドア キャンプ スポーツ 釣り 海 プール","アジャスタータイプ","ブラック","X11","Y11",,"0","27","26","-1",
"2026/08/15 15:39:00","受注取込","7987140","7987140X11Y20","【COOLにマナーを】携帯灰皿 カラビナ付き 吸い殻入れ 金属製 フタ付き 小型 軽量 NEK ★REVL 7987140 喫煙グッズ アッシュトレイ 持ち運び便利 男性 メンズ レディース 送料無料","ONESIZE","J.ブラック","X11","Y20",,"0","4","3","-1",
"2026/08/15 15:45:31","受注取込","7990226","7990226X11Y11","【12本入り 速攻配達 送料無料】藤の花 魔除け 造花 フェイクフラワー ★REV 7990226 <br> 鬼が嫌う 誕生日 お祝い プレゼント ギフト 飾り付け 和 インテリア 造花 藤の花 フェイクグリーン インテリアグリーン セット 花飾り 吊り下げ 人工観葉植物 12本入り 送料無料","ONESIZE","パープル","X11","Y11",,"0","54","53","-1",
"2026/08/15 15:46:45","受注取込","7986641","7986641X11Y11","【天然白蝶貝】チョーカー ネックレス 天然 マザーオブパール レッドアゲート 45cm NEK ★REVH 7986641白蝶貝 紅瑪瑙 パワーストーン レディース メンズ アクセサリー 大人可愛い 送料無料","ONESIZE","パール","X11","Y11",,"0","1","0","-1",
"2026/08/15 15:48:15","受注取込","7994812","7994812X12Y11","サファリハット メンズ 釣り 帽子 ハット レディース SUNS(サンズ)  撥水 アウトドア 登山 キャンプ バーベキュー NEK ★REV H-051 H-053 送料無料 大きいサイズあり キッズサイズ 子供 UVカット アドベンチャーハット 父の日 プレゼント ユニセックス 春 夏 夏フェス ギフト","大きいサイズ","BK/BLACK(H_051)","X12","Y11",,"0","283","282","-1",
"2026/08/15 15:57:30","受注取込","7987400","7987400X11Y33","【とにかくデカい！/普通サイズあり！】キャップ メンズ 大きいサイズ 帽子 深め ビッグサイズ ★REVM 7987400 BIG SIZE メンズキャップ帽子 大きめ 大きい帽子 メンズ帽子 レディース 春 夏 春夏 プレゼント ギフト 母の日 父の日 送料無料","大きいサイズ","W-グレー","X11","Y33",,"0","34","33","-1",
"2026/08/15 16:00:20","受注取込","7987137","7987137X11Y28","【最安値に挑戦 日本製】GEVAERT ゲバルト ベルト YKK社製 軽量バックル使用 35mm幅 NEK ★REV 7987137 ゴムベルト GVT-1062 1063 1064 1011 1048 無地 カモフラ柄 ベルギー生地使用 日本製 メンズ レディース カジュアル 入学 卒業 通勤 通学 送料無料","ONESIZE","R","X11","Y28",,"0","2","1","-1",
"2026/08/15 16:03:15","受注取込","7988215","7988215X16Y15","【とにかくデカい！】 大きいサイズ キャップ メッシュキャップ 送料無料 大きめ ビッグサイズ BIG SIZE ★REV 7988215 <br> 帽子 ハット キャップ ワークキャップ メンズキャップ 大きいサイズ バケット 大きい帽子 メンズ バケハ メンズ帽子 大きい 頭 メッシュ 全39カラー","FF","5","X16","Y15",,"0","139","138","-1",
"2026/08/15 16:04:45","受注取込","7994226","7994226X11Y13","【大きいサイズもあり 限定モデル】AVIREX メッシュキャップ メンズ 帽子 メンズ キャップ メンズ 14023200 14670200 レディース ★REV 父の日 贈り物 プレゼント ブランド アビレックス 送料無料 正規品 ブラック 黒 ネイビー 紺 グレー 灰 yos プレゼント ギフト","普通サイズ_14023200","85_グレー","X11","Y13",,"0","15","14","-1",
"2026/08/15 16:11:45","受注取込","7987678","7987678X12Y16","【洗濯可能】トレーニンググローブ 手袋 筋トレ 筋トレグローブ メンズ レディース 指無し NEK ★REV 7987678 ウェイトリフティング 防滑 クッション性 伸びる 洗濯OK バーベル サイクリング ヨガ グリップ","M","B-ピンク","X12","Y16",,"0","9","8","-1",
"2026/08/15 16:11:45","受注取込","8000345","8000345X11Y12","栃木レザー 長財布 本革 レザー 日本製 メンズ レディース ★REV 8000345 TDSG-1008【P2】 職人技 無地 5色展開 プレゼント ギフト","ONESIZE","ダークブラウン","X11","Y12",,"0","3","2","-1",
"2026/08/15 16:11:45","受注取込","7994812","7994812X12Y11","サファリハット メンズ 釣り 帽子 ハット レディース SUNS(サンズ)  撥水 アウトドア 登山 キャンプ バーベキュー NEK ★REV H-051 H-053 送料無料 大きいサイズあり キッズサイズ 子供 UVカット アドベンチャーハット 父の日 プレゼント ユニセックス 春 夏 夏フェス ギフト","大きいサイズ","BK/BLACK(H_051)","X12","Y11",,"0","282","281","-1",
"2026/08/15 16:14:22","受注取込","7986562","7986562X11Y15","IQOS アイコス イルマiワン イルマアイ TEREA テリア ケース ヒートスティックケース NEK ★REVL 7986562 カバー 加熱式たばこ用ハードケース SENTIA（センティア) HEETS プレゼント ギフト 送料無料","ONESIZE","E","X11","Y15",,"0","9","8","-1",
"2026/08/15 16:18:16","受注取込","7987085","7987085X11Y14","【とにかくデカい！】大きいサイズ キャップ 大きめ 深い 深め ビッグサイズ BIG SIZE ★REV 7987085 メンズキャップ帽子 大きい帽子 メンズ帽子 レディース 春 夏 春夏 プレゼント ギフト 母の日 父の日 送料無料","YA","4","X11","Y14",,"0","1","0","-1",
"2026/08/15 16:20:22","受注取込","7986712","7986712X11Y34","【超協力マグネット/選べる33種】帽子クリップ ハットクリップ キャップクリップ  NEK ★REV 7986712 帽子収納ホルダー 収納フック キーホルダー 強力マグネット レザー調 アクセサリー チャーム キーリング キーケース 送料無料","ONESIZE","24","X11","Y34",,"0","18","17","-1",
"2026/08/15 16:24:31","受注取込","7986531","7986531X11Y25","【新型/IQOS イルマ i ワン用】アイコス イルマiワン ILUMA ケース 保護ケース NEK ★REVL 7986531 iqosイルマワン イルマワンカバー 耐衝撃 おしゃれ iqos iluma one 専用 IQOSイルマワン保護ケース レザー ヒョウ柄 ペイズリー 保護カバー アイコスケース アクセサリー 送料無料","ONESIZE","108","X11","Y25",,"0","3","2","-1",
"2026/08/15 16:25:30","受注取込","7987345","7987345X18Y13","【とにかくデカい！】 大きいサイズ キャップ 送料無料 大きめ ビッグサイズ ★REV 7987345 BIG SIZE 帽子 ハット キャップ キャスケット メンズキャップ 大きいサイズ バケット 大きい帽子 メンズ メンズ帽子 大きい 頭 メッシュキャップ","HHH","3","X18","Y13",,"0","19","18","-1",
"2026/08/15 16:37:31","受注取込","7987275","7987275X11Y13","AVIREX アビレックス ニットキャップ ニット帽 NEK ★REV 7987275 帽子 大きい 大きめ 大きいサイズ ニット素材 メンズ レディース アヴィレックス ブランド プレゼント ギフト ミリタリー アメカジ ストリート アウトドア プレゼント ギフト 送料無料","ONESIZE","チャコール","X11","Y13",,"0","28","27","-1",
"2026/08/15 16:38:45","受注取込","7987681","7987681X11Y11","【超高輝度 500ルーメン】COB LED ライト マルチライト 500ルーメン キーホルダー NEK ★REV 7987681 充電式 栓抜き対応 カラビナ カラナビ 磁石 マグネット ワークライト キャンプ アウトドア 作業灯 防災 現場 Type-c USB プレゼント ギフト 送料無料","ONESIZE","ブラック","X11","Y11",,"0","45","44","-1",
"2026/08/15 16:39:34","受注取込","7994812","7994812X11Y13","サファリハット メンズ 釣り 帽子 ハット レディース SUNS(サンズ)  撥水 アウトドア 登山 キャンプ バーベキュー NEK ★REV H-051 H-053 送料無料 大きいサイズあり キッズサイズ 子供 UVカット アドベンチャーハット 父の日 プレゼント ユニセックス 春 夏 夏フェス ギフト","普通サイズ","NAVY(H_051)","X11","Y13",,"0","57","56","-1",
"2026/08/15 16:40:17","受注取込","7990254","7990254X11Y12","【送料無料 速攻配達】AVIREX ニットキャップ ニット帽 帽子 メンズ レディース スウェットキャップ  NEK ★REV 14649300 ルーズ キャップ ブランド アビレックス リバーシブル AX REVERSIBLE SWEAT CAP 送料無料 プレゼント ギフト","ONESIZE","ブラック(80)","X11","Y12",,"0","307","306","-1",
"2026/08/15 16:40:19","受注取込","7987616","7987616X11Y11","【バッグを汚さない！お得な2個入】バッグフック バッグハンガー デスク 便利 NEK ★REV 7987616 おしゃれ グッズ アイデア フック 机 テーブル グック ハンガー 防犯 メンズ レディース 荷物かけ カバン掛け プチギフト プレゼント LTG 送料無料","ONESIZE","ブラック/ワイン","X11","Y11",,"0","4","3","-1",
"2026/08/15 16:40:20","受注取込","7997141","7997141X16Y14","特大 スイカ ドーナツ 浮き輪 浮輪 送料無料 プール 大人用 子供用 NEK 7997141 ★REV 120cm 90cm 80cm 70cm 60cm サイズ 大きい 大きめ うきわ ウキワ すいか 海 海水浴 ビックフロート 水上 レジャー かわいい フローティングベッド 西瓜 子供用浮き輪 大人 子供 こども","ONESIZE","スイカストライプ","X16","Y14",,"0","43","42","-1",
"2026/08/15 16:40:20","受注取込","7987400","7987400X11Y16","【とにかくデカい！/普通サイズあり！】キャップ メンズ 大きいサイズ 帽子 深め ビッグサイズ ★REVM 7987400 BIG SIZE メンズキャップ帽子 大きめ 大きい帽子 メンズ帽子 レディース 春 夏 春夏 プレゼント ギフト 母の日 父の日 送料無料","大きいサイズ","F-ブラック","X11","Y16",,"0","169","168","-1",
"2026/08/15 16:43:15","受注取込","7986752","7986752X11Y12","収納 サンバイザーホルダー マルチ 車 カーポケット ドライブポケット NEK ★REVL 7986752 おしゃれ サンバイザー ポケット カー用品 収納 カー用品 ペン カードポケット 収納ホルダー サングラスホルダー 車 眼鏡ホルダー カーアクセサリー 送料無料","ONESIZE","グレー","X11","Y12",,"0","18","17","-1",
"2026/08/15 16:45:30","受注取込","7987137","7987137X11Y19","【最安値に挑戦 日本製】GEVAERT ゲバルト ベルト YKK社製 軽量バックル使用 35mm幅 NEK ★REV 7987137 ゴムベルト GVT-1062 1063 1064 1011 1048 無地 カモフラ柄 ベルギー生地使用 日本製 メンズ レディース カジュアル 入学 卒業 通勤 通学 送料無料","ONESIZE","I","X11","Y19",,"0","3","2","-1",
"2026/08/15 16:45:30","受注取込","7987137","7987137X11Y18","【最安値に挑戦 日本製】GEVAERT ゲバルト ベルト YKK社製 軽量バックル使用 35mm幅 NEK ★REV 7987137 ゴムベルト GVT-1062 1063 1064 1011 1048 無地 カモフラ柄 ベルギー生地使用 日本製 メンズ レディース カジュアル 入学 卒業 通勤 通学 送料無料","ONESIZE","H","X11","Y18",,"0","1","0","-1",
"2026/08/15 16:45:30","受注取込","7987137","7987137X11Y20","【最安値に挑戦 日本製】GEVAERT ゲバルト ベルト YKK社製 軽量バックル使用 35mm幅 NEK ★REV 7987137 ゴムベルト GVT-1062 1063 1064 1011 1048 無地 カモフラ柄 ベルギー生地使用 日本製 メンズ レディース カジュアル 入学 卒業 通勤 通学 送料無料","ONESIZE","J","X11","Y20",,"0","5","4","-1",
"2026/08/15 16:46:15","受注取込","7988215","7988215X12Y12","【とにかくデカい！】 大きいサイズ キャップ メッシュキャップ 送料無料 大きめ ビッグサイズ BIG SIZE ★REV 7988215 <br> 帽子 ハット キャップ ワークキャップ メンズキャップ 大きいサイズ バケット 大きい帽子 メンズ バケハ メンズ帽子 大きい 頭 メッシュ 全39カラー","BB","2","X12","Y12",,"0","10","9","-1",
"2026/08/15 16:48:13","受注取込","7986690","7986690X11Y12","【当店限定/大きいサイズ】LOGOS ロゴス キャップ メッシュキャップ 帽子 大きいサイズ ★REVL 7986690 ブランド メンズ レディース 野球帽 XXLサイズ KING SIZE アウトドア キャンプ シンプル おしゃれ 送料無料","メッシュキャップ","ブラック×チャコール","X11","Y12",,"0","125","124","-1",
"2026/08/15 16:48:31","受注取込","8003112","8003112X13Y14","AVIREX アビレックス タンクトップ メンズ 無地 アヴィレックス メンズアメカジトップス ★REV NEK 6143503 全10色 プレゼント ギフト","L","チャコール(19)","X13","Y14",,"0","2","1","-1",
"2026/08/15 16:52:38","WEB画面","7994812","7994812X11Y12","サファリハット メンズ 釣り 帽子 ハット レディース SUNS(サンズ)  撥水 アウトドア 登山 キャンプ バーベキュー NEK ★REV H-051 H-053 送料無料 大きいサイズあり キッズサイズ 子供 UVカット アドベンチャーハット 父の日 プレゼント ユニセックス 春 夏 夏フェス ギフト","普通サイズ","BLACK(H_051)","X11","Y12",,"0","79","80","1","塩谷 満里子"
"2026/08/15 16:52:38","WEB画面","7994812","7994812X11Y13","サファリハット メンズ 釣り 帽子 ハット レディース SUNS(サンズ)  撥水 アウトドア 登山 キャンプ バーベキュー NEK ★REV H-051 H-053 送料無料 大きいサイズあり キッズサイズ 子供 UVカット アドベンチャーハット 父の日 プレゼント ユニセックス 春 夏 夏フェス ギフト","普通サイズ","NAVY(H_051)","X11","Y13",,"0","56","55","-1","塩谷 満里子"
"2026/08/15 17:03:30","受注取込","7987137","7987137X11Y21","【最安値に挑戦 日本製】GEVAERT ゲバルト ベルト YKK社製 軽量バックル使用 35mm幅 NEK ★REV 7987137 ゴムベルト GVT-1062 1063 1064 1011 1048 無地 カモフラ柄 ベルギー生地使用 日本製 メンズ レディース カジュアル 入学 卒業 通勤 通学 送料無料","ONESIZE","K","X11","Y21",,"0","3","2","-1",
"2026/08/15 17:06:01","受注取込","8003102","8003102X11Y11","やみつきになる！ ストレッチ AVIREX アビレックス Tシャツ メンズ ★REV NEK 6143501 6143502 Vネック クルーネック 半袖 プレゼント ギフト","Vネック_ホワイト_001","Sサイズ","X11","Y11",,"0","3","2","-1",
"2026/08/15 17:06:01","受注取込","8003096","8003096X11Y13","AVIREX アビレックス タンクトップ メンズ 無地 NEK 6143507 ★REV 8003096 背中幅広タイプ アヴィレックス メンズアメカジトップス","S","グレー(14)","X11","Y13",,"0","2","1","-1",
"2026/08/15 17:06:15","受注取込","7994812","7994812X12Y13","サファリハット メンズ 釣り 帽子 ハット レディース SUNS(サンズ)  撥水 アウトドア 登山 キャンプ バーベキュー NEK ★REV H-051 H-053 送料無料 大きいサイズあり キッズサイズ 子供 UVカット アドベンチャーハット 父の日 プレゼント ユニセックス 春 夏 夏フェス ギフト","大きいサイズ","NAVY(H_051)","X12","Y13",,"0","57","56","-1",
"2026/08/15 17:14:21","受注取込","7987073","7987073X11Y13","【くすみカラー 超軽量】バケットハット サファリハット メンズ レディース 普通サイズ 大きいサイズ NEK ★REV 7987073 アドベンチャーハット 撥水 速乾 軽量 折り畳める UV カット アウトドア キャンプ 登山 ウォーキング 散歩 日焼け防止 紫外線防止 送料無料","普通サイズ","ブラック","X11","Y13",,"0","61","60","-1",
"2026/08/15 17:16:16","受注取込","7987345","7987345X13Y11","【とにかくデカい！】 大きいサイズ キャップ 送料無料 大きめ ビッグサイズ ★REV 7987345 BIG SIZE 帽子 ハット キャップ キャスケット メンズキャップ 大きいサイズ バケット 大きい帽子 メンズ メンズ帽子 大きい 頭 メッシュキャップ","CCC","1","X13","Y11",,"0","11","10","-1",
"2026/08/15 17:20:01","受注取込","7990380","7990380X11Y12","【刺繍で魅せる】レースマスク マスク 送料無料 洗える 刺繍 レース 3枚セット 美人マスク 新作 花柄 ★REV NEK 7990380 プレゼント ギフト","ONESIZE","オフホワイト","X11","Y12",,"0","33","32","-1",
"2026/08/15 17:20:21","受注取込","7994812","7994812X11Y13","サファリハット メンズ 釣り 帽子 ハット レディース SUNS(サンズ)  撥水 アウトドア 登山 キャンプ バーベキュー NEK ★REV H-051 H-053 送料無料 大きいサイズあり キッズサイズ 子供 UVカット アドベンチャーハット 父の日 プレゼント ユニセックス 春 夏 夏フェス ギフト","普通サイズ","NAVY(H_051)","X11","Y13",,"0","55","54","-1",
"2026/08/15 17:20:21","受注取込","7994812","7994812X11Y16","サファリハット メンズ 釣り 帽子 ハット レディース SUNS(サンズ)  撥水 アウトドア 登山 キャンプ バーベキュー NEK ★REV H-051 H-053 送料無料 大きいサイズあり キッズサイズ 子供 UVカット アドベンチャーハット 父の日 プレゼント ユニセックス 春 夏 夏フェス ギフト","普通サイズ","GRAY(H_051)","X11","Y16",,"0","34","33","-1",
"2026/08/15 17:20:30","受注取込","7987400","7987400X11Y16","【とにかくデカい！/普通サイズあり！】キャップ メンズ 大きいサイズ 帽子 深め ビッグサイズ ★REVM 7987400 BIG SIZE メンズキャップ帽子 大きめ 大きい帽子 メンズ帽子 レディース 春 夏 春夏 プレゼント ギフト 母の日 父の日 送料無料","大きいサイズ","F-ブラック","X11","Y16",,"0","168","167","-1",
"2026/08/15 17:24:21","受注取込","7988215","7988215X11Y11","【とにかくデカい！】 大きいサイズ キャップ メッシュキャップ 送料無料 大きめ ビッグサイズ BIG SIZE ★REV 7988215 <br> 帽子 ハット キャップ ワークキャップ メンズキャップ 大きいサイズ バケット 大きい帽子 メンズ バケハ メンズ帽子 大きい 頭 メッシュ 全39カラー","AA","1","X11","Y11",,"0","5","4","-1",
"2026/08/15 17:24:21","受注取込","7987642","7987642X11Y15","【送料無料】ミニ財布 メンズ 本革 レディース 二つ折り 財布 カードケース LTG カード入れ 多い NEK ★REV 7987642 折りたたみ コンパクト 小さい財布 小銭入れ コインスルー お札が折れない スキミング防止 ファスナー コインケース ミニマリスト ラウンドジッパー","ONESIZE","オリーブ","X11","Y15",,"0","15","14","-1",
"2026/08/15 17:24:21","受注取込","7993221","7993221X11Y11","訳あり キーホルダー メンズ 車 スマートキー キーチェーン キーリング レザー NEK ★REV 7993221 家 鍵 カギ 送料無料 ステンレス レザー 男性 おしゃれ シンプル カラビナフック プレゼント","ONESIZE","ゴールド_A","X11","Y11",,"0","1","0","-1",
"2026/08/15 17:28:45","受注取込","7987084","7987084X12Y14","【くすみカラー 10色展開】深め 大きいサイズ 普通サイズ 帽子 キャップ メンズ レディース ★REV 7987084 Vintage 無地 シンプル おしゃれ 送料無料","大きいサイズ","ブラウン","X12","Y14",,"0","18","17","-1",
"2026/08/15 17:35:41","WEB画面","7987408","7987408X11Y13","【2WAY 本革】レディースベルト リバーシブル ビジネス NEK ★REV 7987408 ロゴ フォーマル シンプル カジュアル スーツ レザー 本革 送料無料","ONESIZE","A-ブラウン","X11","Y13",,"0","22","21","-1","星島"
"2026/08/15 17:36:45","受注取込","7988044","7988044X11Y16","ショルダーバッグ メンズ ワンショルダー 斜め掛け ★REV 7988044 おしゃれバッグ Vintage 斜めがけ メンズボディバック かっこいい ボディバッグ レザー ワンショルダーバッグ カバン 鞄 かばん レザー調 メンズバッグ 斜めがけ メンズショルダーバック 散歩 送料無料","ONESIZE","F_ダークブラウン","X11","Y16",,"0","17","16","-1",
"2026/08/15 17:41:01","受注取込","7987083","7987083X11Y14","LOGOS サファリハット メンズ レディース LS3Q600Q NEK ★REV 7987083 パッチワーク アドベンチャーハット サファリハット 帽子 アウトドア 超軽量 バケットハット ヒモつき キャンプ お洒落 ブランド","普通サイズ","マルチD-ベージュ","X11","Y14",,"0","15","14","-1",
"2026/08/15 17:44:15","受注取込","7987090","7987090X11Y13","【使い方色々!】ポーチ ベルトポーチ 小物入れ 小銭入れ カードケース NEK ★REV 7987090 短財布 財布 メンズ レディース カラビナ ミリタリー サバゲー キャンプ アウトドア メディカルポーチ 防災グッズ 送料無料","ONESIZE","オリーブ","X11","Y13",,"0","12","11","-1",
"2026/08/15 17:53:22","受注取込","7986779","7986779X12Y11","【高純度テラヘルツ/鏡面多面カット】 テラヘルツ アンクレット ブレスレット メンズ レディース NEK ★REV 7986779 4.0mm 健康 テラヘルツ波 パワーストーン 天然石 アクセサリー プレゼント ギフト プチギフト 母の日 父の日 送料無料","アンクレット","テラヘルツ","X12","Y11",,"0","53","52","-1",
"2026/08/15 17:54:02","受注取込","7987716","7987716X11Y11","【日本製 姫路レザー】日本製 ベルト メンズ レディース 本革 本皮 ブライドルレザー Y_KO HBTH005 4.0cm幅 40mm 一枚革 ヌメ革 姫路レザー ビジネス カジュアル 送料無料","ONESIZE","ブラック","X11","Y11",,"0","13","12","-1",
"2026/08/15 17:55:43","WEB画面","7987802","7987802X15Y13","健康サンダル 足つぼ スリッパ 健康 サンダル 健康スリッパ 天然石 パワーストーン レディース メンズ オフィス ★REV 7987802 リラックス ストーン 足裏 足うら 刺激 ツボ押し つぼ押し 超強力 マッサージ 室内 屋外 野外 リフレクソロジー 足ツボサンダル 石 岩 送料無料","43-44(26.5～27.0cm)","シャンパンゴールド","X15","Y13",,"0","29","28","-1","星島"
"2026/08/15 17:56:20","受注取込","7986652","7986652X11Y11","【高見え/麻×綿/かぶるオシャレ日傘】 シャルマンハット ハット 帽子 レディース 遮光 UVカット NEK ★REVA 7986652 つば広 折りたたみ 涼しい かぶる日傘 オシャレ 無地 送料無料","ONESIZE","ブラック","X11","Y11",,"0","13","12","-1",
"2026/08/15 17:56:31","受注取込","7992723","7992723X13Y11","お得！ 送料無料 4枚入り 福袋 Dickies ディッキーズ ボクサーパンツ メンズ かわいい NEK ★REV <br> パンツ ボクサーパンツ セット メンズ下着 メンズボクサーパンツ メンズボクサー 大きいサイズ 大きめ 特大 3L 下着 インナー メンズ usa まとめ買い プレゼント ギフト","LL","福袋4枚セット","X13","Y11",,"0","11","10","-1",
"2026/08/15 17:56:45","受注取込","7994812","7994812X11Y20","サファリハット メンズ 釣り 帽子 ハット レディース SUNS(サンズ)  撥水 アウトドア 登山 キャンプ バーベキュー NEK ★REV H-051 H-053 送料無料 大きいサイズあり キッズサイズ 子供 UVカット アドベンチャーハット 父の日 プレゼント ユニセックス 春 夏 夏フェス ギフト","普通サイズ","PURPLE(H_051)","X11","Y20",,"0","41","40","-1",
"2026/08/15 18:02:16","受注取込","7988215","7988215X18Y14","【とにかくデカい！】 大きいサイズ キャップ メッシュキャップ 送料無料 大きめ ビッグサイズ BIG SIZE ★REV 7988215 <br> 帽子 ハット キャップ ワークキャップ メンズキャップ 大きいサイズ バケット 大きい帽子 メンズ バケハ メンズ帽子 大きい 頭 メッシュ 全39カラー","HH","4","X18","Y14",,"0","48","47","-1",
"2026/08/15 18:03:54","受注取込","7995363","7995363X3Y3","安全靴 鋼鉄先芯 スニーカー ブーツ シューズ メンズ 父の日 贈り物 プレゼント セーフティーシューズ 耐油 防滑 ブラック 黒 7995363 作業用 作業靴 おしゃれ かっこいい ハイカット 釘踏み抜き防止 靴 紐靴 レースアップ ALI プレゼント ギフト","26.0cm","C_7991146","X3","Y3",,"0","21","20","-1",
"2026/08/15 18:06:32","受注取込","7986716","7986716X11Y11","【紫外線でプロ級チェック】アニサキスライト UV 紫外線ライト ブラックライト NEK ★REVL 7986716 365nm 充電式 TYPE-C充電  USB 光学レンズ アニサキス検出 生活 食事 釣り 掃除 コンパクト 送料無料","1本","ブラック(TYPE-C)","X11","Y11",,"0","69","68","-1",
"2026/08/15 18:11:45","受注取込","7987372","7987372X11Y13","【栃木レザー 日本製】キーケース 本革 NEK ★REV 7987372 TDSGH1007 メンズ レディース レザー 栃木レザー 日本製 made in japan プレゼント ギフト 母の日 父の日 送料無料","ONESIZE","ブラウン","X11","Y13",,"0","2","1","-1",
"2026/08/15 18:15:01","受注取込","7988215","7988215X13Y15","【とにかくデカい！】 大きいサイズ キャップ メッシュキャップ 送料無料 大きめ ビッグサイズ BIG SIZE ★REV 7988215 <br> 帽子 ハット キャップ ワークキャップ メンズキャップ 大きいサイズ バケット 大きい帽子 メンズ バケハ メンズ帽子 大きい 頭 メッシュ 全39カラー","CC","5","X13","Y15",,"0","12","11","-1",
"2026/08/15 18:15:01","受注取込","7988215","7988215X11Y11","【とにかくデカい！】 大きいサイズ キャップ メッシュキャップ 送料無料 大きめ ビッグサイズ BIG SIZE ★REV 7988215 <br> 帽子 ハット キャップ ワークキャップ メンズキャップ 大きいサイズ バケット 大きい帽子 メンズ バケハ メンズ帽子 大きい 頭 メッシュ 全39カラー","AA","1","X11","Y11",,"0","4","3","-1",
"2026/08/15 18:15:30","受注取込","7988460","7988460X11Y16","犬 アロハシャツ 犬服 南国シャツ アロハ シャツ ペットウエア スナップボタンタイプ 抜け毛防止 部屋着 ペット服 ドッグウェア ★REVG NEK 7988460 プレゼント ギフト","XS","F","X11","Y16",,"0","16","15","-1",
"2026/08/15 18:30:45","受注取込","7997141","7997141X11Y11","特大 スイカ ドーナツ 浮き輪 浮輪 送料無料 プール 大人用 子供用 NEK 7997141 ★REV 120cm 90cm 80cm 70cm 60cm サイズ 大きい 大きめ うきわ ウキワ すいか 海 海水浴 ビックフロート 水上 レジャー かわいい フローティングベッド 西瓜 子供用浮き輪 大人 子供 こども","120cm","スイカ","X11","Y11",,"0","705","704","-1",
"2026/08/15 18:34:39","受注取込","7987274","7987274X11Y42","【圧巻の40種】47 キャップ 帽子 メンズ レディース 47brand クリーンナップ ★REV 7987274 フォーティーセブン ブランド CLEAN UP 正規品 送料無料","ONESIZE","OT-12","X11","Y42",,"0","32","31","-1",
"2026/08/15 18:34:39","受注取込","7987061","7987061X11Y11","【お得な2組セット】アームカバー メンズ レディース 2組セット 冷感 NEK ★REV 7987061 ひんやり スポーツ 紫外線カット UVカット 男用 仕事 外 夏 運動 ゴルフ サイクリング 通気性 速乾性 接触冷感 UPF50+ 日焼け防止 送料無料","ONESIZE","ブラック","X11","Y11",,"0","326","324","-2",
"2026/08/15 18:34:41","受注取込","7986516","7986516X11Y11","【当店限定モデル/深め】 AVIREX キャップ メンズ レディース 深め 刺繍 シンプル 81747500 ★REVL 7986516 ブランド コットン100％ サイズ調整可能 ブラック グレージュ 送料無料","ONESIZE","ブラック","X11","Y11",,"0","35","34","-1",
"2026/08/15 18:36:15","受注取込","7997141","7997141X11Y11","特大 スイカ ドーナツ 浮き輪 浮輪 送料無料 プール 大人用 子供用 NEK 7997141 ★REV 120cm 90cm 80cm 70cm 60cm サイズ 大きい 大きめ うきわ ウキワ すいか 海 海水浴 ビックフロート 水上 レジャー かわいい フローティングベッド 西瓜 子供用浮き輪 大人 子供 こども","120cm","スイカ","X11","Y11",,"0","704","703","-1",
"2026/08/15 18:39:15","受注取込","7997141","7997141X16Y15","特大 スイカ ドーナツ 浮き輪 浮輪 送料無料 プール 大人用 子供用 NEK 7997141 ★REV 120cm 90cm 80cm 70cm 60cm サイズ 大きい 大きめ うきわ ウキワ すいか 海 海水浴 ビックフロート 水上 レジャー かわいい フローティングベッド 西瓜 子供用浮き輪 大人 子供 こども","ONESIZE","グリーンストライプ","X16","Y15",,"0","52","51","-1",
"2026/08/15 18:40:12","受注取込","7986564","7986564X11Y16","【当店限定/大きいサイズ】BlackRebel 帽子 キャップ メンズ レディース 大きいサイズ ★REVL 7986564 深め Vintage クラッシュ 加工 こなれ感 おしゃれ 送料無料","ONESIZE","ワイン","X11","Y16",,"0","3","2","-1",
"2026/08/15 18:40:31","受注取込","7988215","7988215X16Y15","【とにかくデカい！】 大きいサイズ キャップ メッシュキャップ 送料無料 大きめ ビッグサイズ BIG SIZE ★REV 7988215 <br> 帽子 ハット キャップ ワークキャップ メンズキャップ 大きいサイズ バケット 大きい帽子 メンズ バケハ メンズ帽子 大きい 頭 メッシュ 全39カラー","FF","5","X16","Y15",,"0","138","137","-1",
"2026/08/15 18:41:00","受注取込","7998075","7998075X12Y11","他店圧倒価格♪最安値に挑戦！ 1点までメール便送料無料 ワッチキャップ ニット帽子 ニットキャップ 7998075 【MB】【ALI】■05161126【wow未販売】 sg追加200125 sg追加200125","大きいサイズ(～65cm)","ブラック杢","X12","Y11",,"0","232","231","-1",
"2026/08/15 18:48:15","受注取込","7987400","7987400X11Y25","【とにかくデカい！/普通サイズあり！】キャップ メンズ 大きいサイズ 帽子 深め ビッグサイズ ★REVM 7987400 BIG SIZE メンズキャップ帽子 大きめ 大きい帽子 メンズ帽子 レディース 春 夏 春夏 プレゼント ギフト 母の日 父の日 送料無料","大きいサイズ","O-ネイビー","X11","Y25",,"0","35","34","-1",
"2026/08/15 18:51:45","受注取込","7986572","7986572X11Y42","【新型/IQOS イルマ i ワン用】アイコス イルマiワン ILUMA ケース 保護ケース NEK ★REVL 7986572 iqosイルマワン イルマワンカバー 耐衝撃 おしゃれ iqos iluma one 専用 IQOSイルマワン保護ケース レザー ヒョウ柄 ペイズリー 保護カバー アイコスケース アクセサリー 送料無料","イルマiワン","86","X11","Y42",,"0","16","15","-1",
"2026/08/15 18:52:01","受注取込","7987515","7987515X13Y16","【選べる6柄×3サイズ】ネックレス チェーン メンズ レディース NEK ★REV 7987515 サージカルステンレス316L 50cm 60cm 70cm シンプル おしゃれ プレゼント プチギフト バレンタイン クリスマス 送料無料","70cm","F","X13","Y16",,"0","3","2","-1",
"2026/08/15 18:56:30","受注取込","7987169","7987169X11Y17","【本革 コンパクト】財布 レディース メンズ ミニ財布 短財布 ミニウォレット NEK ★REVH 7987169 エンボス レザー 革 本革 牛革 ショートウォレット さいふ ウォレット 多機能 大容量 男性 ギフト 紳士用 プレゼント 薄い スリム 収納 ラウンドファスナー 送料無料","ONESIZE","ピンク×ブラウン","X11","Y17",,"0","10","9","-1",
"2026/08/15 18:58:01","受注取込","7987515","7987515X11Y11","【選べる6柄×3サイズ】ネックレス チェーン メンズ レディース NEK ★REV 7987515 サージカルステンレス316L 50cm 60cm 70cm シンプル おしゃれ プレゼント プチギフト バレンタイン クリスマス 送料無料","50cm","A","X11","Y11",,"0","4","3","-1",
"2026/08/15 19:00:13","受注取込","7987641","7987641X11Y13","犬 服 暖かい 犬の服 ボア ダウン ジャケット コート ★REVG NEK 7987641 小型犬 中型犬 秋 秋服 冬 冬用 冬服 秋冬 おしゃれ おもしろ かわいい 可愛い 着せやすい セール ブランド 女の子 男の子 オス メス 背開き アウター ベスト ハーネス キルティング","S","ピンク","X11","Y13",,"0","1","0","-1",
"2026/08/15 19:00:48","受注取込","7987400","7987400X11Y15","【とにかくデカい！/普通サイズあり！】キャップ メンズ 大きいサイズ 帽子 深め ビッグサイズ ★REVM 7987400 BIG SIZE メンズキャップ帽子 大きめ 大きい帽子 メンズ帽子 レディース 春 夏 春夏 プレゼント ギフト 母の日 父の日 送料無料","大きいサイズ","E-ベージュ","X11","Y15",,"0","70","69","-1",
"2026/08/15 19:08:00","受注取込","7992723","7992723X12Y11","お得！ 送料無料 4枚入り 福袋 Dickies ディッキーズ ボクサーパンツ メンズ かわいい NEK ★REV <br> パンツ ボクサーパンツ セット メンズ下着 メンズボクサーパンツ メンズボクサー 大きいサイズ 大きめ 特大 3L 下着 インナー メンズ usa まとめ買い プレゼント ギフト","L","福袋4枚セット","X12","Y11",,"0","244","243","-1",
"2026/08/15 19:08:26","受注取込","7988610","7988610X11Y11","【おまけ付き】タックルボックス ルアーケース 釣り具ケース 収納 防水 タックルケース 釣り ワームケース ケース 釣り針 シンカー フライボックス 7988610 プレゼント ギフト","中","ブラック","X11","Y11",,"0","26","25","-1",
"2026/08/15 19:13:08","受注取込","7987077","7987077X11Y12","リカバリーサンダル サンダル メンズ レディース 厚底 スポーツサンダル ★REV 7987077 速乾 軽量 アウトドア キャンプ 水遊び 海 山 川 送料無料","35-36(22.5～23.0cm)","ブラック","X11","Y12",,"0","21","20","-1",
"2026/08/15 19:23:30","受注取込","7994812","7994812X11Y14","サファリハット メンズ 釣り 帽子 ハット レディース SUNS(サンズ)  撥水 アウトドア 登山 キャンプ バーベキュー NEK ★REV H-051 H-053 送料無料 大きいサイズあり キッズサイズ 子供 UVカット アドベンチャーハット 父の日 プレゼント ユニセックス 春 夏 夏フェス ギフト","普通サイズ","KHAKI(H_051)","X11","Y14",,"0","53","52","-1",
"2026/08/15 19:24:14","受注取込","7986531","7986531X11Y27","【新型/IQOS イルマ i ワン用】アイコス イルマiワン ILUMA ケース 保護ケース NEK ★REVL 7986531 iqosイルマワン イルマワンカバー 耐衝撃 おしゃれ iqos iluma one 専用 IQOSイルマワン保護ケース レザー ヒョウ柄 ペイズリー 保護カバー アイコスケース アクセサリー 送料無料","ONESIZE","110","X11","Y27",,"0","6","5","-1",
"2026/08/15 19:25:01","受注取込","7987794","7987794X11Y11","【大きいサイズもあり】キャスハンチング キャップ メンズ レディース CULTURE MART NEK 101294 ★REV 7987794 ハンチング帽子 ハンチング帽 秋冬 帽子 ハンチング キャスケット メンズ帽子 レディース帽子秋冬 秋冬帽子 メンズハンチング おしゃれ カルチャーマート","普通サイズ","ベージュ(1)","X11","Y11",,"0","213","212","-1",
"2026/08/15 19:25:15","受注取込","7987400","7987400X11Y13","【とにかくデカい！/普通サイズあり！】キャップ メンズ 大きいサイズ 帽子 深め ビッグサイズ ★REVM 7987400 BIG SIZE メンズキャップ帽子 大きめ 大きい帽子 メンズ帽子 レディース 春 夏 春夏 プレゼント ギフト 母の日 父の日 送料無料","大きいサイズ","C-グレー","X11","Y13",,"0","56","55","-1",
"2026/08/15 19:26:15","受注取込","7987070","7987070X12Y11","【お得な2枚組】X-LARGE XLARGE エクストララージ ボクサーパンツ メンズ アンダーウェア 下着 NEK ★REVL 7987070 かっこいい ツルツル おすすめ 人気 カモフラ タイダイ 炎 迷彩 カモ柄 ブランド 男性 紳士 プレゼント プチギフト 父の日 誕生日 彼氏 父 息子 ギフト 記念日 大きいサイズ 福袋 送料無料","L","2枚組","X12","Y11",,"0","20","19","-1",
"2026/08/15 19:30:31","受注取込","7987400","7987400X11Y16","【とにかくデカい！/普通サイズあり！】キャップ メンズ 大きいサイズ 帽子 深め ビッグサイズ ★REVM 7987400 BIG SIZE メンズキャップ帽子 大きめ 大きい帽子 メンズ帽子 レディース 春 夏 春夏 プレゼント ギフト 母の日 父の日 送料無料","大きいサイズ","F-ブラック","X11","Y16",,"0","167","166","-1",
"2026/08/15 19:37:30","受注取込","7986984","7986984X11Y12","LOGOS ロゴス キャップ 帽子 メンズ レディース ★REV LS6RH203Z 7986984 ブランド おしゃれ アウトドア キャンプ キャンバス生地 送料無料","ONESIZE","ベージュ","X11","Y12",,"0","6","5","-1",
"2026/08/15 19:37:30","受注取込","7987400","7987400X11Y16","【とにかくデカい！/普通サイズあり！】キャップ メンズ 大きいサイズ 帽子 深め ビッグサイズ ★REVM 7987400 BIG SIZE メンズキャップ帽子 大きめ 大きい帽子 メンズ帽子 レディース 春 夏 春夏 プレゼント ギフト 母の日 父の日 送料無料","大きいサイズ","F-ブラック","X11","Y16",,"0","166","165","-1",
"2026/08/15 19:43:45","受注取込","7987400","7987400X11Y13","【とにかくデカい！/普通サイズあり！】キャップ メンズ 大きいサイズ 帽子 深め ビッグサイズ ★REVM 7987400 BIG SIZE メンズキャップ帽子 大きめ 大きい帽子 メンズ帽子 レディース 春 夏 春夏 プレゼント ギフト 母の日 父の日 送料無料","大きいサイズ","C-グレー","X11","Y13",,"0","55","54","-1",
"2026/08/15 19:49:14","受注取込","7986479","7986479X11Y11","【しっかりフレーム】偏光サングラス 調光サングラス メンズ レディース UV400 NEK ★REVL 7986479 紫外線カット ラウンド ボストン 丸メガネ ドライブ 釣り ゴルフ アウトドア 軽量 おしゃれ 送料無料","ONESIZE","ゴールド×グレー","X11","Y11",,"0","4","3","-1",
"2026/08/15 19:49:14","受注取込","7986485","7986485X14Y11","AVIREX アビレックス サンダル メンズ レディース ブランド シャワーサンダル AV4630 Y_KO ★REVM 7986485 BAMSHEE AV4630 部屋履き ちょい履き","28.0cm","BLACK","X14","Y11",,"0","9","8","-1",
"2026/08/15 19:52:31","受注取込","7986590","7986590X11Y11","【新型 アイコス イルマ i ワン 対応】日本製 本革レザー アイコスイルマワンケース NEK ★REVL 7986590 本革 レザー 新型 ILUMA Artisan aging 保護ケース AA-020 iqosイルマワン イルマワンカバー 経年変化 総革 ヌメ革 おしゃれ iqos iluma one IQOSイルマワン レザー 保護カバー アイコスケース Made in Japan 送料無料","ONESIZE","ナチュラル","X11","Y11",,"0","16","15","-1",
"2026/08/15 19:58:15","受注取込","7997141","7997141X11Y11","特大 スイカ ドーナツ 浮き輪 浮輪 送料無料 プール 大人用 子供用 NEK 7997141 ★REV 120cm 90cm 80cm 70cm 60cm サイズ 大きい 大きめ うきわ ウキワ すいか 海 海水浴 ビックフロート 水上 レジャー かわいい フローティングベッド 西瓜 子供用浮き輪 大人 子供 こども","120cm","スイカ","X11","Y11",,"0","703","702","-1",
"2026/08/15 20:07:30","受注取込","7987074","7987074X12Y14","【くすみカラー 超軽量】サファリハット バケットハット メンズ レディース 普通サイズ 大きいサイズ アドベンチャーハット NEK ★REV 7987074 撥水 速乾 軽量 折り畳める UV カット アウトドア キャンプ 登山 ウォーキング 散歩 日焼け防止 紫外線防止 送料無料","大きいサイズ","カーキ","X12","Y14",,"0","39","38","-1",
"2026/08/15 20:07:30","受注取込","7987074","7987074X12Y13","【くすみカラー 超軽量】サファリハット バケットハット メンズ レディース 普通サイズ 大きいサイズ アドベンチャーハット NEK ★REV 7987074 撥水 速乾 軽量 折り畳める UV カット アウトドア キャンプ 登山 ウォーキング 散歩 日焼け防止 紫外線防止 送料無料","大きいサイズ","グレー","X12","Y13",,"0","26","25","-1",
"2026/08/15 20:07:30","受注取込","7987074","7987074X12Y12","【くすみカラー 超軽量】サファリハット バケットハット メンズ レディース 普通サイズ 大きいサイズ アドベンチャーハット NEK ★REV 7987074 撥水 速乾 軽量 折り畳める UV カット アウトドア キャンプ 登山 ウォーキング 散歩 日焼け防止 紫外線防止 送料無料","大きいサイズ","ネイビー","X12","Y12",,"0","30","29","-1",
"2026/08/15 20:07:45","受注取込","7997141","7997141X11Y11","特大 スイカ ドーナツ 浮き輪 浮輪 送料無料 プール 大人用 子供用 NEK 7997141 ★REV 120cm 90cm 80cm 70cm 60cm サイズ 大きい 大きめ うきわ ウキワ すいか 海 海水浴 ビックフロート 水上 レジャー かわいい フローティングベッド 西瓜 子供用浮き輪 大人 子供 こども","120cm","スイカ","X11","Y11",,"0","702","701","-1",
"2026/08/15 20:15:16","受注取込","7987400","7987400X11Y11","【とにかくデカい！/普通サイズあり！】キャップ メンズ 大きいサイズ 帽子 深め ビッグサイズ ★REVM 7987400 BIG SIZE メンズキャップ帽子 大きめ 大きい帽子 メンズ帽子 レディース 春 夏 春夏 プレゼント ギフト 母の日 父の日 送料無料","大きいサイズ","A-ブラック","X11","Y11",,"0","66","65","-1",
"2026/08/15 20:15:16","受注取込","7988215","7988215X17Y13","【とにかくデカい！】 大きいサイズ キャップ メッシュキャップ 送料無料 大きめ ビッグサイズ BIG SIZE ★REV 7988215 <br> 帽子 ハット キャップ ワークキャップ メンズキャップ 大きいサイズ バケット 大きい帽子 メンズ バケハ メンズ帽子 大きい 頭 メッシュ 全39カラー","GG","3","X17","Y13",,"0","64","63","-1",
"2026/08/15 20:16:46","受注取込","7992723","7992723X11Y11","お得！ 送料無料 4枚入り 福袋 Dickies ディッキーズ ボクサーパンツ メンズ かわいい NEK ★REV <br> パンツ ボクサーパンツ セット メンズ下着 メンズボクサーパンツ メンズボクサー 大きいサイズ 大きめ 特大 3L 下着 インナー メンズ usa まとめ買い プレゼント ギフト","M","福袋4枚セット","X11","Y11",,"0","121","120","-1",
"2026/08/15 20:25:31","受注取込","7987345","7987345X16Y11","【とにかくデカい！】 大きいサイズ キャップ 送料無料 大きめ ビッグサイズ ★REV 7987345 BIG SIZE 帽子 ハット キャップ キャスケット メンズキャップ 大きいサイズ バケット 大きい帽子 メンズ メンズ帽子 大きい 頭 メッシュキャップ","FFF","1","X16","Y11",,"0","3","2","-1",
"2026/08/15 20:28:31","受注取込","7987143","7987143X12Y12","【安全な犬の散歩】犬 リード 5m LED照明 伸縮リード ライト付 リード カジュアル ★REVL 7987143 大小中型犬 訓練 トレーニング 犬のリード ペット 散歩 犬用 カジュアル 迷子防止 かわいい 犬 大型犬 ストラップ ロングリード ドッグリード 自動巻き 散歩用ライト付 衝撃吸収 360°フリー伸縮 ワンタッチ格納 送料無料","【大型犬】","ホワイト","X12","Y12",,"0","6","5","-1",
"2026/08/15 20:35:30","受注取込","7994812","7994812X12Y12","サファリハット メンズ 釣り 帽子 ハット レディース SUNS(サンズ)  撥水 アウトドア 登山 キャンプ バーベキュー NEK ★REV H-051 H-053 送料無料 大きいサイズあり キッズサイズ 子供 UVカット アドベンチャーハット 父の日 プレゼント ユニセックス 春 夏 夏フェス ギフト","大きいサイズ","BLACK(H_051)","X12","Y12",,"0","77","76","-1",
"2026/08/15 20:46:15","受注取込","7987475","7987475X11Y12","【防犯】護身用 タクティカルスティック 防災グッズ 熊対策グッズ クマ対策 タクティカルペン キーホルダー 女性 キーリング NEK ★REVM 7987475 棒 車 ガラス 防災 災害 車内 軽量 不審者 痴漢 痴漢対策 武器 護身グッズ 自己防衛 コンパクト 非常時 バッググリップ","ONESIZE","シルバー","X11","Y12",,"0","109","107","-2",
"2026/08/15 20:50:43","受注取込","7986528","7986528X11Y17","【Ploom AURA】プルーム オーラ カバー ケース レザー調 ストラップ付 保護 耐衝撃 NEK ★REVL 7986528 おしゃれ プルームオーラ 保護ケース 保護カバー アクセサリー 送料無料","ONESIZE","G","X11","Y17",,"0","11","10","-1",
"2026/08/15 20:55:15","受注取込","7994812","7994812X11Y31","サファリハット メンズ 釣り 帽子 ハット レディース SUNS(サンズ)  撥水 アウトドア 登山 キャンプ バーベキュー NEK ★REV H-051 H-053 送料無料 大きいサイズあり キッズサイズ 子供 UVカット アドベンチャーハット 父の日 プレゼント ユニセックス 春 夏 夏フェス ギフト","普通サイズ","RENGA(H_051)","X11","Y31",,"0","55","54","-1",
"2026/08/15 20:58:30","受注取込","7987516","7987516X12Y11","【選べる2色×4サイズ】ネックレス ワックスコード チョーカー メンズ レディース 41cm 50cm 60cm 70cm NEK ★REV 7987516 シンプル おしゃれ プレゼント プチギフト バレンタイン クリスマス 送料無料","50cm","ブラック2mm","X12","Y11",,"0","14","13","-1",
"2026/08/15 20:59:22","受注取込","7995525","7995525X1Y14","AVIREX 限定モデル キャップ 帽子 父の日 贈り物 プレゼント メンズ ★REV ブラックシリーズ 黒 アビレックス アヴィレックス メッシュキャップ ハンチング ローキャップ バケット ハット ワークキャップ レディース かっこいい yos プレゼント ギフト","ONESIZE","【N】サファリハット_17158300","X1","Y14",,"0","118","117","-1",
"2026/08/15 21:02:15","受注取込","7994812","7994812X12Y11","サファリハット メンズ 釣り 帽子 ハット レディース SUNS(サンズ)  撥水 アウトドア 登山 キャンプ バーベキュー NEK ★REV H-051 H-053 送料無料 大きいサイズあり キッズサイズ 子供 UVカット アドベンチャーハット 父の日 プレゼント ユニセックス 春 夏 夏フェス ギフト","大きいサイズ","BK/BLACK(H_051)","X12","Y11",,"0","281","280","-1",
"2026/08/15 21:10:05","受注取込","7986564","7986564X11Y13","【当店限定/大きいサイズ】BlackRebel 帽子 キャップ メンズ レディース 大きいサイズ ★REVL 7986564 深め Vintage クラッシュ 加工 こなれ感 おしゃれ 送料無料","ONESIZE","カーキ","X11","Y13",,"0","17","16","-1",
"2026/08/15 21:10:31","受注取込","7987389","7987389X11Y17","【本革 総革】名刺入れ 名刺ケース 本革 メンズ NEK ★REV 7987389 レディース レザー 本皮 Vintage ヌメ革 プレゼント ギフト 母の日 父の日 送料無料","ONESIZE","ダークネイビー","X11","Y17",,"0","8","7","-1",
"2026/08/15 21:14:01","受注取込","7997141","7997141X16Y14","特大 スイカ ドーナツ 浮き輪 浮輪 送料無料 プール 大人用 子供用 NEK 7997141 ★REV 120cm 90cm 80cm 70cm 60cm サイズ 大きい 大きめ うきわ ウキワ すいか 海 海水浴 ビックフロート 水上 レジャー かわいい フローティングベッド 西瓜 子供用浮き輪 大人 子供 こども","ONESIZE","スイカストライプ","X16","Y14",,"0","42","41","-1",
"2026/08/15 21:14:01","受注取込","7987389","7987389X11Y17","【本革 総革】名刺入れ 名刺ケース 本革 メンズ NEK ★REV 7987389 レディース レザー 本皮 Vintage ヌメ革 プレゼント ギフト 母の日 父の日 送料無料","ONESIZE","ダークネイビー","X11","Y17",,"0","7","6","-1",
"2026/08/15 21:17:15","受注取込","7987400","7987400X12Y15","【とにかくデカい！/普通サイズあり！】キャップ メンズ 大きいサイズ 帽子 深め ビッグサイズ ★REVM 7987400 BIG SIZE メンズキャップ帽子 大きめ 大きい帽子 メンズ帽子 レディース 春 夏 春夏 プレゼント ギフト 母の日 父の日 送料無料","普通サイズ","E-ベージュ","X12","Y15",,"0","5","4","-1",
"2026/08/15 21:18:46","受注取込","7987687","7987687X11Y14","【長沢ベルト工業】日本製 ベルト メンズ レディース 本革 本皮 イタリアンレザー ★REV Y_KO NKB-001 3.0cm幅 30mm ビジネスベルト カジュアルベルト 長沢ベルト工業 ブランド プレゼント ギフト クリスマス 父の日 バケッタ製法 送料無料","ONESIZE","ネイビー","X11","Y14",,"0","16","15","-1",
"2026/08/15 21:21:01","受注取込","7987469","7987469X11Y11","【3個セット】指輪 メンズ レディース リング アクセサリー NEK ★REV 7987469 ファランジリング フリーサイズ ピンキー ブラックマット 半端リング コーティング 3点セット お得 3連 シンプル 送料無料","3点セット","ブラック","X11","Y11",,"0","7","6","-1",
"2026/08/15 21:21:01","受注取込","7994812","7994812X11Y13","サファリハット メンズ 釣り 帽子 ハット レディース SUNS(サンズ)  撥水 アウトドア 登山 キャンプ バーベキュー NEK ★REV H-051 H-053 送料無料 大きいサイズあり キッズサイズ 子供 UVカット アドベンチャーハット 父の日 プレゼント ユニセックス 春 夏 夏フェス ギフト","普通サイズ","NAVY(H_051)","X11","Y13",,"0","54","53","-1",
"2026/08/15 21:24:45","受注取込","7988044","7988044X11Y11","ショルダーバッグ メンズ ワンショルダー 斜め掛け ★REV 7988044 おしゃれバッグ Vintage 斜めがけ メンズボディバック かっこいい ボディバッグ レザー ワンショルダーバッグ カバン 鞄 かばん レザー調 メンズバッグ 斜めがけ メンズショルダーバック 散歩 送料無料","ONESIZE","A_ブラック","X11","Y11",,"0","32","31","-1",
"2026/08/15 21:27:45","受注取込","7995525","7995525X1Y15","AVIREX 限定モデル キャップ 帽子 父の日 贈り物 プレゼント メンズ ★REV ブラックシリーズ 黒 アビレックス アヴィレックス メッシュキャップ ハンチング ローキャップ バケット ハット ワークキャップ レディース かっこいい yos プレゼント ギフト","ONESIZE","【O】サファリハット_17158400_BIG","X1","Y15",,"0","6","5","-1",
"2026/08/15 21:27:45","受注取込","7987400","7987400X11Y16","【とにかくデカい！/普通サイズあり！】キャップ メンズ 大きいサイズ 帽子 深め ビッグサイズ ★REVM 7987400 BIG SIZE メンズキャップ帽子 大きめ 大きい帽子 メンズ帽子 レディース 春 夏 春夏 プレゼント ギフト 母の日 父の日 送料無料","大きいサイズ","F-ブラック","X11","Y16",,"0","165","164","-1",
"2026/08/15 21:30:01","受注取込","7987400","7987400X11Y13","【とにかくデカい！/普通サイズあり！】キャップ メンズ 大きいサイズ 帽子 深め ビッグサイズ ★REVM 7987400 BIG SIZE メンズキャップ帽子 大きめ 大きい帽子 メンズ帽子 レディース 春 夏 春夏 プレゼント ギフト 母の日 父の日 送料無料","大きいサイズ","C-グレー","X11","Y13",,"0","54","53","-1",
"2026/08/15 21:31:45","受注取込","8003102","8003102X16Y11","やみつきになる！ ストレッチ AVIREX アビレックス Tシャツ メンズ ★REV NEK 6143501 6143502 Vネック クルーネック 半袖 プレゼント ギフト","クルーネック_ホワイト_001","Sサイズ","X16","Y11",,"0","3","2","-1",
"2026/08/15 21:37:45","受注取込","7987400","7987400X11Y16","【とにかくデカい！/普通サイズあり！】キャップ メンズ 大きいサイズ 帽子 深め ビッグサイズ ★REVM 7987400 BIG SIZE メンズキャップ帽子 大きめ 大きい帽子 メンズ帽子 レディース 春 夏 春夏 プレゼント ギフト 母の日 父の日 送料無料","大きいサイズ","F-ブラック","X11","Y16",,"0","164","163","-1",
"2026/08/15 21:39:15","受注取込","7987080","7987080X11Y13","【防災 災害 アウトドア】収納ボックス コンテナボックス ソフトコンテナ バッグ ★REV 7987080 メンズ レディース ミリタリー Military タクティカルバッグ 防災 防災リュックのサブ キャンプ アウトドア サバゲー 釣り カメラ撮影 鞄 カバン ツールボックス 送料無料","ONESIZE","オリーブ","X11","Y13",,"0","15","14","-1",
"2026/08/15 21:40:19","受注取込","7987299","7987299X11Y12","【細くてCOOL】指輪 メンズ レディース チェーンリング アクセサリー ファランジリング ピンキー 3サイズセット ★REV NEK 7987299 お得 ユニセックス プレゼント プチギフト 送料無料","3サイズセット","ゴールド","X11","Y12",,"0","26","25","-1",
"2026/08/15 21:44:54","受注取込","7987883","7987883X11Y11","【カウリ貝】麦わら帽子 メンズ レディース ストローハット 中折れハット ★REV 7987883 幅広 帽子 麦わらハット 夏 ペーパー ハット おしゃれ プレゼント プチギフト 送料無料","ONESIZE","カーキ","X11","Y11",,"0","20","19","-1",
"2026/08/15 21:48:19","受注取込","7986531","7986531X11Y21","【新型/IQOS イルマ i ワン用】アイコス イルマiワン ILUMA ケース 保護ケース NEK ★REVL 7986531 iqosイルマワン イルマワンカバー 耐衝撃 おしゃれ iqos iluma one 専用 IQOSイルマワン保護ケース レザー ヒョウ柄 ペイズリー 保護カバー アイコスケース アクセサリー 送料無料","ONESIZE","104","X11","Y21",,"0","13","12","-1",
"2026/08/15 21:54:01","受注取込","7987083","7987083X11Y12","LOGOS サファリハット メンズ レディース LS3Q600Q NEK ★REV 7987083 パッチワーク アドベンチャーハット サファリハット 帽子 アウトドア 超軽量 バケットハット ヒモつき キャンプ お洒落 ブランド","普通サイズ","マルチB-ネイビー","X11","Y12",,"0","2","1","-1",
"2026/08/15 21:56:22","受注取込","7987073","7987073X12Y13","【くすみカラー 超軽量】バケットハット サファリハット メンズ レディース 普通サイズ 大きいサイズ NEK ★REV 7987073 アドベンチャーハット 撥水 速乾 軽量 折り畳める UV カット アウトドア キャンプ 登山 ウォーキング 散歩 日焼け防止 紫外線防止 送料無料","大きいサイズ","ブラック","X12","Y13",,"0","35","34","-1",
"2026/08/15 21:56:22","受注取込","7988088","7988088X13Y11","安全靴 スニーカー エアウォーク AIR WALK Y_YU AW-920 グリーン フレックスフィット ローカット メンズ セーフティシューズ 樹脂先芯 軽量 衝撃吸収 負担軽減 作業靴 オシャレ  かかとが踏める ムレにくい","26.0cm ","グリーン","X13","Y11",,"0","208","207","-1",
"2026/08/15 21:57:00","受注取込","7987782","7987782X11Y11","【お得なMilitaryショルダー】ショルダーバッグ サコッシュ ポーチ ★REV 7987782 メンズ レディース ミリタリー MA-1 プレゼント ギフト 送料無料","ONESIZE","オリーブ","X11","Y11",,"0","9","8","-1",
"2026/08/15 21:58:45","受注取込","7987400","7987400X11Y11","【とにかくデカい！/普通サイズあり！】キャップ メンズ 大きいサイズ 帽子 深め ビッグサイズ ★REVM 7987400 BIG SIZE メンズキャップ帽子 大きめ 大きい帽子 メンズ帽子 レディース 春 夏 春夏 プレゼント ギフト 母の日 父の日 送料無料","大きいサイズ","A-ブラック","X11","Y11",,"0","65","64","-1",
"2026/08/15 22:00:33","受注取込","7988215","7988215X20Y15","【とにかくデカい！】 大きいサイズ キャップ メッシュキャップ 送料無料 大きめ ビッグサイズ BIG SIZE ★REV 7988215 <br> 帽子 ハット キャップ ワークキャップ メンズキャップ 大きいサイズ バケット 大きい帽子 メンズ バケハ メンズ帽子 大きい 頭 メッシュ 全39カラー","JJ","5","X20","Y15",,"0","39","38","-1",
"2026/08/15 22:04:45","受注取込","7987475","7987475X11Y14","【防犯】護身用 タクティカルスティック 防災グッズ 熊対策グッズ クマ対策 タクティカルペン キーホルダー 女性 キーリング NEK ★REVM 7987475 棒 車 ガラス 防災 災害 車内 軽量 不審者 痴漢 痴漢対策 武器 護身グッズ 自己防衛 コンパクト 非常時 バッググリップ","ONESIZE","パープル","X11","Y14",,"0","14","13","-1",
"2026/08/15 22:06:15","受注取込","7987297","7987297X14Y11","iPhone15 ケース クリア MagSafe 対応 マグネット搭載 NEK ★REV 7987297 iPhone15 Proケース iPhone15 plus ケース iPhone15 Pro Max スマホケース マグセーフ対応 耐衝撃 衝撃吸収 汚れ防止 ハイブリッドクリアケース スケルトン クリア 送料無料","iPhone15promax","クリア","X14","Y11",,"0","80","79","-1",
"2026/08/15 22:07:15","受注取込","7987400","7987400X11Y15","【とにかくデカい！/普通サイズあり！】キャップ メンズ 大きいサイズ 帽子 深め ビッグサイズ ★REVM 7987400 BIG SIZE メンズキャップ帽子 大きめ 大きい帽子 メンズ帽子 レディース 春 夏 春夏 プレゼント ギフト 母の日 父の日 送料無料","大きいサイズ","E-ベージュ","X11","Y15",,"0","69","68","-1",
"2026/08/15 22:15:30","受注取込","7986779","7986779X12Y11","【高純度テラヘルツ/鏡面多面カット】 テラヘルツ アンクレット ブレスレット メンズ レディース NEK ★REV 7986779 4.0mm 健康 テラヘルツ波 パワーストーン 天然石 アクセサリー プレゼント ギフト プチギフト 母の日 父の日 送料無料","アンクレット","テラヘルツ","X12","Y11",,"0","52","50","-2",
"2026/08/15 22:18:45","受注取込","7990512","7990512X11Y12","リーフ ネックレス レディース ロングネックレス 葉っぱ 大きめ アクセサリー かわいい ナチュラル アンティーク風 プレゼント 贈り物 ギフト NEK 7990512 プレゼント ギフト","ONESIZE","ダークブラウン","X11","Y12",,"0","12","11","-1",
"2026/08/15 22:22:49","受注取込","7987093","7987093X11Y13","【新型iphone/IQOS対応】急速5A 3股 Type-C 充電ケーブル スマホケーブル 1.2m 2m 3m typec NEK ★REVL 7987093 新型iphone IQOS対応 USB A→Type-C×3 充電ケーブル 3in1 急速 送料無料","1.2m","ブラック_TypeC/TypeC×3","X11","Y13",,"0","151","150","-1",
"2026/08/15 22:24:20","受注取込","8000345","8000345X11Y16","栃木レザー 長財布 本革 レザー 日本製 メンズ レディース ★REV 8000345 TDSG-1008【P2】 職人技 無地 5色展開 プレゼント ギフト","ONESIZE","オリーブ","X11","Y16",,"0","3","2","-1",
"2026/08/15 22:25:01","受注取込","7994812","7994812X11Y31","サファリハット メンズ 釣り 帽子 ハット レディース SUNS(サンズ)  撥水 アウトドア 登山 キャンプ バーベキュー NEK ★REV H-051 H-053 送料無料 大きいサイズあり キッズサイズ 子供 UVカット アドベンチャーハット 父の日 プレゼント ユニセックス 春 夏 夏フェス ギフト","普通サイズ","RENGA(H_051)","X11","Y31",,"0","54","53","-1",
"2026/08/15 22:25:45","受注取込","7987597","7987597X11Y11","【凄すぎる分厚さ5mm！】日本製 ベルト メンズ レザー 本革 本皮 昭南レザー ★REV SRI-016 ベンズレザー Artisan aging キーホルダー キーケース プレゼント ギフト 父の日 バレンタイン チョコ以外 送料無料","ワンサイズ","ナチュラル","X11","Y11",,"0","9","8","-1",
"2026/08/15 22:25:45","受注取込","7988215","7988215X18Y14","【とにかくデカい！】 大きいサイズ キャップ メッシュキャップ 送料無料 大きめ ビッグサイズ BIG SIZE ★REV 7988215 <br> 帽子 ハット キャップ ワークキャップ メンズキャップ 大きいサイズ バケット 大きい帽子 メンズ バケハ メンズ帽子 大きい 頭 メッシュ 全39カラー","HH","4","X18","Y14",,"0","47","46","-1",
"2026/08/15 22:30:12","受注取込","7986564","7986564X11Y16","【当店限定/大きいサイズ】BlackRebel 帽子 キャップ メンズ レディース 大きいサイズ ★REVL 7986564 深め Vintage クラッシュ 加工 こなれ感 おしゃれ 送料無料","ONESIZE","ワイン","X11","Y16",,"0","2","1","-1",
"2026/08/15 22:31:16","受注取込","7995525","7995525X1Y15","AVIREX 限定モデル キャップ 帽子 父の日 贈り物 プレゼント メンズ ★REV ブラックシリーズ 黒 アビレックス アヴィレックス メッシュキャップ ハンチング ローキャップ バケット ハット ワークキャップ レディース かっこいい yos プレゼント ギフト","ONESIZE","【O】サファリハット_17158400_BIG","X1","Y15",,"0","5","4","-1",
"2026/08/15 22:32:22","受注取込","7995525","7995525X1Y15","AVIREX 限定モデル キャップ 帽子 父の日 贈り物 プレゼント メンズ ★REV ブラックシリーズ 黒 アビレックス アヴィレックス メッシュキャップ ハンチング ローキャップ バケット ハット ワークキャップ レディース かっこいい yos プレゼント ギフト","ONESIZE","【O】サファリハット_17158400_BIG","X1","Y15",,"0","4","3","-1",
"2026/08/15 22:35:16","受注取込","7987409","7987409X11Y12","【130cm 大きいサイズ対応】本革 床革 ベルト メンズ 130cm NEK ★REV 7987409 大きいサイズ対応 シンセティックレザー ビジネスベルト カジュアルベルト 父の日 送料無料","ONESIZE","ブラウンA","X11","Y12",,"0","27","26","-1",
"2026/08/15 22:36:45","受注取込","7987400","7987400X11Y16","【とにかくデカい！/普通サイズあり！】キャップ メンズ 大きいサイズ 帽子 深め ビッグサイズ ★REVM 7987400 BIG SIZE メンズキャップ帽子 大きめ 大きい帽子 メンズ帽子 レディース 春 夏 春夏 プレゼント ギフト 母の日 父の日 送料無料","大きいサイズ","F-ブラック","X11","Y16",,"0","163","162","-1",
"2026/08/15 22:44:15","受注取込","7987026","7987026X12Y14","【大きいサイズあり】キャップ 11cm つば長 帽子 メンズ レディース ★REV 7987026 深め 深い ゴルフ 無地 日焼け止め UVカット 送料無料","大きいサイズ","ネイビー","X12","Y14",,"0","21","20","-1",
"2026/08/15 22:44:15","受注取込","7995525","7995525X1Y15","AVIREX 限定モデル キャップ 帽子 父の日 贈り物 プレゼント メンズ ★REV ブラックシリーズ 黒 アビレックス アヴィレックス メッシュキャップ ハンチング ローキャップ バケット ハット ワークキャップ レディース かっこいい yos プレゼント ギフト","ONESIZE","【O】サファリハット_17158400_BIG","X1","Y15",,"0","3","2","-1",
"2026/08/15 22:50:22","受注取込","7988124","7988124X11Y16","大きいサイズ キャップ 帽子 メンズ フルキャップ ベースボールキャップ コットンキャップ 野球帽 ワンポイント ★REV 7988124 イーグル 鷲 刺繍 ミリタリー BIGSIZE キングサイズ 送料無料","ONESIZE","メッシュグレー","X11","Y16",,"0","21","20","-1",
"2026/08/15 22:52:45","受注取込","7997141","7997141X12Y11","特大 スイカ ドーナツ 浮き輪 浮輪 送料無料 プール 大人用 子供用 NEK 7997141 ★REV 120cm 90cm 80cm 70cm 60cm サイズ 大きい 大きめ うきわ ウキワ すいか 海 海水浴 ビックフロート 水上 レジャー かわいい フローティングベッド 西瓜 子供用浮き輪 大人 子供 こども","90cm","スイカ","X12","Y11",,"0","34","33","-1",
"2026/08/15 22:52:45","受注取込","7997141","7997141X14Y12","特大 スイカ ドーナツ 浮き輪 浮輪 送料無料 プール 大人用 子供用 NEK 7997141 ★REV 120cm 90cm 80cm 70cm 60cm サイズ 大きい 大きめ うきわ ウキワ すいか 海 海水浴 ビックフロート 水上 レジャー かわいい フローティングベッド 西瓜 子供用浮き輪 大人 子供 こども","70cm","ドーナツイチゴ","X14","Y12",,"0","82","81","-1",
"2026/08/15 22:58:31","受注取込","7987409","7987409X11Y13","【130cm 大きいサイズ対応】本革 床革 ベルト メンズ 130cm NEK ★REV 7987409 大きいサイズ対応 シンセティックレザー ビジネスベルト カジュアルベルト 父の日 送料無料","ONESIZE","ブラックB","X11","Y13",,"0","45","44","-1",
"2026/08/15 23:00:01","受注取込","7986677","7986677X11Y11","【深め/美シルエット】Vintage ダメージ加工 メッシュキャップ キャップ 帽子 メンズ レディース ★REVL 7986677 野球帽 ウォッシュ加工 A-Frame Trucker アメカジ 無地 おしゃれ 送料無料","ONESIZE","ベージュ","X11","Y11",,"0","3","2","-1",
"2026/08/15 23:00:03","受注取込","7987952","7987952X11Y13","2WAY ボストンバッグ 大容量 メンズ レディース ショルダーバッグ 旅行 ★REV 7987952 アウトドア キャンプ スポーツ ジム ゴルフ 肩掛け シューズ収納 軽量 防水 靴収納 スポーツバッグ ジムバッグ 2wayバック 男 女子 ボストンバック 靴 収納 ボストン メンズ 送料無料","ONESIZE","オリーブ","X11","Y13",,"0","10","9","-1",
"2026/08/15 23:03:30","受注取込","7987395","7987395X11Y11","【中折れ対策】ILUMA TEREA イルマ テリア アイコス IQOS グロー プルーム 電子タバコ お掃除 NEK ★REV 7987395 LTG クリーニングフィルター クリーナー プレゼント ギフト 母の日 父の日 送料無料","ONESIZE","ホワイト","X11","Y11",,"0","79","78","-1",
"2026/08/15 23:06:30","受注取込","7988215","7988215X16Y15","【とにかくデカい！】 大きいサイズ キャップ メッシュキャップ 送料無料 大きめ ビッグサイズ BIG SIZE ★REV 7988215 <br> 帽子 ハット キャップ ワークキャップ メンズキャップ 大きいサイズ バケット 大きい帽子 メンズ バケハ メンズ帽子 大きい 頭 メッシュ 全39カラー","FF","5","X16","Y15",,"0","137","136","-1",
"2026/08/15 23:06:30","受注取込","7986572","7986572X11Y16","【新型/IQOS イルマ i ワン用】アイコス イルマiワン ILUMA ケース 保護ケース NEK ★REVL 7986572 iqosイルマワン イルマワンカバー 耐衝撃 おしゃれ iqos iluma one 専用 IQOSイルマワン保護ケース レザー ヒョウ柄 ペイズリー 保護カバー アイコスケース アクセサリー 送料無料","イルマiワン","60","X11","Y16",,"0","8","7","-1",
"2026/08/15 23:08:31","受注取込","7987409","7987409X11Y13","【130cm 大きいサイズ対応】本革 床革 ベルト メンズ 130cm NEK ★REV 7987409 大きいサイズ対応 シンセティックレザー ビジネスベルト カジュアルベルト 父の日 送料無料","ONESIZE","ブラックB","X11","Y13",,"0","44","43","-1",
"2026/08/15 23:08:31","受注取込","7987409","7987409X11Y11","【130cm 大きいサイズ対応】本革 床革 ベルト メンズ 130cm NEK ★REV 7987409 大きいサイズ対応 シンセティックレザー ビジネスベルト カジュアルベルト 父の日 送料無料","ONESIZE","ブラックA","X11","Y11",,"0","73","72","-1",
"2026/08/15 23:18:31","受注取込","7986589","7986589X11Y11","【痛みにくく/空間が映える】バナナスタンド バナナツリー バナナハンガー おしゃれ ★REVL 7986589 キーフック  キッチン用品 バナナラック ステンレス製 耐荷重約1kg インテリア プレゼント ギフト 送料無料","ONESIZE","シルバー","X11","Y11",,"0","19","18","-1",
"2026/08/15 23:26:45","受注取込","7987140","7987140X11Y11","【COOLにマナーを】携帯灰皿 カラビナ付き 吸い殻入れ 金属製 フタ付き 小型 軽量 NEK ★REVL 7987140 喫煙グッズ アッシュトレイ 持ち運び便利 男性 メンズ レディース 送料無料","ONESIZE","A.ブラック","X11","Y11",,"0","13","11","-2",
"2026/08/15 23:27:45","受注取込","7987400","7987400X11Y18","【とにかくデカい！/普通サイズあり！】キャップ メンズ 大きいサイズ 帽子 深め ビッグサイズ ★REVM 7987400 BIG SIZE メンズキャップ帽子 大きめ 大きい帽子 メンズ帽子 レディース 春 夏 春夏 プレゼント ギフト 母の日 父の日 送料無料","大きいサイズ","H-オリーブ","X11","Y18",,"0","19","18","-1",
"2026/08/15 23:28:31","受注取込","7987400","7987400X11Y11","【とにかくデカい！/普通サイズあり！】キャップ メンズ 大きいサイズ 帽子 深め ビッグサイズ ★REVM 7987400 BIG SIZE メンズキャップ帽子 大きめ 大きい帽子 メンズ帽子 レディース 春 夏 春夏 プレゼント ギフト 母の日 父の日 送料無料","大きいサイズ","A-ブラック","X11","Y11",,"0","64","63","-1",
"2026/08/15 23:28:31","受注取込","7994812","7994812X12Y33","サファリハット メンズ 釣り 帽子 ハット レディース SUNS(サンズ)  撥水 アウトドア 登山 キャンプ バーベキュー NEK ★REV H-051 H-053 送料無料 大きいサイズあり キッズサイズ 子供 UVカット アドベンチャーハット 父の日 プレゼント ユニセックス 春 夏 夏フェス ギフト","大きいサイズ","GREIGE(H-051)","X12","Y33",,"0","61","60","-1",
"2026/08/15 23:42:48","受注取込","7987026","7987026X11Y11","【大きいサイズあり】キャップ 11cm つば長 帽子 メンズ レディース ★REV 7987026 深め 深い ゴルフ 無地 日焼け止め UVカット 送料無料","普通サイズ","ブラック","X11","Y11",,"0","47","46","-1",
"2026/08/15 23:44:01","受注取込","7990619","7990619X11Y11","アルコール ジェル 除菌 消毒 500ml 62% 【50mlのミニボトル2本付き あす楽】 エタノール ハンドジェル アルコール 消毒 アルコール 除菌 アルコール消毒液 500ml アメリカFDA 認証商品 ウイルス対策  7990619 プレゼント ギフト","500ml","ジェルタイプ","X11","Y11",,"0","899","883","-16",
"2026/08/15 23:45:10","受注取込","7987616","7987616X11Y12","【バッグを汚さない！お得な2個入】バッグフック バッグハンガー デスク 便利 NEK ★REV 7987616 おしゃれ グッズ アイデア フック 机 テーブル グック ハンガー 防犯 メンズ レディース 荷物かけ カバン掛け プチギフト プレゼント LTG 送料無料","ONESIZE","ブラック/グレー","X11","Y12",,"0","78","77","-1",
"2026/08/15 23:48:20","受注取込","7987888","7987888X11Y13","ハット バケットハット メンズ レディース デニム ヴィンテージ アメカジ ウォッシュ加工 帽子 NEK ★REV 7987888 おしゃれ ユニセックス 日よけ 対策 プレゼント ギフト 父の日","ONESIZE","ライトブルー","X11","Y13",,"0","18","17","-1",
"2026/08/15 23:56:22","受注取込","7987400","7987400X11Y13","【とにかくデカい！/普通サイズあり！】キャップ メンズ 大きいサイズ 帽子 深め ビッグサイズ ★REVM 7987400 BIG SIZE メンズキャップ帽子 大きめ 大きい帽子 メンズ帽子 レディース 春 夏 春夏 プレゼント ギフト 母の日 父の日 送料無料","大きいサイズ","C-グレー","X11","Y13",,"0","53","52","-1",
