"更新日時","更新理由","商品基本コード","商品コード","商品名","属性1名","属性2名","属性1コード","属性2コード","倉庫名","実在庫区分","変動前","変動後","増減値","ユーザー"
"2026/10/05 00:10:20","受注取込","7986564","7986564X11Y16","【当店限定/大きいサイズ】BlackRebel 帽子 キャップ メンズ レディース 大きいサイズ ★REVL 7986564 深め Vintage クラッシュ 加工 こなれ感 おしゃれ 送料無料","ONESIZE","ワイン","X11","Y16",,"0","75","74","-1",
"2026/10/05 00:10:20","受注取込","7987085","7987085X11Y26","【とにかくデカい！】大きいサイズ キャップ 大きめ 深い 深め ビッグサイズ BIG SIZE ★REV 7987085 メンズキャップ帽子 大きい帽子 メンズ帽子 レディース 春 夏 春夏 プレゼント ギフト 母の日 父の日 送料無料","YA","16","X11","Y26",,"0","2","1","-1",
"2026/10/05 00:11:28","受注取込","7990254","7990254X11Y13","【送料無料 速攻配達】AVIREX ニットキャップ ニット帽 帽子 メンズ レディース スウェットキャップ  NEK ★REV 14649300 ルーズ キャップ ブランド アビレックス リバーシブル AX REVERSIBLE SWEAT CAP 送料無料 プレゼント ギフト","ONESIZE","グレー(85)","X11","Y13",,"0","234","233","-1",
"2026/10/05 00:13:28","受注取込","7987796","7987796X11Y11","【足首おしゃれ】アンクレット レディース メンズ お守り アンク ブレスレット NEK ★REV 7987796 ANKLET アクセサリー 幸運 クローバー 星 スクエア 7種 シルバー 2連 鈴 送料無料","ONESIZE","A","X11","Y11",,"0","16","14","-2",
"2026/10/05 00:15:29","受注取込","7986480","7986480X11Y13","3WAY ショルダーバッグ ボトルショルダーバッグ メンズ レディース ペットボトル収納 NEK ★REVL 7986480 撥水 軽量 スマホポーチ ミニバッグ 斜め掛け 手持ち ユニセックス フェス アウトドア 旅行 送料無料","ONESIZE","マスタード","X11","Y13",,"0","34","33","-1",
"2026/10/05 00:16:58","受注取込","7986747","7986747X12Y11","【日焼けシェード付き】サファリハット シェード メンズ 釣り 帽子 ハット レディース SUNS(サンズ) 撥水 アウトドア 登山 キャンプ バーベキュー NEK ★REVL H-051 送料無料 大きいサイズあり キッズサイズ 子供 UVカット アドベンチャーハット 父の日 プレゼント ユニセックス 春 夏 夏フェス ギフト","大きいサイズ","SHADE_BK/BLACK(H_051)","X12","Y11",,"0","53","52","-1",
"2026/10/05 00:19:29","受注取込","7987475","7987475X11Y12","【防犯】護身用 タクティカルスティック 防災グッズ 熊対策グッズ クマ対策 タクティカルペン キーホルダー 女性 キーリング NEK ★REVM 7987475 棒 車 ガラス 防災 災害 車内 軽量 不審者 痴漢 痴漢対策 武器 護身グッズ 自己防衛 コンパクト 非常時 バッググリップ","ONESIZE","シルバー","X11","Y12",,"0","44","43","-1",
"2026/10/05 00:19:29","受注取込","7987475","7987475X11Y16","【防犯】護身用 タクティカルスティック 防災グッズ 熊対策グッズ クマ対策 タクティカルペン キーホルダー 女性 キーリング NEK ★REVM 7987475 棒 車 ガラス 防災 災害 車内 軽量 不審者 痴漢 痴漢対策 武器 護身グッズ 自己防衛 コンパクト 非常時 バッググリップ","ONESIZE","ゴールド","X11","Y16",,"0","52","51","-1",
"2026/10/05 00:20:58","受注取込","7987400","7987400X12Y16","【とにかくデカい！/普通サイズあり！】キャップ メンズ 大きいサイズ 帽子 深め ビッグサイズ ★REVM 7987400 BIG SIZE メンズキャップ帽子 大きめ 大きい帽子 メンズ帽子 レディース 春 夏 春夏 プレゼント ギフト 母の日 父の日 送料無料","普通サイズ","F-ブラック","X12","Y16",,"0","2","1","-1",
"2026/10/05 00:23:01","受注取込","7987152","7987152X11Y13","【衛生的】靴べら 携帯 靴ベラ くつべら コンパクトシューホーン PUレザー NEK ★REV 7987152 スーツ 子供 衛生的 潔癖 携帯 軽量 収納 営業 出張 ビジネスマン 無地 シンプル 合皮 合成皮革 プレゼント ギフト 父の日","ONESIZE","キャメル","X11","Y13",,"0","5","4","-1",
"2026/10/05 00:32:35","受注取込","7987400","7987400X11Y18","【とにかくデカい！/普通サイズあり！】キャップ メンズ 大きいサイズ 帽子 深め ビッグサイズ ★REVM 7987400 BIG SIZE メンズキャップ帽子 大きめ 大きい帽子 メンズ帽子 レディース 春 夏 春夏 プレゼント ギフト 母の日 父の日 送料無料","大きいサイズ","H-オリーブ","X11","Y18",,"0","20","19","-1",
"2026/10/05 00:33:58","受注取込","7990405","7990405X11Y11","リュックチェア 折りたたみ 椅子 リュックサック 保冷バッグ 保温 アウトドア 行列 運動会 キャンプ バーベキュー ミリタリー 送料無料 ★REV 7990405 椅子付き 座れるリュック リュック 持ち運び 保冷リュック 携帯椅子 携帯イス 折りたたみチェア イス 椅子 折り畳みチェア","ONESIZE","ブラック","X11","Y11",,"0","45","44","-1",
"2026/10/05 00:39:58","受注取込","7986849","7986849X11Y14","【ゴージャスに遊ぶ】トランプ プラスチック 54枚 撥水 NEK ★REV 7986849 ブラック ゴールド シルバー ピンクゴールド カードゲーム マジックトランプ パーティーグッズ プレゼント ギフト ポーカー ブラックジャック 手品 送料無料","ONESIZE","D","X11","Y14",,"0","22","21","-1",
"2026/10/05 00:40:35","受注取込","7987662","7987662X11Y18","【大きくルーズにかぶれる】大きいサイズ ニット帽 ニットキャップ 帽子 メンズ レディース NEK ★REV 7987662 ワッチキャップ プレゼント ギフト 母の日 父の日 プレゼント 誕生日 クリスマス 秋冬 防寒 おしゃれ 無地 送料無料","ONESIZE","ブルー","X11","Y18",,"0","124","123","-1",
"2026/10/05 00:41:28","受注取込","7986849","7986849X11Y11","【ゴージャスに遊ぶ】トランプ プラスチック 54枚 撥水 NEK ★REV 7986849 ブラック ゴールド シルバー ピンクゴールド カードゲーム マジックトランプ パーティーグッズ プレゼント ギフト ポーカー ブラックジャック 手品 送料無料","ONESIZE","A","X11","Y11",,"0","4","3","-1",
"2026/10/05 00:43:31","受注取込","7988208","7988208X11Y13","【旅行にピッタリ】ボストンバッグ ボストン メンズ レディース ★REV 7988208 小旅行 大容量 2泊 大きい ゴルフ ビジネス 出張 修学旅行 収納ポケット多数 シンプル 送料無料","ONESIZE","グレー","X11","Y13",,"0","53","52","-1",
"2026/10/05 00:45:29","受注取込","7986988","7986988X11Y14","【おしゃれ】バケットハット 帽子 メンズ レディース デニム パッチワーク NEK ★REV 7986988 Vintage ジーンズ 送料無料","ONESIZE","D","X11","Y14",,"0","22","21","-1",
"2026/10/05 00:55:28","受注取込","7986475","7986475X11Y11","【一生モノ/経年変化を愉しむ】栃木レザー 日本製 トートバッグ ミニトートバッグ 本革 ★REVL SRI-030 7986475 本皮  フルベジタブルタンニンレザー プレゼント ギフト 送料無料","ONESIZE","ブラック","X11","Y11",,"0","15","14","-1",
"2026/10/05 01:00:13","受注取込","7987070","7987070X12Y11","【お得な2枚組】X-LARGE XLARGE エクストララージ ボクサーパンツ メンズ アンダーウェア 下着 NEK ★REVL 7987070 かっこいい ツルツル おすすめ 人気 カモフラ タイダイ 炎 迷彩 カモ柄 ブランド 男性 紳士 プレゼント プチギフト 父の日 誕生日 彼氏 父 息子 ギフト 記念日 大きいサイズ 福袋 送料無料","L","2枚組","X12","Y11",,"0","46","44","-2",
"2026/10/05 01:05:31","受注取込","7987327","7987327X11Y11","本革 レザー キャスケット ハンチング 帽子 メンズ ★REV 7987327 キャップ あしたのジョー おしゃれ 皮製 ブラック ダークブラウン キャメル 黒 茶  送料無料","ONESIZE","ブラック","X11","Y11",,"0","27","26","-1",
"2026/10/05 01:08:18","受注取込","7986803","7986803X11Y11","【お得な2個セット】LEDライト 懐中電灯 充電式 ハンディライト 小型 防水 ★REVL 7986803 最強 強力 作業用 防災グッズ TYPE-C ZOOM機能 送料無料","ONESIZE","ブラック","X11","Y11",,"0","40","39","-1",
"2026/10/05 01:28:00","受注取込","7987400","7987400X11Y20","【とにかくデカい！/普通サイズあり！】キャップ メンズ 大きいサイズ 帽子 深め ビッグサイズ ★REVM 7987400 BIG SIZE メンズキャップ帽子 大きめ 大きい帽子 メンズ帽子 レディース 春 夏 春夏 プレゼント ギフト 母の日 父の日 送料無料","大きいサイズ","J-グレー","X11","Y20",,"0","30","29","-1",
"2026/10/05 01:29:28","受注取込","7987794","7987794X12Y11","【大きいサイズもあり】キャスハンチング キャップ メンズ レディース CULTURE MART NEK 101294 ★REV 7987794 ハンチング帽子 ハンチング帽 秋冬 帽子 ハンチング キャスケット メンズ帽子 レディース帽子秋冬 秋冬帽子 メンズハンチング おしゃれ カルチャーマート","大きいサイズ","ベージュ(1)","X12","Y11",,"0","47","46","-1",
"2026/10/05 01:30:31","受注取込","7986572","7986572X11Y31","【新型/IQOS イルマ i ワン用】アイコス イルマiワン ILUMA ケース 保護ケース NEK ★REVL 7986572 iqosイルマワン イルマワンカバー 耐衝撃 おしゃれ iqos iluma one 専用 IQOSイルマワン保護ケース レザー ヒョウ柄 ペイズリー 保護カバー アイコスケース アクセサリー 送料無料","イルマiワン","75","X11","Y31",,"0","13","12","-1",
"2026/10/05 01:30:51","受注取込","7986572","7986572X11Y31","【新型/IQOS イルマ i ワン用】アイコス イルマiワン ILUMA ケース 保護ケース NEK ★REVL 7986572 iqosイルマワン イルマワンカバー 耐衝撃 おしゃれ iqos iluma one 専用 IQOSイルマワン保護ケース レザー ヒョウ柄 ペイズリー 保護カバー アイコスケース アクセサリー 送料無料","イルマiワン","75","X11","Y31",,"0","12","11","-1",
"2026/10/05 01:30:58","受注取込","7988215","7988215X20Y14","【とにかくデカい！】 大きいサイズ キャップ メッシュキャップ 送料無料 大きめ ビッグサイズ BIG SIZE ★REV 7988215 <br> 帽子 ハット キャップ ワークキャップ メンズキャップ 大きいサイズ バケット 大きい帽子 メンズ バケハ メンズ帽子 大きい 頭 メッシュ 全39カラー","JJ","4","X20","Y14",,"0","33","32","-1",
"2026/10/05 01:41:28","受注取込","7998075","7998075X11Y11","他店圧倒価格♪最安値に挑戦！ 1点までメール便送料無料 ワッチキャップ ニット帽子 ニットキャップ 7998075 【MB】【ALI】■05161126【wow未販売】 sg追加200125 sg追加200125","普通サイズ(～60cm)","ブラック杢","X11","Y11",,"0","229","227","-2",
"2026/10/05 02:20:58","受注取込","7992723","7992723X11Y11","お得！ 送料無料 4枚入り 福袋 Dickies ディッキーズ ボクサーパンツ メンズ かわいい NEK ★REV <br> パンツ ボクサーパンツ セット メンズ下着 メンズボクサーパンツ メンズボクサー 大きいサイズ 大きめ 特大 3L 下着 インナー メンズ usa まとめ買い プレゼント ギフト","M","福袋4枚セット","X11","Y11",,"0","65","64","-1",
"2026/10/05 02:24:58","受注取込","7987400","7987400X11Y16","【とにかくデカい！/普通サイズあり！】キャップ メンズ 大きいサイズ 帽子 深め ビッグサイズ ★REVM 7987400 BIG SIZE メンズキャップ帽子 大きめ 大きい帽子 メンズ帽子 レディース 春 夏 春夏 プレゼント ギフト 母の日 父の日 送料無料","大きいサイズ","F-ブラック","X11","Y16",,"0","94","93","-1",
"2026/10/05 02:36:58","受注取込","7986849","7986849X11Y11","【ゴージャスに遊ぶ】トランプ プラスチック 54枚 撥水 NEK ★REV 7986849 ブラック ゴールド シルバー ピンクゴールド カードゲーム マジックトランプ パーティーグッズ プレゼント ギフト ポーカー ブラックジャック 手品 送料無料","ONESIZE","A","X11","Y11",,"0","3","2","-1",
"2026/10/05 02:38:28","受注取込","7992723","7992723X11Y11","お得！ 送料無料 4枚入り 福袋 Dickies ディッキーズ ボクサーパンツ メンズ かわいい NEK ★REV <br> パンツ ボクサーパンツ セット メンズ下着 メンズボクサーパンツ メンズボクサー 大きいサイズ 大きめ 特大 3L 下着 インナー メンズ usa まとめ買い プレゼント ギフト","M","福袋4枚セット","X11","Y11",,"0","64","63","-1",
"2026/10/05 02:39:58","受注取込","7987319","7987319X11Y11","LOGOS ロゴス ニットキャップ ニット帽 帽子 NEK ★REV LS6P207Z 7987319 大きい 大きめ 大きいサイズ ニット素材 メンズ レディース ブランド プレゼント ギフト ミリタリー アメカジ ストリート アウトドア プレゼント ギフト 送料無料","ONESIZE","ブラック","X11","Y11",,"0","153","152","-1",
"2026/10/05 02:52:01","受注取込","7988529","7988529X13Y11","11箱入り 加熱式タバコ CATE HEALメンソール カテヒール The Third  ザ・サード メンソールフレーバー コーヒー ★REV NEK 7988529 珈琲 マンゴー 1カートン タール ニコチン0 茶葉スティック カテキン強化配合 電子タバコ 禁煙タバコ 禁煙グッズ","マンゴー","11個セット","X13","Y11",,"0","7","6","-1",
"2026/10/05 02:52:28","受注取込","7988529","7988529X13Y11","11箱入り 加熱式タバコ CATE HEALメンソール カテヒール The Third  ザ・サード メンソールフレーバー コーヒー ★REV NEK 7988529 珈琲 マンゴー 1カートン タール ニコチン0 茶葉スティック カテキン強化配合 電子タバコ 禁煙タバコ 禁煙グッズ","マンゴー","11個セット","X13","Y11",,"0","6","5","-1",
"2026/10/05 03:00:28","受注取込","7987344","7987344X11Y11","【4個入でお得】カラビナ パラコード キーホルダー キーチェーン 4本セット NEK ★REV 7987344 帽子フック おしゃれ キーリング アウトドア リュック バッグ キャンプ 非常用 災害 ロープ 紐 便利 代用 防災 丈夫 コンパクト 軽量 プレゼント ギフト 送料無料","ONESIZE","4色セット","X11","Y11",,"0","16","15","-1",
"2026/10/05 03:06:00","受注取込","7987409","7987409X11Y11","【130cm 大きいサイズ対応】本革 床革 ベルト メンズ 130cm NEK ★REV 7987409 大きいサイズ対応 シンセティックレザー ビジネスベルト カジュアルベルト 父の日 送料無料","ONESIZE","ブラックA","X11","Y11",,"0","16","15","-1",
"2026/10/05 03:12:58","受注取込","7987345","7987345X11Y13","【とにかくデカい！】 大きいサイズ キャップ 送料無料 大きめ ビッグサイズ ★REV 7987345 BIG SIZE 帽子 ハット キャップ キャスケット メンズキャップ 大きいサイズ バケット 大きい帽子 メンズ メンズ帽子 大きい 頭 メッシュキャップ","AAA","3","X11","Y13",,"0","34","33","-1",
"2026/10/05 03:32:00","受注取込","9009978","9009978X5Y2","帽子 メンズ AVIREX アビレックス 送料無料 キャップ 父の日 プレゼント 贈り物 ニットキャップ メッシュキャップ 大きいサイズ レディース ディッキーズ ローキャップ ワークキャップ ハット ハンチング おしゃれ ロゴ 刺繍 プリント アメカジ HYPE 通販 yos ギフト","E","-2","X5","Y2",,"0","11","10","-1",
"2026/10/05 03:49:28","受注取込","7987409","7987409X11Y11","【130cm 大きいサイズ対応】本革 床革 ベルト メンズ 130cm NEK ★REV 7987409 大きいサイズ対応 シンセティックレザー ビジネスベルト カジュアルベルト 父の日 送料無料","ONESIZE","ブラックA","X11","Y11",,"0","15","13","-2",
"2026/10/05 03:50:58","受注取込","7986544","7986544X11Y11","【シリコン製】パワーグリップ 筋トレグローブ トレーニンググローブ パワーグローブ NEK ★REVL 7986544 ノンスリップ仕様 グローブ 握力補助 手首補助 送料無料","ONESIZE","ブラック","X11","Y11",,"0","34","33","-1",
"2026/10/05 03:53:58","受注取込","7998075","7998075X12Y14","他店圧倒価格♪最安値に挑戦！ 1点までメール便送料無料 ワッチキャップ ニット帽子 ニットキャップ 7998075 【MB】【ALI】■05161126【wow未販売】 sg追加200125 sg追加200125","大きいサイズ(～65cm)","ネイビー","X12","Y14",,"0","30","29","-1",
"2026/10/05 04:23:30","受注取込","7987076","7987076X11Y11","【超軽量55g】特価 キャップ 帽子 メッシュキャップ ランニングキャップ NEK ★REV 7987076 メンズ レディース 速乾 軽量 ジョギング アウトドア キャンプ スポーツ 釣り 海 プール","アジャスタータイプ","ブラック","X11","Y11",,"0","29","28","-1",
"2026/10/05 04:26:28","受注取込","7987275","7987275X11Y11","AVIREX アビレックス ニットキャップ ニット帽 NEK ★REV 7987275 帽子 大きい 大きめ 大きいサイズ ニット素材 メンズ レディース アヴィレックス ブランド プレゼント ギフト ミリタリー アメカジ ストリート アウトドア プレゼント ギフト 送料無料","ONESIZE","ブラック","X11","Y11",,"0","694","693","-1",
"2026/10/05 04:40:17","受注取込","7987070","7987070X12Y11","【お得な2枚組】X-LARGE XLARGE エクストララージ ボクサーパンツ メンズ アンダーウェア 下着 NEK ★REVL 7987070 かっこいい ツルツル おすすめ 人気 カモフラ タイダイ 炎 迷彩 カモ柄 ブランド 男性 紳士 プレゼント プチギフト 父の日 誕生日 彼氏 父 息子 ギフト 記念日 大きいサイズ 福袋 送料無料","L","2枚組","X12","Y11",,"0","44","42","-2",
"2026/10/05 04:45:21","受注取込","7986804","7986804X11Y11","【シンプル/おしゃれ/年中大活躍】ワッチキャップ スラウチビーニー ニット帽 ニットキャップ 帽子 NEK ★REV 7986804 無地 ワッチ メンズ レディース ユニセックス 送料無料","ONESIZE","グレー","X11","Y11",,"0","2","1","-1",
"2026/10/05 05:11:01","受注取込","7986769","7986769X11Y12","【座るだけで腰もお尻も快適サポート】シートクッション カークッション 車 座布団 ★REV 7986769 腰痛 運転席 お尻が痛くならない 腰痛クッション 椅子 腰 姿勢 シート 人気 おすすめ 座席 低反発 ブラック ネイビー オフィスチェア 背もたれ おしゃれ 運転席 カーアクセサリー 送料無料","ONESIZE","ネイビー","X11","Y12",,"0","31","30","-1",
"2026/10/05 05:45:58","受注取込","7988386","7988386X11Y11","【高輝度・省電力】LED 卓上 ライト 間接照明 おしゃれ テーブルランプ 北欧 ベッドライト ★REV 7988386 照明 ランプ 一人暮らし ナイトランプ ムードランプ インテリア 雑貨 スタンドライト フロアライト ベッドサイド ルームライト 寝室 usb 電気スタンド フロアランプ","ONESIZE","アイボリー","X11","Y11",,"0","136","135","-1",
"2026/10/05 06:01:28","受注取込","7987093","7987093X11Y11","【新型iphone/IQOS対応】急速5A 3股 Type-C 充電ケーブル スマホケーブル 1.2m 2m 3m typec NEK ★REVL 7987093 新型iphone IQOS対応 USB A→Type-C×3 充電ケーブル 3in1 急速 送料無料","1.2m","ブラック_TypeA/TypeC×3","X11","Y11",,"0","147","146","-1",
"2026/10/05 06:02:58","受注取込","7987400","7987400X11Y16","【とにかくデカい！/普通サイズあり！】キャップ メンズ 大きいサイズ 帽子 深め ビッグサイズ ★REVM 7987400 BIG SIZE メンズキャップ帽子 大きめ 大きい帽子 メンズ帽子 レディース 春 夏 春夏 プレゼント ギフト 母の日 父の日 送料無料","大きいサイズ","F-ブラック","X11","Y16",,"0","93","92","-1",
"2026/10/05 06:03:58","受注取込","7987662","7987662X11Y13","【大きくルーズにかぶれる】大きいサイズ ニット帽 ニットキャップ 帽子 メンズ レディース NEK ★REV 7987662 ワッチキャップ プレゼント ギフト 母の日 父の日 プレゼント 誕生日 クリスマス 秋冬 防寒 おしゃれ 無地 送料無料","ONESIZE","ブラック","X11","Y13",,"0","2796","2795","-1",
"2026/10/05 06:10:30","受注取込","7987085","7987085X11Y28","【とにかくデカい！】大きいサイズ キャップ 大きめ 深い 深め ビッグサイズ BIG SIZE ★REV 7987085 メンズキャップ帽子 大きい帽子 メンズ帽子 レディース 春 夏 春夏 プレゼント ギフト 母の日 父の日 送料無料","YA","18","X11","Y28",,"0","9","8","-1",
"2026/10/05 06:18:46","受注取込","7988640","7988640X11Y17","【本革製でこの価格！大容量】本革 牛革 トートバッグ レディース メンズ トート バッグ 手提げバッグ ビジネス 通勤 送料無料 速攻配達 ★REV 7988640 プレゼント ギフト","ONESIZE","グレージュ","X11","Y17",,"0","12","11","-1",
"2026/10/05 06:21:31","受注取込","7987473","7987473X12Y12","【USAブランド】DICKIES ディッキーズ 靴下 メンズ レディース 同色3足セット NEK ★REV 7987473 DK ワンポイント刺繍 アンクル/クウォーター/クルー 3Pソックス くるぶし ブランド くつした 足首 ブラック ホワイト 白 黒 スクール 学校 送料無料 プレゼント プチギフト","ブラック","メンズ/クォーター【中】","X12","Y12",,"0","10","9","-1",
"2026/10/05 06:22:20","受注取込","7987560","7987560X11Y11","【機能的】長財布 財布 メンズ レディース ウォレット スマホケース クラッチバッグ NEK ★REV 7987560 プレゼント ギフト 母の日 父の日 プチギフト 誕プレ 送料無料","ワンサイズ","ブラック","X11","Y11",,"0","4","3","-1",
"2026/10/05 06:26:28","受注取込","7987400","7987400X11Y26","【とにかくデカい！/普通サイズあり！】キャップ メンズ 大きいサイズ 帽子 深め ビッグサイズ ★REVM 7987400 BIG SIZE メンズキャップ帽子 大きめ 大きい帽子 メンズ帽子 レディース 春 夏 春夏 プレゼント ギフト 母の日 父の日 送料無料","大きいサイズ","P-ブラック","X11","Y26",,"0","42","41","-1",
"2026/10/05 06:31:58","受注取込","7988215","7988215X14Y11","【とにかくデカい！】 大きいサイズ キャップ メッシュキャップ 送料無料 大きめ ビッグサイズ BIG SIZE ★REV 7988215 <br> 帽子 ハット キャップ ワークキャップ メンズキャップ 大きいサイズ バケット 大きい帽子 メンズ バケハ メンズ帽子 大きい 頭 メッシュ 全39カラー","DD","1","X14","Y11",,"0","54","53","-1",
"2026/10/05 06:48:28","受注取込","7998477","7998477X11Y12","2WAY ビジネスバッグ メンズ 鞄 バッグ 通勤 ポケット多 書類カバン ★REV 7998477 プレゼント ギフト","ONESIZE","ブラック×ブラック","X11","Y12",,"0","15","14","-1",
"2026/10/05 06:48:28","受注取込","7987400","7987400X11Y13","【とにかくデカい！/普通サイズあり！】キャップ メンズ 大きいサイズ 帽子 深め ビッグサイズ ★REVM 7987400 BIG SIZE メンズキャップ帽子 大きめ 大きい帽子 メンズ帽子 レディース 春 夏 春夏 プレゼント ギフト 母の日 父の日 送料無料","大きいサイズ","C-グレー","X11","Y13",,"0","41","40","-1",
"2026/10/05 06:49:28","受注取込","7988215","7988215X12Y14","【とにかくデカい！】 大きいサイズ キャップ メッシュキャップ 送料無料 大きめ ビッグサイズ BIG SIZE ★REV 7988215 <br> 帽子 ハット キャップ ワークキャップ メンズキャップ 大きいサイズ バケット 大きい帽子 メンズ バケハ メンズ帽子 大きい 頭 メッシュ 全39カラー","BB","4","X12","Y14",,"0","19","18","-1",
"2026/10/05 06:52:01","受注取込","7998075","7998075X12Y11","他店圧倒価格♪最安値に挑戦！ 1点までメール便送料無料 ワッチキャップ ニット帽子 ニットキャップ 7998075 【MB】【ALI】■05161126【wow未販売】 sg追加200125 sg追加200125","大きいサイズ(～65cm)","ブラック杢","X12","Y11",,"0","108","107","-1",
"2026/10/05 06:53:28","受注取込","7986597","7986597X11Y11","【目元リラックス！高純度テラヘルツ】高純度 テラヘルツ アイマスク NEK ★REVL 7986597 重さ150g・包み込む美容ケア・リラクゼーション用 健康 テラヘルツ波 パワーストーン 天然石 アクセサリー プレゼント ギフト プチギフト 母の日 父の日 送料無料","アイマスク","メタリッククローム","X11","Y11",,"0","57","56","-1",
"2026/10/05 07:05:16","受注取込","7987394","7987394X12Y15","【選べる3種 イルマ アイ 対応 互換性あり おまけ付】イルマ アイ ILUMA i ケース イルマワン イルマプライム ケース テリア ILUMA TEREA アイコスケース IQOS 電子タバコ お掃除 NEK ★REV 7987394 LTG クリーニング クリーナープレゼント ギフト 母の日 父の日 送料無料","イルマPRIME","カーキ","X12","Y15",,"0","30","29","-1",
"2026/10/05 07:07:30","受注取込","7986572","7986572X11Y34","【新型/IQOS イルマ i ワン用】アイコス イルマiワン ILUMA ケース 保護ケース NEK ★REVL 7986572 iqosイルマワン イルマワンカバー 耐衝撃 おしゃれ iqos iluma one 専用 IQOSイルマワン保護ケース レザー ヒョウ柄 ペイズリー 保護カバー アイコスケース アクセサリー 送料無料","イルマiワン","78","X11","Y34",,"0","17","16","-1",
"2026/10/05 07:07:30","受注取込","7998075","7998075X12Y15","他店圧倒価格♪最安値に挑戦！ 1点までメール便送料無料 ワッチキャップ ニット帽子 ニットキャップ 7998075 【MB】【ALI】■05161126【wow未販売】 sg追加200125 sg追加200125","大きいサイズ(～65cm)","チャコール","X12","Y15",,"0","52","51","-1",
"2026/10/05 07:08:46","受注取込","7987652","7987652X11Y16","ランニングライト led 充電式 ウォーキング 散歩 ライト 夜間 LEDアームバンド NEK ★REVL 7987652 LTG 反射 反射材 リフレクター LED リストバンド サバゲー マーカー 防災 プレゼント ギフト アウトドア キャンプ 母の日 父の日 送料無料","ONESIZE","グリーン","X11","Y16",,"0","78","77","-1",
"2026/10/05 07:10:28","受注取込","7997141","7997141X12Y11","特大 スイカ ドーナツ 浮き輪 浮輪 送料無料 プール 大人用 子供用 NEK 7997141 ★REV 120cm 90cm 80cm 70cm 60cm サイズ 大きい 大きめ うきわ ウキワ すいか 海 海水浴 ビックフロート 水上 レジャー かわいい フローティングベッド 西瓜 子供用浮き輪 大人 子供 こども","90cm","スイカ","X12","Y11",,"0","18","17","-1",
"2026/10/05 07:10:28","受注取込","7998075","7998075X12Y11","他店圧倒価格♪最安値に挑戦！ 1点までメール便送料無料 ワッチキャップ ニット帽子 ニットキャップ 7998075 【MB】【ALI】■05161126【wow未販売】 sg追加200125 sg追加200125","大きいサイズ(～65cm)","ブラック杢","X12","Y11",,"0","107","106","-1",
"2026/10/05 07:34:40","受注取込","7987400","7987400X11Y11","【とにかくデカい！/普通サイズあり！】キャップ メンズ 大きいサイズ 帽子 深め ビッグサイズ ★REVM 7987400 BIG SIZE メンズキャップ帽子 大きめ 大きい帽子 メンズ帽子 レディース 春 夏 春夏 プレゼント ギフト 母の日 父の日 送料無料","大きいサイズ","A-ブラック","X11","Y11",,"0","130","129","-1",
"2026/10/05 07:35:26","受注取込","7986803","7986803X11Y11","【お得な2個セット】LEDライト 懐中電灯 充電式 ハンディライト 小型 防水 ★REVL 7986803 最強 強力 作業用 防災グッズ TYPE-C ZOOM機能 送料無料","ONESIZE","ブラック","X11","Y11",,"0","39","38","-1",
"2026/10/05 07:37:31","受注取込","7988393","7988393X11Y15","【125?135cm】 大きいサイズ ビジネスベルト カジュアルベルト メンズ ★REV 7988393 ベルト オートロック式 本革 穴なし ビジネス カジュアル レザー 本皮 オートロックベルト 革ベルト オートロック メンズベルト 穴無しベルト プレゼント ギフト サイズ調整可能 送料無料","ONESIZE","E","X11","Y15",,"0","1","0","-1",
"2026/10/05 07:40:38","受注取込","7987516","7987516X11Y11","【選べる2色×4サイズ】ネックレス ワックスコード チョーカー メンズ レディース 41cm 50cm 60cm 70cm NEK ★REV 7987516 シンプル おしゃれ プレゼント プチギフト バレンタイン クリスマス 送料無料","41cm","ブラック2mm","X11","Y11",,"0","48","47","-1",
"2026/10/05 07:42:28","受注取込","7988163","7988163X11Y13","【錆びないチタン】メンズブレスレット ブレスレット メンズ つけっぱなし NEK ★REV 7988163 チタン ブレスレット ワイヤーブレスレット シンプル バングル おしゃれ 送料無料 シルバー ゴールド ブラック","ONESIZE","ブラック","X11","Y13",,"0","15","14","-1",
"2026/10/05 07:43:58","受注取込","7987616","7987616X11Y12","【バッグを汚さない！お得な2個入】バッグフック バッグハンガー デスク 便利 NEK ★REV 7987616 おしゃれ グッズ アイデア フック 机 テーブル グック ハンガー 防犯 メンズ レディース 荷物かけ カバン掛け プチギフト プレゼント LTG 送料無料","ONESIZE","ブラック/グレー","X11","Y12",,"0","25","24","-1",
"2026/10/05 07:54:33","受注取込","8000345","8000345X11Y17","栃木レザー 長財布 本革 レザー 日本製 メンズ レディース ★REV 8000345 TDSG-1008【P2】 職人技 無地 5色展開 プレゼント ギフト","ONESIZE","ブラウン","X11","Y17",,"0","3","2","-1",
"2026/10/05 07:56:28","受注取込","7987400","7987400X11Y16","【とにかくデカい！/普通サイズあり！】キャップ メンズ 大きいサイズ 帽子 深め ビッグサイズ ★REVM 7987400 BIG SIZE メンズキャップ帽子 大きめ 大きい帽子 メンズ帽子 レディース 春 夏 春夏 プレゼント ギフト 母の日 父の日 送料無料","大きいサイズ","F-ブラック","X11","Y16",,"0","92","91","-1",
"2026/10/05 08:03:30","受注取込","7986854","7986854X11Y11","【年中かぶれる爽やかワッチ】 ニット帽 ワッチキャップ ニットキャップ ビーニー NEK ★REV 7986854 スラウチービーニー メンズ レディース ストレッチ 小顔効果 オールシーズン 送料無料","ONESIZE","ブラック","X11","Y11",,"0","32","31","-1",
"2026/10/05 08:03:30","受注取込","7990254","7990254X11Y12","【送料無料 速攻配達】AVIREX ニットキャップ ニット帽 帽子 メンズ レディース スウェットキャップ  NEK ★REV 14649300 ルーズ キャップ ブランド アビレックス リバーシブル AX REVERSIBLE SWEAT CAP 送料無料 プレゼント ギフト","ONESIZE","ブラック(80)","X11","Y12",,"0","371","370","-1",
"2026/10/05 08:04:58","受注取込","7990868","7990868X11Y11","短財布 財布 ミニ財布 メンズ レディース 本革 レザー 日本製  送料無料 職人技 無地 ヌメ革 総革 サステナビリティ 染め加工無し AA-019 プレゼント ギフト","ONESIZE","ナチュラル","X11","Y11",,"0","3","2","-1",
"2026/10/05 08:07:30","受注取込","7992723","7992723X12Y11","お得！ 送料無料 4枚入り 福袋 Dickies ディッキーズ ボクサーパンツ メンズ かわいい NEK ★REV <br> パンツ ボクサーパンツ セット メンズ下着 メンズボクサーパンツ メンズボクサー 大きいサイズ 大きめ 特大 3L 下着 インナー メンズ usa まとめ買い プレゼント ギフト","L","福袋4枚セット","X12","Y11",,"0","128","127","-1",
"2026/10/05 08:10:02","受注取込","7987437","7987437X12Y15","【のびーーる 楽々ストレッチ】カジュアルベルト メッシュベルト メンズ レディース 大きいサイズ 普通サイズ 7987437 ★REVM NEK 35mm 115cm 125cm 伸縮 カジュアル シンプル おしゃれ プレゼント ギフト 父の日 母の日 送料無料","125cm","ネイビー","X12","Y15",,"0","30","29","-1",
"2026/10/05 08:12:59","受注取込","7987678","7987678X11Y14","【洗濯可能】トレーニンググローブ 手袋 筋トレ 筋トレグローブ メンズ レディース 指無し NEK ★REV 7987678 ウェイトリフティング 防滑 クッション性 伸びる 洗濯OK バーベル サイクリング ヨガ グリップ","S","B-ブラック","X11","Y14",,"0","21","20","-1",
"2026/10/05 08:15:58","受注取込","7998075","7998075X12Y11","他店圧倒価格♪最安値に挑戦！ 1点までメール便送料無料 ワッチキャップ ニット帽子 ニットキャップ 7998075 【MB】【ALI】■05161126【wow未販売】 sg追加200125 sg追加200125","大きいサイズ(～65cm)","ブラック杢","X12","Y11",,"0","106","105","-1",
"2026/10/05 08:19:59","受注取込","7987093","7987093X12Y11","【新型iphone/IQOS対応】急速5A 3股 Type-C 充電ケーブル スマホケーブル 1.2m 2m 3m typec NEK ★REVL 7987093 新型iphone IQOS対応 USB A→Type-C×3 充電ケーブル 3in1 急速 送料無料","2.0m","ブラック_TypeA/TypeC×3","X12","Y11",,"0","94","93","-1",
"2026/10/05 08:21:29","受注取込","7986519","7986519X11Y11","【ごっそり鼻毛処理！お得な10本セット】鼻毛カッター 鼻毛トリマー  耳かき NEK ★REVL 7986519 男性用 女性用 送料無料","ONESIZE","アイボリー","X11","Y11",,"0","83","82","-1",
"2026/10/05 08:25:29","受注取込","7986572","7986572X11Y23","【新型/IQOS イルマ i ワン用】アイコス イルマiワン ILUMA ケース 保護ケース NEK ★REVL 7986572 iqosイルマワン イルマワンカバー 耐衝撃 おしゃれ iqos iluma one 専用 IQOSイルマワン保護ケース レザー ヒョウ柄 ペイズリー 保護カバー アイコスケース アクセサリー 送料無料","イルマiワン","67","X11","Y23",,"0","33","32","-1",
"2026/10/05 08:25:29","受注取込","7986572","7986572X11Y44","【新型/IQOS イルマ i ワン用】アイコス イルマiワン ILUMA ケース 保護ケース NEK ★REVL 7986572 iqosイルマワン イルマワンカバー 耐衝撃 おしゃれ iqos iluma one 専用 IQOSイルマワン保護ケース レザー ヒョウ柄 ペイズリー 保護カバー アイコスケース アクセサリー 送料無料","イルマiワン","88","X11","Y44",,"0","27","26","-1",
"2026/10/05 08:28:08","受注取込","7987345","7987345X13Y15","【とにかくデカい！】 大きいサイズ キャップ 送料無料 大きめ ビッグサイズ ★REV 7987345 BIG SIZE 帽子 ハット キャップ キャスケット メンズキャップ 大きいサイズ バケット 大きい帽子 メンズ メンズ帽子 大きい 頭 メッシュキャップ","CCC","5","X13","Y15",,"0","3","2","-1",
"2026/10/05 08:39:59","受注取込","7987681","7987681X11Y11","【超高輝度 500ルーメン】COB LED ライト マルチライト 500ルーメン キーホルダー NEK ★REV 7987681 充電式 栓抜き対応 カラビナ カラナビ 磁石 マグネット ワークライト キャンプ アウトドア 作業灯 防災 現場 Type-c USB プレゼント ギフト 送料無料","ONESIZE","ブラック","X11","Y11",,"0","37","36","-1",
"2026/10/05 08:41:29","受注取込","7987400","7987400X11Y11","【とにかくデカい！/普通サイズあり！】キャップ メンズ 大きいサイズ 帽子 深め ビッグサイズ ★REVM 7987400 BIG SIZE メンズキャップ帽子 大きめ 大きい帽子 メンズ帽子 レディース 春 夏 春夏 プレゼント ギフト 母の日 父の日 送料無料","大きいサイズ","A-ブラック","X11","Y11",,"0","129","128","-1",
"2026/10/05 08:46:29","受注取込","7987678","7987678X13Y14","【洗濯可能】トレーニンググローブ 手袋 筋トレ 筋トレグローブ メンズ レディース 指無し NEK ★REV 7987678 ウェイトリフティング 防滑 クッション性 伸びる 洗濯OK バーベル サイクリング ヨガ グリップ","L","B-ブラック","X13","Y14",,"0","17","16","-1",
"2026/10/05 08:51:59","受注取込","7986553","7986553X11Y11","【重ねるだけで、おしゃれ】指輪 メンズ レディース リング アクセサリー NEK ★REVO 7986553 ファランジリング フリーサイズ ピンキー ブラックマット シルバー ゴールド 半端リング アクセサリー 送料無料","ONESIZE","A","X11","Y11",,"0","5","4","-1",
"2026/10/05 08:53:29","受注取込","7986654","7986654X15Y11","【お得な100枚セット】宅配ビニール袋 100枚 お得 安い 宅配袋 宅配ポリ袋 ポリ袋 強テープ付き 17cm 20cm 25cm 30cm 32cm 40cm 45cm 50cm 60cm 梱包 袋 梱包材 ビニール 宅配 7986654 プレゼント ギフト","32cm×45cm","ワンカラー","X15","Y11",,"0","41","40","-1",
"2026/10/05 08:53:29","受注取込","7986654","7986654X18Y11","【お得な100枚セット】宅配ビニール袋 100枚 お得 安い 宅配袋 宅配ポリ袋 ポリ袋 強テープ付き 17cm 20cm 25cm 30cm 32cm 40cm 45cm 50cm 60cm 梱包 袋 梱包材 ビニール 宅配 7986654 プレゼント ギフト","45cm×60cm","ワンカラー","X18","Y11",,"0","88","87","-1",
"2026/10/05 08:53:29","受注取込","7986654","7986654X19Y11","【お得な100枚セット】宅配ビニール袋 100枚 お得 安い 宅配袋 宅配ポリ袋 ポリ袋 強テープ付き 17cm 20cm 25cm 30cm 32cm 40cm 45cm 50cm 60cm 梱包 袋 梱包材 ビニール 宅配 7986654 プレゼント ギフト","50cm×65cm","ワンカラー","X19","Y11",,"0","34","33","-1",
"2026/10/05 08:53:29","受注取込","7987400","7987400X11Y11","【とにかくデカい！/普通サイズあり！】キャップ メンズ 大きいサイズ 帽子 深め ビッグサイズ ★REVM 7987400 BIG SIZE メンズキャップ帽子 大きめ 大きい帽子 メンズ帽子 レディース 春 夏 春夏 プレゼント ギフト 母の日 父の日 送料無料","大きいサイズ","A-ブラック","X11","Y11",,"0","128","127","-1",
"2026/10/05 08:56:46","受注取込","7986549","7986549X11Y13","【天然素材】パワーストーン パワーウッド ブレスレット レディース メンズ アクセサリー NEK ★REVO 7986549 プレゼント ギフト 母の日 クリスマス 送料無料","ONESIZE","C","X11","Y13",,"0","27","26","-1",
"2026/10/05 08:58:30","受注取込","7986706","7986706X11Y11","【特大！すっぽりかぶって、小顔見せ】バケットハット チューリップハット 帽子 NEK ★REVL 7986706 メンズ レディース 大きいサイズ 普通サイズ  デニム素材 コットン100％ おしゃれ フリンジ 送料無料","普通サイズ","ブラック","X11","Y11",,"0","44","43","-1",
"2026/10/05 09:01:33","受注取込","7986522","7986522X11Y11","【夢中になる♪】反射神経ゲーム キャッチスティック 落下キャッチゲーム ★REVL 7986522 6本 スティック 3段階モード ワイヤレスリモコン Type-C充電 瞬発力 集中力 トレーニング 親子 家族 パーティー 室内遊び 子供 大人 プレゼント","ONESIZE","ブルー×イエロー","X11","Y11",,"0","27","26","-1",
"2026/10/05 09:01:33","受注取込","7986562","7986562X11Y26","IQOS アイコス イルマiワン イルマアイ TEREA テリア ケース ヒートスティックケース NEK ★REVL 7986562 カバー 加熱式たばこ用ハードケース SENTIA（センティア) HEETS プレゼント ギフト 送料無料","ONESIZE","P","X11","Y26",,"0","5","4","-1",
"2026/10/05 09:01:33","受注取込","7986562","7986562X11Y23","IQOS アイコス イルマiワン イルマアイ TEREA テリア ケース ヒートスティックケース NEK ★REVL 7986562 カバー 加熱式たばこ用ハードケース SENTIA（センティア) HEETS プレゼント ギフト 送料無料","ONESIZE","M","X11","Y23",,"0","11","10","-1",
"2026/10/05 09:08:29","受注取込","7987625","7987625X11Y12","ヒョウ柄 キャップ 帽子 メンズ レディース レオパード 豹柄 アニマル ファーキャップ ★REV 7987625 送料無料","ONESIZE","グレー","X11","Y12",,"0","24","23","-1",
"2026/10/05 09:10:07","受注取込","7986716","7986716X11Y11","【紫外線でプロ級チェック】アニサキスライト UV 紫外線ライト ブラックライト NEK ★REVL 7986716 365nm 充電式 TYPE-C充電  USB 光学レンズ アニサキス検出 生活 食事 釣り 掃除 コンパクト 送料無料","1本","ブラック(TYPE-C)","X11","Y11",,"0","97","96","-1",
"2026/10/05 09:12:30","受注取込","7986572","7986572X11Y23","【新型/IQOS イルマ i ワン用】アイコス イルマiワン ILUMA ケース 保護ケース NEK ★REVL 7986572 iqosイルマワン イルマワンカバー 耐衝撃 おしゃれ iqos iluma one 専用 IQOSイルマワン保護ケース レザー ヒョウ柄 ペイズリー 保護カバー アイコスケース アクセサリー 送料無料","イルマiワン","67","X11","Y23",,"0","32","31","-1",
"2026/10/05 09:13:59","受注取込","7987794","7987794X12Y15","【大きいサイズもあり】キャスハンチング キャップ メンズ レディース CULTURE MART NEK 101294 ★REV 7987794 ハンチング帽子 ハンチング帽 秋冬 帽子 ハンチング キャスケット メンズ帽子 レディース帽子秋冬 秋冬帽子 メンズハンチング おしゃれ カルチャーマート","大きいサイズ","デニム×ヒッコリー(5)","X12","Y15",,"0","28","27","-1",
"2026/10/05 09:23:58","受注取込","7988047","7988047X11Y13","2WAY ミニ ボストンバッグ メンズ レディース ★REV 7988047 小さめ 小型 ショルダーバッグ ミニバッグ ドラムバッグ 小旅行 アウトドア キャンプ ジム 軽量 送料無料","ONESIZE","ネイビー","X11","Y13",,"0","1","0","-1",
"2026/10/05 09:29:30","受注取込","7992540","7992540X11Y14","AVIREX ワークキャップ メンズ 大きいサイズ 大きめ キャップ ブランド 帽子 アメカジ アビレックス 春 夏 秋 冬 綿100％ ★REV 18490000 14787700 80264100 7992540 ネイビー/ベージュ/ブラック/カーキ プレゼント ギフト","ONESIZE","【D】カーキ","X11","Y14",,"0","37","36","-1",
"2026/10/05 09:29:30","受注取込","7992540","7992540X11Y11","AVIREX ワークキャップ メンズ 大きいサイズ 大きめ キャップ ブランド 帽子 アメカジ アビレックス 春 夏 秋 冬 綿100％ ★REV 18490000 14787700 80264100 7992540 ネイビー/ベージュ/ブラック/カーキ プレゼント ギフト","ONESIZE","【A】ネイビー","X11","Y11",,"0","27","26","-1",
"2026/10/05 09:45:31","受注取込","7987070","7987070X13Y11","【お得な2枚組】X-LARGE XLARGE エクストララージ ボクサーパンツ メンズ アンダーウェア 下着 NEK ★REVL 7987070 かっこいい ツルツル おすすめ 人気 カモフラ タイダイ 炎 迷彩 カモ柄 ブランド 男性 紳士 プレゼント プチギフト 父の日 誕生日 彼氏 父 息子 ギフト 記念日 大きいサイズ 福袋 送料無料","XL","2枚組","X13","Y11",,"0","76","75","-1",
"2026/10/05 09:46:58","受注取込","7986572","7986572X11Y30","【新型/IQOS イルマ i ワン用】アイコス イルマiワン ILUMA ケース 保護ケース NEK ★REVL 7986572 iqosイルマワン イルマワンカバー 耐衝撃 おしゃれ iqos iluma one 専用 IQOSイルマワン保護ケース レザー ヒョウ柄 ペイズリー 保護カバー アイコスケース アクセサリー 送料無料","イルマiワン","74","X11","Y30",,"0","25","24","-1",
"2026/10/05 09:51:28","受注取込","7986716","7986716X11Y11","【紫外線でプロ級チェック】アニサキスライト UV 紫外線ライト ブラックライト NEK ★REVL 7986716 365nm 充電式 TYPE-C充電  USB 光学レンズ アニサキス検出 生活 食事 釣り 掃除 コンパクト 送料無料","1本","ブラック(TYPE-C)","X11","Y11",,"0","96","95","-1",
"2026/10/05 09:59:13","受注取込","7988163","7988163X11Y11","【錆びないチタン】メンズブレスレット ブレスレット メンズ つけっぱなし NEK ★REV 7988163 チタン ブレスレット ワイヤーブレスレット シンプル バングル おしゃれ 送料無料 シルバー ゴールド ブラック","ONESIZE","シルバー","X11","Y11",,"0","7","6","-1",
"2026/10/05 10:07:45","受注取込","7986528","7986528X11Y11","【Ploom AURA】プルーム オーラ カバー ケース レザー調 ストラップ付 保護 耐衝撃 NEK ★REVL 7986528 おしゃれ プルームオーラ 保護ケース 保護カバー アクセサリー 送料無料","ONESIZE","A","X11","Y11",,"0","6","5","-1",
"2026/10/05 10:08:46","受注取込","7987706","7987706X11Y12","【～130cm】大きいサイズ対応 ビジネスベルト メンズ 本革 レザー ベルト メンズ ★REV 7987706 本皮 サイズ調整可能 プレゼント ギフト 父の日 送料無料","ONESIZE","シルバー","X11","Y12",,"0","7","6","-1",
"2026/10/05 10:08:57","WEB画面","7987400","7987400X11Y16","【とにかくデカい！/普通サイズあり！】キャップ メンズ 大きいサイズ 帽子 深め ビッグサイズ ★REVM 7987400 BIG SIZE メンズキャップ帽子 大きめ 大きい帽子 メンズ帽子 レディース 春 夏 春夏 プレゼント ギフト 母の日 父の日 送料無料","大きいサイズ","F-ブラック","X11","Y16",,"0","91","92","1","星島"
"2026/10/05 10:08:59","受注取込","7986798","7986798X11Y15","【抜け感キャスケット】キャスケット  キャスハンチング キャップ メンズ レディース NEK ★REV 7986798 ハンチング帽子 タクシーハット ニュースボーイキャップ ニュースボーイハット おしゃれ 送料無料","ONESIZE","グレー","X11","Y15",,"0","77","76","-1",
"2026/10/05 10:09:01","受注取込","7988386","7988386X11Y14","【高輝度・省電力】LED 卓上 ライト 間接照明 おしゃれ テーブルランプ 北欧 ベッドライト ★REV 7988386 照明 ランプ 一人暮らし ナイトランプ ムードランプ インテリア 雑貨 スタンドライト フロアライト ベッドサイド ルームライト 寝室 usb 電気スタンド フロアランプ","ONESIZE","キャメル","X11","Y14",,"0","72","71","-1",
"2026/10/05 10:11:36","WEB画面","7987674","7987674X11Y11","【ヒョウ柄】リュックサック リュック レディース メンズ デイパック バックパック ★REV 7987674 ヒョウ柄 レオパード プレゼント ギフト クリスマス 送料無料","ONESIZE","レオパード","X11","Y11",,"0","16","17","1","早乙女"
"2026/10/05 10:11:59","受注取込","7992723","7992723X12Y11","お得！ 送料無料 4枚入り 福袋 Dickies ディッキーズ ボクサーパンツ メンズ かわいい NEK ★REV <br> パンツ ボクサーパンツ セット メンズ下着 メンズボクサーパンツ メンズボクサー 大きいサイズ 大きめ 特大 3L 下着 インナー メンズ usa まとめ買い プレゼント ギフト","L","福袋4枚セット","X12","Y11",,"0","127","122","-5",
"2026/10/05 10:11:59","受注取込","7992723","7992723X11Y11","お得！ 送料無料 4枚入り 福袋 Dickies ディッキーズ ボクサーパンツ メンズ かわいい NEK ★REV <br> パンツ ボクサーパンツ セット メンズ下着 メンズボクサーパンツ メンズボクサー 大きいサイズ 大きめ 特大 3L 下着 インナー メンズ usa まとめ買い プレゼント ギフト","M","福袋4枚セット","X11","Y11",,"0","63","58","-5",
"2026/10/05 10:11:59","受注取込","7988044","7988044X11Y24","ショルダーバッグ メンズ ワンショルダー 斜め掛け ★REV 7988044 おしゃれバッグ Vintage 斜めがけ メンズボディバック かっこいい ボディバッグ レザー ワンショルダーバッグ カバン 鞄 かばん レザー調 メンズバッグ 斜めがけ メンズショルダーバック 散歩 送料無料","ONESIZE","N_ダークブラウン","X11","Y24",,"0","6","5","-1",
"2026/10/05 10:16:32","受注取込","7987408","7987408X11Y14","【2WAY 本革】レディースベルト リバーシブル ビジネス NEK ★REV 7987408 ロゴ フォーマル シンプル カジュアル スーツ レザー 本革 送料無料","ONESIZE","A-モカブラウン","X11","Y14",,"0","10","9","-1",
"2026/10/05 10:17:58","受注取込","7988097","7988097X12Y12","【羊ムートン付】 防寒ブーツ スノーブーツ ウインターブーツ ブーツ ★REV 7988097 <br> 冬 ムートンブーツ メンズ ムートン メンズブーツ 防寒靴 メンズ冬靴 サイドジップ 靴 シューズ 防滑 撥水 アウトドア キャンプ スノボ 登山 プレゼント ギフト 送料無料","25.5cm","ネイビー","X12","Y12",,"0","13","12","-1",
"2026/10/05 10:22:30","受注取込","7990254","7990254X11Y12","【送料無料 速攻配達】AVIREX ニットキャップ ニット帽 帽子 メンズ レディース スウェットキャップ  NEK ★REV 14649300 ルーズ キャップ ブランド アビレックス リバーシブル AX REVERSIBLE SWEAT CAP 送料無料 プレゼント ギフト","ONESIZE","ブラック(80)","X11","Y12",,"0","370","369","-1",
"2026/10/05 10:25:31","受注取込","7987137","7987137X11Y14","【最安値に挑戦 日本製】GEVAERT ゲバルト ベルト YKK社製 軽量バックル使用 35mm幅 NEK ★REV 7987137 ゴムベルト GVT-1062 1063 1064 1011 1048 無地 カモフラ柄 ベルギー生地使用 日本製 メンズ レディース カジュアル 入学 卒業 通勤 通学 送料無料","ONESIZE","D","X11","Y14",,"0","3","2","-1",
"2026/10/05 10:25:59","受注取込","7987401","7987401X11Y12","大きいサイズ キャップ メッシュキャップ 帽子 ★REV 7987401 メンズ 野球帽 迷彩 カモフラ シャドーカモ 刺繍 送料無料","ONESIZE","グレーシャードカモ","X11","Y12",,"0","3","1","-2",
"2026/10/05 10:27:32","受注取込","7986597","7986597X11Y11","【目元リラックス！高純度テラヘルツ】高純度 テラヘルツ アイマスク NEK ★REVL 7986597 重さ150g・包み込む美容ケア・リラクゼーション用 健康 テラヘルツ波 パワーストーン 天然石 アクセサリー プレゼント ギフト プチギフト 母の日 父の日 送料無料","アイマスク","メタリッククローム","X11","Y11",,"0","56","55","-1",
"2026/10/05 10:31:30","受注取込","7987678","7987678X13Y14","【洗濯可能】トレーニンググローブ 手袋 筋トレ 筋トレグローブ メンズ レディース 指無し NEK ★REV 7987678 ウェイトリフティング 防滑 クッション性 伸びる 洗濯OK バーベル サイクリング ヨガ グリップ","L","B-ブラック","X13","Y14",,"0","16","15","-1",
"2026/10/05 10:34:01","受注取込","7987612","7987612X11Y12","本革 レザー ハンチング 帽子 キャップ メンズ 鳥打帽 キャスケット 本皮 ★REV 7987612 おしゃれ ブラック ダークブラウン プレゼント ギフト 父の日 送料無料","ONESIZE","ダークブラウン","X11","Y12",,"0","20","19","-1",
"2026/10/05 10:34:28","受注取込","7988044","7988044X11Y11","ショルダーバッグ メンズ ワンショルダー 斜め掛け ★REV 7988044 おしゃれバッグ Vintage 斜めがけ メンズボディバック かっこいい ボディバッグ レザー ワンショルダーバッグ カバン 鞄 かばん レザー調 メンズバッグ 斜めがけ メンズショルダーバック 散歩 送料無料","ONESIZE","A_ブラック","X11","Y11",,"0","14","13","-1",
"2026/10/05 10:37:28","受注取込","7986519","7986519X11Y11","【ごっそり鼻毛処理！お得な10本セット】鼻毛カッター 鼻毛トリマー  耳かき NEK ★REVL 7986519 男性用 女性用 送料無料","ONESIZE","アイボリー","X11","Y11",,"0","82","81","-1",
"2026/10/05 10:37:28","受注取込","7987139","7987139X11Y12","【頑丈でタフ】ポーチ 小物入れ メンズ ウエストポーチ スマホケース ミリタリー NEK ★REV 7987139 アイコスケース サバゲー アウトドア キャンプ サバイバルギア MOLLEシステム対応 モール式 バッグ リュック 装備品 送料無料","ONESIZE","オリーブ","X11","Y12",,"0","14","13","-1",
"2026/10/05 10:37:28","受注取込","7987139","7987139X11Y11","【頑丈でタフ】ポーチ 小物入れ メンズ ウエストポーチ スマホケース ミリタリー NEK ★REV 7987139 アイコスケース サバゲー アウトドア キャンプ サバイバルギア MOLLEシステム対応 モール式 バッグ リュック 装備品 送料無料","ONESIZE","ブラック","X11","Y11",,"0","43","42","-1",
"2026/10/05 10:37:28","受注取込","7987084","7987084X12Y19","【くすみカラー 10色展開】深め 大きいサイズ 普通サイズ 帽子 キャップ メンズ レディース ★REV 7987084 Vintage 無地 シンプル おしゃれ 送料無料","大きいサイズ","キャメル","X12","Y19",,"0","28","27","-1",
"2026/10/05 10:40:23","注文者受注キャンセル取込","7987070","7987070X12Y11","【お得な2枚組】X-LARGE XLARGE エクストララージ ボクサーパンツ メンズ アンダーウェア 下着 NEK ★REVL 7987070 かっこいい ツルツル おすすめ 人気 カモフラ タイダイ 炎 迷彩 カモ柄 ブランド 男性 紳士 プレゼント プチギフト 父の日 誕生日 彼氏 父 息子 ギフト 記念日 大きいサイズ 福袋 送料無料","L","2枚組","X12","Y11",,"0","42","44","2",
"2026/10/05 10:47:30","受注取込","7992723","7992723X11Y11","お得！ 送料無料 4枚入り 福袋 Dickies ディッキーズ ボクサーパンツ メンズ かわいい NEK ★REV <br> パンツ ボクサーパンツ セット メンズ下着 メンズボクサーパンツ メンズボクサー 大きいサイズ 大きめ 特大 3L 下着 インナー メンズ usa まとめ買い プレゼント ギフト","M","福袋4枚セット","X11","Y11",,"0","58","57","-1",
"2026/10/05 10:49:28","受注取込","7987084","7987084X12Y19","【くすみカラー 10色展開】深め 大きいサイズ 普通サイズ 帽子 キャップ メンズ レディース ★REV 7987084 Vintage 無地 シンプル おしゃれ 送料無料","大きいサイズ","キャメル","X12","Y19",,"0","27","26","-1",
"2026/10/05 10:49:32","受注取込","7986716","7986716X11Y11","【紫外線でプロ級チェック】アニサキスライト UV 紫外線ライト ブラックライト NEK ★REVL 7986716 365nm 充電式 TYPE-C充電  USB 光学レンズ アニサキス検出 生活 食事 釣り 掃除 コンパクト 送料無料","1本","ブラック(TYPE-C)","X11","Y11",,"0","95","94","-1",
"2026/10/05 10:51:54","受注取込","7998075","7998075X11Y11","他店圧倒価格♪最安値に挑戦！ 1点までメール便送料無料 ワッチキャップ ニット帽子 ニットキャップ 7998075 【MB】【ALI】■05161126【wow未販売】 sg追加200125 sg追加200125","普通サイズ(～60cm)","ブラック杢","X11","Y11",,"0","227","226","-1",
"2026/10/05 10:53:29","受注取込","7988332","7988332X16Y23","【ワンちゃん格上げ！】 ドッグウェア 犬服 アディドッグ GooDog adidog ★REVG new dogs ペット服 小型犬 ノースリーブ NEK 7988332 犬の服 タンクトップ 犬洋服 犬用服 ペット 犬 服 犬用 かっこいい かわいい サロペット ロンパース オーバーオール 男の子 女の子","XL","new_dog(ブラック)","X16","Y23",,"0","15","14","-1",
"2026/10/05 11:04:59","受注取込","7987490","7987490X11Y11","【手首を太く逞しくする】前腕筋 筋トレ 握力 手首 前腕部の強化 腕相撲 ★REV 7987490 バスケットボール テニス ゴルフ 柔道 剣道 空手 格闘技 プレゼント ギフト 送料無料","ONESIZE","ブラック","X11","Y11",,"0","50","49","-1",
"2026/10/05 11:08:01","受注取込","7986643","7986643X14Y11"," 【ヒョウ柄 ふわふわ毛布 おしゃれ】毛布 ふわとろ毛布 もこもこ毛布 ブランケット ★REVL 7986643 モコモコ とろとろ ふわふわ 毛布 シングル セミダブル ダブル ひざ掛け 送料無料","160X200","ブラウン","X14","Y11",,"0","17","16","-1",
"2026/10/05 11:13:01","受注取込","7987475","7987475X11Y11","【防犯】護身用 タクティカルスティック 防災グッズ 熊対策グッズ クマ対策 タクティカルペン キーホルダー 女性 キーリング NEK ★REVM 7987475 棒 車 ガラス 防災 災害 車内 軽量 不審者 痴漢 痴漢対策 武器 護身グッズ 自己防衛 コンパクト 非常時 バッググリップ","ONESIZE","ブラック","X11","Y11",,"0","29","28","-1",
"2026/10/05 11:21:28","受注取込","7986692","7986692X11Y11","【お得な3本セット】ハンガー ピンチハンガー ステンレス 3本セット ピンチ10個 ★REVL 7986692 ステンレスハンガー 物干しハンガー 洗濯物干し 収納 コンパクト 防風 小物ハンガー 靴下 下着 タオル 洗濯バサミ おしゃれ 送料無料","ONESIZE","シルバー","X11","Y11",,"0","19","18","-1",
"2026/10/05 11:27:00","受注取込","7987070","7987070X12Y11","【お得な2枚組】X-LARGE XLARGE エクストララージ ボクサーパンツ メンズ アンダーウェア 下着 NEK ★REVL 7987070 かっこいい ツルツル おすすめ 人気 カモフラ タイダイ 炎 迷彩 カモ柄 ブランド 男性 紳士 プレゼント プチギフト 父の日 誕生日 彼氏 父 息子 ギフト 記念日 大きいサイズ 福袋 送料無料","L","2枚組","X12","Y11",,"0","44","43","-1",
"2026/10/05 11:28:28","受注取込","7990254","7990254X11Y11","【送料無料 速攻配達】AVIREX ニットキャップ ニット帽 帽子 メンズ レディース スウェットキャップ  NEK ★REV 14649300 ルーズ キャップ ブランド アビレックス リバーシブル AX REVERSIBLE SWEAT CAP 送料無料 プレゼント ギフト","ONESIZE","カーキ(35)","X11","Y11",,"0","223","222","-1",
"2026/10/05 11:30:24","受注取込","7986524","7986524X11Y11","【ミニマル】スマホショルダー サコッシュ ミニバッグ 軽量 撥水 コンパクト 収納力抜群 NEK ★REVL 7986524 レディース メンズ ユニセックス 斜めがけ ポーチ アウトドア 旅行 サブバッグ 送料無料","ONESIZE","オレンジ","X11","Y11",,"0","92","91","-1",
"2026/10/05 11:31:14","在庫CSV取込","7986594","7986594X11Y11","【高純度テラヘルツ/鏡面多面カット】 テラヘルツ ブレスレット メンズ レディース 6mm NEK ★REVL 7986594 健康 テラヘルツ波 パワーストーン 天然石 アクセサリー プレゼント ギフト プチギフト 母の日 父の日 送料無料","ブレスレット","メタリッククローム","X11","Y11",,"0","1","0","-1","植野"
"2026/10/05 11:31:14","在庫CSV取込","7992054","7992054X11Y12","【シンプル/おしゃれ】16mm パワーストーン ネックレス メンズ レディース 瑪瑙 オブシディアン タイガーアイ NEK ★REV 7992054 黒曜石 茶水晶 虎目石 金運 財運 仕事運 恋愛 結婚 家庭円満 癒し 幸運 成功運 勝負運 家族運 厄除祈願 天然石 お守り プレゼント 送料無料","ONESIZE","【B】タイガーアイズ","X11","Y12",,"0","20","15","-5","植野"
"2026/10/05 11:31:14","在庫CSV取込","7986798","7986798X11Y11","【抜け感キャスケット】キャスケット  キャスハンチング キャップ メンズ レディース NEK ★REV 7986798 ハンチング帽子 タクシーハット ニュースボーイキャップ ニュースボーイハット おしゃれ 送料無料","ONESIZE","オリーブ","X11","Y11",,"0","42","32","-10","植野"
"2026/10/05 11:31:14","在庫CSV取込","ZOZO-7988215","ZOZO-7988215X18Y14","【ZOZO専用】 とにかくデカい！ 大きいサイズ キャップ 7988215","HH","4","X18","Y14",,"0","20","10","-10","植野"
"2026/10/05 11:31:15","在庫CSV取込","7987515","7987515X11Y15","【選べる6柄×3サイズ】ネックレス チェーン メンズ レディース NEK ★REV 7987515 サージカルステンレス316L 50cm 60cm 70cm シンプル おしゃれ プレゼント プチギフト バレンタイン クリスマス 送料無料","50cm","E","X11","Y15",,"0","10","5","-5","植野"
"2026/10/05 11:31:15","在庫CSV取込","7992540","7992540X11Y13","AVIREX ワークキャップ メンズ 大きいサイズ 大きめ キャップ ブランド 帽子 アメカジ アビレックス 春 夏 秋 冬 綿100％ ★REV 18490000 14787700 80264100 7992540 ネイビー/ベージュ/ブラック/カーキ プレゼント ギフト","ONESIZE","【C】ブラック","X11","Y13",,"0","191","181","-10","植野"
"2026/10/05 11:31:15","在庫CSV取込","7986552","7986552X11Y12","【即トレンド顔】モード チェーン ネックレス  レディース メンズ アクセサリー NEK ★REVL 7986552 シンプル シルバー 太め 華奢 重ね付け 送料無料","ONESIZE","B","X11","Y12",,"0","5","3","-2","植野"
"2026/10/05 11:31:15","在庫CSV取込","7987642","7987642X11Y12","【送料無料】ミニ財布 メンズ 本革 レディース 二つ折り 財布 カードケース LTG カード入れ 多い NEK ★REV 7987642 折りたたみ コンパクト 小さい財布 小銭入れ コインスルー お札が折れない スキミング防止 ファスナー コインケース ミニマリスト ラウンドジッパー","ONESIZE","ブラウン","X11","Y12",,"0","32","30","-2","植野"
"2026/10/05 11:31:15","在庫CSV取込","7986783","7986783X11Y15","【魅せる黒基調】ネックレス ブラック ピアス レディース シルバー 上品 ラグジュアリー NEK ★REV 7986783 重ねづけ ペンダント ジュエリー","ONESIZE","E","X11","Y15",,"0","16","15","-1","植野"
"2026/10/05 11:31:15","在庫CSV取込","7987597","7987597X11Y11","【凄すぎる分厚さ5mm！】日本製 ベルト メンズ レザー 本革 本皮 昭南レザー ★REV SRI-016 ベンズレザー Artisan aging キーホルダー キーケース プレゼント ギフト 父の日 バレンタイン チョコ以外 送料無料","ワンサイズ","ナチュラル","X11","Y11",,"0","16","15","-1","植野"
"2026/10/05 11:31:15","在庫CSV取込","7987380","7987380X11Y11","【本革】ショルダーバッグ メンズ レディース サコッシュ バッグ ★REV 7987380 本革 本皮 レザー GENUINE LEATHER プレゼント ギフト 母の日 父の日 送料無料","ONESIZE","キャメル","X11","Y11",,"0","32","30","-2","植野"
"2026/10/05 11:31:15","在庫CSV取込","7986679","7986679X11Y11","【一気にオシャ見え！】くすみカラー バケットハット ハット 帽子 Vintage風 NEK ★REV 7986679 レディース  メンズ コットン素材 おしゃれ フリンジ 無地 シンプル UV対策 送料無料","ONESIZE","アイボリー","X11","Y11",,"0","13","11","-2","植野"
"2026/10/05 11:31:15","在庫CSV取込","7991009","7991009X11Y11","本革 レザー バケットハット 帽子 ハット メンズ レディース 羊革 シープレザー 送料無料 ★REVL 7991009 ブラック 黒","ONESIZE","ブラック","X11","Y11",,"0","14","9","-5","植野"
"2026/10/05 11:31:15","在庫CSV取込","7988386","7988386X11Y17","【高輝度・省電力】LED 卓上 ライト 間接照明 おしゃれ テーブルランプ 北欧 ベッドライト ★REV 7988386 照明 ランプ 一人暮らし ナイトランプ ムードランプ インテリア 雑貨 スタンドライト フロアライト ベッドサイド ルームライト 寝室 usb 電気スタンド フロアランプ","ONESIZE","ホワイト","X11","Y17",,"0","54","52","-2","植野"
"2026/10/05 11:31:15","在庫CSV取込","7986524","7986524X11Y17","【ミニマル】スマホショルダー サコッシュ ミニバッグ 軽量 撥水 コンパクト 収納力抜群 NEK ★REVL 7986524 レディース メンズ ユニセックス 斜めがけ ポーチ アウトドア 旅行 サブバッグ 送料無料","ONESIZE","ブラウン×ピンク","X11","Y17",,"0","39","29","-10","植野"
"2026/10/05 11:31:15","在庫CSV取込","7990512","7990512X11Y11","リーフ ネックレス レディース ロングネックレス 葉っぱ 大きめ アクセサリー かわいい ナチュラル アンティーク風 プレゼント 贈り物 ギフト NEK 7990512 プレゼント ギフト","ONESIZE","ライトブラウン","X11","Y11",,"0","17","7","-10","植野"
"2026/10/05 11:31:15","在庫CSV取込","7986989","7986989X11Y16","【本革/特価/18色展開】本革 ショルダーバッグ ポーチ レディース ミニショルダーバッグ NEK ★REVA 7986989 斜めがけ お財布 ショルダー お財布バッグ 送料無料","ONESIZE","ブラック","X11","Y16",,"0","13","8","-5","植野"
"2026/10/05 11:31:15","在庫CSV取込","7986520","7986520X11Y11","名刺入れ 天然木 名刺ケース 薄型 軽量 27枚 木目 カードケース クレジットカードケース NEK ★REVL 7986520 送料無料","ONESIZE","A","X11","Y11",,"0","18","13","-5","植野"
"2026/10/05 11:31:15","在庫CSV取込","7986478","7986478X11Y11","天然石 3連ブレスレット メンズ マットブラックオニキス マップストーン ヘマタイト NEK ★REVL 7986478ステンレス 重ね付け ゴムブレスレット レディース ペア カジュアル アクセサリー 送料無料","ONESIZE","3点セット","X11","Y11",,"0","50","40","-10","植野"
"2026/10/05 11:31:15","在庫CSV取込","7986465","7986465X11Y11","【とにかくデカい】帽子 キャップ 大きいサイズ 深い 深め 60～65cm ★REVL 7986465 サイドタグ シンプル おしゃれ 野球帽 送料無料","ONESIZE","チャコール","X11","Y11",,"0","18","8","-10","植野"
"2026/10/05 11:31:15","在庫CSV取込","7986463","7986463X11Y15","【4mmだから、繊細】天然石 クロス ブレスレット 4mm NEK ★REVL 7986463 メンズ レディース 19cm パワーストーン 十字架 お守り 細身 ユニセックス ペア 9種類 アクセサリー 送料無料","ONESIZE","E.オニキス（黒瑪瑙）","X11","Y15",,"0","5","0","-5","植野"
"2026/10/05 11:31:15","在庫CSV取込","7987072","7987072X12Y15","深め 大きいサイズ 普通サイズ 帽子 キャップ メンズ レディース ★REV 7987072 Vintage 無地 シンプル おしゃれ 送料無料","大きいサイズ","ネイビー","X12","Y15",,"0","26","24","-2","植野"
"2026/10/05 11:31:15","在庫CSV取込","7986606","7986606X11Y12","【ウール混】キャスケット ハンチング キャップ 帽子 レディース メンズ キッズ NEK ★REVH 7986606 秋冬 おしゃれ 送料無料","ONESIZE","ブラウン","X11","Y12",,"0","7","4","-3","植野"
"2026/10/05 11:31:15","在庫CSV取込","7987618","7987618X12Y12","【裏ボア】ニット帽 マフラー ネックウォーマ スヌード 耳あて イヤーマフ 防寒 メンズ レディース NEK ★REV 7987618 キッズ ニットキャップ つば付き 帽子 ニット 秋冬 クリスマス プレゼント ギフト 母の日 父の日 送料無料","子供用","ブラック","X12","Y12",,"0","17","15","-2","植野"
"2026/10/05 11:31:15","在庫CSV取込","7987618","7987618X12Y13","【裏ボア】ニット帽 マフラー ネックウォーマ スヌード 耳あて イヤーマフ 防寒 メンズ レディース NEK ★REV 7987618 キッズ ニットキャップ つば付き 帽子 ニット 秋冬 クリスマス プレゼント ギフト 母の日 父の日 送料無料","子供用","グレー","X12","Y13",,"0","16","14","-2","植野"
"2026/10/05 11:31:15","在庫CSV取込","7987618","7987618X11Y13","【裏ボア】ニット帽 マフラー ネックウォーマ スヌード 耳あて イヤーマフ 防寒 メンズ レディース NEK ★REV 7987618 キッズ ニットキャップ つば付き 帽子 ニット 秋冬 クリスマス プレゼント ギフト 母の日 父の日 送料無料","大人用","グレー","X11","Y13",,"0","1","0","-1","植野"
"2026/10/05 11:31:15","在庫CSV取込","7987618","7987618X12Y15","【裏ボア】ニット帽 マフラー ネックウォーマ スヌード 耳あて イヤーマフ 防寒 メンズ レディース NEK ★REV 7987618 キッズ ニットキャップ つば付き 帽子 ニット 秋冬 クリスマス プレゼント ギフト 母の日 父の日 送料無料","子供用","ブラウン","X12","Y15",,"0","38","36","-2","植野"
"2026/10/05 11:31:15","在庫CSV取込","7987618","7987618X11Y15","【裏ボア】ニット帽 マフラー ネックウォーマ スヌード 耳あて イヤーマフ 防寒 メンズ レディース NEK ★REV 7987618 キッズ ニットキャップ つば付き 帽子 ニット 秋冬 クリスマス プレゼント ギフト 母の日 父の日 送料無料","大人用","ブラウン","X11","Y15",,"0","3","1","-2","植野"
"2026/10/05 11:31:15","在庫CSV取込","7987618","7987618X12Y14","【裏ボア】ニット帽 マフラー ネックウォーマ スヌード 耳あて イヤーマフ 防寒 メンズ レディース NEK ★REV 7987618 キッズ ニットキャップ つば付き 帽子 ニット 秋冬 クリスマス プレゼント ギフト 母の日 父の日 送料無料","子供用","ワイン","X12","Y14",,"0","19","17","-2","植野"
"2026/10/05 11:31:15","在庫CSV取込","7987618","7987618X11Y14","【裏ボア】ニット帽 マフラー ネックウォーマ スヌード 耳あて イヤーマフ 防寒 メンズ レディース NEK ★REV 7987618 キッズ ニットキャップ つば付き 帽子 ニット 秋冬 クリスマス プレゼント ギフト 母の日 父の日 送料無料","大人用","ワイン","X11","Y14",,"0","15","13","-2","植野"
"2026/10/05 11:31:15","在庫CSV取込","7987618","7987618X12Y11","【裏ボア】ニット帽 マフラー ネックウォーマ スヌード 耳あて イヤーマフ 防寒 メンズ レディース NEK ★REV 7987618 キッズ ニットキャップ つば付き 帽子 ニット 秋冬 クリスマス プレゼント ギフト 母の日 父の日 送料無料","子供用","ネイビー","X12","Y11",,"0","13","11","-2","植野"
"2026/10/05 11:39:58","受注取込","7987073","7987073X12Y15","【くすみカラー 超軽量】バケットハット サファリハット メンズ レディース 普通サイズ 大きいサイズ NEK ★REV 7987073 アドベンチャーハット 撥水 速乾 軽量 折り畳める UV カット アウトドア キャンプ 登山 ウォーキング 散歩 日焼け防止 紫外線防止 送料無料","大きいサイズ","オリーブ","X12","Y15",,"0","9","8","-1",
"2026/10/05 11:50:29","受注取込","7988332","7988332X13Y24","【ワンちゃん格上げ！】 ドッグウェア 犬服 アディドッグ GooDog adidog ★REVG new dogs ペット服 小型犬 ノースリーブ NEK 7988332 犬の服 タンクトップ 犬洋服 犬用服 ペット 犬 服 犬用 かっこいい かわいい サロペット ロンパース オーバーオール 男の子 女の子","M","new_dog(パープル)","X13","Y24",,"0","4","3","-1",
"2026/10/05 11:54:16","WEB画面","7997141","7997141X13Y13","特大 スイカ ドーナツ 浮き輪 浮輪 送料無料 プール 大人用 子供用 NEK 7997141 ★REV 120cm 90cm 80cm 70cm 60cm サイズ 大きい 大きめ うきわ ウキワ すいか 海 海水浴 ビックフロート 水上 レジャー かわいい フローティングベッド 西瓜 子供用浮き輪 大人 子供 こども","80cm","ドーナツチョコ","X13","Y13",,"0","0","1","1","村垣 文香"
"2026/10/05 12:00:29","注文者受注キャンセル取込","7987070","7987070X12Y11","【お得な2枚組】X-LARGE XLARGE エクストララージ ボクサーパンツ メンズ アンダーウェア 下着 NEK ★REVL 7987070 かっこいい ツルツル おすすめ 人気 カモフラ タイダイ 炎 迷彩 カモ柄 ブランド 男性 紳士 プレゼント プチギフト 父の日 誕生日 彼氏 父 息子 ギフト 記念日 大きいサイズ 福袋 送料無料","L","2枚組","X12","Y11",,"0","43","45","2",
"2026/10/05 12:04:31","受注取込","7987076","7987076X11Y11","【超軽量55g】特価 キャップ 帽子 メッシュキャップ ランニングキャップ NEK ★REV 7987076 メンズ レディース 速乾 軽量 ジョギング アウトドア キャンプ スポーツ 釣り 海 プール","アジャスタータイプ","ブラック","X11","Y11",,"0","28","26","-2",
"2026/10/05 12:09:31","受注取込","7987610","7987610X11Y11","【お得3本セット】ピンセット イルマ ワン テリア ILUMA TEREA アイコス NEK ★REV 7987610 IQOS グロー プルーム 電子タバコ お掃除 DIY LTG プラモデル 模型 工作 クリーニングフィルター クリーナー プレゼント ギフト 母の日 父の日 送料無料","ONESIZE","3本セット","X11","Y11",,"0","189","188","-1",
"2026/10/05 12:11:01","WEB画面","9009978","9009978X15Y4","帽子 メンズ AVIREX アビレックス 送料無料 キャップ 父の日 プレゼント 贈り物 ニットキャップ メッシュキャップ 大きいサイズ レディース ディッキーズ ローキャップ ワークキャップ ハット ハンチング おしゃれ ロゴ 刺繍 プリント アメカジ HYPE 通販 yos ギフト","O","-4","X15","Y4",,"0","0","1","1","早乙女"
"2026/10/05 12:12:10","WEB画面","7986688","7986688X13Y13","【竹炭消臭インソール付】サンダル メンズ スポーツサンダル ★REVL 7986688 防滑 水陸両用 レジャー アウトドアサンダル ウォーターシューズ マジックテープ ブラック 歩きやすい 海 ビーチ 夏レジャー 送料無料","26.0cm","ダークブラウン","X13","Y13",,"0","2","3","1","早乙女"
"2026/10/05 12:12:20","WEB画面","7987618","7987618X11Y13","【裏ボア】ニット帽 マフラー ネックウォーマ スヌード 耳あて イヤーマフ 防寒 メンズ レディース NEK ★REV 7987618 キッズ ニットキャップ つば付き 帽子 ニット 秋冬 クリスマス プレゼント ギフト 母の日 父の日 送料無料","大人用","グレー","X11","Y13",,"0","0","1","1","植野"
"2026/10/05 12:12:51","WEB画面","7990668","7990668X11Y11","【あす楽 速攻配達】スプレーボトル 50ml 100ml アルコール対応 PE ボトルスプレー スプレー 容器 シャワーボトル 詰め替え容器 7990668 プレゼント ギフト","50ml","ホワイト","X11","Y11",,"0","229","230","1","早乙女"
"2026/10/05 12:13:59","受注取込","7987400","7987400X11Y18","【とにかくデカい！/普通サイズあり！】キャップ メンズ 大きいサイズ 帽子 深め ビッグサイズ ★REVM 7987400 BIG SIZE メンズキャップ帽子 大きめ 大きい帽子 メンズ帽子 レディース 春 夏 春夏 プレゼント ギフト 母の日 父の日 送料無料","大きいサイズ","H-オリーブ","X11","Y18",,"0","19","18","-1",
"2026/10/05 12:14:07","WEB画面","7988089","7988089X16Y11","安全靴 スニーカー エアウォーク AIR WALK Y_YU AW-880 レッド迷彩 アクティブライト ローカット メンズ セーフティシューズ 樹脂先芯 軽量 衝撃吸収 負担軽減 作業靴 オシャレ","28.0cm","レッド迷彩","X16","Y11",,"0","169","170","1","早乙女"
"2026/10/05 12:19:24","WEB画面","7987618","7987618X11Y13","【裏ボア】ニット帽 マフラー ネックウォーマ スヌード 耳あて イヤーマフ 防寒 メンズ レディース NEK ★REV 7987618 キッズ ニットキャップ つば付き 帽子 ニット 秋冬 クリスマス プレゼント ギフト 母の日 父の日 送料無料","大人用","グレー","X11","Y13",,"0","1","32","31","植野"
"2026/10/05 12:22:00","受注取込","7986465","7986465X11Y11","【とにかくデカい】帽子 キャップ 大きいサイズ 深い 深め 60～65cm ★REVL 7986465 サイドタグ シンプル おしゃれ 野球帽 送料無料","ONESIZE","チャコール","X11","Y11",,"0","8","7","-1",
"2026/10/05 12:22:00","受注取込","7987151","7987151X11Y18","【多面カットで綺麗】天然石 ブレスレット パワーストーン レディース NEK ★REV 7987151 アクセサリー プレゼント ギフト 厄除け 運気 アップ 送料無料","ONESIZE","H_ラピスラズリ","X11","Y18",,"0","9","8","-1",
"2026/10/05 12:22:21","WEB画面","7987618","7987618X11Y15","【裏ボア】ニット帽 マフラー ネックウォーマ スヌード 耳あて イヤーマフ 防寒 メンズ レディース NEK ★REV 7987618 キッズ ニットキャップ つば付き 帽子 ニット 秋冬 クリスマス プレゼント ギフト 母の日 父の日 送料無料","大人用","ブラウン","X11","Y15",,"0","1","21","20","植野"
"2026/10/05 12:22:31","受注取込","7990254","7990254X11Y13","【送料無料 速攻配達】AVIREX ニットキャップ ニット帽 帽子 メンズ レディース スウェットキャップ  NEK ★REV 14649300 ルーズ キャップ ブランド アビレックス リバーシブル AX REVERSIBLE SWEAT CAP 送料無料 プレゼント ギフト","ONESIZE","グレー(85)","X11","Y13",,"0","233","232","-1",
"2026/10/05 12:22:31","受注取込","7990254","7990254X11Y12","【送料無料 速攻配達】AVIREX ニットキャップ ニット帽 帽子 メンズ レディース スウェットキャップ  NEK ★REV 14649300 ルーズ キャップ ブランド アビレックス リバーシブル AX REVERSIBLE SWEAT CAP 送料無料 プレゼント ギフト","ONESIZE","ブラック(80)","X11","Y12",,"0","369","368","-1",
"2026/10/05 12:22:31","受注取込","7990254","7990254X11Y11","【送料無料 速攻配達】AVIREX ニットキャップ ニット帽 帽子 メンズ レディース スウェットキャップ  NEK ★REV 14649300 ルーズ キャップ ブランド アビレックス リバーシブル AX REVERSIBLE SWEAT CAP 送料無料 プレゼント ギフト","ONESIZE","カーキ(35)","X11","Y11",,"0","222","221","-1",
"2026/10/05 12:24:15","WEB画面","7987618","7987618X11Y13","【裏ボア】ニット帽 マフラー ネックウォーマ スヌード 耳あて イヤーマフ 防寒 メンズ レディース NEK ★REV 7987618 キッズ ニットキャップ つば付き 帽子 ニット 秋冬 クリスマス プレゼント ギフト 母の日 父の日 送料無料","大人用","グレー","X11","Y13",,"0","32","30","-2","植野"
"2026/10/05 12:24:15","WEB画面","7987618","7987618X11Y15","【裏ボア】ニット帽 マフラー ネックウォーマ スヌード 耳あて イヤーマフ 防寒 メンズ レディース NEK ★REV 7987618 キッズ ニットキャップ つば付き 帽子 ニット 秋冬 クリスマス プレゼント ギフト 母の日 父の日 送料無料","大人用","ブラウン","X11","Y15",,"0","21","19","-2","植野"
"2026/10/05 12:38:58","受注取込","7987400","7987400X11Y11","【とにかくデカい！/普通サイズあり！】キャップ メンズ 大きいサイズ 帽子 深め ビッグサイズ ★REVM 7987400 BIG SIZE メンズキャップ帽子 大きめ 大きい帽子 メンズ帽子 レディース 春 夏 春夏 プレゼント ギフト 母の日 父の日 送料無料","大きいサイズ","A-ブラック","X11","Y11",,"0","127","126","-1",
"2026/10/05 12:38:58","受注取込","7988215","7988215X11Y13","【とにかくデカい！】 大きいサイズ キャップ メッシュキャップ 送料無料 大きめ ビッグサイズ BIG SIZE ★REV 7988215 <br> 帽子 ハット キャップ ワークキャップ メンズキャップ 大きいサイズ バケット 大きい帽子 メンズ バケハ メンズ帽子 大きい 頭 メッシュ 全39カラー","AA","3","X11","Y13",,"0","33","32","-1",
"2026/10/05 12:40:21","受注取込","7995525","7995525X1Y10","AVIREX 限定モデル キャップ 帽子 父の日 贈り物 プレゼント メンズ ★REV ブラックシリーズ 黒 アビレックス アヴィレックス メッシュキャップ ハンチング ローキャップ バケット ハット ワークキャップ レディース かっこいい yos プレゼント ギフト","ONESIZE","【J】ワーク_14627600_BIGサイズ","X1","Y10",,"0","71","70","-1",
"2026/10/05 12:43:28","受注取込","7987389","7987389X11Y12","【本革 総革】名刺入れ 名刺ケース 本革 メンズ NEK ★REV 7987389 レディース レザー 本皮 Vintage ヌメ革 プレゼント ギフト 母の日 父の日 送料無料","ONESIZE","ライトブラウン","X11","Y12",,"0","7","6","-1",
"2026/10/05 12:45:31","受注取込","7986572","7986572X11Y14","【新型/IQOS イルマ i ワン用】アイコス イルマiワン ILUMA ケース 保護ケース NEK ★REVL 7986572 iqosイルマワン イルマワンカバー 耐衝撃 おしゃれ iqos iluma one 専用 IQOSイルマワン保護ケース レザー ヒョウ柄 ペイズリー 保護カバー アイコスケース アクセサリー 送料無料","イルマiワン","58","X11","Y14",,"0","9","8","-1",
"2026/10/05 12:45:31","受注取込","7998075","7998075X11Y14","他店圧倒価格♪最安値に挑戦！ 1点までメール便送料無料 ワッチキャップ ニット帽子 ニットキャップ 7998075 【MB】【ALI】■05161126【wow未販売】 sg追加200125 sg追加200125","普通サイズ(～60cm)","ネイビー","X11","Y14",,"0","34","33","-1",
"2026/10/05 12:45:31","受注取込","7998075","7998075X11Y11","他店圧倒価格♪最安値に挑戦！ 1点までメール便送料無料 ワッチキャップ ニット帽子 ニットキャップ 7998075 【MB】【ALI】■05161126【wow未販売】 sg追加200125 sg追加200125","普通サイズ(～60cm)","ブラック杢","X11","Y11",,"0","226","225","-1",
"2026/10/05 12:47:28","受注取込","7987662","7987662X11Y14","【大きくルーズにかぶれる】大きいサイズ ニット帽 ニットキャップ 帽子 メンズ レディース NEK ★REV 7987662 ワッチキャップ プレゼント ギフト 母の日 父の日 プレゼント 誕生日 クリスマス 秋冬 防寒 おしゃれ 無地 送料無料","ONESIZE","グレー","X11","Y14",,"0","551","550","-1",
"2026/10/05 12:47:28","受注取込","7988071","7988071X14Y26","【内ボア防寒性◎】 シャツジャケット ボアジャケット ネルシャツ メンズ レディース ★REV 7988071 シャツ カジュアルシャツ 長袖 ボア ジャケット 長袖シャツ 秋冬 チェック柄 チェック 起毛 アメカジ 裏ボア ジャケットメンズ Vintage 厚手 着る毛布 暖かい 防寒 送料無料","L","P-ミックスチェック","X14","Y26",,"0","5","4","-1",
"2026/10/05 12:48:58","受注取込","7988044","7988044X11Y14","ショルダーバッグ メンズ ワンショルダー 斜め掛け ★REV 7988044 おしゃれバッグ Vintage 斜めがけ メンズボディバック かっこいい ボディバッグ レザー ワンショルダーバッグ カバン 鞄 かばん レザー調 メンズバッグ 斜めがけ メンズショルダーバック 散歩 送料無料","ONESIZE","D_ブラック","X11","Y14",,"0","18","17","-1",
"2026/10/05 12:50:13","受注取込","7987070","7987070X11Y11","【お得な2枚組】X-LARGE XLARGE エクストララージ ボクサーパンツ メンズ アンダーウェア 下着 NEK ★REVL 7987070 かっこいい ツルツル おすすめ 人気 カモフラ タイダイ 炎 迷彩 カモ柄 ブランド 男性 紳士 プレゼント プチギフト 父の日 誕生日 彼氏 父 息子 ギフト 記念日 大きいサイズ 福袋 送料無料","M","2枚組","X11","Y11",,"0","61","60","-1",
"2026/10/05 12:56:48","受注取込","7986473","7986473X11Y14","【軽量/コンパクト】日傘 軽量 190g UVカット率 100% UPF50+ 完全遮光 NEK ★REVL 7986473  遮熱 ワンタッチ自動開閉 折りたたみ傘 コンパクト 紫外線遮断 耐風撥水 晴雨兼用 携帯便利 メンズ レディース 母の日 父の日 送料無料","ONESIZE","ミント","X11","Y14",,"0","16","15","-1",
"2026/10/05 12:58:46","受注取込","7992540","7992540X11Y13","AVIREX ワークキャップ メンズ 大きいサイズ 大きめ キャップ ブランド 帽子 アメカジ アビレックス 春 夏 秋 冬 綿100％ ★REV 18490000 14787700 80264100 7992540 ネイビー/ベージュ/ブラック/カーキ プレゼント ギフト","ONESIZE","【C】ブラック","X11","Y13",,"0","181","180","-1",
"2026/10/05 13:07:09","受注取込","7988002","7988002X12Y18","【光る首輪】光る 犬 首輪 光る 犬用 LED ライト USB充電式 猫用 カラー 可愛い NEK ★REVG 7988002 ペット用品 ドッグ 大型犬 中型犬 小型犬 向け サイズ調節 35cm 50cm 70cm レインボー 猫 事故防止 散歩 防水 送料無料","M(50cm)","レインボー","X12","Y18",,"0","3","2","-1",
"2026/10/05 13:07:28","受注取込","7987400","7987400X11Y16","【とにかくデカい！/普通サイズあり！】キャップ メンズ 大きいサイズ 帽子 深め ビッグサイズ ★REVM 7987400 BIG SIZE メンズキャップ帽子 大きめ 大きい帽子 メンズ帽子 レディース 春 夏 春夏 プレゼント ギフト 母の日 父の日 送料無料","大きいサイズ","F-ブラック","X11","Y16",,"0","92","91","-1",
"2026/10/05 13:09:31","受注取込","7987559","7987559X11Y14","ミニ財布 ミニウォレット 短財布 メンズ レディース ウォレット NEK ★REV 7987559 プレゼント ギフト 父の日 母の日 プチギフト 誕プレ 送料無料","ONESIZE","ブラウン","X11","Y14",,"0","7","6","-1",
"2026/10/05 13:18:47","受注取込","7987642","7987642X11Y20","【送料無料】ミニ財布 メンズ 本革 レディース 二つ折り 財布 カードケース LTG カード入れ 多い NEK ★REV 7987642 折りたたみ コンパクト 小さい財布 小銭入れ コインスルー お札が折れない スキミング防止 ファスナー コインケース ミニマリスト ラウンドジッパー","ONESIZE","チョコ","X11","Y20",,"0","15","14","-1",
"2026/10/05 13:18:47","受注取込","7987084","7987084X12Y11","【くすみカラー 10色展開】深め 大きいサイズ 普通サイズ 帽子 キャップ メンズ レディース ★REV 7987084 Vintage 無地 シンプル おしゃれ 送料無料","大きいサイズ","ブラック","X12","Y11",,"0","1","0","-1",
"2026/10/05 13:27:58","受注取込","7987345","7987345X23Y12","【とにかくデカい！】 大きいサイズ キャップ 送料無料 大きめ ビッグサイズ ★REV 7987345 BIG SIZE 帽子 ハット キャップ キャスケット メンズキャップ 大きいサイズ バケット 大きい帽子 メンズ メンズ帽子 大きい 頭 メッシュキャップ","MMM","2","X23","Y12",,"0","9","8","-1",
"2026/10/05 13:40:17","受注取込","7988208","7988208X11Y15","【旅行にピッタリ】ボストンバッグ ボストン メンズ レディース ★REV 7988208 小旅行 大容量 2泊 大きい ゴルフ ビジネス 出張 修学旅行 収納ポケット多数 シンプル 送料無料","ONESIZE","オリーブ","X11","Y15",,"0","4","3","-1",
"2026/10/05 13:56:58","受注取込","7987626","7987626X11Y11","【お得な5個セット】LEDライト キーホルダー 小型LEDライト NEK ★REV 7987626 キーライト 高輝度 5灯 LR44 ボタン電池 LTG 送料無料","ONESIZE","5本セット","X11","Y11",,"0","172","171","-1",
"2026/10/05 13:58:28","受注取込","7992723","7992723X11Y11","お得！ 送料無料 4枚入り 福袋 Dickies ディッキーズ ボクサーパンツ メンズ かわいい NEK ★REV <br> パンツ ボクサーパンツ セット メンズ下着 メンズボクサーパンツ メンズボクサー 大きいサイズ 大きめ 特大 3L 下着 インナー メンズ usa まとめ買い プレゼント ギフト","M","福袋4枚セット","X11","Y11",,"0","57","56","-1",
"2026/10/05 14:06:28","受注取込","7987345","7987345X13Y15","【とにかくデカい！】 大きいサイズ キャップ 送料無料 大きめ ビッグサイズ ★REV 7987345 BIG SIZE 帽子 ハット キャップ キャスケット メンズキャップ 大きいサイズ バケット 大きい帽子 メンズ メンズ帽子 大きい 頭 メッシュキャップ","CCC","5","X13","Y15",,"0","2","1","-1",
"2026/10/05 14:07:58","受注取込","7994812","7994812X12Y33","サファリハット メンズ 釣り 帽子 ハット レディース SUNS(サンズ)  撥水 アウトドア 登山 キャンプ バーベキュー NEK ★REV H-051 H-053 送料無料 大きいサイズあり キッズサイズ 子供 UVカット アドベンチャーハット 父の日 プレゼント ユニセックス 春 夏 夏フェス ギフト","大きいサイズ","GREIGE(H-051)","X12","Y33",,"0","64","63","-1",
"2026/10/05 14:09:28","受注取込","7987439","7987439X12Y13","【通気性◎】メッシュキャップ メンズ 帽子 7987439 ★REV 野球帽 普通サイズ 56cm～59cm 大きいサイズ ビッグサイズ 59cm～63cm BIG 刺繍 プレゼント ギフト 送料無料","大きいサイズ","ブラック×ゴールド","X12","Y13",,"0","10","9","-1",
"2026/10/05 14:09:28","受注取込","7987389","7987389X11Y16","【本革 総革】名刺入れ 名刺ケース 本革 メンズ NEK ★REV 7987389 レディース レザー 本皮 Vintage ヌメ革 プレゼント ギフト 母の日 父の日 送料無料","ONESIZE","チョコ","X11","Y16",,"0","2","1","-1",
"2026/10/05 14:10:15","受注取込","7987558","7987558X11Y11","ミニ財布 ミニウォレット 短財布 財布 二つ折り メンズ レディース ウォレット NEK ★REV 7987558 プレゼント ギフト 父の日 母の日 プチギフト 誕プレ 送料無料","ONESIZE","ブラック","X11","Y11",,"0","23","22","-1",
"2026/10/05 14:11:01","受注取込","7987400","7987400X11Y13","【とにかくデカい！/普通サイズあり！】キャップ メンズ 大きいサイズ 帽子 深め ビッグサイズ ★REVM 7987400 BIG SIZE メンズキャップ帽子 大きめ 大きい帽子 メンズ帽子 レディース 春 夏 春夏 プレゼント ギフト 母の日 父の日 送料無料","大きいサイズ","C-グレー","X11","Y13",,"0","40","39","-1",
"2026/10/05 14:16:30","受注取込","7986564","7986564X11Y11","【当店限定/大きいサイズ】BlackRebel 帽子 キャップ メンズ レディース 大きいサイズ ★REVL 7986564 深め Vintage クラッシュ 加工 こなれ感 おしゃれ 送料無料","ONESIZE","ブラック","X11","Y11",,"0","63","62","-1",
"2026/10/05 14:20:13","受注取込","7986654","7986654X18Y11","【お得な100枚セット】宅配ビニール袋 100枚 お得 安い 宅配袋 宅配ポリ袋 ポリ袋 強テープ付き 17cm 20cm 25cm 30cm 32cm 40cm 45cm 50cm 60cm 梱包 袋 梱包材 ビニール 宅配 7986654 プレゼント ギフト","45cm×60cm","ワンカラー","X18","Y11",,"0","87","86","-1",
"2026/10/05 14:20:30","受注取込","7987400","7987400X11Y16","【とにかくデカい！/普通サイズあり！】キャップ メンズ 大きいサイズ 帽子 深め ビッグサイズ ★REVM 7987400 BIG SIZE メンズキャップ帽子 大きめ 大きい帽子 メンズ帽子 レディース 春 夏 春夏 プレゼント ギフト 母の日 父の日 送料無料","大きいサイズ","F-ブラック","X11","Y16",,"0","91","90","-1",
"2026/10/05 14:30:31","注文者受注キャンセル取込","7986706","7986706X12Y11","【特大！すっぽりかぶって、小顔見せ】バケットハット チューリップハット 帽子 NEK ★REVL 7986706 メンズ レディース 大きいサイズ 普通サイズ  デニム素材 コットン100％ おしゃれ フリンジ 送料無料","大きいサイズ","ブラック","X12","Y11",,"0","24","25","1",
"2026/10/05 14:44:04","受注取込","7987080","7987080X11Y12","【防災 災害 アウトドア】収納ボックス コンテナボックス ソフトコンテナ バッグ ★REV 7987080 メンズ レディース ミリタリー Military タクティカルバッグ 防災 防災リュックのサブ キャンプ アウトドア サバゲー 釣り カメラ撮影 鞄 カバン ツールボックス 送料無料","ONESIZE","カーキ","X11","Y12",,"0","9","8","-1",
"2026/10/05 14:46:59","受注取込","7986752","7986752X11Y11","収納 サンバイザーホルダー マルチ 車 カーポケット ドライブポケット NEK ★REVL 7986752 おしゃれ サンバイザー ポケット カー用品 収納 カー用品 ペン カードポケット 収納ホルダー サングラスホルダー 車 眼鏡ホルダー カーアクセサリー 送料無料","ONESIZE","ブラック","X11","Y11",,"0","31","30","-1",
"2026/10/05 14:48:01","受注取込","7988002","7988002X12Y18","【光る首輪】光る 犬 首輪 光る 犬用 LED ライト USB充電式 猫用 カラー 可愛い NEK ★REVG 7988002 ペット用品 ドッグ 大型犬 中型犬 小型犬 向け サイズ調節 35cm 50cm 70cm レインボー 猫 事故防止 散歩 防水 送料無料","M(50cm)","レインボー","X12","Y18",,"0","2","1","-1",
"2026/10/05 14:52:14","受注取込","7986568","7986568X11Y11","【豪華5点セット】ワインオープナー VinoArte コルク抜き オープナー ワイン ★REVL 7986568 ボトルオープナー 栓抜き おしゃれ コルク抜き 栓抜き おしゃれ 栓抜き オープナーワイン ワインオープナー 簡単 初心者向け プレゼント ギフト 送料無料","ONESIZE","ブラック","X11","Y11",,"0","27","26","-1",
"2026/10/05 15:02:28","受注取込","7987794","7987794X12Y11","【大きいサイズもあり】キャスハンチング キャップ メンズ レディース CULTURE MART NEK 101294 ★REV 7987794 ハンチング帽子 ハンチング帽 秋冬 帽子 ハンチング キャスケット メンズ帽子 レディース帽子秋冬 秋冬帽子 メンズハンチング おしゃれ カルチャーマート","大きいサイズ","ベージュ(1)","X12","Y11",,"0","46","45","-1",
"2026/10/05 15:04:59","受注取込","7987892","7987892X11Y11","【深めのシルエット】メッシュキャップ キャップ 帽子 メンズ レディース 大きいサイズ 普通サイズ ★REV 7987892","普通サイズ","A","X11","Y11",,"0","7","6","-1",
"2026/10/05 15:04:59","受注取込","7987400","7987400X11Y15","【とにかくデカい！/普通サイズあり！】キャップ メンズ 大きいサイズ 帽子 深め ビッグサイズ ★REVM 7987400 BIG SIZE メンズキャップ帽子 大きめ 大きい帽子 メンズ帽子 レディース 春 夏 春夏 プレゼント ギフト 母の日 父の日 送料無料","大きいサイズ","E-ベージュ","X11","Y15",,"0","71","70","-1",
"2026/10/05 15:09:28","受注取込","7987400","7987400X11Y13","【とにかくデカい！/普通サイズあり！】キャップ メンズ 大きいサイズ 帽子 深め ビッグサイズ ★REVM 7987400 BIG SIZE メンズキャップ帽子 大きめ 大きい帽子 メンズ帽子 レディース 春 夏 春夏 プレゼント ギフト 母の日 父の日 送料無料","大きいサイズ","C-グレー","X11","Y13",,"0","39","38","-1",
"2026/10/05 15:10:58","受注取込","7988029","7988029X12Y13","【裏ボアで暖か】パーカー ジャケット メンズ ★REV 7988029 着る毛布 杢カラー 裏ボア フリース セーター 送料無料","L","ブラウン","X12","Y13",,"0","32","31","-1",
"2026/10/05 15:14:58","WEB画面","7986425","7986425X11Y11","AVIREX アヴィレックス ボアフライトキャップ トラッパーハット ★REVL 7986425 81928200 帽子 防寒帽子 耳当て ミリタリー アビエーター パイロットキャップ ブラック オリーブ ブラウン メンズ レディース ユニセックス スノボ 秋冬 男女兼用 送料無料","ONESIZE","ブラック","X11","Y11",,"0","0","25","25","門田"
"2026/10/05 15:14:58","WEB画面","7986425","7986425X11Y12","AVIREX アヴィレックス ボアフライトキャップ トラッパーハット ★REVL 7986425 81928200 帽子 防寒帽子 耳当て ミリタリー アビエーター パイロットキャップ ブラック オリーブ ブラウン メンズ レディース ユニセックス スノボ 秋冬 男女兼用 送料無料","ONESIZE","オリーブ","X11","Y12",,"0","0","25","25","門田"
"2026/10/05 15:14:58","WEB画面","7986425","7986425X11Y13","AVIREX アヴィレックス ボアフライトキャップ トラッパーハット ★REVL 7986425 81928200 帽子 防寒帽子 耳当て ミリタリー アビエーター パイロットキャップ ブラック オリーブ ブラウン メンズ レディース ユニセックス スノボ 秋冬 男女兼用 送料無料","ONESIZE","ブラウン","X11","Y13",,"0","0","25","25","門田"
"2026/10/05 15:15:58","受注取込","7986768","7986768X11Y11","【衝撃吸収・低反発】シートクッション カークッション 車 座布団 腰痛 運転席 ★REV 7986768 お尻が痛くならない 腰痛クッション 椅子 腰 姿勢 シート 人気 おすすめ 座席 低反発 ブラック オフィスチェア 背もたれ おしゃれ 運転席 カーアクセサリー 送料無料","ONESIZE","ブラック","X11","Y11",,"0","5","4","-1",
"2026/10/05 15:17:28","受注取込","7990254","7990254X11Y13","【送料無料 速攻配達】AVIREX ニットキャップ ニット帽 帽子 メンズ レディース スウェットキャップ  NEK ★REV 14649300 ルーズ キャップ ブランド アビレックス リバーシブル AX REVERSIBLE SWEAT CAP 送料無料 プレゼント ギフト","ONESIZE","グレー(85)","X11","Y13",,"0","232","231","-1",
"2026/10/05 15:20:58","受注取込","7987616","7987616X11Y12","【バッグを汚さない！お得な2個入】バッグフック バッグハンガー デスク 便利 NEK ★REV 7987616 おしゃれ グッズ アイデア フック 机 テーブル グック ハンガー 防犯 メンズ レディース 荷物かけ カバン掛け プチギフト プレゼント LTG 送料無料","ONESIZE","ブラック/グレー","X11","Y12",,"0","24","23","-1",
"2026/10/05 15:20:58","受注取込","7987616","7987616X11Y11","【バッグを汚さない！お得な2個入】バッグフック バッグハンガー デスク 便利 NEK ★REV 7987616 おしゃれ グッズ アイデア フック 机 テーブル グック ハンガー 防犯 メンズ レディース 荷物かけ カバン掛け プチギフト プレゼント LTG 送料無料","ONESIZE","ブラック/ワイン","X11","Y11",,"0","3","2","-1",
"2026/10/05 15:25:28","受注取込","7987400","7987400X11Y16","【とにかくデカい！/普通サイズあり！】キャップ メンズ 大きいサイズ 帽子 深め ビッグサイズ ★REVM 7987400 BIG SIZE メンズキャップ帽子 大きめ 大きい帽子 メンズ帽子 レディース 春 夏 春夏 プレゼント ギフト 母の日 父の日 送料無料","大きいサイズ","F-ブラック","X11","Y16",,"0","90","89","-1",
"2026/10/05 15:25:50","WEB画面","7986427","7986427X11Y11","AVIREX アヴィレックス ファーフライトキャップ トラッパーハット ★REVL 7986427 81927800 帽子 防寒帽子 耳当て ファー ナイロン ミリタリー アビエーター パイロットキャップ ブラック オリーブ メンズ レディース ユニセックス スノボ 秋冬 男女兼用 送料無料","ONESIZE","ブラック","X11","Y11",,"0","0","25","25","門田"
"2026/10/05 15:25:50","WEB画面","7986427","7986427X11Y12","AVIREX アヴィレックス ファーフライトキャップ トラッパーハット ★REVL 7986427 81927800 帽子 防寒帽子 耳当て ファー ナイロン ミリタリー アビエーター パイロットキャップ ブラック オリーブ メンズ レディース ユニセックス スノボ 秋冬 男女兼用 送料無料","ONESIZE","オリーブ","X11","Y12",,"0","0","25","25","門田"
"2026/10/05 15:26:39","WEB画面","7987842","7987842X15Y12","AVIREX ブーツ スニーカー メンズ ブランド アヴィレックス アビレックス Y_KO AV2278 ディクティター DICTATOR レディース ミドルカット カジュアルシューズ バイカーシューズ プレゼント","27.0cm","GOLD_NUBUCK","X15","Y12",,"0","26","0","-26","塩谷 満里子"
"2026/10/05 15:26:39","WEB画面","7987842","7987842X16Y12","AVIREX ブーツ スニーカー メンズ ブランド アヴィレックス アビレックス Y_KO AV2278 ディクティター DICTATOR レディース ミドルカット カジュアルシューズ バイカーシューズ プレゼント","28.0cm","GOLD_NUBUCK","X16","Y12",,"0","3","0","-3","塩谷 満里子"
"2026/10/05 15:27:42","WEB画面","7987842","7987842X14Y11","AVIREX ブーツ スニーカー メンズ ブランド アヴィレックス アビレックス Y_KO AV2278 ディクティター DICTATOR レディース ミドルカット カジュアルシューズ バイカーシューズ プレゼント","26.0cm","GRAY/BLACK","X14","Y11",,"0","26","0","-26","塩谷 満里子"
"2026/10/05 15:27:42","WEB画面","7987842","7987842X14Y12","AVIREX ブーツ スニーカー メンズ ブランド アヴィレックス アビレックス Y_KO AV2278 ディクティター DICTATOR レディース ミドルカット カジュアルシューズ バイカーシューズ プレゼント","26.0cm","GOLD_NUBUCK","X14","Y12",,"0","25","15","-10","塩谷 満里子"
"2026/10/05 15:27:42","WEB画面","7987842","7987842X15Y11","AVIREX ブーツ スニーカー メンズ ブランド アヴィレックス アビレックス Y_KO AV2278 ディクティター DICTATOR レディース ミドルカット カジュアルシューズ バイカーシューズ プレゼント","27.0cm","GRAY/BLACK","X15","Y11",,"0","30","0","-30","塩谷 満里子"
"2026/10/05 15:27:42","WEB画面","7987842","7987842X16Y11","AVIREX ブーツ スニーカー メンズ ブランド アヴィレックス アビレックス Y_KO AV2278 ディクティター DICTATOR レディース ミドルカット カジュアルシューズ バイカーシューズ プレゼント","28.0cm","GRAY/BLACK","X16","Y11",,"0","19","0","-19","塩谷 満里子"
"2026/10/05 15:28:16","WEB画面","7987842","7987842X13Y12","AVIREX ブーツ スニーカー メンズ ブランド アヴィレックス アビレックス Y_KO AV2278 ディクティター DICTATOR レディース ミドルカット カジュアルシューズ バイカーシューズ プレゼント","25.0cm","GOLD_NUBUCK","X13","Y12",,"0","2","10","8","塩谷 満里子"
"2026/10/05 15:29:44","WEB画面","7987400","7987400X11Y15","【とにかくデカい！/普通サイズあり！】キャップ メンズ 大きいサイズ 帽子 深め ビッグサイズ ★REVM 7987400 BIG SIZE メンズキャップ帽子 大きめ 大きい帽子 メンズ帽子 レディース 春 夏 春夏 プレゼント ギフト 母の日 父の日 送料無料","大きいサイズ","E-ベージュ","X11","Y15",,"0","70","71","1","大場"
"2026/10/05 15:32:58","受注取込","7987344","7987344X11Y11","【4個入でお得】カラビナ パラコード キーホルダー キーチェーン 4本セット NEK ★REV 7987344 帽子フック おしゃれ キーリング アウトドア リュック バッグ キャンプ 非常用 災害 ロープ 紐 便利 代用 防災 丈夫 コンパクト 軽量 プレゼント ギフト 送料無料","ONESIZE","4色セット","X11","Y11",,"0","15","14","-1",
"2026/10/05 15:40:21","受注取込","7987642","7987642X11Y20","【送料無料】ミニ財布 メンズ 本革 レディース 二つ折り 財布 カードケース LTG カード入れ 多い NEK ★REV 7987642 折りたたみ コンパクト 小さい財布 小銭入れ コインスルー お札が折れない スキミング防止 ファスナー コインケース ミニマリスト ラウンドジッパー","ONESIZE","チョコ","X11","Y20",,"0","14","13","-1",
"2026/10/05 15:40:38","受注取込","7988208","7988208X11Y13","【旅行にピッタリ】ボストンバッグ ボストン メンズ レディース ★REV 7988208 小旅行 大容量 2泊 大きい ゴルフ ビジネス 出張 修学旅行 収納ポケット多数 シンプル 送料無料","ONESIZE","グレー","X11","Y13",,"0","52","51","-1",
"2026/10/05 15:51:31","受注取込","7986572","7986572X11Y40","【新型/IQOS イルマ i ワン用】アイコス イルマiワン ILUMA ケース 保護ケース NEK ★REVL 7986572 iqosイルマワン イルマワンカバー 耐衝撃 おしゃれ iqos iluma one 専用 IQOSイルマワン保護ケース レザー ヒョウ柄 ペイズリー 保護カバー アイコスケース アクセサリー 送料無料","イルマiワン","84","X11","Y40",,"0","12","11","-1",
"2026/10/05 15:55:51","WEB画面","7986957","7986957X14Y18","【色込み15種展開】AVIREX サーマル ロンT 長袖シャツ メンズ 正規品 THERMAL V-NECK CREW-NECK HENLY-NECK Y_U NEK 7833930008 7833930006 7833930007 ★REV 7986957 ブランド おしゃれ 無地 ストレッチ アビレックス アヴィレックス Vネック Tシャツ 送料無料","XL","ヘンリーネック_offホワイト(33)","X14","Y18",,"0","5","0","-5","塩谷 満里子"
"2026/10/05 15:57:30","受注取込","7986747","7986747X11Y11","【日焼けシェード付き】サファリハット シェード メンズ 釣り 帽子 ハット レディース SUNS(サンズ) 撥水 アウトドア 登山 キャンプ バーベキュー NEK ★REVL H-051 送料無料 大きいサイズあり キッズサイズ 子供 UVカット アドベンチャーハット 父の日 プレゼント ユニセックス 春 夏 夏フェス ギフト","普通サイズ","SHADE_BK/BLACK(H_051)","X11","Y11",,"0","43","42","-1",
"2026/10/05 15:57:41","WEB画面","7986897","7986897X12Y11","【定番】AVIREX 長袖 シャツ シャンブレー シャツ Y_U 7833920003 ★REV 7986897 メンズ デニムシャツ DAILY/デイリー BASIC CHAMBRAY LONG SLEEVE SHIRT 正規品 ブランド おしゃれ アビレックス アヴィレックス 送料無料","L","ブルー(110)","X12","Y11",,"0","9","0","-9","塩谷 満里子"
"2026/10/05 15:58:42","WEB画面","7986957","7986957X12Y17","【色込み15種展開】AVIREX サーマル ロンT 長袖シャツ メンズ 正規品 THERMAL V-NECK CREW-NECK HENLY-NECK Y_U NEK 7833930008 7833930006 7833930007 ★REV 7986957 ブランド おしゃれ 無地 ストレッチ アビレックス アヴィレックス Vネック Tシャツ 送料無料","M","ヘンリーネック_グレー(20)","X12","Y17",,"0","7","0","-7","塩谷 満里子"
"2026/10/05 15:59:08","WEB画面","7986907","7986907X13Y12","【羊革 シープスキン】AVIREX 本革 B-3 ダウンジャケット アウター ジャケット メンズ ブルゾン ミリタリー LEATHER DOWN BOMMER JACKET レザー Y_U 7833250066 ★REV 7986907 ダウン ボマー ジャケット 革ジャン 正規品 ブランド おしゃれ アビレックス アヴィレックス 送料無料","XL","ダークブラウン(53)","X13","Y12",,"0","4","0","-4","塩谷 満里子"
"2026/10/05 15:59:45","WEB画面","7986953","7986953X13Y16","【7色展開】AVIREX スウェット 厚手ロンT トレーナー シャツ ジャージ 長袖シャツ 裏起毛 メンズ 正規品 ブランド おしゃれ アップリケ刺繍 アビレックス アヴィレックス Y_U ★REV 7833932007 7986953 VARSITY LOGO CREW NECK SWEAT 送料無料","XL","オリーブ(310)","X13","Y16",,"0","9","0","-9","塩谷 満里子"
"2026/10/05 16:00:20","WEB画面","7986902","7986902X12Y11","【定番】AVIREX パーカー フルジップパーカー スウェット ジャージ 裏起毛 メンズ レディース 正規品 ブランド おしゃれ 無地 アビレックス アヴィレックス Y_U 7833931005 ★REV 7986902 DAILY/デイリー ZIP UP SWEAT PARKA 送料無料","L","ブラック(10)","X12","Y11",,"0","9","0","-9","塩谷 満里子"
"2026/10/05 16:00:20","WEB画面","7986902","7986902X12Y14","【定番】AVIREX パーカー フルジップパーカー スウェット ジャージ 裏起毛 メンズ レディース 正規品 ブランド おしゃれ 無地 アビレックス アヴィレックス Y_U 7833931005 ★REV 7986902 DAILY/デイリー ZIP UP SWEAT PARKA 送料無料","L","オックスフォード(382)","X12","Y14",,"0","8","0","-8","塩谷 満里子"
"2026/10/05 16:00:20","WEB画面","7986902","7986902X12Y11","【定番】AVIREX パーカー フルジップパーカー スウェット ジャージ 裏起毛 メンズ レディース 正規品 ブランド おしゃれ 無地 アビレックス アヴィレックス Y_U 7833931005 ★REV 7986902 DAILY/デイリー ZIP UP SWEAT PARKA 送料無料","L","ブラック(10)","X12","Y11",,"0","9","0","-9","塩谷 満里子"
"2026/10/05 16:00:20","WEB画面","7986902","7986902X12Y14","【定番】AVIREX パーカー フルジップパーカー スウェット ジャージ 裏起毛 メンズ レディース 正規品 ブランド おしゃれ 無地 アビレックス アヴィレックス Y_U 7833931005 ★REV 7986902 DAILY/デイリー ZIP UP SWEAT PARKA 送料無料","L","オックスフォード(382)","X12","Y14",,"0","8","0","-8","塩谷 満里子"
"2026/10/05 16:02:00","受注取込","7986601","7986601X11Y11","【首元リセット/癒しの深温波】テラハーモニー TeraHarmony 天然 テラヘルツ NEK ★REVL 7986601 健康 リラックス 安眠 天然石 パワーストーン お風呂 テラヘルツ鉱石 温泉 健康グッズ 健康器具 テラヘル マッサージ 肩こり 腰痛 疲労 母の日 父の日送料無料","ONESIZE","ブラック","X11","Y11",,"0","22","21","-1",
"2026/10/05 16:04:58","受注取込","7986598","7986598X11Y11","【熊対策/大音量】 熊対策！熊避け！大音量アラーム&ライト 120dB 害獣避け 害鳥避け NEK ★REVL 7986598 害獣対策 くま避け 熊よけ べアBEAR クマよけ 熊避け 熊・猪などの野生動物対策に アウトドア キャンプ 登山 ハイキング トレッキング アクセサリー 非常用 緊急用 笛 防犯 防災グッズ 送料無料","ONESIZE","ブラック","X11","Y11",,"0","112","111","-1",
"2026/10/05 16:04:58","受注取込","7986654","7986654X17Y11","【お得な100枚セット】宅配ビニール袋 100枚 お得 安い 宅配袋 宅配ポリ袋 ポリ袋 強テープ付き 17cm 20cm 25cm 30cm 32cm 40cm 45cm 50cm 60cm 梱包 袋 梱包材 ビニール 宅配 7986654 プレゼント ギフト","45cm×55cm","ワンカラー","X17","Y11",,"0","51","46","-5",
"2026/10/05 16:13:38","受注取込","7987319","7987319X11Y14","LOGOS ロゴス ニットキャップ ニット帽 帽子 NEK ★REV LS6P207Z 7987319 大きい 大きめ 大きいサイズ ニット素材 メンズ レディース ブランド プレゼント ギフト ミリタリー アメカジ ストリート アウトドア プレゼント ギフト 送料無料","ONESIZE","カーキ","X11","Y14",,"0","46","45","-1",
"2026/10/05 16:16:05","受注取込","9009978","9009978X3Y4","帽子 メンズ AVIREX アビレックス 送料無料 キャップ 父の日 プレゼント 贈り物 ニットキャップ メッシュキャップ 大きいサイズ レディース ディッキーズ ローキャップ ワークキャップ ハット ハンチング おしゃれ ロゴ 刺繍 プリント アメカジ HYPE 通販 yos ギフト","C","-4","X3","Y4",,"0","13","12","-1",
"2026/10/05 16:32:35","受注取込","7987080","7987080X11Y12","【防災 災害 アウトドア】収納ボックス コンテナボックス ソフトコンテナ バッグ ★REV 7987080 メンズ レディース ミリタリー Military タクティカルバッグ 防災 防災リュックのサブ キャンプ アウトドア サバゲー 釣り カメラ撮影 鞄 カバン ツールボックス 送料無料","ONESIZE","カーキ","X11","Y12",,"0","8","7","-1",
"2026/10/05 16:32:35","受注取込","7987080","7987080X11Y13","【防災 災害 アウトドア】収納ボックス コンテナボックス ソフトコンテナ バッグ ★REV 7987080 メンズ レディース ミリタリー Military タクティカルバッグ 防災 防災リュックのサブ キャンプ アウトドア サバゲー 釣り カメラ撮影 鞄 カバン ツールボックス 送料無料","ONESIZE","オリーブ","X11","Y13",,"0","7","6","-1",
"2026/10/05 16:35:58","受注取込","7986572","7986572X11Y30","【新型/IQOS イルマ i ワン用】アイコス イルマiワン ILUMA ケース 保護ケース NEK ★REVL 7986572 iqosイルマワン イルマワンカバー 耐衝撃 おしゃれ iqos iluma one 専用 IQOSイルマワン保護ケース レザー ヒョウ柄 ペイズリー 保護カバー アイコスケース アクセサリー 送料無料","イルマiワン","74","X11","Y30",,"0","24","23","-1",
"2026/10/05 16:37:27","WEB画面","7987085","7987085X11Y11","【とにかくデカい！】大きいサイズ キャップ 大きめ 深い 深め ビッグサイズ BIG SIZE ★REV 7987085 メンズキャップ帽子 大きい帽子 メンズ帽子 レディース 春 夏 春夏 プレゼント ギフト 母の日 父の日 送料無料","YA","1","X11","Y11",,"0","16","15","-1","塩谷 満里子"
"2026/10/05 16:37:57","WEB画面","7987612","7987612X11Y12","本革 レザー ハンチング 帽子 キャップ メンズ 鳥打帽 キャスケット 本皮 ★REV 7987612 おしゃれ ブラック ダークブラウン プレゼント ギフト 父の日 送料無料","ONESIZE","ダークブラウン","X11","Y12",,"0","19","18","-1","塩谷 満里子"
"2026/10/05 16:40:30","受注取込","7998075","7998075X11Y13","他店圧倒価格♪最安値に挑戦！ 1点までメール便送料無料 ワッチキャップ ニット帽子 ニットキャップ 7998075 【MB】【ALI】■05161126【wow未販売】 sg追加200125 sg追加200125","普通サイズ(～60cm)","ブラウン杢","X11","Y13",,"0","32","31","-1",
"2026/10/05 16:43:48","受注取込","7987400","7987400X11Y11","【とにかくデカい！/普通サイズあり！】キャップ メンズ 大きいサイズ 帽子 深め ビッグサイズ ★REVM 7987400 BIG SIZE メンズキャップ帽子 大きめ 大きい帽子 メンズ帽子 レディース 春 夏 春夏 プレゼント ギフト 母の日 父の日 送料無料","大きいサイズ","A-ブラック","X11","Y11",,"0","126","125","-1",
"2026/10/05 16:45:02","受注取込","7987400","7987400X11Y18","【とにかくデカい！/普通サイズあり！】キャップ メンズ 大きいサイズ 帽子 深め ビッグサイズ ★REVM 7987400 BIG SIZE メンズキャップ帽子 大きめ 大きい帽子 メンズ帽子 レディース 春 夏 春夏 プレゼント ギフト 母の日 父の日 送料無料","大きいサイズ","H-オリーブ","X11","Y18",,"0","18","17","-1",
"2026/10/05 16:46:28","受注取込","7986748","7986748X11Y11","【浴槽に入れるだけ/疲れた心と身体に】天然 テラヘルツ 健康温泉石 リラックス 安眠 天然石 パワーストーン NEK ★REVL 7986748 さざれ 水晶 サザレ お風呂 温泉気分 テラヘルツ鉱石 温泉 健康グッズ 入浴剤 温泉水 健康器具 テラヘル マッサージ 肩こり 腰痛 疲労 母の日 父の日 送料無料","ONESIZE","テラヘルツ原石","X11","Y11",,"0","73","72","-1",
"2026/10/05 16:49:28","受注取込","7988215","7988215X29Y15","【とにかくデカい！】 大きいサイズ キャップ メッシュキャップ 送料無料 大きめ ビッグサイズ BIG SIZE ★REV 7988215 <br> 帽子 ハット キャップ ワークキャップ メンズキャップ 大きいサイズ バケット 大きい帽子 メンズ バケハ メンズ帽子 大きい 頭 メッシュ 全39カラー","SS","5","X29","Y15",,"0","13","12","-1",
"2026/10/05 16:52:00","受注取込","7986465","7986465X11Y12","【とにかくデカい】帽子 キャップ 大きいサイズ 深い 深め 60～65cm ★REVL 7986465 サイドタグ シンプル おしゃれ 野球帽 送料無料","ONESIZE","ブラック","X11","Y12",,"0","4","3","-1",
"2026/10/05 17:01:00","受注取込","7987794","7987794X11Y15","【大きいサイズもあり】キャスハンチング キャップ メンズ レディース CULTURE MART NEK 101294 ★REV 7987794 ハンチング帽子 ハンチング帽 秋冬 帽子 ハンチング キャスケット メンズ帽子 レディース帽子秋冬 秋冬帽子 メンズハンチング おしゃれ カルチャーマート","普通サイズ","デニム×ヒッコリー(5)","X11","Y15",,"0","30","29","-1",
"2026/10/05 17:02:21","WEB画面","7986572","7986572X11Y15","【新型/IQOS イルマ i ワン用】アイコス イルマiワン ILUMA ケース 保護ケース NEK ★REVL 7986572 iqosイルマワン イルマワンカバー 耐衝撃 おしゃれ iqos iluma one 専用 IQOSイルマワン保護ケース レザー ヒョウ柄 ペイズリー 保護カバー アイコスケース アクセサリー 送料無料","イルマiワン","59","X11","Y15",,"0","18","19","1","大場"
"2026/10/05 17:05:01","受注取込","7987084","7987084X12Y13","【くすみカラー 10色展開】深め 大きいサイズ 普通サイズ 帽子 キャップ メンズ レディース ★REV 7987084 Vintage 無地 シンプル おしゃれ 送料無料","大きいサイズ","ネイビー","X12","Y13",,"0","16","15","-1",
"2026/10/05 17:07:58","受注取込","7987345","7987345X15Y12","【とにかくデカい！】 大きいサイズ キャップ 送料無料 大きめ ビッグサイズ ★REV 7987345 BIG SIZE 帽子 ハット キャップ キャスケット メンズキャップ 大きいサイズ バケット 大きい帽子 メンズ メンズ帽子 大きい 頭 メッシュキャップ","EEE","2","X15","Y12",,"0","22","21","-1",
"2026/10/05 17:07:58","受注取込","7987400","7987400X12Y17","【とにかくデカい！/普通サイズあり！】キャップ メンズ 大きいサイズ 帽子 深め ビッグサイズ ★REVM 7987400 BIG SIZE メンズキャップ帽子 大きめ 大きい帽子 メンズ帽子 レディース 春 夏 春夏 プレゼント ギフト 母の日 父の日 送料無料","普通サイズ","G-オレンジ","X12","Y17",,"0","7","6","-1",
"2026/10/05 17:13:00","受注取込","7986572","7986572X11Y37","【新型/IQOS イルマ i ワン用】アイコス イルマiワン ILUMA ケース 保護ケース NEK ★REVL 7986572 iqosイルマワン イルマワンカバー 耐衝撃 おしゃれ iqos iluma one 専用 IQOSイルマワン保護ケース レザー ヒョウ柄 ペイズリー 保護カバー アイコスケース アクセサリー 送料無料","イルマiワン","81","X11","Y37",,"0","22","21","-1",
"2026/10/05 17:21:01","受注取込","7988359","7988359X11Y11","キーケース メンズ レディース 本革 レザー スマートキー キーホルダー 鍵 キーチェーン 小銭入れ プレゼント ミニギフト 父の日 母の日 ★REV 7988359","ONESIZE","キャメル","X11","Y11",,"0","6","5","-1",
"2026/10/05 17:21:58","受注取込","7988044","7988044X11Y13","ショルダーバッグ メンズ ワンショルダー 斜め掛け ★REV 7988044 おしゃれバッグ Vintage 斜めがけ メンズボディバック かっこいい ボディバッグ レザー ワンショルダーバッグ カバン 鞄 かばん レザー調 メンズバッグ 斜めがけ メンズショルダーバック 散歩 送料無料","ONESIZE","C_ブラウン","X11","Y13",,"0","1","0","-1",
"2026/10/05 17:29:58","受注取込","7988525","7988525X11Y11","【速攻配達】イヤホン イヤフォン 3.5mm ハイレゾ 高音質 マイク付き NEK ★REV 7988525 重低音 hi-res 有線 ノイズキャンセリング 遮音 通勤 ゲーミング 携帯 スマホ イヤホンマイク Android アクセサリー 送料無料 プレゼント ギフト","ONESIZE","ブラック","X11","Y11",,"0","4","3","-1",
"2026/10/05 17:31:28","受注取込","7986547","7986547X11Y11","【お得な5枚10点セット】福袋 おなかぷにぷに3Dキャラクターシール 犬猫アニマル NEK ★REVO 7986547 ピンセット付き ぷにぷに触感 ストレス解消 癒しデコシール プレゼント ギフト 送料無料","ONESIZE","5枚10点アソート","X11","Y11",,"0","376","375","-1",
"2026/10/05 17:32:35","在庫CSV取込","7988000","7988000X11Y12","【SERGEANT】キャップ 帽子 メンズ レディース 野球帽 ローキャップ ★REV 7988000 Vintage Military プレゼント ギフト 送料無料","ONESIZE","ネイビー","X11","Y12",,"0","3","2","-1","星島"
"2026/10/05 17:32:35","在庫CSV取込","7986467","7986467X11Y12","【スタイルに合わせて使える2WAY仕様】ゴムベルト レディース 伸縮 ストライプ ACRHT042 NEK 7986467 2cm幅 フック式 ベルトループ対応 ウエストマーク 選べる4カラー","ONESIZE","グレージュ","X11","Y12",,"0","40","39","-1","星島"
"2026/10/05 17:32:35","在庫CSV取込","7988614","7988614X11Y13","【超絶おしゃれ】マスク デコマスク レディース ビーズマスク デコレーションマスク 新作 6色展開 NEK 7988614 プレゼント ギフト","ONESIZE","ネイビー","X11","Y13",,"0","8","7","-1","星島"
"2026/10/05 17:32:35","在庫CSV取込","7988607","7988607X11Y13","【超絶可愛い】マスク 日本製 フリルマスク レディース 抗菌 防臭 ワイヤー入り UVカット おしゃれ 可愛い 送料無料 エレガント 洗えるマスク NEK 7988607 プレゼント ギフト","ONESIZE","ブラック","X11","Y13",,"0","5","4","-1","星島"
"2026/10/05 17:32:35","在庫CSV取込","7990381","7990381X11Y23","【15柄展開】マスク 洗えるマスク カラーマスク レース メンズ レディース ペイズリー カモフラ 花柄 レオパード柄 新作 15柄展開 ★REV NEK 7990381 プレゼント ギフト","ONESIZE","M","X11","Y23",,"0","132","131","-1","星島"
"2026/10/05 17:32:35","在庫CSV取込","7990381","7990381X11Y14","【15柄展開】マスク 洗えるマスク カラーマスク レース メンズ レディース ペイズリー カモフラ 花柄 レオパード柄 新作 15柄展開 ★REV NEK 7990381 プレゼント ギフト","ONESIZE","D","X11","Y14",,"0","144","143","-1","星島"
"2026/10/05 17:32:35","在庫CSV取込","7990453","7990453X11Y24","【魅せるマスク】マスク カラーマスク ペイズリー 迷彩 カモフラージュ 総柄 おしゃれ かわいい ストレッチ 大人用 14色展開 NEK 7990453 プレゼント ギフト","一般成人用サイズ","迷彩E","X11","Y24",,"0","262","261","-1","星島"
"2026/10/05 17:32:35","在庫CSV取込","7990453","7990453X11Y14","【魅せるマスク】マスク カラーマスク ペイズリー 迷彩 カモフラージュ 総柄 おしゃれ かわいい ストレッチ 大人用 14色展開 NEK 7990453 プレゼント ギフト","一般成人用サイズ","ペイズリーD","X11","Y14",,"0","14","13","-1","星島"
"2026/10/05 17:32:35","在庫CSV取込","7990316","7990316X11Y17","【秋冬フリース素材 送料無料】マスク スカーフマスク 感染対策 女性 レディース スカーフ NEK 7990316 マスクスカーフ 花柄 おしゃれ エレガント 防塵 花粉 UVカット 洗える ネックウォーマー マフラー マスクカバー フェイスカバー 送料無料 プレゼント ギフト","ONESIZE","G","X11","Y17",,"0","15","14","-1","星島"
"2026/10/05 17:32:35","在庫CSV取込","7988088","7988088X14Y11","安全靴 スニーカー エアウォーク AIR WALK Y_YU AW-920 グリーン フレックスフィット ローカット メンズ セーフティシューズ 樹脂先芯 軽量 衝撃吸収 負担軽減 作業靴 オシャレ  かかとが踏める ムレにくい","26.5cm ","グリーン","X14","Y11",,"0","134","133","-1","星島"
"2026/10/05 17:32:35","在庫CSV取込","7988088","7988088X11Y11","安全靴 スニーカー エアウォーク AIR WALK Y_YU AW-920 グリーン フレックスフィット ローカット メンズ セーフティシューズ 樹脂先芯 軽量 衝撃吸収 負担軽減 作業靴 オシャレ  かかとが踏める ムレにくい","25.0cm ","グリーン","X11","Y11",,"0","67","66","-1","星島"
"2026/10/05 17:32:35","在庫CSV取込","7986648","7986648X11Y12","【孔雀石】パワーストーン ブレスレット 孔雀石 マラカイト メンズ レディース NEK ★REVL 7986648 バングル スピリチュアル 天然石 エネルギーアクセサリー プレゼント ギフト 送料無料","ONESIZE","オリーブ","X11","Y12",,"0","22","21","-1","星島"
"2026/10/05 17:32:35","在庫CSV取込","7986663","7986663X11Y11","【最強！溶岩石とオニキス】パワーストーン ブレスレット メンズ レディース バングル NEK ★REVL 7986663 スピリチュアル 天然石 エネルギーアクセサリー プレゼント ギフト 送料無料","ONESIZE","ブラック","X11","Y11",,"0","32","31","-1","星島"
"2026/10/05 17:32:35","在庫CSV取込","7990700","7990700X11Y12","マスク マスク在庫あり マスク 日本製 洗えるマスク 布マスク 送料無料 洗えるマスク日本製 手作りマスク NEK 7990700","一般成人用サイズ","ピンク","X11","Y12",,"0","36","35","-1","星島"
"2026/10/05 17:32:35","在庫CSV取込","7992250","7992250X18Y13","iPhone XS ケース バンカーリング 付き 落ちない シリコン ケース 透明 スケルトン 輪 送料無料 iphone XR ケース iPhone8 ケース iphone XS MAX  iphone X リング付 iPhone7 Plus スマホケース カバー クリア アイフォン アクセサリー NEK ALI 7992250 190715","iPhone_11_pro","ブラック","X18","Y13",,"0","2","1","-1","星島"
"2026/10/05 17:32:35","在庫CSV取込","7992495","7992495X11Y22","ブレスレット バングル メンズ レディース サバイバル パラコード 笛付き リフレクター素材 サバゲー ミリタリー アクセサリー プレゼント 送料無料  NEK ALI 7992495 190707","ONESIZE","L","X11","Y22",,"0","3","2","-1","星島"
"2026/10/05 17:32:35","在庫CSV取込","7992495","7992495X11Y14","ブレスレット バングル メンズ レディース サバイバル パラコード 笛付き リフレクター素材 サバゲー ミリタリー アクセサリー プレゼント 送料無料  NEK ALI 7992495 190707","ONESIZE","D","X11","Y14",,"0","8","7","-1","星島"
"2026/10/05 17:32:35","在庫CSV取込","7986803","7986803X11Y11","【お得な2個セット】LEDライト 懐中電灯 充電式 ハンディライト 小型 防水 ★REVL 7986803 最強 強力 作業用 防災グッズ TYPE-C ZOOM機能 送料無料","ONESIZE","ブラック","X11","Y11",,"0","38","37","-1","星島"
"2026/10/05 17:32:35","在庫CSV取込","7987080","7987080X11Y12","【防災 災害 アウトドア】収納ボックス コンテナボックス ソフトコンテナ バッグ ★REV 7987080 メンズ レディース ミリタリー Military タクティカルバッグ 防災 防災リュックのサブ キャンプ アウトドア サバゲー 釣り カメラ撮影 鞄 カバン ツールボックス 送料無料","ONESIZE","カーキ","X11","Y12",,"0","7","6","-1","星島"
"2026/10/05 17:32:35","在庫CSV取込","7987031","7987031X11Y13","【大人気SUNSより当店限定！】ミニトート バッグ レディース メンズ トートバッグ トート NEK ★REVL 7987031 CRB-001 ミニ 仕切り ポケット ランチバッグ マザーズバッグ 収納 ミリタリー MA-1 シンプル おしゃれ 便利 無地 通勤 通学 ユニセックス ジッパー付き 撥水","ONESIZE","ブラウン","X11","Y13",,"0","109","108","-1","星島"
"2026/10/05 17:32:35","在庫CSV取込","7987493","7987493X11Y12","【楽あけくん】 瓶オープナー 缶オープナー キャップオープナー 蓋開け ジャーオープナー NEK ★REV 7987493 ツイスト 力節約 びん蓋開け ジャムのフタや缶 滑り止め 安全 らくらく 力の弱い 女性 お年寄り お子様 キッチンツール キッチン用品 送料無料","ONESIZE","グリーン","X11","Y12",,"0","19","18","-1","星島"
"2026/10/05 17:32:35","在庫CSV取込","9009978","9009978X16Y8","帽子 メンズ AVIREX アビレックス 送料無料 キャップ 父の日 プレゼント 贈り物 ニットキャップ メッシュキャップ 大きいサイズ レディース ディッキーズ ローキャップ ワークキャップ ハット ハンチング おしゃれ ロゴ 刺繍 プリント アメカジ HYPE 通販 yos ギフト","P","-8","X16","Y8",,"0","4","3","-1","星島"
"2026/10/05 17:32:35","在庫CSV取込","7993671","7993671X11Y11","ブラック メッシュキャップ キャップ 帽子 メンズ レディース ブラック 黒 7993671 ALI 181217","ONESIZE","ブラック","X11","Y11",,"0","1","0","-1","星島"
"2026/10/05 17:32:35","在庫CSV取込","7988498","7988498X11Y11","【速攻配達 2個セット】LED ソーラーライト 人感センサー ガーデンライト 防犯ライト 3つ点灯モード 太陽光発電 IP65防水 自動点灯 消灯 屋外ウォールライト ガーデン 玄関 駐車場 停電 防災ライト 地震 津波 台風 防災対応 2個セット セキュリティーライト ★REV 7988498","ONESIZE","ブラック","X11","Y11",,"0","12","11","-1","星島"
"2026/10/05 17:32:35","在庫CSV取込","9009978","9009978X11Y8","帽子 メンズ AVIREX アビレックス 送料無料 キャップ 父の日 プレゼント 贈り物 ニットキャップ メッシュキャップ 大きいサイズ レディース ディッキーズ ローキャップ ワークキャップ ハット ハンチング おしゃれ ロゴ 刺繍 プリント アメカジ HYPE 通販 yos ギフト","K","-8","X11","Y8",,"0","13","12","-1","星島"
"2026/10/05 17:32:35","在庫CSV取込","7998075","7998075X11Y15","他店圧倒価格♪最安値に挑戦！ 1点までメール便送料無料 ワッチキャップ ニット帽子 ニットキャップ 7998075 【MB】【ALI】■05161126【wow未販売】 sg追加200125 sg追加200125","普通サイズ(～60cm)","チャコール","X11","Y15",,"0","52","51","-1","星島"
"2026/10/05 17:32:35","在庫CSV取込","7995525","7995525X1Y9","AVIREX 限定モデル キャップ 帽子 父の日 贈り物 プレゼント メンズ ★REV ブラックシリーズ 黒 アビレックス アヴィレックス メッシュキャップ ハンチング ローキャップ バケット ハット ワークキャップ レディース かっこいい yos プレゼント ギフト","ONESIZE","【I】ワークキャップ_14587800_80","X1","Y9",,"0","126","125","-1","星島"
"2026/10/05 17:32:35","在庫CSV取込","9009978","9009978X3Y1","帽子 メンズ AVIREX アビレックス 送料無料 キャップ 父の日 プレゼント 贈り物 ニットキャップ メッシュキャップ 大きいサイズ レディース ディッキーズ ローキャップ ワークキャップ ハット ハンチング おしゃれ ロゴ 刺繍 プリント アメカジ HYPE 通販 yos ギフト","C","-1","X3","Y1",,"0","15","14","-1","星島"
"2026/10/05 17:32:35","在庫CSV取込","7990623","7990623X11Y13","ドアオープナー リールキーホルダー付 アシストフック NEK 7990623 触らない 外出時 ボタン押し スイッチ類押し 便利グッズ ウィルス対策 接触防止 エレベーター ノータッチ キーホルダー プレゼント ギフト 送料無料","A","ブロンズ","X11","Y13",,"0","0","-1","-1","星島"
"2026/10/05 17:32:35","在庫CSV取込","7986979","7986979X12Y25","【大きいサイズ/普通サイズ】ニット帽 ニットキャップ メンズ レディース フリース内蔵 帽子 NEK ★REV 7986979 大きいサイズ 普通サイズ つば付き ビーニー ワッチキャップ ハンチング ケーブル編み プレゼント ギフト 送料無料","大きいサイズ","O","X12","Y25",,"0","26","25","-1","星島"
"2026/10/05 17:32:35","在庫CSV取込","7986615","7986615X11Y12","【お得♪】ニット帽 2点セット マフラー ネックウォーマー スヌード ボア お得 耳あて NEK ★REVL 7986615 イヤーマフ 防寒 メンズ レディース キッズ ニットキャップ 帽子 ニット 秋冬","ONESIZE","ブラック","X11","Y12",,"0","36","35","-1","星島"
"2026/10/05 17:38:28","受注取込","7986654","7986654X12Y11","【お得な100枚セット】宅配ビニール袋 100枚 お得 安い 宅配袋 宅配ポリ袋 ポリ袋 強テープ付き 17cm 20cm 25cm 30cm 32cm 40cm 45cm 50cm 60cm 梱包 袋 梱包材 ビニール 宅配 7986654 プレゼント ギフト","20cm×35cm","ワンカラー","X12","Y11",,"0","8","3","-5",
"2026/10/05 17:38:28","受注取込","7986654","7986654X14Y11","【お得な100枚セット】宅配ビニール袋 100枚 お得 安い 宅配袋 宅配ポリ袋 ポリ袋 強テープ付き 17cm 20cm 25cm 30cm 32cm 40cm 45cm 50cm 60cm 梱包 袋 梱包材 ビニール 宅配 7986654 プレゼント ギフト","30cm×42cm","ワンカラー","X14","Y11",,"0","43","38","-5",
"2026/10/05 17:38:28","受注取込","7986654","7986654X15Y11","【お得な100枚セット】宅配ビニール袋 100枚 お得 安い 宅配袋 宅配ポリ袋 ポリ袋 強テープ付き 17cm 20cm 25cm 30cm 32cm 40cm 45cm 50cm 60cm 梱包 袋 梱包材 ビニール 宅配 7986654 プレゼント ギフト","32cm×45cm","ワンカラー","X15","Y11",,"0","40","36","-4",
"2026/10/05 17:38:28","受注取込","7986654","7986654X16Y11","【お得な100枚セット】宅配ビニール袋 100枚 お得 安い 宅配袋 宅配ポリ袋 ポリ袋 強テープ付き 17cm 20cm 25cm 30cm 32cm 40cm 45cm 50cm 60cm 梱包 袋 梱包材 ビニール 宅配 7986654 プレゼント ギフト","40cm×55cm","ワンカラー","X16","Y11",,"0","81","78","-3",
"2026/10/05 17:38:28","受注取込","7986654","7986654X19Y11","【お得な100枚セット】宅配ビニール袋 100枚 お得 安い 宅配袋 宅配ポリ袋 ポリ袋 強テープ付き 17cm 20cm 25cm 30cm 32cm 40cm 45cm 50cm 60cm 梱包 袋 梱包材 ビニール 宅配 7986654 プレゼント ギフト","50cm×65cm","ワンカラー","X19","Y11",,"0","33","32","-1",
"2026/10/05 17:39:02","WEB画面","7990623","7990623X11Y13","ドアオープナー リールキーホルダー付 アシストフック NEK 7990623 触らない 外出時 ボタン押し スイッチ類押し 便利グッズ ウィルス対策 接触防止 エレベーター ノータッチ キーホルダー プレゼント ギフト 送料無料","A","ブロンズ","X11","Y13",,"0","-1","1","2","星島"
"2026/10/05 17:39:11","WEB画面","7990623","7990623X11Y13","ドアオープナー リールキーホルダー付 アシストフック NEK 7990623 触らない 外出時 ボタン押し スイッチ類押し 便利グッズ ウィルス対策 接触防止 エレベーター ノータッチ キーホルダー プレゼント ギフト 送料無料","A","ブロンズ","X11","Y13",,"0","1","0","-1","星島"
"2026/10/05 17:41:28","受注取込","7986965","7986965X12Y18","【12種類展開】AVIREX ロンT Vネック クルーネック ヘンリーネック Y_U NEK 4930003 0004 0005 ★REV 7986965 長袖 リブ  メンズ 正規品 ブランド おしゃれ 無地 ストレッチ アビレックス アヴィレックス 6153480 6153481 6153482 送料無料","M","クルーネック_ホワイト(30)","X12","Y18",,"0","10","9","-1",
"2026/10/05 17:45:18","WEB画面","7988059","7988059X14Y11","【なんと羽毛リアルダウン仕様】THE DOG FACE ダウンベスト ドッグウェア 犬 服 暖かい 冬 冬服 NEK ★REVG 7988059 ダウンジャケット アウター ドッグフェイス 男の子 女の子 プレゼント ギフト インスタ映え 送料無料","XL","ブラック","X14","Y11",,"0","13","14","1","大場"
"2026/10/05 17:45:37","在庫CSV取込","7992776","7992776X11Y12","ロングネックレス ネックレス レディース メンズ チョーカー フェザー 羽 羽根 長め 送料無料 シルバー ゴールド 巾着付き アクセサリー プレゼント つけっぱなし MB ALI 7992776 190518","ONESIZE","シルバー","X11","Y12",,"0","3","2","-1","星島"
"2026/10/05 17:45:37","在庫CSV取込","7990381","7990381X11Y15","【15柄展開】マスク 洗えるマスク カラーマスク レース メンズ レディース ペイズリー カモフラ 花柄 レオパード柄 新作 15柄展開 ★REV NEK 7990381 プレゼント ギフト","ONESIZE","E","X11","Y15",,"0","21","20","-1","星島"
"2026/10/05 17:45:37","在庫CSV取込","7990453","7990453X11Y17","【魅せるマスク】マスク カラーマスク ペイズリー 迷彩 カモフラージュ 総柄 おしゃれ かわいい ストレッチ 大人用 14色展開 NEK 7990453 プレゼント ギフト","一般成人用サイズ","モザイクB","X11","Y17",,"0","128","127","-1","星島"
"2026/10/05 17:45:37","在庫CSV取込","7990316","7990316X11Y18","【秋冬フリース素材 送料無料】マスク スカーフマスク 感染対策 女性 レディース スカーフ NEK 7990316 マスクスカーフ 花柄 おしゃれ エレガント 防塵 花粉 UVカット 洗える ネックウォーマー マフラー マスクカバー フェイスカバー 送料無料 プレゼント ギフト","ONESIZE","H","X11","Y18",,"0","25","24","-1","星島"
"2026/10/05 17:45:37","在庫CSV取込","7988089","7988089X16Y11","安全靴 スニーカー エアウォーク AIR WALK Y_YU AW-880 レッド迷彩 アクティブライト ローカット メンズ セーフティシューズ 樹脂先芯 軽量 衝撃吸収 負担軽減 作業靴 オシャレ","28.0cm","レッド迷彩","X16","Y11",,"0","170","169","-1","星島"
"2026/10/05 17:45:37","在庫CSV取込","7988089","7988089X11Y11","安全靴 スニーカー エアウォーク AIR WALK Y_YU AW-880 レッド迷彩 アクティブライト ローカット メンズ セーフティシューズ 樹脂先芯 軽量 衝撃吸収 負担軽減 作業靴 オシャレ","25.0cm ","レッド迷彩","X11","Y11",,"0","283","282","-1","星島"
"2026/10/05 17:45:37","在庫CSV取込","7990413","7990413X11Y15","【超おしゃれ】マスク スカーフマスク 送料無料 感染対策 女性 レディース スカーフ マスクスカーフ 花柄 おしゃれ エレガント 防塵 花粉 UVカット 洗える NEK 7990413","ONESIZE","E","X11","Y15",,"0","73","72","-1","星島"
"2026/10/05 17:45:37","在庫CSV取込","7992250","7992250X19Y11","iPhone XS ケース バンカーリング 付き 落ちない シリコン ケース 透明 スケルトン 輪 送料無料 iphone XR ケース iPhone8 ケース iphone XS MAX  iphone X リング付 iPhone7 Plus スマホケース カバー クリア アイフォン アクセサリー NEK ALI 7992250 190715","iPhone_11_pro_MAX","レッド","X19","Y11",,"0","5","4","-1","星島"
"2026/10/05 17:45:37","在庫CSV取込","7992495","7992495X11Y23","ブレスレット バングル メンズ レディース サバイバル パラコード 笛付き リフレクター素材 サバゲー ミリタリー アクセサリー プレゼント 送料無料  NEK ALI 7992495 190707","ONESIZE","M","X11","Y23",,"0","2","1","-1","星島"
"2026/10/05 17:45:37","在庫CSV取込","7992495","7992495X11Y15","ブレスレット バングル メンズ レディース サバイバル パラコード 笛付き リフレクター素材 サバゲー ミリタリー アクセサリー プレゼント 送料無料  NEK ALI 7992495 190707","ONESIZE","E","X11","Y15",,"0","10","9","-1","星島"
"2026/10/05 17:45:37","在庫CSV取込","7987409","7987409X11Y13","【130cm 大きいサイズ対応】本革 床革 ベルト メンズ 130cm NEK ★REV 7987409 大きいサイズ対応 シンセティックレザー ビジネスベルト カジュアルベルト 父の日 送料無料","ONESIZE","ブラックB","X11","Y13",,"0","29","28","-1","星島"
"2026/10/05 17:45:37","在庫CSV取込","7986802","7986802X11Y11","【お得な7個セット】LEDライト カラビナ キーホルダー 小型LEDライト 避難 防災 災害 NKE ★REV 7986802 キーライト 高輝度 LR41 ボタン電池 LTG 送料無料","ONESIZE","7色セット","X11","Y11",,"0","98","97","-1","星島"
"2026/10/05 17:45:37","在庫CSV取込","7987598","7987598X11Y12","【8bits】ペン型 ドライバー 精密ドライバー ドライバーセット NEK ★REV 7987598 工具 DIY プラス マイナス 8in1 送料無料","ワンサイズ","レッド","X11","Y12",,"0","36","35","-1","星島"
"2026/10/05 17:45:37","在庫CSV取込","9009978","9009978X12Y7","帽子 メンズ AVIREX アビレックス 送料無料 キャップ 父の日 プレゼント 贈り物 ニットキャップ メッシュキャップ 大きいサイズ レディース ディッキーズ ローキャップ ワークキャップ ハット ハンチング おしゃれ ロゴ 刺繍 プリント アメカジ HYPE 通販 yos ギフト","L","-7","X12","Y7",,"0","3","2","-1","星島"
"2026/10/05 17:45:37","在庫CSV取込","7988525","7988525X11Y13","【速攻配達】イヤホン イヤフォン 3.5mm ハイレゾ 高音質 マイク付き NEK ★REV 7988525 重低音 hi-res 有線 ノイズキャンセリング 遮音 通勤 ゲーミング 携帯 スマホ イヤホンマイク Android アクセサリー 送料無料 プレゼント ギフト","ONESIZE","ブルー","X11","Y13",,"0","0","-1","-1","星島"
"2026/10/05 17:45:37","在庫CSV取込","7998477","7998477X11Y12","2WAY ビジネスバッグ メンズ 鞄 バッグ 通勤 ポケット多 書類カバン ★REV 7998477 プレゼント ギフト","ONESIZE","ブラック×ブラック","X11","Y12",,"0","14","13","-1","星島"
"2026/10/05 17:45:37","在庫CSV取込","7998755","7998755X11Y14","5WAY ボディバッグ メンズ 鞄 かばん カバン ショルダーバッグ ★REV 7998755(7999489) 迷彩 カモフラージュ サコッシュ ミリタリー キャンプ アウトドア サバゲー Military ALI","ONESIZE","オリーブMIX","X11","Y14",,"0","16","15","-1","星島"
"2026/10/05 17:45:37","在庫CSV取込","9009978","9009978X15Y5","帽子 メンズ AVIREX アビレックス 送料無料 キャップ 父の日 プレゼント 贈り物 ニットキャップ メッシュキャップ 大きいサイズ レディース ディッキーズ ローキャップ ワークキャップ ハット ハンチング おしゃれ ロゴ 刺繍 プリント アメカジ HYPE 通販 yos ギフト","O","-5","X15","Y5",,"0","0","-1","-1","星島"
"2026/10/05 17:45:37","在庫CSV取込","7990243","7990243X11Y12","多機能 ドアオープナー フック アシスト つり革 触らない ボタン押し ウィルス対策 接触防止 ハンドルフック 吊り革グリップ 便利グッズ タッチペン NEK 7990243 プレゼント ギフト","ONESIZE","シルバー","X11","Y12",,"0","1","0","-1","星島"
"2026/10/05 17:45:37","在庫CSV取込","7986979","7986979X12Y26","【大きいサイズ/普通サイズ】ニット帽 ニットキャップ メンズ レディース フリース内蔵 帽子 NEK ★REV 7986979 大きいサイズ 普通サイズ つば付き ビーニー ワッチキャップ ハンチング ケーブル編み プレゼント ギフト 送料無料","大きいサイズ","P","X12","Y26",,"0","17","16","-1","星島"
"2026/10/05 17:45:37","在庫CSV取込","7987275","7987275X11Y12","AVIREX アビレックス ニットキャップ ニット帽 NEK ★REV 7987275 帽子 大きい 大きめ 大きいサイズ ニット素材 メンズ レディース アヴィレックス ブランド プレゼント ギフト ミリタリー アメカジ ストリート アウトドア プレゼント ギフト 送料無料","ONESIZE","ブラウン","X11","Y12",,"0","134","133","-1","星島"
"2026/10/05 17:45:37","在庫CSV取込","7986615","7986615X11Y14","【お得♪】ニット帽 2点セット マフラー ネックウォーマー スヌード ボア お得 耳あて NEK ★REVL 7986615 イヤーマフ 防寒 メンズ レディース キッズ ニットキャップ 帽子 ニット 秋冬","ONESIZE","ワイン","X11","Y14",,"0","19","18","-1","星島"
"2026/10/05 17:45:37","在庫CSV取込","7986934","7986934X11Y13","【お得な3点セット】ニット帽 ネックウォーマー 手袋 ニットキャップ マフラー NEK ★REV 7986934 裏ボア メンズ レディース 無地 杢 帽子 防寒 冬小物 送料無料","フリーサイズ","杢チャコール","X11","Y13",,"0","4","3","-1","星島"
"2026/10/05 17:45:37","在庫CSV取込","7987621","7987621X11Y18","【裏ボア】ニット帽　耳あて イヤーマフ 防寒 メンズ レディース ニットキャップ つば付き 帽子 ニット NEK ★REV 7987621 秋冬 クリスマス プレゼント ギフト 母の日 父の日 送料無料","ONESIZE","H_ブラック","X11","Y18",,"0","21","20","-1","星島"
"2026/10/05 17:46:50","受注取込","7987678","7987678X12Y14","【洗濯可能】トレーニンググローブ 手袋 筋トレ 筋トレグローブ メンズ レディース 指無し NEK ★REV 7987678 ウェイトリフティング 防滑 クッション性 伸びる 洗濯OK バーベル サイクリング ヨガ グリップ","M","B-ブラック","X12","Y14",,"0","16","15","-1",
"2026/10/05 17:58:11","WEB画面","7992776","7992776X11Y12","ロングネックレス ネックレス レディース メンズ チョーカー フェザー 羽 羽根 長め 送料無料 シルバー ゴールド 巾着付き アクセサリー プレゼント つけっぱなし MB ALI 7992776 190518","ONESIZE","シルバー","X11","Y12",,"0","2","1","-1","星島"
"2026/10/05 17:58:41","受注取込","7987642","7987642X11Y11","【送料無料】ミニ財布 メンズ 本革 レディース 二つ折り 財布 カードケース LTG カード入れ 多い NEK ★REV 7987642 折りたたみ コンパクト 小さい財布 小銭入れ コインスルー お札が折れない スキミング防止 ファスナー コインケース ミニマリスト ラウンドジッパー","ONESIZE","ブラック","X11","Y11",,"0","67","66","-1",
"2026/10/05 18:02:31","受注取込","7987660","7987660X11Y11","【家トレ お得な5点セット】腹筋ローラー 腹筋 筋トレ アブローラー ★REV 7987660 プッシュアップバー 縄跳び 腕立て 器具 ハンドグリップ 握力 コロコロ ヨガマット トレーニング 自重トレ 初心者 中級者 上級者 エクササイズ 送料無料","ONESIZE","ブルー×ブラック","X11","Y11",,"0","46","45","-1",
"2026/10/05 18:07:57","WEB画面","9009978","9009978X12Y7","帽子 メンズ AVIREX アビレックス 送料無料 キャップ 父の日 プレゼント 贈り物 ニットキャップ メッシュキャップ 大きいサイズ レディース ディッキーズ ローキャップ ワークキャップ ハット ハンチング おしゃれ ロゴ 刺繍 プリント アメカジ HYPE 通販 yos ギフト","L","-7","X12","Y7",,"0","2","1","-1","星島"
"2026/10/05 18:07:57","WEB画面","9009978","9009978X15Y5","帽子 メンズ AVIREX アビレックス 送料無料 キャップ 父の日 プレゼント 贈り物 ニットキャップ メッシュキャップ 大きいサイズ レディース ディッキーズ ローキャップ ワークキャップ ハット ハンチング おしゃれ ロゴ 刺繍 プリント アメカジ HYPE 通販 yos ギフト","O","-5","X15","Y5",,"0","-1","0","1","星島"
"2026/10/05 18:14:00","受注取込","7986849","7986849X11Y11","【ゴージャスに遊ぶ】トランプ プラスチック 54枚 撥水 NEK ★REV 7986849 ブラック ゴールド シルバー ピンクゴールド カードゲーム マジックトランプ パーティーグッズ プレゼント ギフト ポーカー ブラックジャック 手品 送料無料","ONESIZE","A","X11","Y11",,"0","2","1","-1",
"2026/10/05 18:18:01","受注取込","7994702","7994702X11Y11","経年変化を楽しむ！日本製 本革 レザー 130cm 長め ベルト 7994702 メンズ レディース ヌメ革 総革 Artisan aging 送料無料 ナチュラル ギフトBOX付き プレゼント 180618 プレゼント ギフト","ONESIZE","ナチュラル","X11","Y11",,"0","34","33","-1",
"2026/10/05 18:36:46","受注取込","7987400","7987400X11Y11","【とにかくデカい！/普通サイズあり！】キャップ メンズ 大きいサイズ 帽子 深め ビッグサイズ ★REVM 7987400 BIG SIZE メンズキャップ帽子 大きめ 大きい帽子 メンズ帽子 レディース 春 夏 春夏 プレゼント ギフト 母の日 父の日 送料無料","大きいサイズ","A-ブラック","X11","Y11",,"0","125","124","-1",
"2026/10/05 18:37:21","WEB画面","7988071","7988071X14Y20","【内ボア防寒性◎】 シャツジャケット ボアジャケット ネルシャツ メンズ レディース ★REV 7988071 シャツ カジュアルシャツ 長袖 ボア ジャケット 長袖シャツ 秋冬 チェック柄 チェック 起毛 アメカジ 裏ボア ジャケットメンズ Vintage 厚手 着る毛布 暖かい 防寒 送料無料","L","J_ネイビー×レッド","X14","Y20",,"0","5","4","-1","塩谷 満里子"
"2026/10/05 18:40:14","注文者受注キャンセル取込","7987794","7987794X12Y17","【大きいサイズもあり】キャスハンチング キャップ メンズ レディース CULTURE MART NEK 101294 ★REV 7987794 ハンチング帽子 ハンチング帽 秋冬 帽子 ハンチング キャスケット メンズ帽子 レディース帽子秋冬 秋冬帽子 メンズハンチング おしゃれ カルチャーマート","大きいサイズ","ヒッコリー(7)","X12","Y17",,"0","0","1","1",
"2026/10/05 18:50:01","受注取込","7987400","7987400X11Y25","【とにかくデカい！/普通サイズあり！】キャップ メンズ 大きいサイズ 帽子 深め ビッグサイズ ★REVM 7987400 BIG SIZE メンズキャップ帽子 大きめ 大きい帽子 メンズ帽子 レディース 春 夏 春夏 プレゼント ギフト 母の日 父の日 送料無料","大きいサイズ","O-ネイビー","X11","Y25",,"0","39","38","-1",
"2026/10/05 18:53:01","受注取込","7987344","7987344X11Y11","【4個入でお得】カラビナ パラコード キーホルダー キーチェーン 4本セット NEK ★REV 7987344 帽子フック おしゃれ キーリング アウトドア リュック バッグ キャンプ 非常用 災害 ロープ 紐 便利 代用 防災 丈夫 コンパクト 軽量 プレゼント ギフト 送料無料","ONESIZE","4色セット","X11","Y11",,"0","14","13","-1",
"2026/10/05 18:54:58","受注取込","7988386","7988386X11Y11","【高輝度・省電力】LED 卓上 ライト 間接照明 おしゃれ テーブルランプ 北欧 ベッドライト ★REV 7988386 照明 ランプ 一人暮らし ナイトランプ ムードランプ インテリア 雑貨 スタンドライト フロアライト ベッドサイド ルームライト 寝室 usb 電気スタンド フロアランプ","ONESIZE","アイボリー","X11","Y11",,"0","135","134","-1",
"2026/10/05 19:04:14","受注取込","7986462","7986462X11Y11","【デカい深い】キャップ メンズ レディース 大きいサイズ 深め 帽子 ★REVL 7986462  コットン100% 59cm?65cm ビッグサイズ ロングバイザー 8cm 深い ベースボールキャップ サイズ調整 おしゃれ 春 夏 秋 冬 男女兼用 ブラック ネイビー チャコール アイボリー 黒 送料無料","ONESIZE","ブラック×ブラック","X11","Y11",,"0","18","17","-1",
"2026/10/05 19:06:06","受注取込","7986531","7986531X11Y35","【新型/IQOS イルマ i ワン用】アイコス イルマiワン ILUMA ケース 保護ケース NEK ★REVL 7986531 iqosイルマワン イルマワンカバー 耐衝撃 おしゃれ iqos iluma one 専用 IQOSイルマワン保護ケース レザー ヒョウ柄 ペイズリー 保護カバー アイコスケース アクセサリー 送料無料","ONESIZE","118","X11","Y35",,"0","5","4","-1",
"2026/10/05 19:06:06","受注取込","7986531","7986531X11Y28","【新型/IQOS イルマ i ワン用】アイコス イルマiワン ILUMA ケース 保護ケース NEK ★REVL 7986531 iqosイルマワン イルマワンカバー 耐衝撃 おしゃれ iqos iluma one 専用 IQOSイルマワン保護ケース レザー ヒョウ柄 ペイズリー 保護カバー アイコスケース アクセサリー 送料無料","ONESIZE","111","X11","Y28",,"0","9","8","-1",
"2026/10/05 19:12:28","受注取込","7987794","7987794X11Y12","【大きいサイズもあり】キャスハンチング キャップ メンズ レディース CULTURE MART NEK 101294 ★REV 7987794 ハンチング帽子 ハンチング帽 秋冬 帽子 ハンチング キャスケット メンズ帽子 レディース帽子秋冬 秋冬帽子 メンズハンチング おしゃれ カルチャーマート","普通サイズ","オリーブ(2)","X11","Y12",,"0","8","7","-1",
"2026/10/05 19:14:01","受注取込","7987061","7987061X11Y11","【お得な2組セット】アームカバー メンズ レディース 2組セット 冷感 NEK ★REV 7987061 ひんやり スポーツ 紫外線カット UVカット 男用 仕事 外 夏 運動 ゴルフ サイクリング 通気性 速乾性 接触冷感 UPF50+ 日焼け防止 送料無料","ONESIZE","ブラック","X11","Y11",,"0","298","296","-2",
"2026/10/05 19:22:29","受注取込","7987400","7987400X11Y11","【とにかくデカい！/普通サイズあり！】キャップ メンズ 大きいサイズ 帽子 深め ビッグサイズ ★REVM 7987400 BIG SIZE メンズキャップ帽子 大きめ 大きい帽子 メンズ帽子 レディース 春 夏 春夏 プレゼント ギフト 母の日 父の日 送料無料","大きいサイズ","A-ブラック","X11","Y11",,"0","124","122","-2",
"2026/10/05 19:28:31","受注取込","7987485","7987485X11Y12","【特大】トートバッグ 大きめ メンズ レディース Military バッグ ★REV 7987485 撥水 MA-1 旅行 アウトドア キャンプ ジムバッグ プレゼント プチギフト 送料無料","ONESIZE","オリーブ","X11","Y12",,"0","9","8","-1",
"2026/10/05 19:30:13","受注取込","7986712","7986712X11Y17","【超協力マグネット/選べる33種】帽子クリップ ハットクリップ キャップクリップ  NEK ★REV 7986712 帽子収納ホルダー 収納フック キーホルダー 強力マグネット レザー調 アクセサリー チャーム キーリング キーケース 送料無料","ONESIZE","7","X11","Y17",,"0","107","106","-1",
"2026/10/05 19:32:28","受注取込","7986545","7986545X13Y11","【お得な2枚組】AVIREX アビレックス  アヴィレックス ボクサーパンツ メンズ NEK ★REVL 7986545 アンダーウェア 下着 かっこいい おすすめ 人気 カモフラ 迷彩 カモ柄 ロゴ ブランド 男性 紳士 プレゼント プチギフト 父の日 誕生日 彼氏 父 息子 ギフト 記念日 福袋 送料無料","XL","2枚組","X13","Y11",,"0","37","36","-1",
"2026/10/05 19:37:29","受注取込","7986572","7986572X11Y30","【新型/IQOS イルマ i ワン用】アイコス イルマiワン ILUMA ケース 保護ケース NEK ★REVL 7986572 iqosイルマワン イルマワンカバー 耐衝撃 おしゃれ iqos iluma one 専用 IQOSイルマワン保護ケース レザー ヒョウ柄 ペイズリー 保護カバー アイコスケース アクセサリー 送料無料","イルマiワン","74","X11","Y30",,"0","23","22","-1",
"2026/10/05 19:39:02","受注取込","7994812","7994812X11Y16","サファリハット メンズ 釣り 帽子 ハット レディース SUNS(サンズ)  撥水 アウトドア 登山 キャンプ バーベキュー NEK ★REV H-051 H-053 送料無料 大きいサイズあり キッズサイズ 子供 UVカット アドベンチャーハット 父の日 プレゼント ユニセックス 春 夏 夏フェス ギフト","普通サイズ","GRAY(H_051)","X11","Y16",,"0","16","15","-1",
"2026/10/05 19:41:28","受注取込","7988047","7988047X11Y11","2WAY ミニ ボストンバッグ メンズ レディース ★REV 7988047 小さめ 小型 ショルダーバッグ ミニバッグ ドラムバッグ 小旅行 アウトドア キャンプ ジム 軽量 送料無料","ONESIZE","ブラック","X11","Y11",,"0","9","8","-1",
"2026/10/05 19:41:30","受注取込","8003102","8003102X13Y13","やみつきになる！ ストレッチ AVIREX アビレックス Tシャツ メンズ ★REV NEK 6143501 6143502 Vネック クルーネック 半袖 プレゼント ギフト","Vネック_グレー_014","Lサイズ","X13","Y13",,"0","3","2","-1",
"2026/10/05 19:43:29","受注取込","7988124","7988124X11Y11","大きいサイズ キャップ 帽子 メンズ フルキャップ ベースボールキャップ コットンキャップ 野球帽 ワンポイント ★REV 7988124 イーグル 鷲 刺繍 ミリタリー BIGSIZE キングサイズ 送料無料","ONESIZE","ブラック","X11","Y11",,"0","22","21","-1",
"2026/10/05 19:43:29","受注取込","7988215","7988215X28Y13","【とにかくデカい！】 大きいサイズ キャップ メッシュキャップ 送料無料 大きめ ビッグサイズ BIG SIZE ★REV 7988215 <br> 帽子 ハット キャップ ワークキャップ メンズキャップ 大きいサイズ バケット 大きい帽子 メンズ バケハ メンズ帽子 大きい 頭 メッシュ 全39カラー","RR","3","X28","Y13",,"0","19","18","-1",
"2026/10/05 19:45:00","受注取込","7988172","7988172X11Y11","【栃木レザー 日本製 】ベルト ビジネスベルト メンズ 本革 本皮 レザー 栃木レザー ★REV TDBT-1006 日本製 カジュアルベルト プレゼント ギフト MADE IN JAPAN クリスマス 父の日 誕生日プレゼント 送料無料","ONESIZE","ブラック","X11","Y11",,"0","7","6","-1",
"2026/10/05 19:46:59","受注取込","7986462","7986462X11Y11","【デカい深い】キャップ メンズ レディース 大きいサイズ 深め 帽子 ★REVL 7986462  コットン100% 59cm?65cm ビッグサイズ ロングバイザー 8cm 深い ベースボールキャップ サイズ調整 おしゃれ 春 夏 秋 冬 男女兼用 ブラック ネイビー チャコール アイボリー 黒 送料無料","ONESIZE","ブラック×ブラック","X11","Y11",,"0","17","16","-1",
"2026/10/05 19:48:29","受注取込","7986768","7986768X11Y11","【衝撃吸収・低反発】シートクッション カークッション 車 座布団 腰痛 運転席 ★REV 7986768 お尻が痛くならない 腰痛クッション 椅子 腰 姿勢 シート 人気 おすすめ 座席 低反発 ブラック オフィスチェア 背もたれ おしゃれ 運転席 カーアクセサリー 送料無料","ONESIZE","ブラック","X11","Y11",,"0","4","2","-2",
"2026/10/05 19:50:23","受注取込","7992540","7992540X11Y12","AVIREX ワークキャップ メンズ 大きいサイズ 大きめ キャップ ブランド 帽子 アメカジ アビレックス 春 夏 秋 冬 綿100％ ★REV 18490000 14787700 80264100 7992540 ネイビー/ベージュ/ブラック/カーキ プレゼント ギフト","ONESIZE","【B】ベージュ","X11","Y12",,"0","30","29","-1",
"2026/10/05 19:50:23","受注取込","7992540","7992540X11Y12","AVIREX ワークキャップ メンズ 大きいサイズ 大きめ キャップ ブランド 帽子 アメカジ アビレックス 春 夏 秋 冬 綿100％ ★REV 18490000 14787700 80264100 7992540 ネイビー/ベージュ/ブラック/カーキ プレゼント ギフト","ONESIZE","【B】ベージュ","X11","Y12",,"0","29","28","-1",
"2026/10/05 19:51:01","受注取込","7992054","7992054X11Y13","【シンプル/おしゃれ】16mm パワーストーン ネックレス メンズ レディース 瑪瑙 オブシディアン タイガーアイ NEK ★REV 7992054 黒曜石 茶水晶 虎目石 金運 財運 仕事運 恋愛 結婚 家庭円満 癒し 幸運 成功運 勝負運 家族運 厄除祈願 天然石 お守り プレゼント 送料無料","ONESIZE","【C】ブラウンクオーツ","X11","Y13",,"0","36","34","-2",
"2026/10/05 19:56:01","受注取込","7986779","7986779X12Y11","【高純度テラヘルツ/鏡面多面カット】 テラヘルツ アンクレット ブレスレット メンズ レディース NEK ★REV 7986779 4.0mm 健康 テラヘルツ波 パワーストーン 天然石 アクセサリー プレゼント ギフト プチギフト 母の日 父の日 送料無料","アンクレット","テラヘルツ","X12","Y11",,"0","63","62","-1",
"2026/10/05 19:57:44","受注取込","7986466","7986466X11Y13","【大きいサイズ】 キャップ 帽子 メッシュキャップ ランニングキャップ NEK ★REVL 7986466 メンズ レディース 速乾 軽量 ジョギング アウトドア キャンプ スポーツ 釣り 海 プール 送料無料","ONESIZE","ダークグレー","X11","Y13",,"0","8","7","-1",
"2026/10/05 20:04:28","受注取込","7990254","7990254X11Y12","【送料無料 速攻配達】AVIREX ニットキャップ ニット帽 帽子 メンズ レディース スウェットキャップ  NEK ★REV 14649300 ルーズ キャップ ブランド アビレックス リバーシブル AX REVERSIBLE SWEAT CAP 送料無料 プレゼント ギフト","ONESIZE","ブラック(80)","X11","Y12",,"0","368","367","-1",
"2026/10/05 20:04:28","受注取込","7987186","7987186X11Y13","アップルペンシル タッチペン タブレット ケース カバー Apple Pencil NEK ★REV 7987186 第1世代 第2世代 レザー ゴムバンド付き スタイラス ペン ケース アップル ペンシル iPad ペンホルダー 紛失防止 ipad ペンケース apple pencil case Apple Pencil 2nd generation","ONESIZE","ブラック","X11","Y13",,"0","46","45","-1",
"2026/10/05 20:06:27","受注取込","7994812","7994812X12Y13","サファリハット メンズ 釣り 帽子 ハット レディース SUNS(サンズ)  撥水 アウトドア 登山 キャンプ バーベキュー NEK ★REV H-051 H-053 送料無料 大きいサイズあり キッズサイズ 子供 UVカット アドベンチャーハット 父の日 プレゼント ユニセックス 春 夏 夏フェス ギフト","大きいサイズ","NAVY(H_051)","X12","Y13",,"0","5","4","-1",
"2026/10/05 20:06:27","受注取込","7992723","7992723X14Y11","お得！ 送料無料 4枚入り 福袋 Dickies ディッキーズ ボクサーパンツ メンズ かわいい NEK ★REV <br> パンツ ボクサーパンツ セット メンズ下着 メンズボクサーパンツ メンズボクサー 大きいサイズ 大きめ 特大 3L 下着 インナー メンズ usa まとめ買い プレゼント ギフト","3L","福袋4枚セット","X14","Y11",,"0","39","38","-1",
"2026/10/05 20:07:29","受注取込","7986519","7986519X11Y11","【ごっそり鼻毛処理！お得な10本セット】鼻毛カッター 鼻毛トリマー  耳かき NEK ★REVL 7986519 男性用 女性用 送料無料","ONESIZE","アイボリー","X11","Y11",,"0","81","79","-2",
"2026/10/05 20:10:28","受注取込","7994812","7994812X12Y13","サファリハット メンズ 釣り 帽子 ハット レディース SUNS(サンズ)  撥水 アウトドア 登山 キャンプ バーベキュー NEK ★REV H-051 H-053 送料無料 大きいサイズあり キッズサイズ 子供 UVカット アドベンチャーハット 父の日 プレゼント ユニセックス 春 夏 夏フェス ギフト","大きいサイズ","NAVY(H_051)","X12","Y13",,"0","4","3","-1",
"2026/10/05 20:12:58","受注取込","7986465","7986465X11Y11","【とにかくデカい】帽子 キャップ 大きいサイズ 深い 深め 60～65cm ★REVL 7986465 サイドタグ シンプル おしゃれ 野球帽 送料無料","ONESIZE","チャコール","X11","Y11",,"0","7","6","-1",
"2026/10/05 20:13:31","受注取込","7987409","7987409X11Y11","【130cm 大きいサイズ対応】本革 床革 ベルト メンズ 130cm NEK ★REV 7987409 大きいサイズ対応 シンセティックレザー ビジネスベルト カジュアルベルト 父の日 送料無料","ONESIZE","ブラックA","X11","Y11",,"0","13","12","-1",
"2026/10/05 20:20:15","注文者受注キャンセル取込","7992540","7992540X11Y12","AVIREX ワークキャップ メンズ 大きいサイズ 大きめ キャップ ブランド 帽子 アメカジ アビレックス 春 夏 秋 冬 綿100％ ★REV 18490000 14787700 80264100 7992540 ネイビー/ベージュ/ブラック/カーキ プレゼント ギフト","ONESIZE","【B】ベージュ","X11","Y12",,"0","28","29","1",
"2026/10/05 20:20:31","受注取込","7988215","7988215X14Y12","【とにかくデカい！】 大きいサイズ キャップ メッシュキャップ 送料無料 大きめ ビッグサイズ BIG SIZE ★REV 7988215 <br> 帽子 ハット キャップ ワークキャップ メンズキャップ 大きいサイズ バケット 大きい帽子 メンズ バケハ メンズ帽子 大きい 頭 メッシュ 全39カラー","DD","2","X14","Y12",,"0","22","21","-1",
"2026/10/05 20:20:32","受注取込","7986716","7986716X11Y11","【紫外線でプロ級チェック】アニサキスライト UV 紫外線ライト ブラックライト NEK ★REVL 7986716 365nm 充電式 TYPE-C充電  USB 光学レンズ アニサキス検出 生活 食事 釣り 掃除 コンパクト 送料無料","1本","ブラック(TYPE-C)","X11","Y11",,"0","94","93","-1",
"2026/10/05 20:23:00","受注取込","7988172","7988172X11Y11","【栃木レザー 日本製 】ベルト ビジネスベルト メンズ 本革 本皮 レザー 栃木レザー ★REV TDBT-1006 日本製 カジュアルベルト プレゼント ギフト MADE IN JAPAN クリスマス 父の日 誕生日プレゼント 送料無料","ONESIZE","ブラック","X11","Y11",,"0","6","5","-1",
"2026/10/05 20:24:28","受注取込","9009978","9009978X1Y6","帽子 メンズ AVIREX アビレックス 送料無料 キャップ 父の日 プレゼント 贈り物 ニットキャップ メッシュキャップ 大きいサイズ レディース ディッキーズ ローキャップ ワークキャップ ハット ハンチング おしゃれ ロゴ 刺繍 プリント アメカジ HYPE 通販 yos ギフト","A","-6","X1","Y6",,"0","3","2","-1",
"2026/10/05 20:28:28","受注取込","7987490","7987490X11Y11","【手首を太く逞しくする】前腕筋 筋トレ 握力 手首 前腕部の強化 腕相撲 ★REV 7987490 バスケットボール テニス ゴルフ 柔道 剣道 空手 格闘技 プレゼント ギフト 送料無料","ONESIZE","ブラック","X11","Y11",,"0","49","48","-1",
"2026/10/05 20:30:58","受注取込","7987641","7987641X14Y11","犬 服 暖かい 犬の服 ボア ダウン ジャケット コート ★REVG NEK 7987641 小型犬 中型犬 秋 秋服 冬 冬用 冬服 秋冬 おしゃれ おもしろ かわいい 可愛い 着せやすい セール ブランド 女の子 男の子 オス メス 背開き アウター ベスト ハーネス キルティング","XL","ベージュ","X14","Y11",,"0","2","1","-1",
"2026/10/05 20:31:30","受注取込","7992723","7992723X14Y11","お得！ 送料無料 4枚入り 福袋 Dickies ディッキーズ ボクサーパンツ メンズ かわいい NEK ★REV <br> パンツ ボクサーパンツ セット メンズ下着 メンズボクサーパンツ メンズボクサー 大きいサイズ 大きめ 特大 3L 下着 インナー メンズ usa まとめ買い プレゼント ギフト","3L","福袋4枚セット","X14","Y11",,"0","38","37","-1",
"2026/10/05 20:31:30","受注取込","7987490","7987490X11Y11","【手首を太く逞しくする】前腕筋 筋トレ 握力 手首 前腕部の強化 腕相撲 ★REV 7987490 バスケットボール テニス ゴルフ 柔道 剣道 空手 格闘技 プレゼント ギフト 送料無料","ONESIZE","ブラック","X11","Y11",,"0","48","47","-1",
"2026/10/05 20:32:54","受注取込","7986855","7986855X11Y11","【潜在能力を引き出す】ラブラドライト パワーストーン ネックレス NEK ★REV 7986855 チョーカー メンズ レディース 天然石 お守り プレゼント 送料無料 アクセサリー","ONESIZE","オーロラ","X11","Y11",,"0","6","5","-1",
"2026/10/05 20:37:01","受注取込","7987221","7987221X11Y11","【ふあモコ秋冬】【大きいサイズあり】ハット ボア レディース メンズ NEK ★REV 7987221 キャップ 帽子 防寒 ムートン FULFFY HAT 送料無料","普通サイズ","ホワイト","X11","Y11",,"0","21","20","-1",
"2026/10/05 20:37:29","受注取込","7987400","7987400X11Y16","【とにかくデカい！/普通サイズあり！】キャップ メンズ 大きいサイズ 帽子 深め ビッグサイズ ★REVM 7987400 BIG SIZE メンズキャップ帽子 大きめ 大きい帽子 メンズ帽子 レディース 春 夏 春夏 プレゼント ギフト 母の日 父の日 送料無料","大きいサイズ","F-ブラック","X11","Y16",,"0","89","87","-2",
"2026/10/05 20:37:29","受注取込","7986519","7986519X11Y11","【ごっそり鼻毛処理！お得な10本セット】鼻毛カッター 鼻毛トリマー  耳かき NEK ★REVL 7986519 男性用 女性用 送料無料","ONESIZE","アイボリー","X11","Y11",,"0","79","78","-1",
"2026/10/05 20:40:14","受注取込","7987002","7987002X11Y13","【Vintage感が超カッコいい 深め】帽子 キャップ メンズ レディース Vintage クラッシュ加工 ★REVL 7987002 デニム ジーンズ 送料無料","ONESIZE","ブラック","X11","Y13",,"0","50","49","-1",
"2026/10/05 20:45:28","受注取込","7986669","7986669X11Y15","【12mm小粒/おしゃれ】12mm パワーストーン ネックレス チョーカー メンズ レディース NEK ★REVL 7986669 アメジスト タイガーアイ ラピスラズリ 瑪瑙 メノウ オブシディアン ドラゴンアゲート 金運 財運 仕事運 恋愛 結婚 家庭円満 癒し 厄除祈願 天然石 お守り プレゼント おしゃれ アクセサリー 送料無料","ONESIZE","ブルータイガーアイ","X11","Y15",,"0","1","0","-1",
"2026/10/05 20:47:58","受注取込","7986530","7986530X11Y18","【ちょうどいい長さの25cm】全7通り Type-C 充電ケーブル スマホケーブル 急速6A NEK ★REVL 7986530 USB A→Type-C Type-C→Type-C Type-C→ライトニング スマホアクセサリー 新型iphone IQOS対応 短いケーブル 送料無料","ONESIZE","H_USB/Lightning【ストレート型】","X11","Y18",,"0","8","7","-1",
"2026/10/05 20:50:07","受注取込","7986706","7986706X11Y11","【特大！すっぽりかぶって、小顔見せ】バケットハット チューリップハット 帽子 NEK ★REVL 7986706 メンズ レディース 大きいサイズ 普通サイズ  デニム素材 コットン100％ おしゃれ フリンジ 送料無料","普通サイズ","ブラック","X11","Y11",,"0","43","42","-1",
"2026/10/05 20:50:07","受注取込","7987090","7987090X11Y11","【使い方色々!】ポーチ ベルトポーチ 小物入れ 小銭入れ カードケース NEK ★REV 7987090 短財布 財布 メンズ レディース カラビナ ミリタリー サバゲー キャンプ アウトドア メディカルポーチ 防災グッズ 送料無料","ONESIZE","ブラック","X11","Y11",,"0","32","31","-1",
"2026/10/05 20:51:58","受注取込","7987400","7987400X11Y16","【とにかくデカい！/普通サイズあり！】キャップ メンズ 大きいサイズ 帽子 深め ビッグサイズ ★REVM 7987400 BIG SIZE メンズキャップ帽子 大きめ 大きい帽子 メンズ帽子 レディース 春 夏 春夏 プレゼント ギフト 母の日 父の日 送料無料","大きいサイズ","F-ブラック","X11","Y16",,"0","87","86","-1",
"2026/10/05 20:53:28","受注取込","7987074","7987074X12Y11","【くすみカラー 超軽量】サファリハット バケットハット メンズ レディース 普通サイズ 大きいサイズ アドベンチャーハット NEK ★REV 7987074 撥水 速乾 軽量 折り畳める UV カット アウトドア キャンプ 登山 ウォーキング 散歩 日焼け防止 紫外線防止 送料無料","大きいサイズ","ブラック","X12","Y11",,"0","21","20","-1",
"2026/10/05 20:58:28","受注取込","7986465","7986465X11Y12","【とにかくデカい】帽子 キャップ 大きいサイズ 深い 深め 60～65cm ★REVL 7986465 サイドタグ シンプル おしゃれ 野球帽 送料無料","ONESIZE","ブラック","X11","Y12",,"0","3","2","-1",
"2026/10/05 21:00:16","受注取込","7987093","7987093X11Y13","【新型iphone/IQOS対応】急速5A 3股 Type-C 充電ケーブル スマホケーブル 1.2m 2m 3m typec NEK ★REVL 7987093 新型iphone IQOS対応 USB A→Type-C×3 充電ケーブル 3in1 急速 送料無料","1.2m","ブラック_TypeC/TypeC×3","X11","Y13",,"0","137","136","-1",
"2026/10/05 21:00:58","受注取込","7987074","7987074X11Y16","【くすみカラー 超軽量】サファリハット バケットハット メンズ レディース 普通サイズ 大きいサイズ アドベンチャーハット NEK ★REV 7987074 撥水 速乾 軽量 折り畳める UV カット アウトドア キャンプ 登山 ウォーキング 散歩 日焼け防止 紫外線防止 送料無料","普通サイズ","オリーブ","X11","Y16",,"0","2","1","-1",
"2026/10/05 21:02:28","受注取込","7992054","7992054X11Y16","【シンプル/おしゃれ】16mm パワーストーン ネックレス メンズ レディース 瑪瑙 オブシディアン タイガーアイ NEK ★REV 7992054 黒曜石 茶水晶 虎目石 金運 財運 仕事運 恋愛 結婚 家庭円満 癒し 幸運 成功運 勝負運 家族運 厄除祈願 天然石 お守り プレゼント 送料無料","ONESIZE","【F】虹オブシディアン","X11","Y16",,"0","15","14","-1",
"2026/10/05 21:02:28","受注取込","7986669","7986669X11Y16","【12mm小粒/おしゃれ】12mm パワーストーン ネックレス チョーカー メンズ レディース NEK ★REVL 7986669 アメジスト タイガーアイ ラピスラズリ 瑪瑙 メノウ オブシディアン ドラゴンアゲート 金運 財運 仕事運 恋愛 結婚 家庭円満 癒し 厄除祈願 天然石 お守り プレゼント おしゃれ アクセサリー 送料無料","ONESIZE","ラピスラズリ","X11","Y16",,"0","25","24","-1",
"2026/10/05 21:03:02","受注取込","7988332","7988332X14Y28","【ワンちゃん格上げ！】 ドッグウェア 犬服 アディドッグ GooDog adidog ★REVG new dogs ペット服 小型犬 ノースリーブ NEK 7988332 犬の服 タンクトップ 犬洋服 犬用服 ペット 犬 服 犬用 かっこいい かわいい サロペット ロンパース オーバーオール 男の子 女の子","L","PLADG(ブラック)","X14","Y28",,"0","59","58","-1",
"2026/10/05 21:06:28","受注取込","7987354","7987354X11Y13","USAブランド 靴下 ソックス NEK ★REV 7987354 メンズ レディース FRUIT OF THE LOOM フルーツオブザルーム プレゼント ギフト 送料無料","メンズ","クォーター【中】","X11","Y13",,"0","13","12","-1",
"2026/10/05 21:08:59","受注取込","7986595","7986595X11Y11","【大判/高純度テラヘルツ】高純度 テラヘルツ 重さ954g リラクゼーション用 健康 NEK ★REVL 7986595 テラヘルツ波 パワーストーン 天然石 アクセサリー プレゼント ギフト プチギフト 母の日 父の日 送料無料","ピロー","メタリッククローム","X11","Y11",,"0","52","50","-2",
"2026/10/05 21:10:31","受注取込","7988215","7988215X18Y14","【とにかくデカい！】 大きいサイズ キャップ メッシュキャップ 送料無料 大きめ ビッグサイズ BIG SIZE ★REV 7988215 <br> 帽子 ハット キャップ ワークキャップ メンズキャップ 大きいサイズ バケット 大きい帽子 メンズ バケハ メンズ帽子 大きい 頭 メッシュ 全39カラー","HH","4","X18","Y14",,"0","46","45","-1",
"2026/10/05 21:13:02","受注取込","7990254","7990254X11Y11","【送料無料 速攻配達】AVIREX ニットキャップ ニット帽 帽子 メンズ レディース スウェットキャップ  NEK ★REV 14649300 ルーズ キャップ ブランド アビレックス リバーシブル AX REVERSIBLE SWEAT CAP 送料無料 プレゼント ギフト","ONESIZE","カーキ(35)","X11","Y11",,"0","221","220","-1",
"2026/10/05 21:20:23","受注取込","7986597","7986597X11Y11","【目元リラックス！高純度テラヘルツ】高純度 テラヘルツ アイマスク NEK ★REVL 7986597 重さ150g・包み込む美容ケア・リラクゼーション用 健康 テラヘルツ波 パワーストーン 天然石 アクセサリー プレゼント ギフト プチギフト 母の日 父の日 送料無料","アイマスク","メタリッククローム","X11","Y11",,"0","55","54","-1",
"2026/10/05 21:24:29","受注取込","7994812","7994812X11Y17","サファリハット メンズ 釣り 帽子 ハット レディース SUNS(サンズ)  撥水 アウトドア 登山 キャンプ バーベキュー NEK ★REV H-051 H-053 送料無料 大きいサイズあり キッズサイズ 子供 UVカット アドベンチャーハット 父の日 プレゼント ユニセックス 春 夏 夏フェス ギフト","普通サイズ","YELLOW(H_051)","X11","Y17",,"0","25","24","-1",
"2026/10/05 21:27:30","受注取込","7992723","7992723X11Y11","お得！ 送料無料 4枚入り 福袋 Dickies ディッキーズ ボクサーパンツ メンズ かわいい NEK ★REV <br> パンツ ボクサーパンツ セット メンズ下着 メンズボクサーパンツ メンズボクサー 大きいサイズ 大きめ 特大 3L 下着 インナー メンズ usa まとめ買い プレゼント ギフト","M","福袋4枚セット","X11","Y11",,"0","56","55","-1",
"2026/10/05 21:27:30","受注取込","7987400","7987400X12Y21","【とにかくデカい！/普通サイズあり！】キャップ メンズ 大きいサイズ 帽子 深め ビッグサイズ ★REVM 7987400 BIG SIZE メンズキャップ帽子 大きめ 大きい帽子 メンズ帽子 レディース 春 夏 春夏 プレゼント ギフト 母の日 父の日 送料無料","普通サイズ","K-ブラック","X12","Y21",,"0","7","6","-1",
"2026/10/05 21:29:03","受注取込","7987400","7987400X11Y15","【とにかくデカい！/普通サイズあり！】キャップ メンズ 大きいサイズ 帽子 深め ビッグサイズ ★REVM 7987400 BIG SIZE メンズキャップ帽子 大きめ 大きい帽子 メンズ帽子 レディース 春 夏 春夏 プレゼント ギフト 母の日 父の日 送料無料","大きいサイズ","E-ベージュ","X11","Y15",,"0","71","70","-1",
"2026/10/05 21:29:31","受注取込","7987485","7987485X11Y12","【特大】トートバッグ 大きめ メンズ レディース Military バッグ ★REV 7987485 撥水 MA-1 旅行 アウトドア キャンプ ジムバッグ プレゼント プチギフト 送料無料","ONESIZE","オリーブ","X11","Y12",,"0","8","7","-1",
"2026/10/05 21:29:31","受注取込","7987275","7987275X11Y11","AVIREX アビレックス ニットキャップ ニット帽 NEK ★REV 7987275 帽子 大きい 大きめ 大きいサイズ ニット素材 メンズ レディース アヴィレックス ブランド プレゼント ギフト ミリタリー アメカジ ストリート アウトドア プレゼント ギフト 送料無料","ONESIZE","ブラック","X11","Y11",,"0","693","692","-1",
"2026/10/05 21:31:42","受注取込","7992723","7992723X11Y11","お得！ 送料無料 4枚入り 福袋 Dickies ディッキーズ ボクサーパンツ メンズ かわいい NEK ★REV <br> パンツ ボクサーパンツ セット メンズ下着 メンズボクサーパンツ メンズボクサー 大きいサイズ 大きめ 特大 3L 下着 インナー メンズ usa まとめ買い プレゼント ギフト","M","福袋4枚セット","X11","Y11",,"0","55","54","-1",
"2026/10/05 21:31:42","受注取込","7994812","7994812X12Y32","サファリハット メンズ 釣り 帽子 ハット レディース SUNS(サンズ)  撥水 アウトドア 登山 キャンプ バーベキュー NEK ★REV H-051 H-053 送料無料 大きいサイズあり キッズサイズ 子供 UVカット アドベンチャーハット 父の日 プレゼント ユニセックス 春 夏 夏フェス ギフト","大きいサイズ","T.BLUE(H_051)","X12","Y32",,"0","52","51","-1",
"2026/10/05 21:36:31","受注取込","7986720","7986720X11Y15","【ダメージ加工がCOOL】帽子 キャップ Vintage メンズ レディース くすみカラー ★REVL 7986720 こなれ感 深め しっかり素材 送料無料","ONESIZE","チャコール","X11","Y15",,"0","31","30","-1",
"2026/10/05 21:38:58","受注取込","7986935","7986935X11Y20","【USA】ディッキーズ Dickies ガチャベルト ブランド メンズ レディース NEK 800800 ★REV 7986935 おしゃれ 32mm 130cm 誕生日 ギフト プレゼント アクセサリー 無段階 ロングベルト 送料無料","ONESIZE","J_グレー","X11","Y20",,"0","1","0","-1",
"2026/10/05 21:38:58","受注取込","7987400","7987400X11Y16","【とにかくデカい！/普通サイズあり！】キャップ メンズ 大きいサイズ 帽子 深め ビッグサイズ ★REVM 7987400 BIG SIZE メンズキャップ帽子 大きめ 大きい帽子 メンズ帽子 レディース 春 夏 春夏 プレゼント ギフト 母の日 父の日 送料無料","大きいサイズ","F-ブラック","X11","Y16",,"0","86","85","-1",
"2026/10/05 21:38:58","受注取込","7987810","7987810X11Y23","数字油絵 DIY 大人の塗り絵 子供の塗り絵 夏休みの宿題 インテリア 絵画 NEK ★REV 7987810 数字塗り絵 数字 油絵 セット 可愛い 塗り絵 大人 ぬり絵 ぬりえ 大人のぬりえ パズル塗り絵 パズルぬりえ インテリア おしゃれ アートパネル 暇つぶし プレゼント ギフト 送料無料","ONESIZE","M","X11","Y23",,"0","1","0","-1",
"2026/10/05 21:38:58","受注取込","7987810","7987810X11Y22","数字油絵 DIY 大人の塗り絵 子供の塗り絵 夏休みの宿題 インテリア 絵画 NEK ★REV 7987810 数字塗り絵 数字 油絵 セット 可愛い 塗り絵 大人 ぬり絵 ぬりえ 大人のぬりえ パズル塗り絵 パズルぬりえ インテリア おしゃれ アートパネル 暇つぶし プレゼント ギフト 送料無料","ONESIZE","L","X11","Y22",,"0","22","21","-1",
"2026/10/05 21:41:11","受注取込","7986465","7986465X11Y12","【とにかくデカい】帽子 キャップ 大きいサイズ 深い 深め 60～65cm ★REVL 7986465 サイドタグ シンプル おしゃれ 野球帽 送料無料","ONESIZE","ブラック","X11","Y12",,"0","2","1","-1",
"2026/10/05 21:42:59","受注取込","7987475","7987475X11Y11","【防犯】護身用 タクティカルスティック 防災グッズ 熊対策グッズ クマ対策 タクティカルペン キーホルダー 女性 キーリング NEK ★REVM 7987475 棒 車 ガラス 防災 災害 車内 軽量 不審者 痴漢 痴漢対策 武器 護身グッズ 自己防衛 コンパクト 非常時 バッググリップ","ONESIZE","ブラック","X11","Y11",,"0","28","27","-1",
"2026/10/05 21:44:28","受注取込","7986475","7986475X11Y11","【一生モノ/経年変化を愉しむ】栃木レザー 日本製 トートバッグ ミニトートバッグ 本革 ★REVL SRI-030 7986475 本皮  フルベジタブルタンニンレザー プレゼント ギフト 送料無料","ONESIZE","ブラック","X11","Y11",,"0","14","13","-1",
"2026/10/05 21:45:29","受注取込","7994812","7994812X11Y12","サファリハット メンズ 釣り 帽子 ハット レディース SUNS(サンズ)  撥水 アウトドア 登山 キャンプ バーベキュー NEK ★REV H-051 H-053 送料無料 大きいサイズあり キッズサイズ 子供 UVカット アドベンチャーハット 父の日 プレゼント ユニセックス 春 夏 夏フェス ギフト","普通サイズ","BLACK(H_051)","X11","Y12",,"0","22","21","-1",
"2026/10/05 21:47:06","受注取込","7994812","7994812X12Y27","サファリハット メンズ 釣り 帽子 ハット レディース SUNS(サンズ)  撥水 アウトドア 登山 キャンプ バーベキュー NEK ★REV H-051 H-053 送料無料 大きいサイズあり キッズサイズ 子供 UVカット アドベンチャーハット 父の日 プレゼント ユニセックス 春 夏 夏フェス ギフト","大きいサイズ","CAMO(H_051)","X12","Y27",,"0","68","67","-1",
"2026/10/05 21:50:31","受注取込","7986526","7986526X11Y13","【羽/フェザー】チョーカー メンズ レディース ネイティブフェザー レザーネックレス NEK ★REVL 7986526 ターコイズ調 ビーズ 調整可能 ロングコード シルバーアクセサリー プレゼント ギフト 送料無料","ONESIZE","C","X11","Y13",,"0","14","12","-2",
"2026/10/05 21:51:29","受注取込","7995525","7995525X1Y10","AVIREX 限定モデル キャップ 帽子 父の日 贈り物 プレゼント メンズ ★REV ブラックシリーズ 黒 アビレックス アヴィレックス メッシュキャップ ハンチング ローキャップ バケット ハット ワークキャップ レディース かっこいい yos プレゼント ギフト","ONESIZE","【J】ワーク_14627600_BIGサイズ","X1","Y10",,"0","70","69","-1",
"2026/10/05 21:54:28","受注取込","7987275","7987275X11Y13","AVIREX アビレックス ニットキャップ ニット帽 NEK ★REV 7987275 帽子 大きい 大きめ 大きいサイズ ニット素材 メンズ レディース アヴィレックス ブランド プレゼント ギフト ミリタリー アメカジ ストリート アウトドア プレゼント ギフト 送料無料","ONESIZE","チャコール","X11","Y13",,"0","104","103","-1",
"2026/10/05 21:56:59","受注取込","7998075","7998075X11Y11","他店圧倒価格♪最安値に挑戦！ 1点までメール便送料無料 ワッチキャップ ニット帽子 ニットキャップ 7998075 【MB】【ALI】■05161126【wow未販売】 sg追加200125 sg追加200125","普通サイズ(～60cm)","ブラック杢","X11","Y11",,"0","225","224","-1",
"2026/10/05 21:57:32","受注取込","7990254","7990254X11Y12","【送料無料 速攻配達】AVIREX ニットキャップ ニット帽 帽子 メンズ レディース スウェットキャップ  NEK ★REV 14649300 ルーズ キャップ ブランド アビレックス リバーシブル AX REVERSIBLE SWEAT CAP 送料無料 プレゼント ギフト","ONESIZE","ブラック(80)","X11","Y12",,"0","367","366","-1",
"2026/10/05 21:58:00","受注取込","7995525","7995525X1Y12","AVIREX 限定モデル キャップ 帽子 父の日 贈り物 プレゼント メンズ ★REV ブラックシリーズ 黒 アビレックス アヴィレックス メッシュキャップ ハンチング ローキャップ バケット ハット ワークキャップ レディース かっこいい yos プレゼント ギフト","ONESIZE","【L】ワークキャップ_14787700_80","X1","Y12",,"0","54","53","-1",
"2026/10/05 22:00:39","受注取込","7992723","7992723X12Y11","お得！ 送料無料 4枚入り 福袋 Dickies ディッキーズ ボクサーパンツ メンズ かわいい NEK ★REV <br> パンツ ボクサーパンツ セット メンズ下着 メンズボクサーパンツ メンズボクサー 大きいサイズ 大きめ 特大 3L 下着 インナー メンズ usa まとめ買い プレゼント ギフト","L","福袋4枚セット","X12","Y11",,"0","122","121","-1",
"2026/10/05 22:07:58","受注取込","7986597","7986597X11Y11","【目元リラックス！高純度テラヘルツ】高純度 テラヘルツ アイマスク NEK ★REVL 7986597 重さ150g・包み込む美容ケア・リラクゼーション用 健康 テラヘルツ波 パワーストーン 天然石 アクセサリー プレゼント ギフト プチギフト 母の日 父の日 送料無料","アイマスク","メタリッククローム","X11","Y11",,"0","54","53","-1",
"2026/10/05 22:10:29","受注取込","7987400","7987400X11Y16","【とにかくデカい！/普通サイズあり！】キャップ メンズ 大きいサイズ 帽子 深め ビッグサイズ ★REVM 7987400 BIG SIZE メンズキャップ帽子 大きめ 大きい帽子 メンズ帽子 レディース 春 夏 春夏 プレゼント ギフト 母の日 父の日 送料無料","大きいサイズ","F-ブラック","X11","Y16",,"0","85","84","-1",
"2026/10/05 22:10:29","受注取込","7987277","7987277X14Y12","【L字で使いやすい】爆速 PD60w対応 スマホ ケーブル C-TO-C Type-C to C NEK ★REV 7987277 TYPE-C 長さ25cm～3m iPhone 3A SPEED 急速 充電器 iPhone15 ipad ipad mini IQOS アイコス イルマ イルマワン プライム 送料無料","3.0M","レッド","X14","Y12",,"0","6","5","-1",
"2026/10/05 22:10:29","受注取込","7987277","7987277X14Y13","【L字で使いやすい】爆速 PD60w対応 スマホ ケーブル C-TO-C Type-C to C NEK ★REV 7987277 TYPE-C 長さ25cm～3m iPhone 3A SPEED 急速 充電器 iPhone15 ipad ipad mini IQOS アイコス イルマ イルマワン プライム 送料無料","3.0M","ネイビー","X14","Y13",,"0","9","8","-1",
"2026/10/05 22:15:58","受注取込","7987678","7987678X11Y16","【洗濯可能】トレーニンググローブ 手袋 筋トレ 筋トレグローブ メンズ レディース 指無し NEK ★REV 7987678 ウェイトリフティング 防滑 クッション性 伸びる 洗濯OK バーベル サイクリング ヨガ グリップ","S","B-ピンク","X11","Y16",,"0","22","21","-1",
"2026/10/05 22:15:58","受注取込","7987678","7987678X11Y15","【洗濯可能】トレーニンググローブ 手袋 筋トレ 筋トレグローブ メンズ レディース 指無し NEK ★REV 7987678 ウェイトリフティング 防滑 クッション性 伸びる 洗濯OK バーベル サイクリング ヨガ グリップ","S","B-グレー","X11","Y15",,"0","7","6","-1",
"2026/10/05 22:16:59","受注取込","7986676","7986676X11Y14","【通気性抜群/薄手コットンニット】ハット 帽子 チューリップハット メンズ レディース NEK ★REVL 7986676 折りたたみ可能  UVカット 春夏ハット おしゃれ 無地 送料無料","ONESIZE","ブラック杢","X11","Y14",,"0","18","17","-1",
"2026/10/05 22:20:06","受注取込","7986804","7986804X11Y11","【シンプル/おしゃれ/年中大活躍】ワッチキャップ スラウチビーニー ニット帽 ニットキャップ 帽子 NEK ★REV 7986804 無地 ワッチ メンズ レディース ユニセックス 送料無料","ONESIZE","グレー","X11","Y11",,"0","1","0","-1",
"2026/10/05 22:23:30","受注取込","7998075","7998075X12Y13","他店圧倒価格♪最安値に挑戦！ 1点までメール便送料無料 ワッチキャップ ニット帽子 ニットキャップ 7998075 【MB】【ALI】■05161126【wow未販売】 sg追加200125 sg追加200125","大きいサイズ(～65cm)","ブラウン杢","X12","Y13",,"0","40","39","-1",
"2026/10/05 22:23:30","受注取込","7987996","7987996X15Y11","【速攻配達】ドッグウェア 犬 服 暖かい ジャージ POMII ポミー ★REVG NEK 7987996 裏起毛 小型犬 中型犬 男の子 女の子 おしゃれ インスタ映え 送料無料","2XL","ブラック","X15","Y11",,"0","3","2","-1",
"2026/10/05 22:23:30","受注取込","7986713","7986713X11Y18","【お得なオマケ付/すぐに使える】倒流香  倒流香炉 お香 アロマ お香立て コーン ★REVL 7986713incense インテリア オブジェ リラックス ヨガ 雑貨 陶器 おしゃれ プレゼント ギフト 送料無料","ONESIZE","H","X11","Y18",,"0","1","0","-1",
"2026/10/05 22:24:19","受注取込","7987481","7987481X11Y11","【お得な2個セット】犬 ナスカン キーホルダー キーフック キーケース NEK ★REV 7987481 カラナビ プレゼント ギフト アクセサリー 送料無料","ONESIZE","2個セット","X11","Y11",,"0","100","99","-1",
"2026/10/05 22:30:37","受注取込","7992723","7992723X12Y11","お得！ 送料無料 4枚入り 福袋 Dickies ディッキーズ ボクサーパンツ メンズ かわいい NEK ★REV <br> パンツ ボクサーパンツ セット メンズ下着 メンズボクサーパンツ メンズボクサー 大きいサイズ 大きめ 特大 3L 下着 インナー メンズ usa まとめ買い プレゼント ギフト","L","福袋4枚セット","X12","Y11",,"0","121","120","-1",
"2026/10/05 22:36:58","受注取込","7987081","7987081X11Y12","【豊富なポケット数】ショルダーバッグ メンズ レディース ミリタリー Military タクティカルバッグ ★REV 7987081 サコッシュ キャンプ アウトドア サバゲー 斜め掛け 鞄 バッグ カバン ipad OK 送料無料","ONESIZE","ブラックカモ","X11","Y12",,"0","46","45","-1",
"2026/10/05 22:39:28","受注取込","7987026","7987026X12Y11","【大きいサイズあり】キャップ 11cm つば長 帽子 メンズ レディース ★REV 7987026 深め 深い ゴルフ 無地 日焼け止め UVカット 送料無料","大きいサイズ","ブラック","X12","Y11",,"0","11","10","-1",
"2026/10/05 22:39:28","受注取込","7986751","7986751X11Y13","【グリップ力効果/洗濯可能】トレーニンググローブ 手袋 筋トレ 筋トレグローブ NEK ★REV 7986751 レディース メンズ ジム手袋 指無し ウェイトリフティング 防滑 クッション性 伸びる 洗濯OK バーベル サイクリング ヨガ グリップ 衝撃吸収 通気性 送料無料","S","ブラック","X11","Y13",,"0","22","21","-1",
"2026/10/05 22:40:15","受注取込","7988114","7988114X11Y13","【もこもこ素材】キャップ 帽子 メンズ レディース ボア ムートン ★REV 7988114 プレゼント ギフト アクセサリー インスタ映え 送料無料","ONESIZE","ブラック","X11","Y13",,"0","17","16","-1",
"2026/10/05 22:40:30","受注取込","7987400","7987400X11Y11","【とにかくデカい！/普通サイズあり！】キャップ メンズ 大きいサイズ 帽子 深め ビッグサイズ ★REVM 7987400 BIG SIZE メンズキャップ帽子 大きめ 大きい帽子 メンズ帽子 レディース 春 夏 春夏 プレゼント ギフト 母の日 父の日 送料無料","大きいサイズ","A-ブラック","X11","Y11",,"0","122","121","-1",
"2026/10/05 22:41:00","受注取込","7987275","7987275X11Y12","AVIREX アビレックス ニットキャップ ニット帽 NEK ★REV 7987275 帽子 大きい 大きめ 大きいサイズ ニット素材 メンズ レディース アヴィレックス ブランド プレゼント ギフト ミリタリー アメカジ ストリート アウトドア プレゼント ギフト 送料無料","ONESIZE","ブラウン","X11","Y12",,"0","133","132","-1",
"2026/10/05 22:41:59","受注取込","7990868","7990868X11Y11","短財布 財布 ミニ財布 メンズ レディース 本革 レザー 日本製  送料無料 職人技 無地 ヌメ革 総革 サステナビリティ 染め加工無し AA-019 プレゼント ギフト","ONESIZE","ナチュラル","X11","Y11",,"0","2","1","-1",
"2026/10/05 22:46:48","受注取込","7987076","7987076X11Y11","【超軽量55g】特価 キャップ 帽子 メッシュキャップ ランニングキャップ NEK ★REV 7987076 メンズ レディース 速乾 軽量 ジョギング アウトドア キャンプ スポーツ 釣り 海 プール","アジャスタータイプ","ブラック","X11","Y11",,"0","26","25","-1",
"2026/10/05 22:49:01","受注取込","7986564","7986564X11Y15","【当店限定/大きいサイズ】BlackRebel 帽子 キャップ メンズ レディース 大きいサイズ ★REVL 7986564 深め Vintage クラッシュ 加工 こなれ感 おしゃれ 送料無料","ONESIZE","グレー","X11","Y15",,"0","140","139","-1",
"2026/10/05 22:49:58","受注取込","7990619","7990619X11Y11","アルコール ジェル 除菌 消毒 500ml 62% 【50mlのミニボトル2本付き あす楽】 エタノール ハンドジェル アルコール 消毒 アルコール 除菌 アルコール消毒液 500ml アメリカFDA 認証商品 ウイルス対策  7990619 プレゼント ギフト","500ml","ジェルタイプ","X11","Y11",,"0","651","647","-4",
"2026/10/05 22:52:58","受注取込","7987616","7987616X11Y12","【バッグを汚さない！お得な2個入】バッグフック バッグハンガー デスク 便利 NEK ★REV 7987616 おしゃれ グッズ アイデア フック 机 テーブル グック ハンガー 防犯 メンズ レディース 荷物かけ カバン掛け プチギフト プレゼント LTG 送料無料","ONESIZE","ブラック/グレー","X11","Y12",,"0","23","22","-1",
"2026/10/05 22:57:58","受注取込","7986752","7986752X11Y11","収納 サンバイザーホルダー マルチ 車 カーポケット ドライブポケット NEK ★REVL 7986752 おしゃれ サンバイザー ポケット カー用品 収納 カー用品 ペン カードポケット 収納ホルダー サングラスホルダー 車 眼鏡ホルダー カーアクセサリー 送料無料","ONESIZE","ブラック","X11","Y11",,"0","30","29","-1",
"2026/10/05 22:58:31","受注取込","7987794","7987794X11Y11","【大きいサイズもあり】キャスハンチング キャップ メンズ レディース CULTURE MART NEK 101294 ★REV 7987794 ハンチング帽子 ハンチング帽 秋冬 帽子 ハンチング キャスケット メンズ帽子 レディース帽子秋冬 秋冬帽子 メンズハンチング おしゃれ カルチャーマート","普通サイズ","ベージュ(1)","X11","Y11",,"0","137","136","-1",
"2026/10/05 22:59:28","受注取込","7988215","7988215X23Y14","【とにかくデカい！】 大きいサイズ キャップ メッシュキャップ 送料無料 大きめ ビッグサイズ BIG SIZE ★REV 7988215 <br> 帽子 ハット キャップ ワークキャップ メンズキャップ 大きいサイズ バケット 大きい帽子 メンズ バケハ メンズ帽子 大きい 頭 メッシュ 全39カラー","MM","4","X23","Y14",,"0","17","16","-1",
"2026/10/05 22:59:28","受注取込","7988124","7988124X11Y13","大きいサイズ キャップ 帽子 メンズ フルキャップ ベースボールキャップ コットンキャップ 野球帽 ワンポイント ★REV 7988124 イーグル 鷲 刺繍 ミリタリー BIGSIZE キングサイズ 送料無料","ONESIZE","グレー","X11","Y13",,"0","20","19","-1",
"2026/10/05 22:59:28","受注取込","7988002","7988002X11Y18","【光る首輪】光る 犬 首輪 光る 犬用 LED ライト USB充電式 猫用 カラー 可愛い NEK ★REVG 7988002 ペット用品 ドッグ 大型犬 中型犬 小型犬 向け サイズ調節 35cm 50cm 70cm レインボー 猫 事故防止 散歩 防水 送料無料","S(35cm)","レインボー","X11","Y18",,"0","1","0","-1",
"2026/10/05 23:00:13","受注取込","7995525","7995525X1Y9","AVIREX 限定モデル キャップ 帽子 父の日 贈り物 プレゼント メンズ ★REV ブラックシリーズ 黒 アビレックス アヴィレックス メッシュキャップ ハンチング ローキャップ バケット ハット ワークキャップ レディース かっこいい yos プレゼント ギフト","ONESIZE","【I】ワークキャップ_14587800_80","X1","Y9",,"0","125","124","-1",
"2026/10/05 23:06:35","受注取込","7987091","7987091X11Y13","【使い方色々!】キーケース 小銭入れ ポーチ ベルトポーチ 短財布 財布 NEK ★REV 7987091 イヤホンケース メンズ レディース ミリタリー サバゲー キャンプ アウトドア メディカルポーチ 防災グッズ 送料無料","ONESIZE","オリーブ","X11","Y13",,"0","13","12","-1",
"2026/10/05 23:06:35","受注取込","7987091","7987091X11Y12","【使い方色々!】キーケース 小銭入れ ポーチ ベルトポーチ 短財布 財布 NEK ★REV 7987091 イヤホンケース メンズ レディース ミリタリー サバゲー キャンプ アウトドア メディカルポーチ 防災グッズ 送料無料","ONESIZE","カーキ","X11","Y12",,"0","23","22","-1",
"2026/10/05 23:09:58","受注取込","7992723","7992723X12Y11","お得！ 送料無料 4枚入り 福袋 Dickies ディッキーズ ボクサーパンツ メンズ かわいい NEK ★REV <br> パンツ ボクサーパンツ セット メンズ下着 メンズボクサーパンツ メンズボクサー 大きいサイズ 大きめ 特大 3L 下着 インナー メンズ usa まとめ買い プレゼント ギフト","L","福袋4枚セット","X12","Y11",,"0","120","119","-1",
"2026/10/05 23:09:58","受注取込","7992723","7992723X12Y11","お得！ 送料無料 4枚入り 福袋 Dickies ディッキーズ ボクサーパンツ メンズ かわいい NEK ★REV <br> パンツ ボクサーパンツ セット メンズ下着 メンズボクサーパンツ メンズボクサー 大きいサイズ 大きめ 特大 3L 下着 インナー メンズ usa まとめ買い プレゼント ギフト","L","福袋4枚セット","X12","Y11",,"0","119","118","-1",
"2026/10/05 23:11:28","受注取込","7986557","7986557X11Y12","ステンレス ネックレス メンズ レディース バーネックレス Y字 ロングネックレス NEK ★REVO 7986557 ゴールド シルバー 金属アレルギー対応 シンプル ペンダント プレゼント ギフト 男女兼用 アクセサリー 送料無料","ONESIZE","シルバー","X11","Y12",,"0","6","5","-1",
"2026/10/05 23:12:02","受注取込","7987110","7987110X11Y11","チャッキー フリースサンダル 60101 ★REV 7987110 メンズ レディース チャイルドプレイ ホラー スリッパ キャラクター 室内履き ユニセックス","M","ブラック","X11","Y11",,"0","146","145","-1",
"2026/10/05 23:21:58","受注取込","7987400","7987400X11Y15","【とにかくデカい！/普通サイズあり！】キャップ メンズ 大きいサイズ 帽子 深め ビッグサイズ ★REVM 7987400 BIG SIZE メンズキャップ帽子 大きめ 大きい帽子 メンズ帽子 レディース 春 夏 春夏 プレゼント ギフト 母の日 父の日 送料無料","大きいサイズ","E-ベージュ","X11","Y15",,"0","70","69","-1",
"2026/10/05 23:21:58","受注取込","7987085","7987085X11Y25","【とにかくデカい！】大きいサイズ キャップ 大きめ 深い 深め ビッグサイズ BIG SIZE ★REV 7987085 メンズキャップ帽子 大きい帽子 メンズ帽子 レディース 春 夏 春夏 プレゼント ギフト 母の日 父の日 送料無料","YA","15","X11","Y25",,"0","10","9","-1",
"2026/10/05 23:21:58","受注取込","7986572","7986572X11Y40","【新型/IQOS イルマ i ワン用】アイコス イルマiワン ILUMA ケース 保護ケース NEK ★REVL 7986572 iqosイルマワン イルマワンカバー 耐衝撃 おしゃれ iqos iluma one 専用 IQOSイルマワン保護ケース レザー ヒョウ柄 ペイズリー 保護カバー アイコスケース アクセサリー 送料無料","イルマiワン","84","X11","Y40",,"0","11","10","-1",
"2026/10/05 23:28:22","受注取込","7987345","7987345X18Y13","【とにかくデカい！】 大きいサイズ キャップ 送料無料 大きめ ビッグサイズ ★REV 7987345 BIG SIZE 帽子 ハット キャップ キャスケット メンズキャップ 大きいサイズ バケット 大きい帽子 メンズ メンズ帽子 大きい 頭 メッシュキャップ","HHH","3","X18","Y13",,"0","5","4","-1",
"2026/10/05 23:30:31","受注取込","7987140","7987140X11Y12","【COOLにマナーを】携帯灰皿 カラビナ付き 吸い殻入れ 金属製 フタ付き 小型 軽量 NEK ★REVL 7987140 喫煙グッズ アッシュトレイ 持ち運び便利 男性 メンズ レディース 送料無料","ONESIZE","B.シルバー","X11","Y12",,"0","26","25","-1",
"2026/10/05 23:30:44","受注取込","7998481","7998481X1Y1","本革 レザー 中折れハット 帽子 メンズ 7998481 大きいサイズあり プレゼント ギフト","普通サイズ","ブラックスエード","X1","Y1",,"0","15","14","-1",
"2026/10/05 23:30:45","受注取込","7992723","7992723X12Y11","お得！ 送料無料 4枚入り 福袋 Dickies ディッキーズ ボクサーパンツ メンズ かわいい NEK ★REV <br> パンツ ボクサーパンツ セット メンズ下着 メンズボクサーパンツ メンズボクサー 大きいサイズ 大きめ 特大 3L 下着 インナー メンズ usa まとめ買い プレゼント ギフト","L","福袋4枚セット","X12","Y11",,"0","118","117","-1",
"2026/10/05 23:31:31","受注取込","7987482","7987482X11Y25","【均一価格】ネックレス メンズ Vintage NEK ★REV 7987482 レディース アクセサリー ペンダント 316L ステンレス チェーンボール プレゼント プチギフト 送料無料","ONESIZE","O ローズ","X11","Y25",,"0","12","11","-1",
"2026/10/05 23:34:01","受注取込","7986654","7986654X15Y11","【お得な100枚セット】宅配ビニール袋 100枚 お得 安い 宅配袋 宅配ポリ袋 ポリ袋 強テープ付き 17cm 20cm 25cm 30cm 32cm 40cm 45cm 50cm 60cm 梱包 袋 梱包材 ビニール 宅配 7986654 プレゼント ギフト","32cm×45cm","ワンカラー","X15","Y11",,"0","36","33","-3",
"2026/10/05 23:35:58","受注取込","7987597","7987597X11Y11","【凄すぎる分厚さ5mm！】日本製 ベルト メンズ レザー 本革 本皮 昭南レザー ★REV SRI-016 ベンズレザー Artisan aging キーホルダー キーケース プレゼント ギフト 父の日 バレンタイン チョコ以外 送料無料","ワンサイズ","ナチュラル","X11","Y11",,"0","15","14","-1",
"2026/10/05 23:37:28","受注取込","7988386","7988386X11Y14","【高輝度・省電力】LED 卓上 ライト 間接照明 おしゃれ テーブルランプ 北欧 ベッドライト ★REV 7988386 照明 ランプ 一人暮らし ナイトランプ ムードランプ インテリア 雑貨 スタンドライト フロアライト ベッドサイド ルームライト 寝室 usb 電気スタンド フロアランプ","ONESIZE","キャメル","X11","Y14",,"0","71","70","-1",
"2026/10/05 23:38:58","受注取込","7986654","7986654X16Y11","【お得な100枚セット】宅配ビニール袋 100枚 お得 安い 宅配袋 宅配ポリ袋 ポリ袋 強テープ付き 17cm 20cm 25cm 30cm 32cm 40cm 45cm 50cm 60cm 梱包 袋 梱包材 ビニール 宅配 7986654 プレゼント ギフト","40cm×55cm","ワンカラー","X16","Y11",,"0","78","76","-2",
"2026/10/05 23:38:58","受注取込","7986654","7986654X14Y11","【お得な100枚セット】宅配ビニール袋 100枚 お得 安い 宅配袋 宅配ポリ袋 ポリ袋 強テープ付き 17cm 20cm 25cm 30cm 32cm 40cm 45cm 50cm 60cm 梱包 袋 梱包材 ビニール 宅配 7986654 プレゼント ギフト","30cm×42cm","ワンカラー","X14","Y11",,"0","38","37","-1",
"2026/10/05 23:41:31","受注取込","7986716","7986716X11Y11","【紫外線でプロ級チェック】アニサキスライト UV 紫外線ライト ブラックライト NEK ★REVL 7986716 365nm 充電式 TYPE-C充電  USB 光学レンズ アニサキス検出 生活 食事 釣り 掃除 コンパクト 送料無料","1本","ブラック(TYPE-C)","X11","Y11",,"0","93","92","-1",
"2026/10/05 23:47:30","受注取込","7986747","7986747X11Y11","【日焼けシェード付き】サファリハット シェード メンズ 釣り 帽子 ハット レディース SUNS(サンズ) 撥水 アウトドア 登山 キャンプ バーベキュー NEK ★REVL H-051 送料無料 大きいサイズあり キッズサイズ 子供 UVカット アドベンチャーハット 父の日 プレゼント ユニセックス 春 夏 夏フェス ギフト","普通サイズ","SHADE_BK/BLACK(H_051)","X11","Y11",,"0","42","41","-1",
"2026/10/05 23:47:30","受注取込","7998075","7998075X12Y11","他店圧倒価格♪最安値に挑戦！ 1点までメール便送料無料 ワッチキャップ ニット帽子 ニットキャップ 7998075 【MB】【ALI】■05161126【wow未販売】 sg追加200125 sg追加200125","大きいサイズ(～65cm)","ブラック杢","X12","Y11",,"0","105","104","-1",
"2026/10/05 23:48:28","受注取込","7986564","7986564X11Y12","【当店限定/大きいサイズ】BlackRebel 帽子 キャップ メンズ レディース 大きいサイズ ★REVL 7986564 深め Vintage クラッシュ 加工 こなれ感 おしゃれ 送料無料","ONESIZE","ネイビー","X11","Y12",,"0","84","83","-1",
"2026/10/05 23:50:13","受注取込","7986564","7986564X11Y15","【当店限定/大きいサイズ】BlackRebel 帽子 キャップ メンズ レディース 大きいサイズ ★REVL 7986564 深め Vintage クラッシュ 加工 こなれ感 おしゃれ 送料無料","ONESIZE","グレー","X11","Y15",,"0","139","138","-1",
"2026/10/05 23:56:06","受注取込","7987760","7987760X11Y11","【なんと16色変化】LED ライト テーブルライト 充電式 インテリアライト 電球 ★REV 7987760 クリスタル ダイヤモンド クリスタルランプ 間接照明 テーブルランプ デスク タッチ Type-c USB デスクライト おしゃれ リビング 寝室 フロアライト ムードランプ LTG 送料無料","ONESIZE","クリア","X11","Y11",,"0","15","14","-1",
"2026/10/05 23:57:06","受注取込","7992540","7992540X11Y17","AVIREX ワークキャップ メンズ 大きいサイズ 大きめ キャップ ブランド 帽子 アメカジ アビレックス 春 夏 秋 冬 綿100％ ★REV 18490000 14787700 80264100 7992540 ネイビー/ベージュ/ブラック/カーキ プレゼント ギフト","ONESIZE","【G】DENIM_NAVY","X11","Y17",,"0","86","85","-1",
"2026/10/05 23:57:06","受注取込","7992540","7992540X11Y13","AVIREX ワークキャップ メンズ 大きいサイズ 大きめ キャップ ブランド 帽子 アメカジ アビレックス 春 夏 秋 冬 綿100％ ★REV 18490000 14787700 80264100 7992540 ネイビー/ベージュ/ブラック/カーキ プレゼント ギフト","ONESIZE","【C】ブラック","X11","Y13",,"0","180","179","-1",
"2026/10/05 23:58:32","受注取込","7987221","7987221X12Y14","【ふあモコ秋冬】【大きいサイズあり】ハット ボア レディース メンズ NEK ★REV 7987221 キャップ 帽子 防寒 ムートン FULFFY HAT 送料無料","大きいサイズ","ブラウン","X12","Y14",,"0","29","28","-1",
