"更新日時","更新理由","商品基本コード","商品コード","商品名","属性1名","属性2名","属性1コード","属性2コード","倉庫名","実在庫区分","変動前","変動後","増減値","ユーザー"
"2026/08/09 00:08:45","受注取込","7988215","7988215X16Y15","【とにかくデカい！】 大きいサイズ キャップ メッシュキャップ 送料無料 大きめ ビッグサイズ BIG SIZE ★REV 7988215 <br> 帽子 ハット キャップ ワークキャップ メンズキャップ 大きいサイズ バケット 大きい帽子 メンズ バケハ メンズ帽子 大きい 頭 メッシュ 全39カラー","FF","5","X16","Y15",,"0","55","54","-1",
"2026/08/09 00:10:05","受注取込","7986564","7986564X11Y15","【当店限定/大きいサイズ】BlackRebel 帽子 キャップ メンズ レディース 大きいサイズ ★REVL 7986564 深め Vintage クラッシュ 加工 こなれ感 おしゃれ 送料無料","ONESIZE","グレー","X11","Y15",,"0","16","15","-1",
"2026/08/09 00:12:45","受注取込","7986482","7986482X11Y11","【大人気SUNSより当店限定！】バケットハット レインハット パッカブル NEK MADE-031 ★REVL 7986482 メンズ レディース サファリハット 撥水 速乾 軽量 折り畳める UVカット フェス アウトドア キャンプ 登山 ウォーキング 散歩 日焼け防止 紫外線防止 送料無料","ONESIZE","ブラック","X11","Y11",,"0","35","34","-1",
"2026/08/09 00:20:45","受注取込","7987473","7987473X11Y11","【USAブランド】DICKIES ディッキーズ 靴下 メンズ レディース 同色3足セット NEK ★REV 7987473 DK ワンポイント刺繍 アンクル/クウォーター/クルー 3Pソックス くるぶし ブランド くつした 足首 ブラック ホワイト 白 黒 スクール 学校 送料無料 プレゼント プチギフト","ホワイト","メンズ/アンクル【短】","X11","Y11",,"0","17","16","-1",
"2026/08/09 00:20:45","受注取込","7986572","7986572X11Y31","【新型/IQOS イルマ i ワン用】アイコス イルマiワン ILUMA ケース 保護ケース NEK ★REVL 7986572 iqosイルマワン イルマワンカバー 耐衝撃 おしゃれ iqos iluma one 専用 IQOSイルマワン保護ケース レザー ヒョウ柄 ペイズリー 保護カバー アイコスケース アクセサリー 送料無料","イルマiワン","75","X11","Y31",,"0","1","0","-1",
"2026/08/09 00:31:45","受注取込","7987400","7987400X11Y16","【とにかくデカい！/普通サイズあり！】キャップ メンズ 大きいサイズ 帽子 深め ビッグサイズ ★REVM 7987400 BIG SIZE メンズキャップ帽子 大きめ 大きい帽子 メンズ帽子 レディース 春 夏 春夏 プレゼント ギフト 母の日 父の日 送料無料","大きいサイズ","F-ブラック","X11","Y16",,"0","45","44","-1",
"2026/08/09 00:31:45","受注取込","7987400","7987400X11Y11","【とにかくデカい！/普通サイズあり！】キャップ メンズ 大きいサイズ 帽子 深め ビッグサイズ ★REVM 7987400 BIG SIZE メンズキャップ帽子 大きめ 大きい帽子 メンズ帽子 レディース 春 夏 春夏 プレゼント ギフト 母の日 父の日 送料無料","大きいサイズ","A-ブラック","X11","Y11",,"0","108","107","-1",
"2026/08/09 00:41:45","受注取込","7994812","7994812X11Y33","サファリハット メンズ 釣り 帽子 ハット レディース SUNS(サンズ)  撥水 アウトドア 登山 キャンプ バーベキュー NEK ★REV H-051 H-053 送料無料 大きいサイズあり キッズサイズ 子供 UVカット アドベンチャーハット 父の日 プレゼント ユニセックス 春 夏 夏フェス ギフト","普通サイズ","GREIGE(H-051)","X11","Y33",,"0","50","49","-1",
"2026/08/09 00:44:45","受注取込","7994812","7994812X11Y11","サファリハット メンズ 釣り 帽子 ハット レディース SUNS(サンズ)  撥水 アウトドア 登山 キャンプ バーベキュー NEK ★REV H-051 H-053 送料無料 大きいサイズあり キッズサイズ 子供 UVカット アドベンチャーハット 父の日 プレゼント ユニセックス 春 夏 夏フェス ギフト","普通サイズ","BK/BLACK(H_051)","X11","Y11",,"0","10","9","-1",
"2026/08/09 00:44:45","受注取込","7994812","7994812X12Y11","サファリハット メンズ 釣り 帽子 ハット レディース SUNS(サンズ)  撥水 アウトドア 登山 キャンプ バーベキュー NEK ★REV H-051 H-053 送料無料 大きいサイズあり キッズサイズ 子供 UVカット アドベンチャーハット 父の日 プレゼント ユニセックス 春 夏 夏フェス ギフト","大きいサイズ","BK/BLACK(H_051)","X12","Y11",,"0","342","341","-1",
"2026/08/09 01:09:30","受注取込","7987846","7987846X11Y13","【大容量】ボディバッグ バッグ メンズ レディース タクティカル 斜めがけバッグ ★REV 7987846 ショルダー ワンショルダー ミリタリー プレゼント ギフト 父の日 Ipad 送料無料","ONESIZE","ブラックカモ","X11","Y13",,"0","8","7","-1",
"2026/08/09 02:05:15","受注取込","7999489","7999489X11Y16","5WAY ボディバッグ メンズ 鞄 ショルダーバッグ ウエストバッグ ★REV 7999489 アウトドア キャンプ ミリタリー 無地 迷彩 カモフラージュ 多機能 小さめ 小さい 小型 斜め掛け Military プレゼント ギフト","ONESIZE","ブラック","X11","Y16",,"0","1","0","-1",
"2026/08/09 02:23:15","受注取込","7987400","7987400X11Y11","【とにかくデカい！/普通サイズあり！】キャップ メンズ 大きいサイズ 帽子 深め ビッグサイズ ★REVM 7987400 BIG SIZE メンズキャップ帽子 大きめ 大きい帽子 メンズ帽子 レディース 春 夏 春夏 プレゼント ギフト 母の日 父の日 送料無料","大きいサイズ","A-ブラック","X11","Y11",,"0","107","106","-1",
"2026/08/09 02:45:54","受注取込","7986531","7986531X11Y27","【新型/IQOS イルマ i ワン用】アイコス イルマiワン ILUMA ケース 保護ケース NEK ★REVL 7986531 iqosイルマワン イルマワンカバー 耐衝撃 おしゃれ iqos iluma one 専用 IQOSイルマワン保護ケース レザー ヒョウ柄 ペイズリー 保護カバー アイコスケース アクセサリー 送料無料","ONESIZE","110","X11","Y27",,"0","7","6","-1",
"2026/08/09 02:56:01","受注取込","7990254","7990254X11Y12","【送料無料 速攻配達】AVIREX ニットキャップ ニット帽 帽子 メンズ レディース スウェットキャップ  NEK ★REV 14649300 ルーズ キャップ ブランド アビレックス リバーシブル AX REVERSIBLE SWEAT CAP 送料無料 プレゼント ギフト","ONESIZE","ブラック(80)","X11","Y12",,"0","314","313","-1",
"2026/08/09 03:43:00","受注取込","7994812","7994812X11Y11","サファリハット メンズ 釣り 帽子 ハット レディース SUNS(サンズ)  撥水 アウトドア 登山 キャンプ バーベキュー NEK ★REV H-051 H-053 送料無料 大きいサイズあり キッズサイズ 子供 UVカット アドベンチャーハット 父の日 プレゼント ユニセックス 春 夏 夏フェス ギフト","普通サイズ","BK/BLACK(H_051)","X11","Y11",,"0","9","8","-1",
"2026/08/09 03:49:49","受注取込","7986516","7986516X11Y11","【当店限定モデル/深め】 AVIREX キャップ メンズ レディース 深め 刺繍 シンプル 81747500 ★REVL 7986516 ブランド コットン100％ サイズ調整可能 ブラック グレージュ 送料無料","ONESIZE","ブラック","X11","Y11",,"0","39","38","-1",
"2026/08/09 04:14:01","受注取込","7988215","7988215X16Y14","【とにかくデカい！】 大きいサイズ キャップ メッシュキャップ 送料無料 大きめ ビッグサイズ BIG SIZE ★REV 7988215 <br> 帽子 ハット キャップ ワークキャップ メンズキャップ 大きいサイズ バケット 大きい帽子 メンズ バケハ メンズ帽子 大きい 頭 メッシュ 全39カラー","FF","4","X16","Y14",,"0","8","7","-1",
"2026/08/09 05:40:12","受注取込","7987070","7987070X13Y11","【お得な2枚組】X-LARGE XLARGE エクストララージ ボクサーパンツ メンズ アンダーウェア 下着 NEK ★REVL 7987070 かっこいい ツルツル おすすめ 人気 カモフラ タイダイ 炎 迷彩 カモ柄 ブランド 男性 紳士 プレゼント プチギフト 父の日 誕生日 彼氏 父 息子 ギフト 記念日 大きいサイズ 福袋 送料無料","XL","2枚組","X13","Y11",,"0","29","28","-1",
"2026/08/09 06:00:26","受注取込","7987400","7987400X11Y16","【とにかくデカい！/普通サイズあり！】キャップ メンズ 大きいサイズ 帽子 深め ビッグサイズ ★REVM 7987400 BIG SIZE メンズキャップ帽子 大きめ 大きい帽子 メンズ帽子 レディース 春 夏 春夏 プレゼント ギフト 母の日 父の日 送料無料","大きいサイズ","F-ブラック","X11","Y16",,"0","44","43","-1",
"2026/08/09 06:45:00","受注取込","7987076","7987076X11Y11","【超軽量55g】特価 キャップ 帽子 メッシュキャップ ランニングキャップ NEK ★REV 7987076 メンズ レディース 速乾 軽量 ジョギング アウトドア キャンプ スポーツ 釣り 海 プール","アジャスタータイプ","ブラック","X11","Y11",,"0","30","29","-1",
"2026/08/09 06:52:45","受注取込","7997141","7997141X11Y11","特大 スイカ ドーナツ 浮き輪 浮輪 送料無料 プール 大人用 子供用 NEK 7997141 ★REV 120cm 90cm 80cm 70cm 60cm サイズ 大きい 大きめ うきわ ウキワ すいか 海 海水浴 ビックフロート 水上 レジャー かわいい フローティングベッド 西瓜 子供用浮き輪 大人 子供 こども","120cm","スイカ","X11","Y11",,"0","785","784","-1",
"2026/08/09 06:57:15","受注取込","7988359","7988359X11Y11","キーケース メンズ レディース 本革 レザー スマートキー キーホルダー 鍵 キーチェーン 小銭入れ プレゼント ミニギフト 父の日 母の日 ★REV 7988359","ONESIZE","キャメル","X11","Y11",,"0","7","6","-1",
"2026/08/09 07:00:30","受注取込","7987061","7987061X11Y12","【お得な2組セット】アームカバー メンズ レディース 2組セット 冷感 NEK ★REV 7987061 ひんやり スポーツ 紫外線カット UVカット 男用 仕事 外 夏 運動 ゴルフ サイクリング 通気性 速乾性 接触冷感 UPF50+ 日焼け防止 送料無料","ONESIZE","ホワイト","X11","Y12",,"0","148","147","-1",
"2026/08/09 07:03:31","受注取込","7986572","7986572X11Y19","【新型/IQOS イルマ i ワン用】アイコス イルマiワン ILUMA ケース 保護ケース NEK ★REVL 7986572 iqosイルマワン イルマワンカバー 耐衝撃 おしゃれ iqos iluma one 専用 IQOSイルマワン保護ケース レザー ヒョウ柄 ペイズリー 保護カバー アイコスケース アクセサリー 送料無料","イルマiワン","63","X11","Y19",,"0","3","2","-1",
"2026/08/09 07:03:31","受注取込","7986572","7986572X11Y21","【新型/IQOS イルマ i ワン用】アイコス イルマiワン ILUMA ケース 保護ケース NEK ★REVL 7986572 iqosイルマワン イルマワンカバー 耐衝撃 おしゃれ iqos iluma one 専用 IQOSイルマワン保護ケース レザー ヒョウ柄 ペイズリー 保護カバー アイコスケース アクセサリー 送料無料","イルマiワン","65","X11","Y21",,"0","2","1","-1",
"2026/08/09 07:15:45","受注取込","7994812","7994812X11Y33","サファリハット メンズ 釣り 帽子 ハット レディース SUNS(サンズ)  撥水 アウトドア 登山 キャンプ バーベキュー NEK ★REV H-051 H-053 送料無料 大きいサイズあり キッズサイズ 子供 UVカット アドベンチャーハット 父の日 プレゼント ユニセックス 春 夏 夏フェス ギフト","普通サイズ","GREIGE(H-051)","X11","Y33",,"0","49","48","-1",
"2026/08/09 07:24:30","受注取込","7986492","7986492X12Y11","クロッグ メンズ サンダル スリッパ PEANUT スヌーピー SNOOPY 室内履き 84h26 Y_KO ★REVM 7986492 チャーリー ブラウン 軽量","L","ブラック","X12","Y11",,"0","20","19","-1",
"2026/08/09 07:24:30","受注取込","7987073","7987073X12Y15","【くすみカラー 超軽量】バケットハット サファリハット メンズ レディース 普通サイズ 大きいサイズ NEK ★REV 7987073 アドベンチャーハット 撥水 速乾 軽量 折り畳める UV カット アウトドア キャンプ 登山 ウォーキング 散歩 日焼け防止 紫外線防止 送料無料","大きいサイズ","オリーブ","X12","Y15",,"0","24","23","-1",
"2026/08/09 07:24:30","受注取込","7995525","7995525X1Y15","AVIREX 限定モデル キャップ 帽子 父の日 贈り物 プレゼント メンズ ★REV ブラックシリーズ 黒 アビレックス アヴィレックス メッシュキャップ ハンチング ローキャップ バケット ハット ワークキャップ レディース かっこいい yos プレゼント ギフト","ONESIZE","【O】サファリハット_17158400_BIG","X1","Y15",,"0","39","38","-1",
"2026/08/09 07:30:13","受注取込","7987274","7987274X11Y49","【圧巻の40種】47 キャップ 帽子 メンズ レディース 47brand クリーンナップ ★REV 7987274 フォーティーセブン ブランド CLEAN UP 正規品 送料無料","ONESIZE","OT-19","X11","Y49",,"0","5","4","-1",
"2026/08/09 07:31:48","受注取込","7986531","7986531X11Y26","【新型/IQOS イルマ i ワン用】アイコス イルマiワン ILUMA ケース 保護ケース NEK ★REVL 7986531 iqosイルマワン イルマワンカバー 耐衝撃 おしゃれ iqos iluma one 専用 IQOSイルマワン保護ケース レザー ヒョウ柄 ペイズリー 保護カバー アイコスケース アクセサリー 送料無料","ONESIZE","109","X11","Y26",,"0","9","8","-1",
"2026/08/09 07:37:15","受注取込","7986466","7986466X11Y11","【大きいサイズ】 キャップ 帽子 メッシュキャップ ランニングキャップ NEK ★REVL 7986466 メンズ レディース 速乾 軽量 ジョギング アウトドア キャンプ スポーツ 釣り 海 プール 送料無料","ONESIZE","ブラック","X11","Y11",,"0","33","32","-1",
"2026/08/09 07:38:15","受注取込","7997141","7997141X11Y13","特大 スイカ ドーナツ 浮き輪 浮輪 送料無料 プール 大人用 子供用 NEK 7997141 ★REV 120cm 90cm 80cm 70cm 60cm サイズ 大きい 大きめ うきわ ウキワ すいか 海 海水浴 ビックフロート 水上 レジャー かわいい フローティングベッド 西瓜 子供用浮き輪 大人 子供 こども","120cm","ドーナツチョコ","X11","Y13",,"0","7","6","-1",
"2026/08/09 07:54:31","受注取込","7987892","7987892X12Y12","【深めのシルエット】メッシュキャップ キャップ 帽子 メンズ レディース 大きいサイズ 普通サイズ ★REV 7987892","大きいサイズ","B","X12","Y12",,"0","16","15","-1",
"2026/08/09 08:00:18","受注取込","7987070","7987070X13Y11","【お得な2枚組】X-LARGE XLARGE エクストララージ ボクサーパンツ メンズ アンダーウェア 下着 NEK ★REVL 7987070 かっこいい ツルツル おすすめ 人気 カモフラ タイダイ 炎 迷彩 カモ柄 ブランド 男性 紳士 プレゼント プチギフト 父の日 誕生日 彼氏 父 息子 ギフト 記念日 大きいサイズ 福袋 送料無料","XL","2枚組","X13","Y11",,"0","28","27","-1",
"2026/08/09 08:06:15","受注取込","7988124","7988124X11Y12","大きいサイズ キャップ 帽子 メンズ フルキャップ ベースボールキャップ コットンキャップ 野球帽 ワンポイント ★REV 7988124 イーグル 鷲 刺繍 ミリタリー BIGSIZE キングサイズ 送料無料","ONESIZE","ネイビー","X11","Y12",,"0","30","29","-1",
"2026/08/09 08:07:16","受注取込","7994812","7994812X12Y11","サファリハット メンズ 釣り 帽子 ハット レディース SUNS(サンズ)  撥水 アウトドア 登山 キャンプ バーベキュー NEK ★REV H-051 H-053 送料無料 大きいサイズあり キッズサイズ 子供 UVカット アドベンチャーハット 父の日 プレゼント ユニセックス 春 夏 夏フェス ギフト","大きいサイズ","BK/BLACK(H_051)","X12","Y11",,"0","341","340","-1",
"2026/08/09 08:22:45","受注取込","7997141","7997141X11Y13","特大 スイカ ドーナツ 浮き輪 浮輪 送料無料 プール 大人用 子供用 NEK 7997141 ★REV 120cm 90cm 80cm 70cm 60cm サイズ 大きい 大きめ うきわ ウキワ すいか 海 海水浴 ビックフロート 水上 レジャー かわいい フローティングベッド 西瓜 子供用浮き輪 大人 子供 こども","120cm","ドーナツチョコ","X11","Y13",,"0","6","5","-1",
"2026/08/09 08:33:46","受注取込","7987409","7987409X11Y11","【130cm 大きいサイズ対応】本革 床革 ベルト メンズ 130cm NEK ★REV 7987409 大きいサイズ対応 シンセティックレザー ビジネスベルト カジュアルベルト 父の日 送料無料","ONESIZE","ブラックA","X11","Y11",,"0","37","36","-1",
"2026/08/09 08:35:17","受注取込","7987400","7987400X12Y13","【とにかくデカい！/普通サイズあり！】キャップ メンズ 大きいサイズ 帽子 深め ビッグサイズ ★REVM 7987400 BIG SIZE メンズキャップ帽子 大きめ 大きい帽子 メンズ帽子 レディース 春 夏 春夏 プレゼント ギフト 母の日 父の日 送料無料","普通サイズ","C-グレー","X12","Y13",,"0","2","1","-1",
"2026/08/09 08:37:30","受注取込","7987697","7987697X11Y11","【速攻配達】冷やスマPRO 盛夏用 スマホ熱中症対策 冷却 クーラー ★REV NEK スマートフォン専用常温保冷剤 熱暴走 結露なし スマホ 冷感 冷却 HIYASUMA","ONESIZE","ホワイト","X11","Y11",,"0","415","414","-1",
"2026/08/09 08:40:21","受注取込","7997141","7997141X11Y11","特大 スイカ ドーナツ 浮き輪 浮輪 送料無料 プール 大人用 子供用 NEK 7997141 ★REV 120cm 90cm 80cm 70cm 60cm サイズ 大きい 大きめ うきわ ウキワ すいか 海 海水浴 ビックフロート 水上 レジャー かわいい フローティングベッド 西瓜 子供用浮き輪 大人 子供 こども","120cm","スイカ","X11","Y11",,"0","784","783","-1",
"2026/08/09 08:42:49","受注取込","7986747","7986747X11Y11","【日焼けシェード付き】サファリハット シェード メンズ 釣り 帽子 ハット レディース SUNS(サンズ) 撥水 アウトドア 登山 キャンプ バーベキュー NEK ★REVL H-051 送料無料 大きいサイズあり キッズサイズ 子供 UVカット アドベンチャーハット 父の日 プレゼント ユニセックス 春 夏 夏フェス ギフト","普通サイズ","SHADE_BK/BLACK(H_051)","X11","Y11",,"0","76","74","-2",
"2026/08/09 08:43:31","受注取込","7994812","7994812X12Y14","サファリハット メンズ 釣り 帽子 ハット レディース SUNS(サンズ)  撥水 アウトドア 登山 キャンプ バーベキュー NEK ★REV H-051 H-053 送料無料 大きいサイズあり キッズサイズ 子供 UVカット アドベンチャーハット 父の日 プレゼント ユニセックス 春 夏 夏フェス ギフト","大きいサイズ","KHAKI(H_051)","X12","Y14",,"0","25","24","-1",
"2026/08/09 08:45:46","受注取込","7986572","7986572X11Y20","【新型/IQOS イルマ i ワン用】アイコス イルマiワン ILUMA ケース 保護ケース NEK ★REVL 7986572 iqosイルマワン イルマワンカバー 耐衝撃 おしゃれ iqos iluma one 専用 IQOSイルマワン保護ケース レザー ヒョウ柄 ペイズリー 保護カバー アイコスケース アクセサリー 送料無料","イルマiワン","64","X11","Y20",,"0","1","0","-1",
"2026/08/09 08:59:45","受注取込","7987400","7987400X11Y14","【とにかくデカい！/普通サイズあり！】キャップ メンズ 大きいサイズ 帽子 深め ビッグサイズ ★REVM 7987400 BIG SIZE メンズキャップ帽子 大きめ 大きい帽子 メンズ帽子 レディース 春 夏 春夏 プレゼント ギフト 母の日 父の日 送料無料","大きいサイズ","D-ネイビー","X11","Y14",,"0","31","29","-2",
"2026/08/09 09:00:13","受注取込","7987070","7987070X13Y11","【お得な2枚組】X-LARGE XLARGE エクストララージ ボクサーパンツ メンズ アンダーウェア 下着 NEK ★REVL 7987070 かっこいい ツルツル おすすめ 人気 カモフラ タイダイ 炎 迷彩 カモ柄 ブランド 男性 紳士 プレゼント プチギフト 父の日 誕生日 彼氏 父 息子 ギフト 記念日 大きいサイズ 福袋 送料無料","XL","2枚組","X13","Y11",,"0","27","26","-1",
"2026/08/09 09:05:20","受注取込","7994812","7994812X11Y11","サファリハット メンズ 釣り 帽子 ハット レディース SUNS(サンズ)  撥水 アウトドア 登山 キャンプ バーベキュー NEK ★REV H-051 H-053 送料無料 大きいサイズあり キッズサイズ 子供 UVカット アドベンチャーハット 父の日 プレゼント ユニセックス 春 夏 夏フェス ギフト","普通サイズ","BK/BLACK(H_051)","X11","Y11",,"0","8","7","-1",
"2026/08/09 09:09:46","受注取込","7992723","7992723X13Y11","お得！ 送料無料 4枚入り 福袋 Dickies ディッキーズ ボクサーパンツ メンズ かわいい NEK ★REV <br> パンツ ボクサーパンツ セット メンズ下着 メンズボクサーパンツ メンズボクサー 大きいサイズ 大きめ 特大 3L 下着 インナー メンズ usa まとめ買い プレゼント ギフト","LL","福袋4枚セット","X13","Y11",,"0","20","19","-1",
"2026/08/09 09:14:02","受注取込","7994812","7994812X12Y11","サファリハット メンズ 釣り 帽子 ハット レディース SUNS(サンズ)  撥水 アウトドア 登山 キャンプ バーベキュー NEK ★REV H-051 H-053 送料無料 大きいサイズあり キッズサイズ 子供 UVカット アドベンチャーハット 父の日 プレゼント ユニセックス 春 夏 夏フェス ギフト","大きいサイズ","BK/BLACK(H_051)","X12","Y11",,"0","340","339","-1",
"2026/08/09 09:22:17","受注取込","7987892","7987892X12Y17","【深めのシルエット】メッシュキャップ キャップ 帽子 メンズ レディース 大きいサイズ 普通サイズ ★REV 7987892","大きいサイズ","G","X12","Y17",,"0","16","14","-2",
"2026/08/09 09:24:47","受注取込","7994812","7994812X13Y21","サファリハット メンズ 釣り 帽子 ハット レディース SUNS(サンズ)  撥水 アウトドア 登山 キャンプ バーベキュー NEK ★REV H-051 H-053 送料無料 大きいサイズあり キッズサイズ 子供 UVカット アドベンチャーハット 父の日 プレゼント ユニセックス 春 夏 夏フェス ギフト","キッズサイズ","PINK(H_051)","X13","Y21",,"0","11","10","-1",
"2026/08/09 09:24:47","受注取込","7994812","7994812X11Y11","サファリハット メンズ 釣り 帽子 ハット レディース SUNS(サンズ)  撥水 アウトドア 登山 キャンプ バーベキュー NEK ★REV H-051 H-053 送料無料 大きいサイズあり キッズサイズ 子供 UVカット アドベンチャーハット 父の日 プレゼント ユニセックス 春 夏 夏フェス ギフト","普通サイズ","BK/BLACK(H_051)","X11","Y11",,"0","7","6","-1",
"2026/08/09 09:27:02","受注取込","7992540","7992540X11Y13","AVIREX ワークキャップ メンズ 大きいサイズ 大きめ キャップ ブランド 帽子 アメカジ アビレックス 春 夏 秋 冬 綿100％ ★REV 18490000 14787700 80264100 7992540 ネイビー/ベージュ/ブラック/カーキ プレゼント ギフト","ONESIZE","【C】ブラック","X11","Y13",,"0","268","267","-1",
"2026/08/09 09:30:31","受注取込","7986747","7986747X12Y11","【日焼けシェード付き】サファリハット シェード メンズ 釣り 帽子 ハット レディース SUNS(サンズ) 撥水 アウトドア 登山 キャンプ バーベキュー NEK ★REVL H-051 送料無料 大きいサイズあり キッズサイズ 子供 UVカット アドベンチャーハット 父の日 プレゼント ユニセックス 春 夏 夏フェス ギフト","大きいサイズ","SHADE_BK/BLACK(H_051)","X12","Y11",,"0","104","103","-1",
"2026/08/09 09:31:46","受注取込","7997141","7997141X14Y13","特大 スイカ ドーナツ 浮き輪 浮輪 送料無料 プール 大人用 子供用 NEK 7997141 ★REV 120cm 90cm 80cm 70cm 60cm サイズ 大きい 大きめ うきわ ウキワ すいか 海 海水浴 ビックフロート 水上 レジャー かわいい フローティングベッド 西瓜 子供用浮き輪 大人 子供 こども","70cm","ドーナツチョコ","X14","Y13",,"0","53","52","-1",
"2026/08/09 09:48:30","受注取込","8003102","8003102X12Y12","やみつきになる！ ストレッチ AVIREX アビレックス Tシャツ メンズ ★REV NEK 6143501 6143502 Vネック クルーネック 半袖 プレゼント ギフト","Vネック_ブラック_009","Mサイズ","X12","Y12",,"0","5","4","-1",
"2026/08/09 09:54:30","受注取込","7997141","7997141X11Y11","特大 スイカ ドーナツ 浮き輪 浮輪 送料無料 プール 大人用 子供用 NEK 7997141 ★REV 120cm 90cm 80cm 70cm 60cm サイズ 大きい 大きめ うきわ ウキワ すいか 海 海水浴 ビックフロート 水上 レジャー かわいい フローティングベッド 西瓜 子供用浮き輪 大人 子供 こども","120cm","スイカ","X11","Y11",,"0","783","782","-1",
"2026/08/09 09:54:45","受注取込","7988087","7988087X11Y11","安全靴 スニーカー エアウォーク AIR WALK AW-930 7988087 ブルー フレックスフィット ローカット メンズ セーフティシューズ 樹脂先芯 軽量 衝撃吸収 負担軽減 作業靴 オシャレ  かかとが踏める ムレにくい","25.0cm ","ブルー","X11","Y11",,"0","13","12","-1",
"2026/08/09 09:54:45","受注取込","7988215","7988215X17Y15","【とにかくデカい！】 大きいサイズ キャップ メッシュキャップ 送料無料 大きめ ビッグサイズ BIG SIZE ★REV 7988215 <br> 帽子 ハット キャップ ワークキャップ メンズキャップ 大きいサイズ バケット 大きい帽子 メンズ バケハ メンズ帽子 大きい 頭 メッシュ 全39カラー","GG","5","X17","Y15",,"0","22","21","-1",
"2026/08/09 09:54:45","受注取込","7988215","7988215X17Y14","【とにかくデカい！】 大きいサイズ キャップ メッシュキャップ 送料無料 大きめ ビッグサイズ BIG SIZE ★REV 7988215 <br> 帽子 ハット キャップ ワークキャップ メンズキャップ 大きいサイズ バケット 大きい帽子 メンズ バケハ メンズ帽子 大きい 頭 メッシュ 全39カラー","GG","4","X17","Y14",,"0","15","14","-1",
"2026/08/09 09:54:45","受注取込","7988215","7988215X13Y13","【とにかくデカい！】 大きいサイズ キャップ メッシュキャップ 送料無料 大きめ ビッグサイズ BIG SIZE ★REV 7988215 <br> 帽子 ハット キャップ ワークキャップ メンズキャップ 大きいサイズ バケット 大きい帽子 メンズ バケハ メンズ帽子 大きい 頭 メッシュ 全39カラー","CC","3","X13","Y13",,"0","23","22","-1",
"2026/08/09 09:54:45","受注取込","7988215","7988215X13Y15","【とにかくデカい！】 大きいサイズ キャップ メッシュキャップ 送料無料 大きめ ビッグサイズ BIG SIZE ★REV 7988215 <br> 帽子 ハット キャップ ワークキャップ メンズキャップ 大きいサイズ バケット 大きい帽子 メンズ バケハ メンズ帽子 大きい 頭 メッシュ 全39カラー","CC","5","X13","Y15",,"0","13","12","-1",
"2026/08/09 09:54:45","受注取込","7988215","7988215X13Y14","【とにかくデカい！】 大きいサイズ キャップ メッシュキャップ 送料無料 大きめ ビッグサイズ BIG SIZE ★REV 7988215 <br> 帽子 ハット キャップ ワークキャップ メンズキャップ 大きいサイズ バケット 大きい帽子 メンズ バケハ メンズ帽子 大きい 頭 メッシュ 全39カラー","CC","4","X13","Y14",,"0","27","26","-1",
"2026/08/09 09:56:23","受注取込","7986628","7986628X13Y12","RICHARD SMITH 2018 ドライビングシューズ メンズ スリッポン ローファー Y_KO 2018 ★REVM 7986628","26.0cm","ネイビー","X13","Y12",,"0","10","9","-1",
"2026/08/09 09:59:52","受注取込","7992495","7992495X11Y19","ブレスレット バングル メンズ レディース サバイバル パラコード 笛付き リフレクター素材 サバゲー ミリタリー アクセサリー プレゼント 送料無料  NEK ALI 7992495 190707","ONESIZE","I","X11","Y19",,"0","23","22","-1",
"2026/08/09 10:01:31","受注取込","7986747","7986747X11Y11","【日焼けシェード付き】サファリハット シェード メンズ 釣り 帽子 ハット レディース SUNS(サンズ) 撥水 アウトドア 登山 キャンプ バーベキュー NEK ★REVL H-051 送料無料 大きいサイズあり キッズサイズ 子供 UVカット アドベンチャーハット 父の日 プレゼント ユニセックス 春 夏 夏フェス ギフト","普通サイズ","SHADE_BK/BLACK(H_051)","X11","Y11",,"0","74","73","-1",
"2026/08/09 10:02:45","受注取込","7986572","7986572X11Y49","【新型/IQOS イルマ i ワン用】アイコス イルマiワン ILUMA ケース 保護ケース NEK ★REVL 7986572 iqosイルマワン イルマワンカバー 耐衝撃 おしゃれ iqos iluma one 専用 IQOSイルマワン保護ケース レザー ヒョウ柄 ペイズリー 保護カバー アイコスケース アクセサリー 送料無料","イルマiワン","93","X11","Y49",,"0","51","50","-1",
"2026/08/09 10:03:47","受注取込","7994812","7994812X11Y11","サファリハット メンズ 釣り 帽子 ハット レディース SUNS(サンズ)  撥水 アウトドア 登山 キャンプ バーベキュー NEK ★REV H-051 H-053 送料無料 大きいサイズあり キッズサイズ 子供 UVカット アドベンチャーハット 父の日 プレゼント ユニセックス 春 夏 夏フェス ギフト","普通サイズ","BK/BLACK(H_051)","X11","Y11",,"0","6","5","-1",
"2026/08/09 10:03:47","受注取込","7994812","7994812X13Y21","サファリハット メンズ 釣り 帽子 ハット レディース SUNS(サンズ)  撥水 アウトドア 登山 キャンプ バーベキュー NEK ★REV H-051 H-053 送料無料 大きいサイズあり キッズサイズ 子供 UVカット アドベンチャーハット 父の日 プレゼント ユニセックス 春 夏 夏フェス ギフト","キッズサイズ","PINK(H_051)","X13","Y21",,"0","10","9","-1",
"2026/08/09 10:03:47","受注取込","7994812","7994812X13Y23","サファリハット メンズ 釣り 帽子 ハット レディース SUNS(サンズ)  撥水 アウトドア 登山 キャンプ バーベキュー NEK ★REV H-051 H-053 送料無料 大きいサイズあり キッズサイズ 子供 UVカット アドベンチャーハット 父の日 プレゼント ユニセックス 春 夏 夏フェス ギフト","キッズサイズ","BLUE(H_051)","X13","Y23",,"0","11","10","-1",
"2026/08/09 10:03:47","受注取込","7997141","7997141X11Y11","特大 スイカ ドーナツ 浮き輪 浮輪 送料無料 プール 大人用 子供用 NEK 7997141 ★REV 120cm 90cm 80cm 70cm 60cm サイズ 大きい 大きめ うきわ ウキワ すいか 海 海水浴 ビックフロート 水上 レジャー かわいい フローティングベッド 西瓜 子供用浮き輪 大人 子供 こども","120cm","スイカ","X11","Y11",,"0","782","781","-1",
"2026/08/09 10:04:31","WEB画面","7987522","7987522X11Y12","ショルダーバッグ メンズ ワンショルダー サコッシュ 斜め掛け おしゃれバッグ ★REV 7987522 斜めがけ メンズボディバック かっこいい ボディバッグ レザー ワンショルダーバッグ カバン 鞄 かばん レザー調 メンズバッグ 斜めがけ メンズショルダーバック 散歩 父の日","ONESIZE","B柄(ブラック)","X11","Y12",,"0","5","6","1","大場"
"2026/08/09 10:05:31","受注取込","7994812","7994812X12Y11","サファリハット メンズ 釣り 帽子 ハット レディース SUNS(サンズ)  撥水 アウトドア 登山 キャンプ バーベキュー NEK ★REV H-051 H-053 送料無料 大きいサイズあり キッズサイズ 子供 UVカット アドベンチャーハット 父の日 プレゼント ユニセックス 春 夏 夏フェス ギフト","大きいサイズ","BK/BLACK(H_051)","X12","Y11",,"0","339","338","-1",
"2026/08/09 10:08:16","受注取込","7988044","7988044X11Y11","ショルダーバッグ メンズ ワンショルダー 斜め掛け ★REV 7988044 おしゃれバッグ Vintage 斜めがけ メンズボディバック かっこいい ボディバッグ レザー ワンショルダーバッグ カバン 鞄 かばん レザー調 メンズバッグ 斜めがけ メンズショルダーバック 散歩 送料無料","ONESIZE","A_ブラック","X11","Y11",,"0","34","33","-1",
"2026/08/09 10:08:16","受注取込","7988044","7988044X11Y19","ショルダーバッグ メンズ ワンショルダー 斜め掛け ★REV 7988044 おしゃれバッグ Vintage 斜めがけ メンズボディバック かっこいい ボディバッグ レザー ワンショルダーバッグ カバン 鞄 かばん レザー調 メンズバッグ 斜めがけ メンズショルダーバック 散歩 送料無料","ONESIZE","I_ブラウン","X11","Y19",,"0","15","14","-1",
"2026/08/09 10:09:46","受注取込","7994812","7994812X13Y23","サファリハット メンズ 釣り 帽子 ハット レディース SUNS(サンズ)  撥水 アウトドア 登山 キャンプ バーベキュー NEK ★REV H-051 H-053 送料無料 大きいサイズあり キッズサイズ 子供 UVカット アドベンチャーハット 父の日 プレゼント ユニセックス 春 夏 夏フェス ギフト","キッズサイズ","BLUE(H_051)","X13","Y23",,"0","10","9","-1",
"2026/08/09 10:09:46","受注取込","7994812","7994812X11Y11","サファリハット メンズ 釣り 帽子 ハット レディース SUNS(サンズ)  撥水 アウトドア 登山 キャンプ バーベキュー NEK ★REV H-051 H-053 送料無料 大きいサイズあり キッズサイズ 子供 UVカット アドベンチャーハット 父の日 プレゼント ユニセックス 春 夏 夏フェス ギフト","普通サイズ","BK/BLACK(H_051)","X11","Y11",,"0","5","4","-1",
"2026/08/09 10:09:46","受注取込","7994812","7994812X13Y21","サファリハット メンズ 釣り 帽子 ハット レディース SUNS(サンズ)  撥水 アウトドア 登山 キャンプ バーベキュー NEK ★REV H-051 H-053 送料無料 大きいサイズあり キッズサイズ 子供 UVカット アドベンチャーハット 父の日 プレゼント ユニセックス 春 夏 夏フェス ギフト","キッズサイズ","PINK(H_051)","X13","Y21",,"0","9","8","-1",
"2026/08/09 10:09:46","受注取込","7986572","7986572X11Y45","【新型/IQOS イルマ i ワン用】アイコス イルマiワン ILUMA ケース 保護ケース NEK ★REVL 7986572 iqosイルマワン イルマワンカバー 耐衝撃 おしゃれ iqos iluma one 専用 IQOSイルマワン保護ケース レザー ヒョウ柄 ペイズリー 保護カバー アイコスケース アクセサリー 送料無料","イルマiワン","89","X11","Y45",,"0","5","4","-1",
"2026/08/09 10:10:46","受注取込","7987522","7987522X11Y11","ショルダーバッグ メンズ ワンショルダー サコッシュ 斜め掛け おしゃれバッグ ★REV 7987522 斜めがけ メンズボディバック かっこいい ボディバッグ レザー ワンショルダーバッグ カバン 鞄 かばん レザー調 メンズバッグ 斜めがけ メンズショルダーバック 散歩 父の日","ONESIZE","A柄(ブラック)","X11","Y11",,"0","15","14","-1",
"2026/08/09 10:12:15","受注取込","7994812","7994812X11Y11","サファリハット メンズ 釣り 帽子 ハット レディース SUNS(サンズ)  撥水 アウトドア 登山 キャンプ バーベキュー NEK ★REV H-051 H-053 送料無料 大きいサイズあり キッズサイズ 子供 UVカット アドベンチャーハット 父の日 プレゼント ユニセックス 春 夏 夏フェス ギフト","普通サイズ","BK/BLACK(H_051)","X11","Y11",,"0","4","3","-1",
"2026/08/09 10:13:13","WEB画面","7986651","7986651X11Y11","【銅×グラフェンの力で、スマホを瞬冷！】スマホ熱中症対策 冷却 クーラー NEK ★REVL 7986651 スマートフォン 保冷 結露なし スマホ 冷感 冷却 iphone アクセサリー 送料無料","ONESIZE","ブラック","X11","Y11",,"0","88","44","-44","大木 望"
"2026/08/09 10:17:48","受注取込","7987070","7987070X12Y11","【お得な2枚組】X-LARGE XLARGE エクストララージ ボクサーパンツ メンズ アンダーウェア 下着 NEK ★REVL 7987070 かっこいい ツルツル おすすめ 人気 カモフラ タイダイ 炎 迷彩 カモ柄 ブランド 男性 紳士 プレゼント プチギフト 父の日 誕生日 彼氏 父 息子 ギフト 記念日 大きいサイズ 福袋 送料無料","L","2枚組","X12","Y11",,"0","31","30","-1",
"2026/08/09 10:18:12","WEB画面","7986710","7986710X11Y14","【春夏秋冬対応/くすみカラー】トートバッグ クロシェバッグ エコバッグ レディース NEK ★REVO 7986710 メッシュ クロシェ編み ナチュラル ニット A4 軽量 かぎ編み おしゃれ 大容量 リゾート 通勤 通学 学生 送料無料","ONESIZE","ブラック","X11","Y14",,"0","62","47","-15","大木 望"
"2026/08/09 10:18:12","WEB画面","7986710","7986710X11Y17","【春夏秋冬対応/くすみカラー】トートバッグ クロシェバッグ エコバッグ レディース NEK ★REVO 7986710 メッシュ クロシェ編み ナチュラル ニット A4 軽量 かぎ編み おしゃれ 大容量 リゾート 通勤 通学 学生 送料無料","ONESIZE","グレージュ","X11","Y17",,"0","31","16","-15","大木 望"
"2026/08/09 10:19:01","受注取込","7986572","7986572X11Y46","【新型/IQOS イルマ i ワン用】アイコス イルマiワン ILUMA ケース 保護ケース NEK ★REVL 7986572 iqosイルマワン イルマワンカバー 耐衝撃 おしゃれ iqos iluma one 専用 IQOSイルマワン保護ケース レザー ヒョウ柄 ペイズリー 保護カバー アイコスケース アクセサリー 送料無料","イルマiワン","90","X11","Y46",,"0","22","21","-1",
"2026/08/09 10:20:13","受注取込","7988215","7988215X22Y13","【とにかくデカい！】 大きいサイズ キャップ メッシュキャップ 送料無料 大きめ ビッグサイズ BIG SIZE ★REV 7988215 <br> 帽子 ハット キャップ ワークキャップ メンズキャップ 大きいサイズ バケット 大きい帽子 メンズ バケハ メンズ帽子 大きい 頭 メッシュ 全39カラー","LL","3","X22","Y13",,"0","4","3","-1",
"2026/08/09 10:20:14","受注取込","7986585","7986585X11Y11","【熊よけ・害獣対策・轟音129dB】獣バスター ソーラー充電 動物撃退器 くま避け ★REVL 7986585 猪対策 熊対策 猫よけ 鳥よけ IP55防水 ホームセキュリティー 音＋光で撃退 防犯 防災グッズ アウトドア キャンプ 送料無料","ONESIZE","レッド","X11","Y11",,"0","109","108","-1",
"2026/08/09 10:20:35","WEB画面","7987757","7987757X11Y11","【カーボンスタイル 大きいサイズ】メッシュキャップ キャップ 帽子 蒸れない ★REV 7987757 大きいサイズ カーボン調 プレゼント ギフト 送料無料","ONESIZE","ブラック","X11","Y11",,"0","76","51","-25","大木 望"
"2026/08/09 10:20:35","WEB画面","7987757","7987757X11Y13","【カーボンスタイル 大きいサイズ】メッシュキャップ キャップ 帽子 蒸れない ★REV 7987757 大きいサイズ カーボン調 プレゼント ギフト 送料無料","ONESIZE","ネイビー","X11","Y13",,"0","16","8","-8","大木 望"
"2026/08/09 10:21:45","受注取込","7987400","7987400X11Y11","【とにかくデカい！/普通サイズあり！】キャップ メンズ 大きいサイズ 帽子 深め ビッグサイズ ★REVM 7987400 BIG SIZE メンズキャップ帽子 大きめ 大きい帽子 メンズ帽子 レディース 春 夏 春夏 プレゼント ギフト 母の日 父の日 送料無料","大きいサイズ","A-ブラック","X11","Y11",,"0","106","105","-1",
"2026/08/09 10:22:29","WEB画面","7986710","7986710X11Y15","【春夏秋冬対応/くすみカラー】トートバッグ クロシェバッグ エコバッグ レディース NEK ★REVO 7986710 メッシュ クロシェ編み ナチュラル ニット A4 軽量 かぎ編み おしゃれ 大容量 リゾート 通勤 通学 学生 送料無料","ONESIZE","グリーン","X11","Y15",,"0","35","25","-10","大木 望"
"2026/08/09 10:24:15","受注取込","7987400","7987400X11Y11","【とにかくデカい！/普通サイズあり！】キャップ メンズ 大きいサイズ 帽子 深め ビッグサイズ ★REVM 7987400 BIG SIZE メンズキャップ帽子 大きめ 大きい帽子 メンズ帽子 レディース 春 夏 春夏 プレゼント ギフト 母の日 父の日 送料無料","大きいサイズ","A-ブラック","X11","Y11",,"0","105","104","-1",
"2026/08/09 10:25:45","受注取込","7987400","7987400X11Y28","【とにかくデカい！/普通サイズあり！】キャップ メンズ 大きいサイズ 帽子 深め ビッグサイズ ★REVM 7987400 BIG SIZE メンズキャップ帽子 大きめ 大きい帽子 メンズ帽子 レディース 春 夏 春夏 プレゼント ギフト 母の日 父の日 送料無料","大きいサイズ","R-グレー","X11","Y28",,"0","6","5","-1",
"2026/08/09 10:27:47","WEB画面","7994226","7994226X11Y11","【大きいサイズもあり 限定モデル】AVIREX メッシュキャップ メンズ 帽子 メンズ キャップ メンズ 14023200 14670200 レディース ★REV 父の日 贈り物 プレゼント ブランド アビレックス 送料無料 正規品 ブラック 黒 ネイビー 紺 グレー 灰 yos プレゼント ギフト","普通サイズ_14023200","49_ネイビー","X11","Y11",,"0","-1","0","1","大木 望"
"2026/08/09 10:28:15","受注取込","7994812","7994812X11Y12","サファリハット メンズ 釣り 帽子 ハット レディース SUNS(サンズ)  撥水 アウトドア 登山 キャンプ バーベキュー NEK ★REV H-051 H-053 送料無料 大きいサイズあり キッズサイズ 子供 UVカット アドベンチャーハット 父の日 プレゼント ユニセックス 春 夏 夏フェス ギフト","普通サイズ","BLACK(H_051)","X11","Y12",,"0","41","40","-1",
"2026/08/09 10:28:15","受注取込","7988215","7988215X14Y12","【とにかくデカい！】 大きいサイズ キャップ メッシュキャップ 送料無料 大きめ ビッグサイズ BIG SIZE ★REV 7988215 <br> 帽子 ハット キャップ ワークキャップ メンズキャップ 大きいサイズ バケット 大きい帽子 メンズ バケハ メンズ帽子 大きい 頭 メッシュ 全39カラー","DD","2","X14","Y12",,"0","14","13","-1",
"2026/08/09 10:30:10","受注取込","7987559","7987559X11Y11","ミニ財布 ミニウォレット 短財布 メンズ レディース ウォレット NEK ★REV 7987559 プレゼント ギフト 父の日 母の日 プチギフト 誕プレ 送料無料","ONESIZE","グレー","X11","Y11",,"0","7","6","-1",
"2026/08/09 10:32:57","WEB画面","7995525","7995525X1Y15","AVIREX 限定モデル キャップ 帽子 父の日 贈り物 プレゼント メンズ ★REV ブラックシリーズ 黒 アビレックス アヴィレックス メッシュキャップ ハンチング ローキャップ バケット ハット ワークキャップ レディース かっこいい yos プレゼント ギフト","ONESIZE","【O】サファリハット_17158400_BIG","X1","Y15",,"0","38","28","-10","大木 望"
"2026/08/09 10:34:36","WEB画面","7987794","7987794X11Y17","【大きいサイズもあり】キャスハンチング キャップ メンズ レディース CULTURE MART NEK 101294 ★REV 7987794 ハンチング帽子 ハンチング帽 秋冬 帽子 ハンチング キャスケット メンズ帽子 レディース帽子秋冬 秋冬帽子 メンズハンチング おしゃれ カルチャーマート","普通サイズ","ヒッコリー(7)","X11","Y17",,"0","24","14","-10","大木 望"
"2026/08/09 10:36:27","受注取込","7986651","7986651X11Y11","【銅×グラフェンの力で、スマホを瞬冷！】スマホ熱中症対策 冷却 クーラー NEK ★REVL 7986651 スマートフォン 保冷 結露なし スマホ 冷感 冷却 iphone アクセサリー 送料無料","ONESIZE","ブラック","X11","Y11",,"0","44","43","-1",
"2026/08/09 10:37:29","WEB画面","7986482","7986482X11Y11","【大人気SUNSより当店限定！】バケットハット レインハット パッカブル NEK MADE-031 ★REVL 7986482 メンズ レディース サファリハット 撥水 速乾 軽量 折り畳める UVカット フェス アウトドア キャンプ 登山 ウォーキング 散歩 日焼け防止 紫外線防止 送料無料","ONESIZE","ブラック","X11","Y11",,"0","34","31","-3","大木 望"
"2026/08/09 10:37:29","WEB画面","7986482","7986482X11Y13","【大人気SUNSより当店限定！】バケットハット レインハット パッカブル NEK MADE-031 ★REVL 7986482 メンズ レディース サファリハット 撥水 速乾 軽量 折り畳める UVカット フェス アウトドア キャンプ 登山 ウォーキング 散歩 日焼け防止 紫外線防止 送料無料","ONESIZE","グレージュ","X11","Y13",,"0","45","42","-3","大木 望"
"2026/08/09 10:39:02","受注取込","7987490","7987490X11Y11","【手首を太く逞しくする】前腕筋 筋トレ 握力 手首 前腕部の強化 腕相撲 ★REV 7987490 バスケットボール テニス ゴルフ 柔道 剣道 空手 格闘技 プレゼント ギフト 送料無料","ONESIZE","ブラック","X11","Y11",,"0","94","93","-1",
"2026/08/09 10:43:46","WEB画面","7986685","7986685X11Y13","【2個セット】防水ケース スマホ防水ケース 完全防水 防水等級IPX8 防水携帯ケース NEK ★REVL 7986685 タッチ可 Face ID 認証対応 iPhone Android 全機種対応 水中撮影 お風呂 海水浴 プール 海 スマホアクセサリー 送料無料","ONESIZE","レッド","X11","Y13",,"0","28","27","-1","庄司 泰久"
"2026/08/09 10:45:31","受注取込","7986683","7986683X11Y11","【5点セット/付けるだけの虫除け革命】オニヤンマ 虫除け 虫よけ用品 ストラップ NEK ★REVL 7986683 クリップ 安全ピン ブローチ フィギュア ゴルフ キャンプ 草刈り 山登り 防虫対策 送料無料","オニヤンマ","1個","X11","Y11",,"0","48","47","-1",
"2026/08/09 10:46:45","受注取込","7994812","7994812X12Y33","サファリハット メンズ 釣り 帽子 ハット レディース SUNS(サンズ)  撥水 アウトドア 登山 キャンプ バーベキュー NEK ★REV H-051 H-053 送料無料 大きいサイズあり キッズサイズ 子供 UVカット アドベンチャーハット 父の日 プレゼント ユニセックス 春 夏 夏フェス ギフト","大きいサイズ","GREIGE(H-051)","X12","Y33",,"0","97","96","-1",
"2026/08/09 10:47:00","受注取込","7987140","7987140X11Y18","【COOLにマナーを】携帯灰皿 カラビナ付き 吸い殻入れ 金属製 フタ付き 小型 軽量 NEK ★REVL 7987140 喫煙グッズ アッシュトレイ 持ち運び便利 男性 メンズ レディース 送料無料","ONESIZE","H.シルバーペイズリー","X11","Y18",,"0","74","73","-1",
"2026/08/09 10:52:15","受注取込","7987400","7987400X11Y19","【とにかくデカい！/普通サイズあり！】キャップ メンズ 大きいサイズ 帽子 深め ビッグサイズ ★REVM 7987400 BIG SIZE メンズキャップ帽子 大きめ 大きい帽子 メンズ帽子 レディース 春 夏 春夏 プレゼント ギフト 母の日 父の日 送料無料","大きいサイズ","I-ネイビー","X11","Y19",,"0","19","18","-1",
"2026/08/09 10:58:11","受注取込","7988215","7988215X15Y13","【とにかくデカい！】 大きいサイズ キャップ メッシュキャップ 送料無料 大きめ ビッグサイズ BIG SIZE ★REV 7988215 <br> 帽子 ハット キャップ ワークキャップ メンズキャップ 大きいサイズ バケット 大きい帽子 メンズ バケハ メンズ帽子 大きい 頭 メッシュ 全39カラー","EE","3","X15","Y13",,"0","11","10","-1",
"2026/08/09 10:58:59","受注取込","7988215","7988215X15Y14","【とにかくデカい！】 大きいサイズ キャップ メッシュキャップ 送料無料 大きめ ビッグサイズ BIG SIZE ★REV 7988215 <br> 帽子 ハット キャップ ワークキャップ メンズキャップ 大きいサイズ バケット 大きい帽子 メンズ バケハ メンズ帽子 大きい 頭 メッシュ 全39カラー","EE","4","X15","Y14",,"0","33","32","-1",
"2026/08/09 11:04:00","受注取込","7987400","7987400X11Y14","【とにかくデカい！/普通サイズあり！】キャップ メンズ 大きいサイズ 帽子 深め ビッグサイズ ★REVM 7987400 BIG SIZE メンズキャップ帽子 大きめ 大きい帽子 メンズ帽子 レディース 春 夏 春夏 プレゼント ギフト 母の日 父の日 送料無料","大きいサイズ","D-ネイビー","X11","Y14",,"0","29","28","-1",
"2026/08/09 11:06:45","受注取込","7987345","7987345X11Y13","【とにかくデカい！】 大きいサイズ キャップ 送料無料 大きめ ビッグサイズ ★REV 7987345 BIG SIZE 帽子 ハット キャップ キャスケット メンズキャップ 大きいサイズ バケット 大きい帽子 メンズ メンズ帽子 大きい 頭 メッシュキャップ","AAA","3","X11","Y13",,"0","6","5","-1",
"2026/08/09 11:06:45","受注取込","7987400","7987400X11Y15","【とにかくデカい！/普通サイズあり！】キャップ メンズ 大きいサイズ 帽子 深め ビッグサイズ ★REVM 7987400 BIG SIZE メンズキャップ帽子 大きめ 大きい帽子 メンズ帽子 レディース 春 夏 春夏 プレゼント ギフト 母の日 父の日 送料無料","大きいサイズ","E-ベージュ","X11","Y15",,"0","37","36","-1",
"2026/08/09 11:24:15","受注取込","7994812","7994812X13Y21","サファリハット メンズ 釣り 帽子 ハット レディース SUNS(サンズ)  撥水 アウトドア 登山 キャンプ バーベキュー NEK ★REV H-051 H-053 送料無料 大きいサイズあり キッズサイズ 子供 UVカット アドベンチャーハット 父の日 プレゼント ユニセックス 春 夏 夏フェス ギフト","キッズサイズ","PINK(H_051)","X13","Y21",,"0","8","7","-1",
"2026/08/09 11:25:25","受注取込","7988215","7988215X16Y15","【とにかくデカい！】 大きいサイズ キャップ メッシュキャップ 送料無料 大きめ ビッグサイズ BIG SIZE ★REV 7988215 <br> 帽子 ハット キャップ ワークキャップ メンズキャップ 大きいサイズ バケット 大きい帽子 メンズ バケハ メンズ帽子 大きい 頭 メッシュ 全39カラー","FF","5","X16","Y15",,"0","54","53","-1",
"2026/08/09 11:27:45","受注取込","7986779","7986779X12Y11","【高純度テラヘルツ/鏡面多面カット】 テラヘルツ アンクレット ブレスレット メンズ レディース NEK ★REV 7986779 4.0mm 健康 テラヘルツ波 パワーストーン 天然石 アクセサリー プレゼント ギフト プチギフト 母の日 父の日 送料無料","アンクレット","テラヘルツ","X12","Y11",,"0","62","61","-1",
"2026/08/09 11:28:01","受注取込","7990479","7990479X11Y11","【5個セット 速攻配達】マスク ブラケット フレーム 呼吸が楽々 化粧崩れ防止 暑さ対策 冷感 マスク 蒸れ防止 熱軽減 夏用 洗える カラーマスク用 織布マスク用 布マスク用 在庫有り マスクブラケットフレーム 7990479","ONESIZE","半透明","X11","Y11",,"0","4402","4401","-1",
"2026/08/09 11:29:15","受注取込","7987345","7987345X13Y11","【とにかくデカい！】 大きいサイズ キャップ 送料無料 大きめ ビッグサイズ ★REV 7987345 BIG SIZE 帽子 ハット キャップ キャスケット メンズキャップ 大きいサイズ バケット 大きい帽子 メンズ メンズ帽子 大きい 頭 メッシュキャップ","CCC","1","X13","Y11",,"0","12","11","-1",
"2026/08/09 11:37:15","受注取込","7987400","7987400X11Y11","【とにかくデカい！/普通サイズあり！】キャップ メンズ 大きいサイズ 帽子 深め ビッグサイズ ★REVM 7987400 BIG SIZE メンズキャップ帽子 大きめ 大きい帽子 メンズ帽子 レディース 春 夏 春夏 プレゼント ギフト 母の日 父の日 送料無料","大きいサイズ","A-ブラック","X11","Y11",,"0","104","103","-1",
"2026/08/09 11:38:16","受注取込","7997141","7997141X11Y12","特大 スイカ ドーナツ 浮き輪 浮輪 送料無料 プール 大人用 子供用 NEK 7997141 ★REV 120cm 90cm 80cm 70cm 60cm サイズ 大きい 大きめ うきわ ウキワ すいか 海 海水浴 ビックフロート 水上 レジャー かわいい フローティングベッド 西瓜 子供用浮き輪 大人 子供 こども","120cm","ドーナツイチゴ","X11","Y12",,"0","6","5","-1",
"2026/08/09 11:38:16","受注取込","7990405","7990405X11Y12","リュックチェア 折りたたみ 椅子 リュックサック 保冷バッグ 保温 アウトドア 行列 運動会 キャンプ バーベキュー ミリタリー 送料無料 ★REV 7990405 椅子付き 座れるリュック リュック 持ち運び 保冷リュック 携帯椅子 携帯イス 折りたたみチェア イス 椅子 折り畳みチェア","ONESIZE","オリーブ","X11","Y12",,"0","47","46","-1",
"2026/08/09 11:40:05","受注取込","7987062","7987062X14Y11","【直射日光をはね返す】コカゲル サファリハット 洗濯機洗いOK 体感マイナス10℃ アドベンチャー NEK CC2R501 ★REV 7987062 ブッシュハット UV アウトドア SEK サイズ調整 大きいサイズ ユニセックス アウトドア 夏 対策 熱中症 木陰 日よけ 日焼け 送料無料","3XL(63.5～65.0)","ブラック","X14","Y11",,"0","64","63","-1",
"2026/08/09 11:42:15","受注取込","7997141","7997141X11Y11","特大 スイカ ドーナツ 浮き輪 浮輪 送料無料 プール 大人用 子供用 NEK 7997141 ★REV 120cm 90cm 80cm 70cm 60cm サイズ 大きい 大きめ うきわ ウキワ すいか 海 海水浴 ビックフロート 水上 レジャー かわいい フローティングベッド 西瓜 子供用浮き輪 大人 子供 こども","120cm","スイカ","X11","Y11",,"0","781","780","-1",
"2026/08/09 11:43:31","受注取込","7988215","7988215X11Y15","【とにかくデカい！】 大きいサイズ キャップ メッシュキャップ 送料無料 大きめ ビッグサイズ BIG SIZE ★REV 7988215 <br> 帽子 ハット キャップ ワークキャップ メンズキャップ 大きいサイズ バケット 大きい帽子 メンズ バケハ メンズ帽子 大きい 頭 メッシュ 全39カラー","AA","5","X11","Y15",,"0","3","2","-1",
"2026/08/09 11:43:46","受注取込","7987061","7987061X11Y11","【お得な2組セット】アームカバー メンズ レディース 2組セット 冷感 NEK ★REV 7987061 ひんやり スポーツ 紫外線カット UVカット 男用 仕事 外 夏 運動 ゴルフ サイクリング 通気性 速乾性 接触冷感 UPF50+ 日焼け防止 送料無料","ONESIZE","ブラック","X11","Y11",,"0","350","348","-2",
"2026/08/09 11:45:16","受注取込","7987345","7987345X15Y13","【とにかくデカい！】 大きいサイズ キャップ 送料無料 大きめ ビッグサイズ ★REV 7987345 BIG SIZE 帽子 ハット キャップ キャスケット メンズキャップ 大きいサイズ バケット 大きい帽子 メンズ メンズ帽子 大きい 頭 メッシュキャップ","EEE","3","X15","Y13",,"0","25","24","-1",
"2026/08/09 11:46:45","受注取込","7993221","7993221X11Y13","訳あり キーホルダー メンズ 車 スマートキー キーチェーン キーリング レザー NEK ★REV 7993221 家 鍵 カギ 送料無料 ステンレス レザー 男性 おしゃれ シンプル カラビナフック プレゼント","ONESIZE","シルバー_A","X11","Y13",,"0","5","4","-1",
"2026/08/09 11:49:31","受注取込","7987409","7987409X11Y12","【130cm 大きいサイズ対応】本革 床革 ベルト メンズ 130cm NEK ★REV 7987409 大きいサイズ対応 シンセティックレザー ビジネスベルト カジュアルベルト 父の日 送料無料","ONESIZE","ブラウンA","X11","Y12",,"0","3","2","-1",
"2026/08/09 11:50:03","受注取込","7986564","7986564X11Y15","【当店限定/大きいサイズ】BlackRebel 帽子 キャップ メンズ レディース 大きいサイズ ★REVL 7986564 深め Vintage クラッシュ 加工 こなれ感 おしゃれ 送料無料","ONESIZE","グレー","X11","Y15",,"0","15","14","-1",
"2026/08/09 11:52:16","受注取込","7988215","7988215X17Y14","【とにかくデカい！】 大きいサイズ キャップ メッシュキャップ 送料無料 大きめ ビッグサイズ BIG SIZE ★REV 7988215 <br> 帽子 ハット キャップ ワークキャップ メンズキャップ 大きいサイズ バケット 大きい帽子 メンズ バケハ メンズ帽子 大きい 頭 メッシュ 全39カラー","GG","4","X17","Y14",,"0","14","13","-1",
"2026/08/09 11:55:15","受注取込","7992723","7992723X14Y11","お得！ 送料無料 4枚入り 福袋 Dickies ディッキーズ ボクサーパンツ メンズ かわいい NEK ★REV <br> パンツ ボクサーパンツ セット メンズ下着 メンズボクサーパンツ メンズボクサー 大きいサイズ 大きめ 特大 3L 下着 インナー メンズ usa まとめ買い プレゼント ギフト","3L","福袋4枚セット","X14","Y11",,"0","184","183","-1",
"2026/08/09 11:55:15","受注取込","7987988","7987988X11Y15","【AVIREX 限定】サファリハット メンズ 大きいサイズ BIGサイズ アドベンチャーハット 17158300 17158400 釣り 帽子 ハット ★REV NEK 7987988 大きめ 普通サイズ AVIREX 限定 かっこいい アウトドア ブラックシリーズ アビレックス 帽子 キャップ ブランド 撥水加工","普通サイズ_17158300","グレージュ(73)","X11","Y15",,"0","151","150","-1",
"2026/08/09 11:57:31","受注取込","7992723","7992723X12Y11","お得！ 送料無料 4枚入り 福袋 Dickies ディッキーズ ボクサーパンツ メンズ かわいい NEK ★REV <br> パンツ ボクサーパンツ セット メンズ下着 メンズボクサーパンツ メンズボクサー 大きいサイズ 大きめ 特大 3L 下着 インナー メンズ usa まとめ買い プレゼント ギフト","L","福袋4枚セット","X12","Y11",,"0","258","257","-1",
"2026/08/09 12:08:00","受注取込","7998075","7998075X12Y11","他店圧倒価格♪最安値に挑戦！ 1点までメール便送料無料 ワッチキャップ ニット帽子 ニットキャップ 7998075 【MB】【ALI】■05161126【wow未販売】 sg追加200125 sg追加200125","大きいサイズ(～65cm)","ブラック杢","X12","Y11",,"0","234","233","-1",
"2026/08/09 12:08:00","受注取込","7998075","7998075X12Y12","他店圧倒価格♪最安値に挑戦！ 1点までメール便送料無料 ワッチキャップ ニット帽子 ニットキャップ 7998075 【MB】【ALI】■05161126【wow未販売】 sg追加200125 sg追加200125","大きいサイズ(～65cm)","グレー杢","X12","Y12",,"0","40","39","-1",
"2026/08/09 12:08:45","受注取込","7997141","7997141X12Y11","特大 スイカ ドーナツ 浮き輪 浮輪 送料無料 プール 大人用 子供用 NEK 7997141 ★REV 120cm 90cm 80cm 70cm 60cm サイズ 大きい 大きめ うきわ ウキワ すいか 海 海水浴 ビックフロート 水上 レジャー かわいい フローティングベッド 西瓜 子供用浮き輪 大人 子供 こども","90cm","スイカ","X12","Y11",,"0","39","38","-1",
"2026/08/09 12:14:31","受注取込","7986462","7986462X11Y15","【デカい深い】キャップ メンズ レディース 大きいサイズ 深め 帽子 ★REVL 7986462  コットン100% 59cm?65cm ビッグサイズ ロングバイザー 8cm 深い ベースボールキャップ サイズ調整 おしゃれ 春 夏 秋 冬 男女兼用 ブラック ネイビー チャコール アイボリー 黒 送料無料","ONESIZE","ブラック×ホワイト","X11","Y15",,"0","25","24","-1",
"2026/08/09 12:19:45","受注取込","7986572","7986572X11Y48","【新型/IQOS イルマ i ワン用】アイコス イルマiワン ILUMA ケース 保護ケース NEK ★REVL 7986572 iqosイルマワン イルマワンカバー 耐衝撃 おしゃれ iqos iluma one 専用 IQOSイルマワン保護ケース レザー ヒョウ柄 ペイズリー 保護カバー アイコスケース アクセサリー 送料無料","イルマiワン","92","X11","Y48",,"0","23","22","-1",
"2026/08/09 12:19:45","受注取込","7992495","7992495X11Y20","ブレスレット バングル メンズ レディース サバイバル パラコード 笛付き リフレクター素材 サバゲー ミリタリー アクセサリー プレゼント 送料無料  NEK ALI 7992495 190707","ONESIZE","J","X11","Y20",,"0","13","12","-1",
"2026/08/09 12:19:45","受注取込","7992495","7992495X11Y17","ブレスレット バングル メンズ レディース サバイバル パラコード 笛付き リフレクター素材 サバゲー ミリタリー アクセサリー プレゼント 送料無料  NEK ALI 7992495 190707","ONESIZE","G","X11","Y17",,"0","21","20","-1",
"2026/08/09 12:20:16","受注取込","7986527","7986527X14Y12","【シリコン製/つけっぱなし】シリコンリング 指輪 メンズ レディース 軽量 耐水 NEK ★REVL 7986527 ユニセックス プレゼント ギフト ミニマル アクセサリー 送料無料","21号","グレー","X14","Y12",,"0","37","36","-1",
"2026/08/09 12:24:00","受注取込","7987187","7987187X11Y34","【イルマ アイ対応！】アイコス イルマ アイ ILUMA i ケース 保護ケース イルマ NEK ★REV 7987187 イルマカバー 耐衝撃 おしゃれ iluma 専用 イルマ 保護ケース レザー 迷彩 ヒョウ柄 ペイズリー 保護カバー アクセサリー アイコスケース 送料無料","イルマスタンダード","X","X11","Y34",,"0","5","4","-1",
"2026/08/09 12:36:45","受注取込","7997141","7997141X11Y13","特大 スイカ ドーナツ 浮き輪 浮輪 送料無料 プール 大人用 子供用 NEK 7997141 ★REV 120cm 90cm 80cm 70cm 60cm サイズ 大きい 大きめ うきわ ウキワ すいか 海 海水浴 ビックフロート 水上 レジャー かわいい フローティングベッド 西瓜 子供用浮き輪 大人 子供 こども","120cm","ドーナツチョコ","X11","Y13",,"0","5","4","-1",
"2026/08/09 12:36:45","受注取込","7997141","7997141X13Y11","特大 スイカ ドーナツ 浮き輪 浮輪 送料無料 プール 大人用 子供用 NEK 7997141 ★REV 120cm 90cm 80cm 70cm 60cm サイズ 大きい 大きめ うきわ ウキワ すいか 海 海水浴 ビックフロート 水上 レジャー かわいい フローティングベッド 西瓜 子供用浮き輪 大人 子供 こども","80cm","スイカ","X13","Y11",,"0","33","32","-1",
"2026/08/09 12:39:31","受注取込","7990380","7990380X11Y12","【刺繍で魅せる】レースマスク マスク 送料無料 洗える 刺繍 レース 3枚セット 美人マスク 新作 花柄 ★REV NEK 7990380 プレゼント ギフト","ONESIZE","オフホワイト","X11","Y12",,"0","34","33","-1",
"2026/08/09 12:39:45","受注取込","7987026","7987026X12Y13","【大きいサイズあり】キャップ 11cm つば長 帽子 メンズ レディース ★REV 7987026 深め 深い ゴルフ 無地 日焼け止め UVカット 送料無料","大きいサイズ","ベージュ","X12","Y13",,"0","23","22","-1",
"2026/08/09 12:44:16","WEB画面","7988332","7988332X15Y24","【ワンちゃん格上げ！】 ドッグウェア 犬服 アディドッグ adidog ★REVG new dogs ペット服 小型犬 ノースリーブ NEK 7988332 犬の服 タンクトップ 犬洋服 犬用服 ペット 犬 服 犬用 かっこいい かわいい サロペット ロンパース オーバーオール 男の子 女の子","L+","new_dog(パープル)","X15","Y24",,"0","0","1","1","村垣 文香"
"2026/08/09 12:52:01","受注取込","7994812","7994812X12Y33","サファリハット メンズ 釣り 帽子 ハット レディース SUNS(サンズ)  撥水 アウトドア 登山 キャンプ バーベキュー NEK ★REV H-051 H-053 送料無料 大きいサイズあり キッズサイズ 子供 UVカット アドベンチャーハット 父の日 プレゼント ユニセックス 春 夏 夏フェス ギフト","大きいサイズ","GREIGE(H-051)","X12","Y33",,"0","96","95","-1",
"2026/08/09 12:52:01","受注取込","7986747","7986747X12Y11","【日焼けシェード付き】サファリハット シェード メンズ 釣り 帽子 ハット レディース SUNS(サンズ) 撥水 アウトドア 登山 キャンプ バーベキュー NEK ★REVL H-051 送料無料 大きいサイズあり キッズサイズ 子供 UVカット アドベンチャーハット 父の日 プレゼント ユニセックス 春 夏 夏フェス ギフト","大きいサイズ","SHADE_BK/BLACK(H_051)","X12","Y11",,"0","103","102","-1",
"2026/08/09 12:52:45","受注取込","7987559","7987559X11Y14","ミニ財布 ミニウォレット 短財布 メンズ レディース ウォレット NEK ★REV 7987559 プレゼント ギフト 父の日 母の日 プチギフト 誕プレ 送料無料","ONESIZE","ブラウン","X11","Y14",,"0","10","9","-1",
"2026/08/09 12:56:15","受注取込","7986747","7986747X11Y11","【日焼けシェード付き】サファリハット シェード メンズ 釣り 帽子 ハット レディース SUNS(サンズ) 撥水 アウトドア 登山 キャンプ バーベキュー NEK ★REVL H-051 送料無料 大きいサイズあり キッズサイズ 子供 UVカット アドベンチャーハット 父の日 プレゼント ユニセックス 春 夏 夏フェス ギフト","普通サイズ","SHADE_BK/BLACK(H_051)","X11","Y11",,"0","73","72","-1",
"2026/08/09 12:59:00","受注取込","7986572","7986572X11Y29","【新型/IQOS イルマ i ワン用】アイコス イルマiワン ILUMA ケース 保護ケース NEK ★REVL 7986572 iqosイルマワン イルマワンカバー 耐衝撃 おしゃれ iqos iluma one 専用 IQOSイルマワン保護ケース レザー ヒョウ柄 ペイズリー 保護カバー アイコスケース アクセサリー 送料無料","イルマiワン","73","X11","Y29",,"0","8","7","-1",
"2026/08/09 13:12:15","受注取込","7987400","7987400X11Y11","【とにかくデカい！/普通サイズあり！】キャップ メンズ 大きいサイズ 帽子 深め ビッグサイズ ★REVM 7987400 BIG SIZE メンズキャップ帽子 大きめ 大きい帽子 メンズ帽子 レディース 春 夏 春夏 プレゼント ギフト 母の日 父の日 送料無料","大きいサイズ","A-ブラック","X11","Y11",,"0","103","102","-1",
"2026/08/09 13:24:45","受注取込","7994812","7994812X12Y11","サファリハット メンズ 釣り 帽子 ハット レディース SUNS(サンズ)  撥水 アウトドア 登山 キャンプ バーベキュー NEK ★REV H-051 H-053 送料無料 大きいサイズあり キッズサイズ 子供 UVカット アドベンチャーハット 父の日 プレゼント ユニセックス 春 夏 夏フェス ギフト","大きいサイズ","BK/BLACK(H_051)","X12","Y11",,"0","338","337","-1",
"2026/08/09 13:29:15","受注取込","7987400","7987400X11Y11","【とにかくデカい！/普通サイズあり！】キャップ メンズ 大きいサイズ 帽子 深め ビッグサイズ ★REVM 7987400 BIG SIZE メンズキャップ帽子 大きめ 大きい帽子 メンズ帽子 レディース 春 夏 春夏 プレゼント ギフト 母の日 父の日 送料無料","大きいサイズ","A-ブラック","X11","Y11",,"0","102","101","-1",
"2026/08/09 13:30:30","受注取込","7992099","7992099X11Y19","アンクレット メンズ レディース 手作り 送料無料 つけっぱなし お守り アンク アクセサリー シルバー ターコイズ NEK ALI ★REV 7992099 190813 プレゼント ギフト","ONESIZE","カメ/ヒトデ","X11","Y19",,"0","19","18","-1",
"2026/08/09 13:33:45","受注取込","7986572","7986572X11Y19","【新型/IQOS イルマ i ワン用】アイコス イルマiワン ILUMA ケース 保護ケース NEK ★REVL 7986572 iqosイルマワン イルマワンカバー 耐衝撃 おしゃれ iqos iluma one 専用 IQOSイルマワン保護ケース レザー ヒョウ柄 ペイズリー 保護カバー アイコスケース アクセサリー 送料無料","イルマiワン","63","X11","Y19",,"0","2","1","-1",
"2026/08/09 13:55:15","受注取込","7992723","7992723X12Y11","お得！ 送料無料 4枚入り 福袋 Dickies ディッキーズ ボクサーパンツ メンズ かわいい NEK ★REV <br> パンツ ボクサーパンツ セット メンズ下着 メンズボクサーパンツ メンズボクサー 大きいサイズ 大きめ 特大 3L 下着 インナー メンズ usa まとめ買い プレゼント ギフト","L","福袋4枚セット","X12","Y11",,"0","257","256","-1",
"2026/08/09 13:58:00","受注取込","7986572","7986572X11Y28","【新型/IQOS イルマ i ワン用】アイコス イルマiワン ILUMA ケース 保護ケース NEK ★REVL 7986572 iqosイルマワン イルマワンカバー 耐衝撃 おしゃれ iqos iluma one 専用 IQOSイルマワン保護ケース レザー ヒョウ柄 ペイズリー 保護カバー アイコスケース アクセサリー 送料無料","イルマiワン","72","X11","Y28",,"0","34","33","-1",
"2026/08/09 14:03:45","受注取込","7987400","7987400X11Y11","【とにかくデカい！/普通サイズあり！】キャップ メンズ 大きいサイズ 帽子 深め ビッグサイズ ★REVM 7987400 BIG SIZE メンズキャップ帽子 大きめ 大きい帽子 メンズ帽子 レディース 春 夏 春夏 プレゼント ギフト 母の日 父の日 送料無料","大きいサイズ","A-ブラック","X11","Y11",,"0","101","100","-1",
"2026/08/09 14:08:48","受注取込","7987988","7987988X12Y15","【AVIREX 限定】サファリハット メンズ 大きいサイズ BIGサイズ アドベンチャーハット 17158300 17158400 釣り 帽子 ハット ★REV NEK 7987988 大きめ 普通サイズ AVIREX 限定 かっこいい アウトドア ブラックシリーズ アビレックス 帽子 キャップ ブランド 撥水加工","大きいサイズ_17158400","グレージュ(73)","X12","Y15",,"0","33","32","-1",
"2026/08/09 14:08:48","受注取込","7986531","7986531X11Y26","【新型/IQOS イルマ i ワン用】アイコス イルマiワン ILUMA ケース 保護ケース NEK ★REVL 7986531 iqosイルマワン イルマワンカバー 耐衝撃 おしゃれ iqos iluma one 専用 IQOSイルマワン保護ケース レザー ヒョウ柄 ペイズリー 保護カバー アイコスケース アクセサリー 送料無料","ONESIZE","109","X11","Y26",,"0","8","7","-1",
"2026/08/09 14:08:48","受注取込","7986531","7986531X11Y25","【新型/IQOS イルマ i ワン用】アイコス イルマiワン ILUMA ケース 保護ケース NEK ★REVL 7986531 iqosイルマワン イルマワンカバー 耐衝撃 おしゃれ iqos iluma one 専用 IQOSイルマワン保護ケース レザー ヒョウ柄 ペイズリー 保護カバー アイコスケース アクセサリー 送料無料","ONESIZE","108","X11","Y25",,"0","8","7","-1",
"2026/08/09 14:09:48","受注取込","7987678","7987678X11Y16","【洗濯可能】トレーニンググローブ 手袋 筋トレ 筋トレグローブ メンズ レディース 指無し NEK ★REV 7987678 ウェイトリフティング 防滑 クッション性 伸びる 洗濯OK バーベル サイクリング ヨガ グリップ","S","B-ピンク","X11","Y16",,"0","17","16","-1",
"2026/08/09 14:21:15","受注取込","7994812","7994812X11Y14","サファリハット メンズ 釣り 帽子 ハット レディース SUNS(サンズ)  撥水 アウトドア 登山 キャンプ バーベキュー NEK ★REV H-051 H-053 送料無料 大きいサイズあり キッズサイズ 子供 UVカット アドベンチャーハット 父の日 プレゼント ユニセックス 春 夏 夏フェス ギフト","普通サイズ","KHAKI(H_051)","X11","Y14",,"0","60","59","-1",
"2026/08/09 14:21:15","受注取込","7994812","7994812X11Y27","サファリハット メンズ 釣り 帽子 ハット レディース SUNS(サンズ)  撥水 アウトドア 登山 キャンプ バーベキュー NEK ★REV H-051 H-053 送料無料 大きいサイズあり キッズサイズ 子供 UVカット アドベンチャーハット 父の日 プレゼント ユニセックス 春 夏 夏フェス ギフト","普通サイズ","CAMO(H_051)","X11","Y27",,"0","39","38","-1",
"2026/08/09 14:21:15","受注取込","7994812","7994812X11Y13","サファリハット メンズ 釣り 帽子 ハット レディース SUNS(サンズ)  撥水 アウトドア 登山 キャンプ バーベキュー NEK ★REV H-051 H-053 送料無料 大きいサイズあり キッズサイズ 子供 UVカット アドベンチャーハット 父の日 プレゼント ユニセックス 春 夏 夏フェス ギフト","普通サイズ","NAVY(H_051)","X11","Y13",,"0","68","67","-1",
"2026/08/09 14:21:15","受注取込","7994812","7994812X12Y33","サファリハット メンズ 釣り 帽子 ハット レディース SUNS(サンズ)  撥水 アウトドア 登山 キャンプ バーベキュー NEK ★REV H-051 H-053 送料無料 大きいサイズあり キッズサイズ 子供 UVカット アドベンチャーハット 父の日 プレゼント ユニセックス 春 夏 夏フェス ギフト","大きいサイズ","GREIGE(H-051)","X12","Y33",,"0","95","94","-1",
"2026/08/09 14:21:15","受注取込","7994812","7994812X11Y33","サファリハット メンズ 釣り 帽子 ハット レディース SUNS(サンズ)  撥水 アウトドア 登山 キャンプ バーベキュー NEK ★REV H-051 H-053 送料無料 大きいサイズあり キッズサイズ 子供 UVカット アドベンチャーハット 父の日 プレゼント ユニセックス 春 夏 夏フェス ギフト","普通サイズ","GREIGE(H-051)","X11","Y33",,"0","48","47","-1",
"2026/08/09 14:25:45","受注取込","7994812","7994812X12Y14","サファリハット メンズ 釣り 帽子 ハット レディース SUNS(サンズ)  撥水 アウトドア 登山 キャンプ バーベキュー NEK ★REV H-051 H-053 送料無料 大きいサイズあり キッズサイズ 子供 UVカット アドベンチャーハット 父の日 プレゼント ユニセックス 春 夏 夏フェス ギフト","大きいサイズ","KHAKI(H_051)","X12","Y14",,"0","24","23","-1",
"2026/08/09 14:25:45","受注取込","7990868","7990868X11Y11","短財布 財布 ミニ財布 メンズ レディース 本革 レザー 日本製  送料無料 職人技 無地 ヌメ革 総革 サステナビリティ 染め加工無し AA-019 プレゼント ギフト","ONESIZE","ナチュラル","X11","Y11",,"0","6","5","-1",
"2026/08/09 14:27:15","受注取込","7994812","7994812X12Y11","サファリハット メンズ 釣り 帽子 ハット レディース SUNS(サンズ)  撥水 アウトドア 登山 キャンプ バーベキュー NEK ★REV H-051 H-053 送料無料 大きいサイズあり キッズサイズ 子供 UVカット アドベンチャーハット 父の日 プレゼント ユニセックス 春 夏 夏フェス ギフト","大きいサイズ","BK/BLACK(H_051)","X12","Y11",,"0","337","336","-1",
"2026/08/09 14:27:15","受注取込","7987400","7987400X11Y11","【とにかくデカい！/普通サイズあり！】キャップ メンズ 大きいサイズ 帽子 深め ビッグサイズ ★REVM 7987400 BIG SIZE メンズキャップ帽子 大きめ 大きい帽子 メンズ帽子 レディース 春 夏 春夏 プレゼント ギフト 母の日 父の日 送料無料","大きいサイズ","A-ブラック","X11","Y11",,"0","100","99","-1",
"2026/08/09 14:30:04","受注取込","7986564","7986564X11Y15","【当店限定/大きいサイズ】BlackRebel 帽子 キャップ メンズ レディース 大きいサイズ ★REVL 7986564 深め Vintage クラッシュ 加工 こなれ感 おしゃれ 送料無料","ONESIZE","グレー","X11","Y15",,"0","14","13","-1",
"2026/08/09 14:33:15","受注取込","7987395","7987395X11Y11","【中折れ対策】ILUMA TEREA イルマ テリア アイコス IQOS グロー プルーム 電子タバコ お掃除 NEK ★REV 7987395 LTG クリーニングフィルター クリーナー プレゼント ギフト 母の日 父の日 送料無料","ONESIZE","ホワイト","X11","Y11",,"0","80","79","-1",
"2026/08/09 14:38:45","受注取込","7988215","7988215X11Y13","【とにかくデカい！】 大きいサイズ キャップ メッシュキャップ 送料無料 大きめ ビッグサイズ BIG SIZE ★REV 7988215 <br> 帽子 ハット キャップ ワークキャップ メンズキャップ 大きいサイズ バケット 大きい帽子 メンズ バケハ メンズ帽子 大きい 頭 メッシュ 全39カラー","AA","3","X11","Y13",,"0","31","30","-1",
"2026/08/09 14:38:45","受注取込","7988215","7988215X17Y15","【とにかくデカい！】 大きいサイズ キャップ メッシュキャップ 送料無料 大きめ ビッグサイズ BIG SIZE ★REV 7988215 <br> 帽子 ハット キャップ ワークキャップ メンズキャップ 大きいサイズ バケット 大きい帽子 メンズ バケハ メンズ帽子 大きい 頭 メッシュ 全39カラー","GG","5","X17","Y15",,"0","21","20","-1",
"2026/08/09 14:47:45","受注取込","7994812","7994812X12Y11","サファリハット メンズ 釣り 帽子 ハット レディース SUNS(サンズ)  撥水 アウトドア 登山 キャンプ バーベキュー NEK ★REV H-051 H-053 送料無料 大きいサイズあり キッズサイズ 子供 UVカット アドベンチャーハット 父の日 プレゼント ユニセックス 春 夏 夏フェス ギフト","大きいサイズ","BK/BLACK(H_051)","X12","Y11",,"0","336","335","-1",
"2026/08/09 14:51:41","WEB画面","7994388","7994388X11Y12","一枚革 ヌメ革 GENUINE LEATHER 本革 レザー Vintage ベルト ★REVM 7994388 メンズ レディース 新品 125cm サイズ調整可能 ALI 180824-2 プレゼント ギフト","ONESIZE","ワインレッド","X11","Y12",,"0","12","0","-12","村垣 文香"
"2026/08/09 14:53:16","受注取込","7986572","7986572X11Y46","【新型/IQOS イルマ i ワン用】アイコス イルマiワン ILUMA ケース 保護ケース NEK ★REVL 7986572 iqosイルマワン イルマワンカバー 耐衝撃 おしゃれ iqos iluma one 専用 IQOSイルマワン保護ケース レザー ヒョウ柄 ペイズリー 保護カバー アイコスケース アクセサリー 送料無料","イルマiワン","90","X11","Y46",,"0","21","20","-1",
"2026/08/09 14:55:30","受注取込","7986572","7986572X11Y34","【新型/IQOS イルマ i ワン用】アイコス イルマiワン ILUMA ケース 保護ケース NEK ★REVL 7986572 iqosイルマワン イルマワンカバー 耐衝撃 おしゃれ iqos iluma one 専用 IQOSイルマワン保護ケース レザー ヒョウ柄 ペイズリー 保護カバー アイコスケース アクセサリー 送料無料","イルマiワン","78","X11","Y34",,"0","12","11","-1",
"2026/08/09 14:55:52","受注取込","7986754","7986754X11Y11","【長さで選ぶ！】8m スマホ ケーブル アンドロイド A-TO-C Type-C 長さ8m NEK ★REVL 7986754 6A SPEED 急速 充電器 IQOS アイコス イルマ イルマワン プライム スマホアクセサリー 送料無料","8ｍ","ライトパープル","X11","Y11",,"0","4","3","-1",
"2026/08/09 15:02:01","受注取込","7986531","7986531X11Y25","【新型/IQOS イルマ i ワン用】アイコス イルマiワン ILUMA ケース 保護ケース NEK ★REVL 7986531 iqosイルマワン イルマワンカバー 耐衝撃 おしゃれ iqos iluma one 専用 IQOSイルマワン保護ケース レザー ヒョウ柄 ペイズリー 保護カバー アイコスケース アクセサリー 送料無料","ONESIZE","108","X11","Y25",,"0","7","6","-1",
"2026/08/09 15:06:31","受注取込","7994812","7994812X12Y16","サファリハット メンズ 釣り 帽子 ハット レディース SUNS(サンズ)  撥水 アウトドア 登山 キャンプ バーベキュー NEK ★REV H-051 H-053 送料無料 大きいサイズあり キッズサイズ 子供 UVカット アドベンチャーハット 父の日 プレゼント ユニセックス 春 夏 夏フェス ギフト","大きいサイズ","GRAY(H_051)","X12","Y16",,"0","71","70","-1",
"2026/08/09 15:07:45","受注取込","7997141","7997141X11Y11","特大 スイカ ドーナツ 浮き輪 浮輪 送料無料 プール 大人用 子供用 NEK 7997141 ★REV 120cm 90cm 80cm 70cm 60cm サイズ 大きい 大きめ うきわ ウキワ すいか 海 海水浴 ビックフロート 水上 レジャー かわいい フローティングベッド 西瓜 子供用浮き輪 大人 子供 こども","120cm","スイカ","X11","Y11",,"0","780","779","-1",
"2026/08/09 15:10:18","受注取込","7988215","7988215X21Y11","【とにかくデカい！】 大きいサイズ キャップ メッシュキャップ 送料無料 大きめ ビッグサイズ BIG SIZE ★REV 7988215 <br> 帽子 ハット キャップ ワークキャップ メンズキャップ 大きいサイズ バケット 大きい帽子 メンズ バケハ メンズ帽子 大きい 頭 メッシュ 全39カラー","KK","1","X21","Y11",,"0","11","10","-1",
"2026/08/09 15:10:18","受注取込","7988215","7988215X20Y15","【とにかくデカい！】 大きいサイズ キャップ メッシュキャップ 送料無料 大きめ ビッグサイズ BIG SIZE ★REV 7988215 <br> 帽子 ハット キャップ ワークキャップ メンズキャップ 大きいサイズ バケット 大きい帽子 メンズ バケハ メンズ帽子 大きい 頭 メッシュ 全39カラー","JJ","5","X20","Y15",,"0","40","39","-1",
"2026/08/09 15:16:01","受注取込","7994812","7994812X12Y33","サファリハット メンズ 釣り 帽子 ハット レディース SUNS(サンズ)  撥水 アウトドア 登山 キャンプ バーベキュー NEK ★REV H-051 H-053 送料無料 大きいサイズあり キッズサイズ 子供 UVカット アドベンチャーハット 父の日 プレゼント ユニセックス 春 夏 夏フェス ギフト","大きいサイズ","GREIGE(H-051)","X12","Y33",,"0","94","93","-1",
"2026/08/09 15:16:01","受注取込","7987002","7987002X11Y12","【Vintage感が超カッコいい 深め】帽子 キャップ メンズ レディース Vintage クラッシュ加工 ★REVL 7987002 デニム ジーンズ 送料無料","ONESIZE","ネイビー","X11","Y12",,"0","33","32","-1",
"2026/08/09 15:16:45","受注取込","7987085","7987085X12Y16","【とにかくデカい！】大きいサイズ キャップ 大きめ 深い 深め ビッグサイズ BIG SIZE ★REV 7987085 メンズキャップ帽子 大きい帽子 メンズ帽子 レディース 春 夏 春夏 プレゼント ギフト 母の日 父の日 送料無料","SU","6","X12","Y16",,"0","16","15","-1",
"2026/08/09 15:16:45","受注取込","7986547","7986547X11Y11","【お得な5枚10点セット】福袋 おなかぷにぷに3Dキャラクターシール 犬猫アニマル NEK ★REVO 7986547 ピンセット付き ぷにぷに触感 ストレス解消 癒しデコシール プレゼント ギフト 送料無料","ONESIZE","5枚10点アソート","X11","Y11",,"0","684","682","-2",
"2026/08/09 15:23:45","受注取込","7988215","7988215X17Y12","【とにかくデカい！】 大きいサイズ キャップ メッシュキャップ 送料無料 大きめ ビッグサイズ BIG SIZE ★REV 7988215 <br> 帽子 ハット キャップ ワークキャップ メンズキャップ 大きいサイズ バケット 大きい帽子 メンズ バケハ メンズ帽子 大きい 頭 メッシュ 全39カラー","GG","2","X17","Y12",,"0","10","9","-1",
"2026/08/09 15:23:45","受注取込","7987400","7987400X11Y16","【とにかくデカい！/普通サイズあり！】キャップ メンズ 大きいサイズ 帽子 深め ビッグサイズ ★REVM 7987400 BIG SIZE メンズキャップ帽子 大きめ 大きい帽子 メンズ帽子 レディース 春 夏 春夏 プレゼント ギフト 母の日 父の日 送料無料","大きいサイズ","F-ブラック","X11","Y16",,"0","43","42","-1",
"2026/08/09 15:32:21","受注取込","7994812","7994812X12Y13","サファリハット メンズ 釣り 帽子 ハット レディース SUNS(サンズ)  撥水 アウトドア 登山 キャンプ バーベキュー NEK ★REV H-051 H-053 送料無料 大きいサイズあり キッズサイズ 子供 UVカット アドベンチャーハット 父の日 プレゼント ユニセックス 春 夏 夏フェス ギフト","大きいサイズ","NAVY(H_051)","X12","Y13",,"0","17","16","-1",
"2026/08/09 15:36:15","受注取込","7988215","7988215X14Y11","【とにかくデカい！】 大きいサイズ キャップ メッシュキャップ 送料無料 大きめ ビッグサイズ BIG SIZE ★REV 7988215 <br> 帽子 ハット キャップ ワークキャップ メンズキャップ 大きいサイズ バケット 大きい帽子 メンズ バケハ メンズ帽子 大きい 頭 メッシュ 全39カラー","DD","1","X14","Y11",,"0","7","6","-1",
"2026/08/09 15:37:45","受注取込","7992723","7992723X14Y11","お得！ 送料無料 4枚入り 福袋 Dickies ディッキーズ ボクサーパンツ メンズ かわいい NEK ★REV <br> パンツ ボクサーパンツ セット メンズ下着 メンズボクサーパンツ メンズボクサー 大きいサイズ 大きめ 特大 3L 下着 インナー メンズ usa まとめ買い プレゼント ギフト","3L","福袋4枚セット","X14","Y11",,"0","183","182","-1",
"2026/08/09 15:40:45","受注取込","7987409","7987409X11Y12","【130cm 大きいサイズ対応】本革 床革 ベルト メンズ 130cm NEK ★REV 7987409 大きいサイズ対応 シンセティックレザー ビジネスベルト カジュアルベルト 父の日 送料無料","ONESIZE","ブラウンA","X11","Y12",,"0","2","1","-1",
"2026/08/09 15:41:08","WEB画面","7987093","7987093X11Y13","【新型iphone/IQOS対応】急速5A 3股 Type-C 充電ケーブル スマホケーブル 1.2m 2m 3m typec NEK ★REVL 7987093 新型iphone IQOS対応 USB A→Type-C×3 充電ケーブル 3in1 急速 送料無料","1.2m","ブラック_TypeC/TypeC×3","X11","Y13",,"0","41","27","-14","大木 望"
"2026/08/09 15:41:22","受注取込","7986531","7986531X11Y21","【新型/IQOS イルマ i ワン用】アイコス イルマiワン ILUMA ケース 保護ケース NEK ★REVL 7986531 iqosイルマワン イルマワンカバー 耐衝撃 おしゃれ iqos iluma one 専用 IQOSイルマワン保護ケース レザー ヒョウ柄 ペイズリー 保護カバー アイコスケース アクセサリー 送料無料","ONESIZE","104","X11","Y21",,"0","16","15","-1",
"2026/08/09 15:42:25","受注取込","7986531","7986531X11Y26","【新型/IQOS イルマ i ワン用】アイコス イルマiワン ILUMA ケース 保護ケース NEK ★REVL 7986531 iqosイルマワン イルマワンカバー 耐衝撃 おしゃれ iqos iluma one 専用 IQOSイルマワン保護ケース レザー ヒョウ柄 ペイズリー 保護カバー アイコスケース アクセサリー 送料無料","ONESIZE","109","X11","Y26",,"0","7","6","-1",
"2026/08/09 15:48:15","受注取込","7987026","7987026X11Y11","【大きいサイズあり】キャップ 11cm つば長 帽子 メンズ レディース ★REV 7987026 深め 深い ゴルフ 無地 日焼け止め UVカット 送料無料","普通サイズ","ブラック","X11","Y11",,"0","52","51","-1",
"2026/08/09 15:48:51","受注取込","7986683","7986683X11Y11","【5点セット/付けるだけの虫除け革命】オニヤンマ 虫除け 虫よけ用品 ストラップ NEK ★REVL 7986683 クリップ 安全ピン ブローチ フィギュア ゴルフ キャンプ 草刈り 山登り 防虫対策 送料無料","オニヤンマ","1個","X11","Y11",,"0","47","46","-1",
"2026/08/09 15:54:45","受注取込","7987400","7987400X11Y16","【とにかくデカい！/普通サイズあり！】キャップ メンズ 大きいサイズ 帽子 深め ビッグサイズ ★REVM 7987400 BIG SIZE メンズキャップ帽子 大きめ 大きい帽子 メンズ帽子 レディース 春 夏 春夏 プレゼント ギフト 母の日 父の日 送料無料","大きいサイズ","F-ブラック","X11","Y16",,"0","42","41","-1",
"2026/08/09 15:55:00","受注取込","7987988","7987988X11Y13","【AVIREX 限定】サファリハット メンズ 大きいサイズ BIGサイズ アドベンチャーハット 17158300 17158400 釣り 帽子 ハット ★REV NEK 7987988 大きめ 普通サイズ AVIREX 限定 かっこいい アウトドア ブラックシリーズ アビレックス 帽子 キャップ ブランド 撥水加工","普通サイズ_17158300","カーキ(35)","X11","Y13",,"0","10","9","-1",
"2026/08/09 15:57:31","受注取込","7994812","7994812X12Y16","サファリハット メンズ 釣り 帽子 ハット レディース SUNS(サンズ)  撥水 アウトドア 登山 キャンプ バーベキュー NEK ★REV H-051 H-053 送料無料 大きいサイズあり キッズサイズ 子供 UVカット アドベンチャーハット 父の日 プレゼント ユニセックス 春 夏 夏フェス ギフト","大きいサイズ","GRAY(H_051)","X12","Y16",,"0","70","69","-1",
"2026/08/09 15:57:31","受注取込","7997141","7997141X11Y11","特大 スイカ ドーナツ 浮き輪 浮輪 送料無料 プール 大人用 子供用 NEK 7997141 ★REV 120cm 90cm 80cm 70cm 60cm サイズ 大きい 大きめ うきわ ウキワ すいか 海 海水浴 ビックフロート 水上 レジャー かわいい フローティングベッド 西瓜 子供用浮き輪 大人 子供 こども","120cm","スイカ","X11","Y11",,"0","779","778","-1",
"2026/08/09 15:57:45","受注取込","7988215","7988215X17Y13","【とにかくデカい！】 大きいサイズ キャップ メッシュキャップ 送料無料 大きめ ビッグサイズ BIG SIZE ★REV 7988215 <br> 帽子 ハット キャップ ワークキャップ メンズキャップ 大きいサイズ バケット 大きい帽子 メンズ バケハ メンズ帽子 大きい 頭 メッシュ 全39カラー","GG","3","X17","Y13",,"0","19","18","-1",
"2026/08/09 16:00:31","受注取込","7994812","7994812X12Y15","サファリハット メンズ 釣り 帽子 ハット レディース SUNS(サンズ)  撥水 アウトドア 登山 キャンプ バーベキュー NEK ★REV H-051 H-053 送料無料 大きいサイズあり キッズサイズ 子供 UVカット アドベンチャーハット 父の日 プレゼント ユニセックス 春 夏 夏フェス ギフト","大きいサイズ","WINE(H_051)","X12","Y15",,"0","11","10","-1",
"2026/08/09 16:00:31","受注取込","7988163","7988163X11Y11","【錆びないチタン】メンズブレスレット ブレスレット メンズ つけっぱなし NEK ★REV 7988163 チタン ブレスレット ワイヤーブレスレット シンプル バングル おしゃれ 送料無料 シルバー ゴールド ブラック","ONESIZE","シルバー","X11","Y11",,"0","14","13","-1",
"2026/08/09 16:02:15","受注取込","7994812","7994812X11Y13","サファリハット メンズ 釣り 帽子 ハット レディース SUNS(サンズ)  撥水 アウトドア 登山 キャンプ バーベキュー NEK ★REV H-051 H-053 送料無料 大きいサイズあり キッズサイズ 子供 UVカット アドベンチャーハット 父の日 プレゼント ユニセックス 春 夏 夏フェス ギフト","普通サイズ","NAVY(H_051)","X11","Y13",,"0","67","66","-1",
"2026/08/09 16:10:05","受注取込","7986564","7986564X11Y15","【当店限定/大きいサイズ】BlackRebel 帽子 キャップ メンズ レディース 大きいサイズ ★REVL 7986564 深め Vintage クラッシュ 加工 こなれ感 おしゃれ 送料無料","ONESIZE","グレー","X11","Y15",,"0","13","12","-1",
"2026/08/09 16:13:15","受注取込","7987475","7987475X11Y11","【護身用】タクティカルスティック 防災グッズ タクティカルペン キーホルダー キーリング NEK ★REV 7987475 護身 棒 車 ガラス 防災 災害 車内 軽量 丈夫 不審者 痴漢 痴漢対策 護身用 用品 武器 防犯 護身グッズ 自己防衛 コンパクト 非常時 タクティカル バッググリップ","ONESIZE","ブラック","X11","Y11",,"0","96","95","-1",
"2026/08/09 16:14:45","受注取込","7987475","7987475X11Y11","【護身用】タクティカルスティック 防災グッズ タクティカルペン キーホルダー キーリング NEK ★REV 7987475 護身 棒 車 ガラス 防災 災害 車内 軽量 丈夫 不審者 痴漢 痴漢対策 護身用 用品 武器 防犯 護身グッズ 自己防衛 コンパクト 非常時 タクティカル バッググリップ","ONESIZE","ブラック","X11","Y11",,"0","95","94","-1",
"2026/08/09 16:16:00","受注取込","7987389","7987389X11Y17","【本革 総革】名刺入れ 名刺ケース 本革 メンズ NEK ★REV 7987389 レディース レザー 本皮 Vintage ヌメ革 プレゼント ギフト 母の日 父の日 送料無料","ONESIZE","ダークネイビー","X11","Y17",,"0","11","10","-1",
"2026/08/09 16:16:13","受注取込","7997141","7997141X11Y11","特大 スイカ ドーナツ 浮き輪 浮輪 送料無料 プール 大人用 子供用 NEK 7997141 ★REV 120cm 90cm 80cm 70cm 60cm サイズ 大きい 大きめ うきわ ウキワ すいか 海 海水浴 ビックフロート 水上 レジャー かわいい フローティングベッド 西瓜 子供用浮き輪 大人 子供 こども","120cm","スイカ","X11","Y11",,"0","778","777","-1",
"2026/08/09 16:19:15","受注取込","7994812","7994812X12Y14","サファリハット メンズ 釣り 帽子 ハット レディース SUNS(サンズ)  撥水 アウトドア 登山 キャンプ バーベキュー NEK ★REV H-051 H-053 送料無料 大きいサイズあり キッズサイズ 子供 UVカット アドベンチャーハット 父の日 プレゼント ユニセックス 春 夏 夏フェス ギフト","大きいサイズ","KHAKI(H_051)","X12","Y14",,"0","23","22","-1",
"2026/08/09 16:19:15","受注取込","7987085","7987085X12Y15","【とにかくデカい！】大きいサイズ キャップ 大きめ 深い 深め ビッグサイズ BIG SIZE ★REV 7987085 メンズキャップ帽子 大きい帽子 メンズ帽子 レディース 春 夏 春夏 プレゼント ギフト 母の日 父の日 送料無料","SU","5","X12","Y15",,"0","2","1","-1",
"2026/08/09 16:19:42","WEB画面","7994388","7994388X11Y15","一枚革 ヌメ革 GENUINE LEATHER 本革 レザー Vintage ベルト ★REVM 7994388 メンズ レディース 新品 125cm サイズ調整可能 ALI 180824-2 プレゼント ギフト","ONESIZE","オレンジ","X11","Y15",,"0","0","12","12","阿二"
"2026/08/09 16:20:05","受注取込","7987093","7987093X11Y13","【新型iphone/IQOS対応】急速5A 3股 Type-C 充電ケーブル スマホケーブル 1.2m 2m 3m typec NEK ★REVL 7987093 新型iphone IQOS対応 USB A→Type-C×3 充電ケーブル 3in1 急速 送料無料","1.2m","ブラック_TypeC/TypeC×3","X11","Y13",,"0","27","26","-1",
"2026/08/09 16:24:14","受注取込","7986989","7986989X11Y20","【本革/特価/16色展開】本革 ショルダーバッグ ポーチ レディース ミニショルダーバッグ NEK ★REV 7986989 斜めがけ お財布 ショルダー お財布バッグ 送料無料","ONESIZE","オリーブ","X11","Y20",,"0","2","1","-1",
"2026/08/09 16:24:14","受注取込","7988486","7988486X11Y11","キーケース メンズ レディース 本革 レザー スマートキー キーホルダー 鍵 キーチェーン 小銭入れ ★REV 7988486 プレゼント ギフト","ONESIZE","ブラック","X11","Y11",,"0","25","24","-1",
"2026/08/09 16:24:15","受注取込","7995525","7995525X1Y12","AVIREX 限定モデル キャップ 帽子 父の日 贈り物 プレゼント メンズ ★REV ブラックシリーズ 黒 アビレックス アヴィレックス メッシュキャップ ハンチング ローキャップ バケット ハット ワークキャップ レディース かっこいい yos プレゼント ギフト","ONESIZE","【L】ワークキャップ_14787700_80","X1","Y12",,"0","98","97","-1",
"2026/08/09 16:24:30","受注取込","7987354","7987354X11Y12","USAブランド 靴下 ソックス NEK ★REV 7987354 メンズ レディース FRUIT OF THE LOOM フルーツオブザルーム プレゼント ギフト 送料無料","メンズ","スニーカー【短】","X11","Y12",,"0","3","2","-1",
"2026/08/09 16:25:45","受注取込","7994812","7994812X12Y31","サファリハット メンズ 釣り 帽子 ハット レディース SUNS(サンズ)  撥水 アウトドア 登山 キャンプ バーベキュー NEK ★REV H-051 H-053 送料無料 大きいサイズあり キッズサイズ 子供 UVカット アドベンチャーハット 父の日 プレゼント ユニセックス 春 夏 夏フェス ギフト","大きいサイズ","RENGA(H_051)","X12","Y31",,"0","41","40","-1",
"2026/08/09 16:27:30","受注取込","7988215","7988215X12Y13","【とにかくデカい！】 大きいサイズ キャップ メッシュキャップ 送料無料 大きめ ビッグサイズ BIG SIZE ★REV 7988215 <br> 帽子 ハット キャップ ワークキャップ メンズキャップ 大きいサイズ バケット 大きい帽子 メンズ バケハ メンズ帽子 大きい 頭 メッシュ 全39カラー","BB","3","X12","Y13",,"0","19","18","-1",
"2026/08/09 16:33:54","WEB画面","7988452","7988452X11Y13","【日本製 姫路レザー】日本製 ベルト メンズ 本革 本皮 ★REV SRI-07 3.9cm幅 一枚革 ヌメ革 姫路レザー ビジネス カジュアル 送料無料","ONESIZE","ブラウン","X11","Y13",,"0","2","3","1","大場"
"2026/08/09 16:33:54","受注取込","7987988","7987988X12Y15","【AVIREX 限定】サファリハット メンズ 大きいサイズ BIGサイズ アドベンチャーハット 17158300 17158400 釣り 帽子 ハット ★REV NEK 7987988 大きめ 普通サイズ AVIREX 限定 かっこいい アウトドア ブラックシリーズ アビレックス 帽子 キャップ ブランド 撥水加工","大きいサイズ_17158400","グレージュ(73)","X12","Y15",,"0","32","31","-1",
"2026/08/09 16:34:45","受注取込","7987892","7987892X11Y11","【深めのシルエット】メッシュキャップ キャップ 帽子 メンズ レディース 大きいサイズ 普通サイズ ★REV 7987892","普通サイズ","A","X11","Y11",,"0","12","11","-1",
"2026/08/09 16:39:52","WEB画面","7986521","7986521X11Y11","【背中ひんやりメッシュ！】フロート 浮き輪 ベッドタイプ 150cm 大人用 ビーチマット NEK ★REVL 7986521 リゾート プール 海 SNS映え PVC素材 送料無料","ONESIZE","ヒョウ柄","X11","Y11",,"0","23","20","-3","大木 望"
"2026/08/09 16:42:48","WEB画面","7986986","7986986X11Y11","【UVカット・撥水】バケットハット ハット 帽子 メンズ レディース UVカット 撥水 NEK ★REV 7986986 バイカラー 軽量 通気性 おしゃれ 送料無料","ONESIZE","ネイビー","X11","Y11",,"0","12","6","-6","大木 望"
"2026/08/09 16:42:52","WEB画面","7987988","7987988X12Y15","【AVIREX 限定】サファリハット メンズ 大きいサイズ BIGサイズ アドベンチャーハット 17158300 17158400 釣り 帽子 ハット ★REV NEK 7987988 大きめ 普通サイズ AVIREX 限定 かっこいい アウトドア ブラックシリーズ アビレックス 帽子 キャップ ブランド 撥水加工","大きいサイズ_17158400","グレージュ(73)","X12","Y15",,"0","31","32","1","大場"
"2026/08/09 16:44:45","受注取込","7997141","7997141X11Y12","特大 スイカ ドーナツ 浮き輪 浮輪 送料無料 プール 大人用 子供用 NEK 7997141 ★REV 120cm 90cm 80cm 70cm 60cm サイズ 大きい 大きめ うきわ ウキワ すいか 海 海水浴 ビックフロート 水上 レジャー かわいい フローティングベッド 西瓜 子供用浮き輪 大人 子供 こども","120cm","ドーナツイチゴ","X11","Y12",,"0","5","4","-1",
"2026/08/09 16:48:24","WEB画面","FBA-7987400","FBA-7987400X11Y12","【FBA専用】帽子 7987400","ONESIZE","B-ホワイト","X11","Y12",,"0","10","0","-10","大木 望"
"2026/08/09 16:48:24","WEB画面","FBA-7987400","FBA-7987400X11Y18","【FBA専用】帽子 7987400","ONESIZE","H-オリーブ","X11","Y18",,"0","20","0","-20","大木 望"
"2026/08/09 16:50:06","受注取込","7987070","7987070X13Y11","【お得な2枚組】X-LARGE XLARGE エクストララージ ボクサーパンツ メンズ アンダーウェア 下着 NEK ★REVL 7987070 かっこいい ツルツル おすすめ 人気 カモフラ タイダイ 炎 迷彩 カモ柄 ブランド 男性 紳士 プレゼント プチギフト 父の日 誕生日 彼氏 父 息子 ギフト 記念日 大きいサイズ 福袋 送料無料","XL","2枚組","X13","Y11",,"0","26","25","-1",
"2026/08/09 16:50:25","受注取込","7986572","7986572X11Y35","【新型/IQOS イルマ i ワン用】アイコス イルマiワン ILUMA ケース 保護ケース NEK ★REVL 7986572 iqosイルマワン イルマワンカバー 耐衝撃 おしゃれ iqos iluma one 専用 IQOSイルマワン保護ケース レザー ヒョウ柄 ペイズリー 保護カバー アイコスケース アクセサリー 送料無料","イルマiワン","79","X11","Y35",,"0","3","2","-1",
"2026/08/09 16:51:45","受注取込","7994812","7994812X12Y20","サファリハット メンズ 釣り 帽子 ハット レディース SUNS(サンズ)  撥水 アウトドア 登山 キャンプ バーベキュー NEK ★REV H-051 H-053 送料無料 大きいサイズあり キッズサイズ 子供 UVカット アドベンチャーハット 父の日 プレゼント ユニセックス 春 夏 夏フェス ギフト","大きいサイズ","PURPLE(H_051)","X12","Y20",,"0","18","17","-1",
"2026/08/09 16:54:14","WEB画面","7992495","7992495X11Y17","ブレスレット バングル メンズ レディース サバイバル パラコード 笛付き リフレクター素材 サバゲー ミリタリー アクセサリー プレゼント 送料無料  NEK ALI 7992495 190707","ONESIZE","G","X11","Y17",,"0","20","17","-3","大木 望"
"2026/08/09 16:54:14","WEB画面","7992495","7992495X11Y18","ブレスレット バングル メンズ レディース サバイバル パラコード 笛付き リフレクター素材 サバゲー ミリタリー アクセサリー プレゼント 送料無料  NEK ALI 7992495 190707","ONESIZE","H","X11","Y18",,"0","10","8","-2","大木 望"
"2026/08/09 16:54:14","WEB画面","7992495","7992495X11Y19","ブレスレット バングル メンズ レディース サバイバル パラコード 笛付き リフレクター素材 サバゲー ミリタリー アクセサリー プレゼント 送料無料  NEK ALI 7992495 190707","ONESIZE","I","X11","Y19",,"0","22","17","-5","大木 望"
"2026/08/09 16:54:14","WEB画面","7992495","7992495X11Y22","ブレスレット バングル メンズ レディース サバイバル パラコード 笛付き リフレクター素材 サバゲー ミリタリー アクセサリー プレゼント 送料無料  NEK ALI 7992495 190707","ONESIZE","L","X11","Y22",,"0","14","11","-3","大木 望"
"2026/08/09 16:54:14","WEB画面","7992495","7992495X11Y23","ブレスレット バングル メンズ レディース サバイバル パラコード 笛付き リフレクター素材 サバゲー ミリタリー アクセサリー プレゼント 送料無料  NEK ALI 7992495 190707","ONESIZE","M","X11","Y23",,"0","12","9","-3","大木 望"
"2026/08/09 16:54:46","受注取込","7987345","7987345X18Y12","【とにかくデカい！】 大きいサイズ キャップ 送料無料 大きめ ビッグサイズ ★REV 7987345 BIG SIZE 帽子 ハット キャップ キャスケット メンズキャップ 大きいサイズ バケット 大きい帽子 メンズ メンズ帽子 大きい 頭 メッシュキャップ","HHH","2","X18","Y12",,"0","19","18","-1",
"2026/08/09 16:54:46","受注取込","7987345","7987345X18Y14","【とにかくデカい！】 大きいサイズ キャップ 送料無料 大きめ ビッグサイズ ★REV 7987345 BIG SIZE 帽子 ハット キャップ キャスケット メンズキャップ 大きいサイズ バケット 大きい帽子 メンズ メンズ帽子 大きい 頭 メッシュキャップ","HHH","4","X18","Y14",,"0","14","13","-1",
"2026/08/09 16:56:04","WEB画面","7986989","7986989X11Y16","【本革/特価/16色展開】本革 ショルダーバッグ ポーチ レディース ミニショルダーバッグ NEK ★REV 7986989 斜めがけ お財布 ショルダー お財布バッグ 送料無料","ONESIZE","ブラック","X11","Y16",,"0","39","29","-10","大木 望"
"2026/08/09 16:56:15","受注取込","7986716","7986716X11Y11","【紫外線でプロ級チェック】アニサキスライト UV 紫外線ライト ブラックライト NEK ★REVL 7986716 365nm 充電式 TYPE-C充電  USB 光学レンズ アニサキス検出 生活 食事 釣り 掃除 コンパクト 送料無料","1本","ブラック(TYPE-C)","X11","Y11",,"0","76","75","-1",
"2026/08/09 16:57:12","WEB画面","7986804","7986804X11Y12","【シンプル/おしゃれ/年中大活躍】ワッチキャップ スラウチビーニー ニット帽 ニットキャップ 帽子 NEK ★REV 7986804 無地 ワッチ メンズ レディース ユニセックス 送料無料","ONESIZE","ブラック","X11","Y12",,"0","35","25","-10","大木 望"
"2026/08/09 16:59:15","受注取込","9009978","9009978X2Y7","帽子 メンズ AVIREX アビレックス 送料無料 キャップ 父の日 プレゼント 贈り物 ニットキャップ メッシュキャップ 大きいサイズ レディース ディッキーズ ローキャップ ワークキャップ ハット ハンチング おしゃれ ロゴ 刺繍 プリント アメカジ HYPE 通販 yos ギフト","B","-7","X2","Y7",,"0","10","9","-1",
"2026/08/09 16:59:15","受注取込","7997141","7997141X11Y12","特大 スイカ ドーナツ 浮き輪 浮輪 送料無料 プール 大人用 子供用 NEK 7997141 ★REV 120cm 90cm 80cm 70cm 60cm サイズ 大きい 大きめ うきわ ウキワ すいか 海 海水浴 ビックフロート 水上 レジャー かわいい フローティングベッド 西瓜 子供用浮き輪 大人 子供 こども","120cm","ドーナツイチゴ","X11","Y12",,"0","4","3","-1",
"2026/08/09 17:01:19","WEB画面","7986476","7986476X11Y15","キャンバス ショルダートートバッグ レディース メンズ 大容量 A4 通勤 通学 NEK ★REVL MADE-030 7986476 キャンバストートバッグ ショルダーバッグ 2WAY 肩掛け 軽量 帆布 ファスナー付き 内ポケット付き 男女兼用 SUNS TOKYO 送料無料","ONESIZE","カーキ","X11","Y15",,"0","6","3","-3","大木 望"
"2026/08/09 17:01:19","WEB画面","7986476","7986476X11Y18","キャンバス ショルダートートバッグ レディース メンズ 大容量 A4 通勤 通学 NEK ★REVL MADE-030 7986476 キャンバストートバッグ ショルダーバッグ 2WAY 肩掛け 軽量 帆布 ファスナー付き 内ポケット付き 男女兼用 SUNS TOKYO 送料無料","ONESIZE","ネイビー","X11","Y18",,"0","6","3","-3","大木 望"
"2026/08/09 17:06:41","WEB画面","8003112","8003112X11Y12","AVIREX アビレックス タンクトップ メンズ 無地 アヴィレックス メンズアメカジトップス ★REV NEK 6143503 全10色 プレゼント ギフト","S","ブラック(09)","X11","Y12",,"0","1","4","3","立花"
"2026/08/09 17:06:41","WEB画面","8003112","8003112X12Y11","AVIREX アビレックス タンクトップ メンズ 無地 アヴィレックス メンズアメカジトップス ★REV NEK 6143503 全10色 プレゼント ギフト","M","ホワイト(01)","X12","Y11",,"0","0","3","3","立花"
"2026/08/09 17:06:41","WEB画面","8003112","8003112X14Y11","AVIREX アビレックス タンクトップ メンズ 無地 アヴィレックス メンズアメカジトップス ★REV NEK 6143503 全10色 プレゼント ギフト","XL","ホワイト(01)","X14","Y11",,"0","1","4","3","立花"
"2026/08/09 17:06:41","WEB画面","8003112","8003112X14Y12","AVIREX アビレックス タンクトップ メンズ 無地 アヴィレックス メンズアメカジトップス ★REV NEK 6143503 全10色 プレゼント ギフト","XL","ブラック(09)","X14","Y12",,"0","0","3","3","立花"
"2026/08/09 17:06:45","受注取込","7997141","7997141X11Y11","特大 スイカ ドーナツ 浮き輪 浮輪 送料無料 プール 大人用 子供用 NEK 7997141 ★REV 120cm 90cm 80cm 70cm 60cm サイズ 大きい 大きめ うきわ ウキワ すいか 海 海水浴 ビックフロート 水上 レジャー かわいい フローティングベッド 西瓜 子供用浮き輪 大人 子供 こども","120cm","スイカ","X11","Y11",,"0","777","776","-1",
"2026/08/09 17:08:17","WEB画面","8003102","8003102X12Y11","やみつきになる！ ストレッチ AVIREX アビレックス Tシャツ メンズ ★REV NEK 6143501 6143502 Vネック クルーネック 半袖 プレゼント ギフト","Vネック_ブラック_009","Sサイズ","X12","Y11",,"0","1","3","2","立花"
"2026/08/09 17:08:17","WEB画面","8003102","8003102X12Y14","やみつきになる！ ストレッチ AVIREX アビレックス Tシャツ メンズ ★REV NEK 6143501 6143502 Vネック クルーネック 半袖 プレゼント ギフト","Vネック_ブラック_009","XLサイズ","X12","Y14",,"0","2","4","2","立花"
"2026/08/09 17:08:17","WEB画面","8003102","8003102X16Y11","やみつきになる！ ストレッチ AVIREX アビレックス Tシャツ メンズ ★REV NEK 6143501 6143502 Vネック クルーネック 半袖 プレゼント ギフト","クルーネック_ホワイト_001","Sサイズ","X16","Y11",,"0","1","3","2","立花"
"2026/08/09 17:08:17","WEB画面","8003102","8003102X16Y12","やみつきになる！ ストレッチ AVIREX アビレックス Tシャツ メンズ ★REV NEK 6143501 6143502 Vネック クルーネック 半袖 プレゼント ギフト","クルーネック_ホワイト_001","Mサイズ","X16","Y12",,"0","3","7","4","立花"
"2026/08/09 17:08:17","WEB画面","8003102","8003102X17Y11","やみつきになる！ ストレッチ AVIREX アビレックス Tシャツ メンズ ★REV NEK 6143501 6143502 Vネック クルーネック 半袖 プレゼント ギフト","クルーネック_ブラック_009","Sサイズ","X17","Y11",,"0","0","4","4","立花"
"2026/08/09 17:08:17","WEB画面","8003102","8003102X17Y12","やみつきになる！ ストレッチ AVIREX アビレックス Tシャツ メンズ ★REV NEK 6143501 6143502 Vネック クルーネック 半袖 プレゼント ギフト","クルーネック_ブラック_009","Mサイズ","X17","Y12",,"0","0","4","4","立花"
"2026/08/09 17:08:17","WEB画面","8003102","8003102X17Y13","やみつきになる！ ストレッチ AVIREX アビレックス Tシャツ メンズ ★REV NEK 6143501 6143502 Vネック クルーネック 半袖 プレゼント ギフト","クルーネック_ブラック_009","Lサイズ","X17","Y13",,"0","3","5","2","立花"
"2026/08/09 17:08:17","WEB画面","8003102","8003102X17Y14","やみつきになる！ ストレッチ AVIREX アビレックス Tシャツ メンズ ★REV NEK 6143501 6143502 Vネック クルーネック 半袖 プレゼント ギフト","クルーネック_ブラック_009","XLサイズ","X17","Y14",,"0","1","3","2","立花"
"2026/08/09 17:08:17","WEB画面","8003102","8003102X22Y11","やみつきになる！ ストレッチ AVIREX アビレックス Tシャツ メンズ ★REV NEK 6143501 6143502 Vネック クルーネック 半袖 プレゼント ギフト","クルーネック_ネイビー(ロイヤル)_086","Sサイズ","X22","Y11",,"0","1","3","2","立花"
"2026/08/09 17:08:17","WEB画面","8003102","8003102X22Y13","やみつきになる！ ストレッチ AVIREX アビレックス Tシャツ メンズ ★REV NEK 6143501 6143502 Vネック クルーネック 半袖 プレゼント ギフト","クルーネック_ネイビー(ロイヤル)_086","Lサイズ","X22","Y13",,"0","1","3","2","立花"
"2026/08/09 17:08:32","WEB画面","7986618","7986618X11Y11","【お得な2個入り】 LED電球 E26口金 40W形相当 6W 500LM 昼白色 RGB 16色 調光調色 ★REVL 7986618 カラフル マルチカラー リモコン付き 記憶機能 16色選択可 リモート 装飾照明電球 パーティー/リビングルーム/カフェー/舞台 2個入り 送料無料","2個セット","ホワイト","X11","Y11",,"0","3","1","-2","大木 望"
"2026/08/09 17:09:45","受注取込","7988215","7988215X16Y15","【とにかくデカい！】 大きいサイズ キャップ メッシュキャップ 送料無料 大きめ ビッグサイズ BIG SIZE ★REV 7988215 <br> 帽子 ハット キャップ ワークキャップ メンズキャップ 大きいサイズ バケット 大きい帽子 メンズ バケハ メンズ帽子 大きい 頭 メッシュ 全39カラー","FF","5","X16","Y15",,"0","53","52","-1",
"2026/08/09 17:13:25","WEB画面","7987642","7987642X11Y16","【送料無料】ミニ財布 メンズ 本革 レディース 二つ折り 財布 カードケース LTG カード入れ 多い NEK ★REV 7987642 折りたたみ コンパクト 小さい財布 小銭入れ コインスルー お札が折れない スキミング防止 ファスナー コインケース ミニマリスト ラウンドジッパー","ONESIZE","グリーン","X11","Y16",,"0","15","12","-3","大木 望"
"2026/08/09 17:15:15","受注取込","7994812","7994812X13Y33","サファリハット メンズ 釣り 帽子 ハット レディース SUNS(サンズ)  撥水 アウトドア 登山 キャンプ バーベキュー NEK ★REV H-051 H-053 送料無料 大きいサイズあり キッズサイズ 子供 UVカット アドベンチャーハット 父の日 プレゼント ユニセックス 春 夏 夏フェス ギフト","キッズサイズ","GREIGE(H-051)","X13","Y33",,"0","2","0","-2",
"2026/08/09 17:15:15","受注取込","7994812","7994812X11Y33","サファリハット メンズ 釣り 帽子 ハット レディース SUNS(サンズ)  撥水 アウトドア 登山 キャンプ バーベキュー NEK ★REV H-051 H-053 送料無料 大きいサイズあり キッズサイズ 子供 UVカット アドベンチャーハット 父の日 プレゼント ユニセックス 春 夏 夏フェス ギフト","普通サイズ","GREIGE(H-051)","X11","Y33",,"0","47","46","-1",
"2026/08/09 17:16:42","受注取込","7987389","7987389X11Y13","【本革 総革】名刺入れ 名刺ケース 本革 メンズ NEK ★REV 7987389 レディース レザー 本皮 Vintage ヌメ革 プレゼント ギフト 母の日 父の日 送料無料","ONESIZE","ブラック","X11","Y13",,"0","19","18","-1",
"2026/08/09 17:16:45","受注取込","7988215","7988215X12Y11","【とにかくデカい！】 大きいサイズ キャップ メッシュキャップ 送料無料 大きめ ビッグサイズ BIG SIZE ★REV 7988215 <br> 帽子 ハット キャップ ワークキャップ メンズキャップ 大きいサイズ バケット 大きい帽子 メンズ バケハ メンズ帽子 大きい 頭 メッシュ 全39カラー","BB","1","X12","Y11",,"0","37","36","-1",
"2026/08/09 17:20:12","受注取込","7987394","7987394X12Y15","【選べる3種 イルマ アイ 対応 互換性あり おまけ付】イルマ アイ ILUMA i ケース イルマワン イルマプライム ケース テリア ILUMA TEREA アイコスケース IQOS 電子タバコ お掃除 NEK ★REV 7987394 LTG クリーニング クリーナープレゼント ギフト 母の日 父の日 送料無料","イルマPRIME","カーキ","X12","Y15",,"0","2","1","-1",
"2026/08/09 17:22:15","受注取込","7994812","7994812X12Y16","サファリハット メンズ 釣り 帽子 ハット レディース SUNS(サンズ)  撥水 アウトドア 登山 キャンプ バーベキュー NEK ★REV H-051 H-053 送料無料 大きいサイズあり キッズサイズ 子供 UVカット アドベンチャーハット 父の日 プレゼント ユニセックス 春 夏 夏フェス ギフト","大きいサイズ","GRAY(H_051)","X12","Y16",,"0","69","68","-1",
"2026/08/09 17:22:15","受注取込","7994812","7994812X11Y13","サファリハット メンズ 釣り 帽子 ハット レディース SUNS(サンズ)  撥水 アウトドア 登山 キャンプ バーベキュー NEK ★REV H-051 H-053 送料無料 大きいサイズあり キッズサイズ 子供 UVカット アドベンチャーハット 父の日 プレゼント ユニセックス 春 夏 夏フェス ギフト","普通サイズ","NAVY(H_051)","X11","Y13",,"0","66","65","-1",
"2026/08/09 17:30:05","受注取込","7987031","7987031X11Y11","【大人気SUNSより当店限定！】ミニトート バッグ レディース メンズ トートバッグ トート NEK ★REVL 7987031 CRB-001 ミニ 仕切り ポケット ランチバッグ マザーズバッグ 収納 ミリタリー MA-1 シンプル おしゃれ 便利 無地 通勤 通学 ユニセックス ジッパー付き 撥水","ONESIZE","ブラック","X11","Y11",,"0","37","36","-1",
"2026/08/09 17:39:00","受注取込","7992723","7992723X11Y11","お得！ 送料無料 4枚入り 福袋 Dickies ディッキーズ ボクサーパンツ メンズ かわいい NEK ★REV <br> パンツ ボクサーパンツ セット メンズ下着 メンズボクサーパンツ メンズボクサー 大きいサイズ 大きめ 特大 3L 下着 インナー メンズ usa まとめ買い プレゼント ギフト","M","福袋4枚セット","X11","Y11",,"0","137","136","-1",
"2026/08/09 17:45:45","受注取込","7994812","7994812X11Y33","サファリハット メンズ 釣り 帽子 ハット レディース SUNS(サンズ)  撥水 アウトドア 登山 キャンプ バーベキュー NEK ★REV H-051 H-053 送料無料 大きいサイズあり キッズサイズ 子供 UVカット アドベンチャーハット 父の日 プレゼント ユニセックス 春 夏 夏フェス ギフト","普通サイズ","GREIGE(H-051)","X11","Y33",,"0","46","45","-1",
"2026/08/09 17:45:45","受注取込","7994812","7994812X13Y32","サファリハット メンズ 釣り 帽子 ハット レディース SUNS(サンズ)  撥水 アウトドア 登山 キャンプ バーベキュー NEK ★REV H-051 H-053 送料無料 大きいサイズあり キッズサイズ 子供 UVカット アドベンチャーハット 父の日 プレゼント ユニセックス 春 夏 夏フェス ギフト","キッズサイズ","T.BLUE(H_051)","X13","Y32",,"0","32","31","-1",
"2026/08/09 17:52:45","受注取込","7994812","7994812X12Y11","サファリハット メンズ 釣り 帽子 ハット レディース SUNS(サンズ)  撥水 アウトドア 登山 キャンプ バーベキュー NEK ★REV H-051 H-053 送料無料 大きいサイズあり キッズサイズ 子供 UVカット アドベンチャーハット 父の日 プレゼント ユニセックス 春 夏 夏フェス ギフト","大きいサイズ","BK/BLACK(H_051)","X12","Y11",,"0","335","334","-1",
"2026/08/09 17:57:15","受注取込","7987892","7987892X11Y17","【深めのシルエット】メッシュキャップ キャップ 帽子 メンズ レディース 大きいサイズ 普通サイズ ★REV 7987892","普通サイズ","G","X11","Y17",,"0","12","11","-1",
"2026/08/09 17:57:15","受注取込","7994812","7994812X12Y11","サファリハット メンズ 釣り 帽子 ハット レディース SUNS(サンズ)  撥水 アウトドア 登山 キャンプ バーベキュー NEK ★REV H-051 H-053 送料無料 大きいサイズあり キッズサイズ 子供 UVカット アドベンチャーハット 父の日 プレゼント ユニセックス 春 夏 夏フェス ギフト","大きいサイズ","BK/BLACK(H_051)","X12","Y11",,"0","334","333","-1",
"2026/08/09 18:00:24","受注取込","7987084","7987084X12Y18","【くすみカラー 10色展開】深め 大きいサイズ 普通サイズ 帽子 キャップ メンズ レディース ★REV 7987084 Vintage 無地 シンプル おしゃれ 送料無料","大きいサイズ","カーキ","X12","Y18",,"0","34","33","-1",
"2026/08/09 18:00:30","受注取込","7987697","7987697X11Y11","【速攻配達】冷やスマPRO 盛夏用 スマホ熱中症対策 冷却 クーラー ★REV NEK スマートフォン専用常温保冷剤 熱暴走 結露なし スマホ 冷感 冷却 HIYASUMA","ONESIZE","ホワイト","X11","Y11",,"0","414","413","-1",
"2026/08/09 18:01:45","受注取込","7995525","7995525X1Y15","AVIREX 限定モデル キャップ 帽子 父の日 贈り物 プレゼント メンズ ★REV ブラックシリーズ 黒 アビレックス アヴィレックス メッシュキャップ ハンチング ローキャップ バケット ハット ワークキャップ レディース かっこいい yos プレゼント ギフト","ONESIZE","【O】サファリハット_17158400_BIG","X1","Y15",,"0","28","27","-1",
"2026/08/09 18:03:15","受注取込","7994812","7994812X12Y14","サファリハット メンズ 釣り 帽子 ハット レディース SUNS(サンズ)  撥水 アウトドア 登山 キャンプ バーベキュー NEK ★REV H-051 H-053 送料無料 大きいサイズあり キッズサイズ 子供 UVカット アドベンチャーハット 父の日 プレゼント ユニセックス 春 夏 夏フェス ギフト","大きいサイズ","KHAKI(H_051)","X12","Y14",,"0","22","21","-1",
"2026/08/09 18:10:30","受注取込","7987345","7987345X23Y11","【とにかくデカい！】 大きいサイズ キャップ 送料無料 大きめ ビッグサイズ ★REV 7987345 BIG SIZE 帽子 ハット キャップ キャスケット メンズキャップ 大きいサイズ バケット 大きい帽子 メンズ メンズ帽子 大きい 頭 メッシュキャップ","MMM","1","X23","Y11",,"0","15","14","-1",
"2026/08/09 18:10:30","受注取込","7987065","7987065X16Y12","【衝撃に強い】安全靴 スニーカー エアウォーク ミッドカット ハイカット ミドルカット AIR WALK AW-970 AW-980 Y_YU ★REV 7987065 メンズ おしゃれ 耐滑底 樹脂先芯 超軽量 マジックテープ セーフティシューズ 作業靴","28.0cm","AW-980_WHITE","X16","Y12",,"0","74","73","-1",
"2026/08/09 18:17:16","受注取込","7994812","7994812X12Y11","サファリハット メンズ 釣り 帽子 ハット レディース SUNS(サンズ)  撥水 アウトドア 登山 キャンプ バーベキュー NEK ★REV H-051 H-053 送料無料 大きいサイズあり キッズサイズ 子供 UVカット アドベンチャーハット 父の日 プレゼント ユニセックス 春 夏 夏フェス ギフト","大きいサイズ","BK/BLACK(H_051)","X12","Y11",,"0","333","332","-1",
"2026/08/09 18:27:01","受注取込","7987085","7987085X11Y42","【とにかくデカい！】大きいサイズ キャップ 大きめ 深い 深め ビッグサイズ BIG SIZE ★REV 7987085 メンズキャップ帽子 大きい帽子 メンズ帽子 レディース 春 夏 春夏 プレゼント ギフト 母の日 父の日 送料無料","YA","32","X11","Y42",,"0","4","3","-1",
"2026/08/09 18:33:15","受注取込","7997141","7997141X11Y11","特大 スイカ ドーナツ 浮き輪 浮輪 送料無料 プール 大人用 子供用 NEK 7997141 ★REV 120cm 90cm 80cm 70cm 60cm サイズ 大きい 大きめ うきわ ウキワ すいか 海 海水浴 ビックフロート 水上 レジャー かわいい フローティングベッド 西瓜 子供用浮き輪 大人 子供 こども","120cm","スイカ","X11","Y11",,"0","776","775","-1",
"2026/08/09 18:37:15","受注取込","7987345","7987345X16Y11","【とにかくデカい！】 大きいサイズ キャップ 送料無料 大きめ ビッグサイズ ★REV 7987345 BIG SIZE 帽子 ハット キャップ キャスケット メンズキャップ 大きいサイズ バケット 大きい帽子 メンズ メンズ帽子 大きい 頭 メッシュキャップ","FFF","1","X16","Y11",,"0","5","4","-1",
"2026/08/09 18:38:00","受注取込","7994812","7994812X11Y12","サファリハット メンズ 釣り 帽子 ハット レディース SUNS(サンズ)  撥水 アウトドア 登山 キャンプ バーベキュー NEK ★REV H-051 H-053 送料無料 大きいサイズあり キッズサイズ 子供 UVカット アドベンチャーハット 父の日 プレゼント ユニセックス 春 夏 夏フェス ギフト","普通サイズ","BLACK(H_051)","X11","Y12",,"0","40","39","-1",
"2026/08/09 18:40:13","受注取込","7987031","7987031X11Y16","【大人気SUNSより当店限定！】ミニトート バッグ レディース メンズ トートバッグ トート NEK ★REVL 7987031 CRB-001 ミニ 仕切り ポケット ランチバッグ マザーズバッグ 収納 ミリタリー MA-1 シンプル おしゃれ 便利 無地 通勤 通学 ユニセックス ジッパー付き 撥水","ONESIZE","ネイビー","X11","Y16",,"0","48","47","-1",
"2026/08/09 18:42:00","受注取込","7987400","7987400X11Y19","【とにかくデカい！/普通サイズあり！】キャップ メンズ 大きいサイズ 帽子 深め ビッグサイズ ★REVM 7987400 BIG SIZE メンズキャップ帽子 大きめ 大きい帽子 メンズ帽子 レディース 春 夏 春夏 プレゼント ギフト 母の日 父の日 送料無料","大きいサイズ","I-ネイビー","X11","Y19",,"0","18","17","-1",
"2026/08/09 18:47:15","受注取込","7994812","7994812X12Y11","サファリハット メンズ 釣り 帽子 ハット レディース SUNS(サンズ)  撥水 アウトドア 登山 キャンプ バーベキュー NEK ★REV H-051 H-053 送料無料 大きいサイズあり キッズサイズ 子供 UVカット アドベンチャーハット 父の日 プレゼント ユニセックス 春 夏 夏フェス ギフト","大きいサイズ","BK/BLACK(H_051)","X12","Y11",,"0","332","331","-1",
"2026/08/09 18:47:42","WEB画面","7997141","7997141X11Y11","特大 スイカ ドーナツ 浮き輪 浮輪 送料無料 プール 大人用 子供用 NEK 7997141 ★REV 120cm 90cm 80cm 70cm 60cm サイズ 大きい 大きめ うきわ ウキワ すいか 海 海水浴 ビックフロート 水上 レジャー かわいい フローティングベッド 西瓜 子供用浮き輪 大人 子供 こども","120cm","スイカ","X11","Y11",,"0","775","774","-1","庄司 泰久"
"2026/08/09 18:51:00","受注取込","7986572","7986572X11Y48","【新型/IQOS イルマ i ワン用】アイコス イルマiワン ILUMA ケース 保護ケース NEK ★REVL 7986572 iqosイルマワン イルマワンカバー 耐衝撃 おしゃれ iqos iluma one 専用 IQOSイルマワン保護ケース レザー ヒョウ柄 ペイズリー 保護カバー アイコスケース アクセサリー 送料無料","イルマiワン","92","X11","Y48",,"0","22","21","-1",
"2026/08/09 18:51:00","受注取込","7986572","7986572X11Y12","【新型/IQOS イルマ i ワン用】アイコス イルマiワン ILUMA ケース 保護ケース NEK ★REVL 7986572 iqosイルマワン イルマワンカバー 耐衝撃 おしゃれ iqos iluma one 専用 IQOSイルマワン保護ケース レザー ヒョウ柄 ペイズリー 保護カバー アイコスケース アクセサリー 送料無料","イルマiワン","56","X11","Y12",,"0","13","12","-1",
"2026/08/09 18:51:00","受注取込","7987400","7987400X11Y20","【とにかくデカい！/普通サイズあり！】キャップ メンズ 大きいサイズ 帽子 深め ビッグサイズ ★REVM 7987400 BIG SIZE メンズキャップ帽子 大きめ 大きい帽子 メンズ帽子 レディース 春 夏 春夏 プレゼント ギフト 母の日 父の日 送料無料","大きいサイズ","J-グレー","X11","Y20",,"0","36","35","-1",
"2026/08/09 18:51:00","受注取込","7994812","7994812X11Y25","サファリハット メンズ 釣り 帽子 ハット レディース SUNS(サンズ)  撥水 アウトドア 登山 キャンプ バーベキュー NEK ★REV H-051 H-053 送料無料 大きいサイズあり キッズサイズ 子供 UVカット アドベンチャーハット 父の日 プレゼント ユニセックス 春 夏 夏フェス ギフト","普通サイズ","BROWN(H_051)","X11","Y25",,"0","24","23","-1",
"2026/08/09 18:51:00","受注取込","7994812","7994812X11Y12","サファリハット メンズ 釣り 帽子 ハット レディース SUNS(サンズ)  撥水 アウトドア 登山 キャンプ バーベキュー NEK ★REV H-051 H-053 送料無料 大きいサイズあり キッズサイズ 子供 UVカット アドベンチャーハット 父の日 プレゼント ユニセックス 春 夏 夏フェス ギフト","普通サイズ","BLACK(H_051)","X11","Y12",,"0","39","38","-1",
"2026/08/09 18:54:16","受注取込","7997141","7997141X16Y17","特大 スイカ ドーナツ 浮き輪 浮輪 送料無料 プール 大人用 子供用 NEK 7997141 ★REV 120cm 90cm 80cm 70cm 60cm サイズ 大きい 大きめ うきわ ウキワ すいか 海 海水浴 ビックフロート 水上 レジャー かわいい フローティングベッド 西瓜 子供用浮き輪 大人 子供 こども","ONESIZE","ブルーストライプ","X16","Y17",,"0","49","48","-1",
"2026/08/09 18:57:12","WEB画面","7994812","7994812X13Y33","サファリハット メンズ 釣り 帽子 ハット レディース SUNS(サンズ)  撥水 アウトドア 登山 キャンプ バーベキュー NEK ★REV H-051 H-053 送料無料 大きいサイズあり キッズサイズ 子供 UVカット アドベンチャーハット 父の日 プレゼント ユニセックス 春 夏 夏フェス ギフト","キッズサイズ","GREIGE(H-051)","X13","Y33",,"0","0","2","2","村垣 文香"
"2026/08/09 19:01:00","受注取込","7994812","7994812X13Y32","サファリハット メンズ 釣り 帽子 ハット レディース SUNS(サンズ)  撥水 アウトドア 登山 キャンプ バーベキュー NEK ★REV H-051 H-053 送料無料 大きいサイズあり キッズサイズ 子供 UVカット アドベンチャーハット 父の日 プレゼント ユニセックス 春 夏 夏フェス ギフト","キッズサイズ","T.BLUE(H_051)","X13","Y32",,"0","31","30","-1",
"2026/08/09 19:08:30","受注取込","7987400","7987400X11Y26","【とにかくデカい！/普通サイズあり！】キャップ メンズ 大きいサイズ 帽子 深め ビッグサイズ ★REVM 7987400 BIG SIZE メンズキャップ帽子 大きめ 大きい帽子 メンズ帽子 レディース 春 夏 春夏 プレゼント ギフト 母の日 父の日 送料無料","大きいサイズ","P-ブラック","X11","Y26",,"0","37","36","-1",
"2026/08/09 19:08:30","受注取込","7987400","7987400X11Y11","【とにかくデカい！/普通サイズあり！】キャップ メンズ 大きいサイズ 帽子 深め ビッグサイズ ★REVM 7987400 BIG SIZE メンズキャップ帽子 大きめ 大きい帽子 メンズ帽子 レディース 春 夏 春夏 プレゼント ギフト 母の日 父の日 送料無料","大きいサイズ","A-ブラック","X11","Y11",,"0","99","98","-1",
"2026/08/09 19:11:30","受注取込","7986716","7986716X11Y11","【紫外線でプロ級チェック】アニサキスライト UV 紫外線ライト ブラックライト NEK ★REVL 7986716 365nm 充電式 TYPE-C充電  USB 光学レンズ アニサキス検出 生活 食事 釣り 掃除 コンパクト 送料無料","1本","ブラック(TYPE-C)","X11","Y11",,"0","75","74","-1",
"2026/08/09 19:26:15","受注取込","7987400","7987400X11Y11","【とにかくデカい！/普通サイズあり！】キャップ メンズ 大きいサイズ 帽子 深め ビッグサイズ ★REVM 7987400 BIG SIZE メンズキャップ帽子 大きめ 大きい帽子 メンズ帽子 レディース 春 夏 春夏 プレゼント ギフト 母の日 父の日 送料無料","大きいサイズ","A-ブラック","X11","Y11",,"0","98","97","-1",
"2026/08/09 19:30:35","受注取込","7986572","7986572X11Y19","【新型/IQOS イルマ i ワン用】アイコス イルマiワン ILUMA ケース 保護ケース NEK ★REVL 7986572 iqosイルマワン イルマワンカバー 耐衝撃 おしゃれ iqos iluma one 専用 IQOSイルマワン保護ケース レザー ヒョウ柄 ペイズリー 保護カバー アイコスケース アクセサリー 送料無料","イルマiワン","63","X11","Y19",,"0","1","0","-1",
"2026/08/09 19:30:35","受注取込","7987093","7987093X11Y13","【新型iphone/IQOS対応】急速5A 3股 Type-C 充電ケーブル スマホケーブル 1.2m 2m 3m typec NEK ★REVL 7987093 新型iphone IQOS対応 USB A→Type-C×3 充電ケーブル 3in1 急速 送料無料","1.2m","ブラック_TypeC/TypeC×3","X11","Y13",,"0","26","25","-1",
"2026/08/09 19:42:15","受注取込","7994812","7994812X11Y11","サファリハット メンズ 釣り 帽子 ハット レディース SUNS(サンズ)  撥水 アウトドア 登山 キャンプ バーベキュー NEK ★REV H-051 H-053 送料無料 大きいサイズあり キッズサイズ 子供 UVカット アドベンチャーハット 父の日 プレゼント ユニセックス 春 夏 夏フェス ギフト","普通サイズ","BK/BLACK(H_051)","X11","Y11",,"0","3","2","-1",
"2026/08/09 19:42:30","受注取込","8003112","8003112X13Y13","AVIREX アビレックス タンクトップ メンズ 無地 アヴィレックス メンズアメカジトップス ★REV NEK 6143503 全10色 プレゼント ギフト","L","グレー(14)","X13","Y13",,"0","3","2","-1",
"2026/08/09 19:52:02","受注取込","7998635","7998635X2Y1","本革 レザー 中折れハット 大きいサイズあり 帽子 メンズ 7998635 プレゼント ギフト","BIGサイズ","ブラック","X2","Y1",,"0","4","3","-1",
"2026/08/09 20:02:01","受注取込","7994812","7994812X12Y11","サファリハット メンズ 釣り 帽子 ハット レディース SUNS(サンズ)  撥水 アウトドア 登山 キャンプ バーベキュー NEK ★REV H-051 H-053 送料無料 大きいサイズあり キッズサイズ 子供 UVカット アドベンチャーハット 父の日 プレゼント ユニセックス 春 夏 夏フェス ギフト","大きいサイズ","BK/BLACK(H_051)","X12","Y11",,"0","331","330","-1",
"2026/08/09 20:06:45","受注取込","7997141","7997141X11Y11","特大 スイカ ドーナツ 浮き輪 浮輪 送料無料 プール 大人用 子供用 NEK 7997141 ★REV 120cm 90cm 80cm 70cm 60cm サイズ 大きい 大きめ うきわ ウキワ すいか 海 海水浴 ビックフロート 水上 レジャー かわいい フローティングベッド 西瓜 子供用浮き輪 大人 子供 こども","120cm","スイカ","X11","Y11",,"0","774","773","-1",
"2026/08/09 20:08:23","受注取込","7992099","7992099X11Y15","アンクレット メンズ レディース 手作り 送料無料 つけっぱなし お守り アンク アクセサリー シルバー ターコイズ NEK ALI ★REV 7992099 190813 プレゼント ギフト","ONESIZE","ハート","X11","Y15",,"0","17","16","-1",
"2026/08/09 20:08:23","受注取込","7992099","7992099X11Y17","アンクレット メンズ レディース 手作り 送料無料 つけっぱなし お守り アンク アクセサリー シルバー ターコイズ NEK ALI ★REV 7992099 190813 プレゼント ギフト","ONESIZE","波","X11","Y17",,"0","32","31","-1",
"2026/08/09 20:09:45","受注取込","7995525","7995525X1Y15","AVIREX 限定モデル キャップ 帽子 父の日 贈り物 プレゼント メンズ ★REV ブラックシリーズ 黒 アビレックス アヴィレックス メッシュキャップ ハンチング ローキャップ バケット ハット ワークキャップ レディース かっこいい yos プレゼント ギフト","ONESIZE","【O】サファリハット_17158400_BIG","X1","Y15",,"0","27","26","-1",
"2026/08/09 20:10:06","受注取込","7986794","7986794X11Y14","【新作/NEW/11種】AVIREX キャップ 帽子 メッシュキャップ ★REV 7986794 アビレックス アヴィレックス トップガン トムキャット スカジャン 刺繍 ブランド 80973900 80974700 80974900 送料無料","ONESIZE","【D】TOMCAT_80973900-85_GY","X11","Y14",,"0","1","0","-1",
"2026/08/09 20:14:15","受注取込","7994812","7994812X11Y13","サファリハット メンズ 釣り 帽子 ハット レディース SUNS(サンズ)  撥水 アウトドア 登山 キャンプ バーベキュー NEK ★REV H-051 H-053 送料無料 大きいサイズあり キッズサイズ 子供 UVカット アドベンチャーハット 父の日 プレゼント ユニセックス 春 夏 夏フェス ギフト","普通サイズ","NAVY(H_051)","X11","Y13",,"0","65","64","-1",
"2026/08/09 20:20:47","受注取込","7987678","7987678X12Y14","【洗濯可能】トレーニンググローブ 手袋 筋トレ 筋トレグローブ メンズ レディース 指無し NEK ★REV 7987678 ウェイトリフティング 防滑 クッション性 伸びる 洗濯OK バーベル サイクリング ヨガ グリップ","M","B-ブラック","X12","Y14",,"0","27","26","-1",
"2026/08/09 20:26:15","受注取込","7987400","7987400X11Y11","【とにかくデカい！/普通サイズあり！】キャップ メンズ 大きいサイズ 帽子 深め ビッグサイズ ★REVM 7987400 BIG SIZE メンズキャップ帽子 大きめ 大きい帽子 メンズ帽子 レディース 春 夏 春夏 プレゼント ギフト 母の日 父の日 送料無料","大きいサイズ","A-ブラック","X11","Y11",,"0","97","96","-1",
"2026/08/09 20:28:30","受注取込","7994812","7994812X12Y11","サファリハット メンズ 釣り 帽子 ハット レディース SUNS(サンズ)  撥水 アウトドア 登山 キャンプ バーベキュー NEK ★REV H-051 H-053 送料無料 大きいサイズあり キッズサイズ 子供 UVカット アドベンチャーハット 父の日 プレゼント ユニセックス 春 夏 夏フェス ギフト","大きいサイズ","BK/BLACK(H_051)","X12","Y11",,"0","330","329","-1",
"2026/08/09 20:33:15","受注取込","7988044","7988044X11Y15","ショルダーバッグ メンズ ワンショルダー 斜め掛け ★REV 7988044 おしゃれバッグ Vintage 斜めがけ メンズボディバック かっこいい ボディバッグ レザー ワンショルダーバッグ カバン 鞄 かばん レザー調 メンズバッグ 斜めがけ メンズショルダーバック 散歩 送料無料","ONESIZE","E_ブラウン","X11","Y15",,"0","20","19","-1",
"2026/08/09 20:36:15","受注取込","7988215","7988215X16Y15","【とにかくデカい！】 大きいサイズ キャップ メッシュキャップ 送料無料 大きめ ビッグサイズ BIG SIZE ★REV 7988215 <br> 帽子 ハット キャップ ワークキャップ メンズキャップ 大きいサイズ バケット 大きい帽子 メンズ バケハ メンズ帽子 大きい 頭 メッシュ 全39カラー","FF","5","X16","Y15",,"0","52","51","-1",
"2026/08/09 20:37:05","受注取込","7987802","7987802X12Y11","健康サンダル 足つぼ スリッパ 健康 サンダル 健康スリッパ 天然石 パワーストーン レディース メンズ オフィス ★REV 7987802 リラックス ストーン 足裏 足うら 刺激 ツボ押し つぼ押し 超強力 マッサージ 室内 屋外 野外 リフレクソロジー 足ツボサンダル 石 岩 送料無料","37-38(23.5～24.0cm)","ブラック","X12","Y11",,"0","2","1","-1",
"2026/08/09 20:37:30","受注取込","7988332","7988332X11Y15","【ワンちゃん格上げ！】 ドッグウェア 犬服 アディドッグ adidog ★REVG new dogs ペット服 小型犬 ノースリーブ NEK 7988332 犬の服 タンクトップ 犬洋服 犬用服 ペット 犬 服 犬用 かっこいい かわいい サロペット ロンパース オーバーオール 男の子 女の子","XS","adidog(ダークグリーン)","X11","Y15",,"0","12","11","-1",
"2026/08/09 20:37:30","受注取込","7988332","7988332X11Y16","【ワンちゃん格上げ！】 ドッグウェア 犬服 アディドッグ adidog ★REVG new dogs ペット服 小型犬 ノースリーブ NEK 7988332 犬の服 タンクトップ 犬洋服 犬用服 ペット 犬 服 犬用 かっこいい かわいい サロペット ロンパース オーバーオール 男の子 女の子","XS","adidog(ゴールド×ブラック)","X11","Y16",,"0","9","8","-1",
"2026/08/09 20:37:30","受注取込","7986747","7986747X11Y11","【日焼けシェード付き】サファリハット シェード メンズ 釣り 帽子 ハット レディース SUNS(サンズ) 撥水 アウトドア 登山 キャンプ バーベキュー NEK ★REVL H-051 送料無料 大きいサイズあり キッズサイズ 子供 UVカット アドベンチャーハット 父の日 プレゼント ユニセックス 春 夏 夏フェス ギフト","普通サイズ","SHADE_BK/BLACK(H_051)","X11","Y11",,"0","72","71","-1",
"2026/08/09 20:37:33","受注取込","7987802","7987802X12Y11","健康サンダル 足つぼ スリッパ 健康 サンダル 健康スリッパ 天然石 パワーストーン レディース メンズ オフィス ★REV 7987802 リラックス ストーン 足裏 足うら 刺激 ツボ押し つぼ押し 超強力 マッサージ 室内 屋外 野外 リフレクソロジー 足ツボサンダル 石 岩 送料無料","37-38(23.5～24.0cm)","ブラック","X12","Y11",,"0","1","0","-1",
"2026/08/09 20:39:30","受注取込","7986516","7986516X11Y11","【当店限定モデル/深め】 AVIREX キャップ メンズ レディース 深め 刺繍 シンプル 81747500 ★REVL 7986516 ブランド コットン100％ サイズ調整可能 ブラック グレージュ 送料無料","ONESIZE","ブラック","X11","Y11",,"0","38","37","-1",
"2026/08/09 20:40:31","受注取込","7994812","7994812X12Y27","サファリハット メンズ 釣り 帽子 ハット レディース SUNS(サンズ)  撥水 アウトドア 登山 キャンプ バーベキュー NEK ★REV H-051 H-053 送料無料 大きいサイズあり キッズサイズ 子供 UVカット アドベンチャーハット 父の日 プレゼント ユニセックス 春 夏 夏フェス ギフト","大きいサイズ","CAMO(H_051)","X12","Y27",,"0","93","92","-1",
"2026/08/09 20:41:45","受注取込","7994812","7994812X13Y27","サファリハット メンズ 釣り 帽子 ハット レディース SUNS(サンズ)  撥水 アウトドア 登山 キャンプ バーベキュー NEK ★REV H-051 H-053 送料無料 大きいサイズあり キッズサイズ 子供 UVカット アドベンチャーハット 父の日 プレゼント ユニセックス 春 夏 夏フェス ギフト","キッズサイズ","CAMO(H_051)","X13","Y27",,"0","16","15","-1",
"2026/08/09 20:41:45","受注取込","7994812","7994812X11Y13","サファリハット メンズ 釣り 帽子 ハット レディース SUNS(サンズ)  撥水 アウトドア 登山 キャンプ バーベキュー NEK ★REV H-051 H-053 送料無料 大きいサイズあり キッズサイズ 子供 UVカット アドベンチャーハット 父の日 プレゼント ユニセックス 春 夏 夏フェス ギフト","普通サイズ","NAVY(H_051)","X11","Y13",,"0","64","63","-1",
"2026/08/09 20:45:22","受注取込","7987345","7987345X17Y14","【とにかくデカい！】 大きいサイズ キャップ 送料無料 大きめ ビッグサイズ ★REV 7987345 BIG SIZE 帽子 ハット キャップ キャスケット メンズキャップ 大きいサイズ バケット 大きい帽子 メンズ メンズ帽子 大きい 頭 メッシュキャップ","GGG","4","X17","Y14",,"0","3","2","-1",
"2026/08/09 20:47:21","受注取込","7986651","7986651X11Y11","【銅×グラフェンの力で、スマホを瞬冷！】スマホ熱中症対策 冷却 クーラー NEK ★REVL 7986651 スマートフォン 保冷 結露なし スマホ 冷感 冷却 iphone アクセサリー 送料無料","ONESIZE","ブラック","X11","Y11",,"0","43","42","-1",
"2026/08/09 20:49:45","受注取込","7988215","7988215X30Y14","【とにかくデカい！】 大きいサイズ キャップ メッシュキャップ 送料無料 大きめ ビッグサイズ BIG SIZE ★REV 7988215 <br> 帽子 ハット キャップ ワークキャップ メンズキャップ 大きいサイズ バケット 大きい帽子 メンズ バケハ メンズ帽子 大きい 頭 メッシュ 全39カラー","TT","4","X30","Y14",,"0","6","5","-1",
"2026/08/09 20:51:15","受注取込","7987678","7987678X14Y11","【洗濯可能】トレーニンググローブ 手袋 筋トレ 筋トレグローブ メンズ レディース 指無し NEK ★REV 7987678 ウェイトリフティング 防滑 クッション性 伸びる 洗濯OK バーベル サイクリング ヨガ グリップ","XL","A-ブラック","X14","Y11",,"0","5","4","-1",
"2026/08/09 20:58:15","受注取込","7992723","7992723X13Y11","お得！ 送料無料 4枚入り 福袋 Dickies ディッキーズ ボクサーパンツ メンズ かわいい NEK ★REV <br> パンツ ボクサーパンツ セット メンズ下着 メンズボクサーパンツ メンズボクサー 大きいサイズ 大きめ 特大 3L 下着 インナー メンズ usa まとめ買い プレゼント ギフト","LL","福袋4枚セット","X13","Y11",,"0","19","18","-1",
"2026/08/09 20:59:45","受注取込","7987400","7987400X11Y18","【とにかくデカい！/普通サイズあり！】キャップ メンズ 大きいサイズ 帽子 深め ビッグサイズ ★REVM 7987400 BIG SIZE メンズキャップ帽子 大きめ 大きい帽子 メンズ帽子 レディース 春 夏 春夏 プレゼント ギフト 母の日 父の日 送料無料","大きいサイズ","H-オリーブ","X11","Y18",,"0","5","4","-1",
"2026/08/09 20:59:45","受注取込","7986572","7986572X11Y22","【新型/IQOS イルマ i ワン用】アイコス イルマiワン ILUMA ケース 保護ケース NEK ★REVL 7986572 iqosイルマワン イルマワンカバー 耐衝撃 おしゃれ iqos iluma one 専用 IQOSイルマワン保護ケース レザー ヒョウ柄 ペイズリー 保護カバー アイコスケース アクセサリー 送料無料","イルマiワン","66","X11","Y22",,"0","5","4","-1",
"2026/08/09 21:02:30","受注取込","7994812","7994812X12Y11","サファリハット メンズ 釣り 帽子 ハット レディース SUNS(サンズ)  撥水 アウトドア 登山 キャンプ バーベキュー NEK ★REV H-051 H-053 送料無料 大きいサイズあり キッズサイズ 子供 UVカット アドベンチャーハット 父の日 プレゼント ユニセックス 春 夏 夏フェス ギフト","大きいサイズ","BK/BLACK(H_051)","X12","Y11",,"0","329","328","-1",
"2026/08/09 21:10:25","受注取込","8003020","8003020X1Y1","栃木レザー 本革ベルト フルベジタブルタンニング 牛革 日本製 シンプル ★REVL 8003020 TDBT-1002 メンズ レディース ユニセックス 厚手 カジュアル スタッズ留め","Brown(BR)","Onesize","X1","Y1",,"0","1","0","-1",
"2026/08/09 21:11:30","受注取込","7994812","7994812X11Y11","サファリハット メンズ 釣り 帽子 ハット レディース SUNS(サンズ)  撥水 アウトドア 登山 キャンプ バーベキュー NEK ★REV H-051 H-053 送料無料 大きいサイズあり キッズサイズ 子供 UVカット アドベンチャーハット 父の日 プレゼント ユニセックス 春 夏 夏フェス ギフト","普通サイズ","BK/BLACK(H_051)","X11","Y11",,"0","2","1","-1",
"2026/08/09 21:18:01","受注取込","7987083","7987083X12Y12","LOGOS サファリハット メンズ レディース LS3Q600Q NEK ★REV 7987083 パッチワーク アドベンチャーハット サファリハット 帽子 アウトドア 超軽量 バケットハット ヒモつき キャンプ お洒落 ブランド","大きいサイズ","マルチB-ネイビー","X12","Y12",,"0","2","1","-1",
"2026/08/09 21:19:45","受注取込","7995525","7995525X1Y15","AVIREX 限定モデル キャップ 帽子 父の日 贈り物 プレゼント メンズ ★REV ブラックシリーズ 黒 アビレックス アヴィレックス メッシュキャップ ハンチング ローキャップ バケット ハット ワークキャップ レディース かっこいい yos プレゼント ギフト","ONESIZE","【O】サファリハット_17158400_BIG","X1","Y15",,"0","26","25","-1",
"2026/08/09 21:21:31","受注取込","7994812","7994812X12Y11","サファリハット メンズ 釣り 帽子 ハット レディース SUNS(サンズ)  撥水 アウトドア 登山 キャンプ バーベキュー NEK ★REV H-051 H-053 送料無料 大きいサイズあり キッズサイズ 子供 UVカット アドベンチャーハット 父の日 プレゼント ユニセックス 春 夏 夏フェス ギフト","大きいサイズ","BK/BLACK(H_051)","X12","Y11",,"0","328","327","-1",
"2026/08/09 21:23:01","受注取込","7994812","7994812X11Y11","サファリハット メンズ 釣り 帽子 ハット レディース SUNS(サンズ)  撥水 アウトドア 登山 キャンプ バーベキュー NEK ★REV H-051 H-053 送料無料 大きいサイズあり キッズサイズ 子供 UVカット アドベンチャーハット 父の日 プレゼント ユニセックス 春 夏 夏フェス ギフト","普通サイズ","BK/BLACK(H_051)","X11","Y11",,"0","1","0","-1",
"2026/08/09 21:24:31","受注取込","7987074","7987074X12Y16","【くすみカラー 超軽量】サファリハット バケットハット メンズ レディース 普通サイズ 大きいサイズ アドベンチャーハット NEK ★REV 7987074 撥水 速乾 軽量 折り畳める UV カット アウトドア キャンプ 登山 ウォーキング 散歩 日焼け防止 紫外線防止 送料無料","大きいサイズ","オリーブ","X12","Y16",,"0","3","2","-1",
"2026/08/09 21:24:31","受注取込","7987073","7987073X12Y13","【くすみカラー 超軽量】バケットハット サファリハット メンズ レディース 普通サイズ 大きいサイズ NEK ★REV 7987073 アドベンチャーハット 撥水 速乾 軽量 折り畳める UV カット アウトドア キャンプ 登山 ウォーキング 散歩 日焼け防止 紫外線防止 送料無料","大きいサイズ","ブラック","X12","Y13",,"0","3","2","-1",
"2026/08/09 21:25:15","受注取込","9009978","9009978X15Y2","帽子 メンズ AVIREX アビレックス 送料無料 キャップ 父の日 プレゼント 贈り物 ニットキャップ メッシュキャップ 大きいサイズ レディース ディッキーズ ローキャップ ワークキャップ ハット ハンチング おしゃれ ロゴ 刺繍 プリント アメカジ HYPE 通販 yos ギフト","O","-2","X15","Y2",,"0","17","16","-1",
"2026/08/09 21:30:45","受注取込","7994812","7994812X11Y11","サファリハット メンズ 釣り 帽子 ハット レディース SUNS(サンズ)  撥水 アウトドア 登山 キャンプ バーベキュー NEK ★REV H-051 H-053 送料無料 大きいサイズあり キッズサイズ 子供 UVカット アドベンチャーハット 父の日 プレゼント ユニセックス 春 夏 夏フェス ギフト","普通サイズ","BK/BLACK(H_051)","X11","Y11",,"0","0","-1","-1",
"2026/08/09 21:32:14","受注取込","7986516","7986516X11Y11","【当店限定モデル/深め】 AVIREX キャップ メンズ レディース 深め 刺繍 シンプル 81747500 ★REVL 7986516 ブランド コットン100％ サイズ調整可能 ブラック グレージュ 送料無料","ONESIZE","ブラック","X11","Y11",,"0","37","36","-1",
"2026/08/09 21:32:40","受注取込","7986693","7986693X11Y15","【健康な髪は地肌から】 シャンプーブラシ シャワーブラシ スカルプブラシ ★REV 7986693 レディース メンズ 頭皮マッサージブラシ  ヘッドスパブラシ お風呂 洗浄 ドライ＆ウェット両用 頭皮ケア 毛穴スッキリ 櫛 送料無料","ONESIZE","グレー","X11","Y15",,"0","24","23","-1",
"2026/08/09 21:36:30","受注取込","7987070","7987070X11Y11","【お得な2枚組】X-LARGE XLARGE エクストララージ ボクサーパンツ メンズ アンダーウェア 下着 NEK ★REVL 7987070 かっこいい ツルツル おすすめ 人気 カモフラ タイダイ 炎 迷彩 カモ柄 ブランド 男性 紳士 プレゼント プチギフト 父の日 誕生日 彼氏 父 息子 ギフト 記念日 大きいサイズ 福袋 送料無料","M","2枚組","X11","Y11",,"0","33","32","-1",
"2026/08/09 21:40:17","受注取込","7987137","7987137X11Y28","【最安値に挑戦 日本製】GEVAERT ゲバルト ベルト YKK社製 軽量バックル使用 35mm幅 NEK ★REV 7987137 ゴムベルト GVT-1062 1063 1064 1011 1048 無地 カモフラ柄 ベルギー生地使用 日本製 メンズ レディース カジュアル 入学 卒業 通勤 通学 送料無料","ONESIZE","R","X11","Y28",,"0","3","2","-1",
"2026/08/09 21:40:26","受注取込","7986531","7986531X11Y25","【新型/IQOS イルマ i ワン用】アイコス イルマiワン ILUMA ケース 保護ケース NEK ★REVL 7986531 iqosイルマワン イルマワンカバー 耐衝撃 おしゃれ iqos iluma one 専用 IQOSイルマワン保護ケース レザー ヒョウ柄 ペイズリー 保護カバー アイコスケース アクセサリー 送料無料","ONESIZE","108","X11","Y25",,"0","6","5","-1",
"2026/08/09 21:40:26","受注取込","7986531","7986531X11Y31","【新型/IQOS イルマ i ワン用】アイコス イルマiワン ILUMA ケース 保護ケース NEK ★REVL 7986531 iqosイルマワン イルマワンカバー 耐衝撃 おしゃれ iqos iluma one 専用 IQOSイルマワン保護ケース レザー ヒョウ柄 ペイズリー 保護カバー アイコスケース アクセサリー 送料無料","ONESIZE","114","X11","Y31",,"0","8","7","-1",
"2026/08/09 21:40:26","受注取込","7994812","7994812X12Y14","サファリハット メンズ 釣り 帽子 ハット レディース SUNS(サンズ)  撥水 アウトドア 登山 キャンプ バーベキュー NEK ★REV H-051 H-053 送料無料 大きいサイズあり キッズサイズ 子供 UVカット アドベンチャーハット 父の日 プレゼント ユニセックス 春 夏 夏フェス ギフト","大きいサイズ","KHAKI(H_051)","X12","Y14",,"0","21","20","-1",
"2026/08/09 21:46:31","受注取込","7986709","7986709X11Y11","【大人の整理術】インテリアトレイ インテリアトレー  アクセサリー PUレザーNEK ★REVL 7986709 編み込みトレイ おしゃれ 小物入れ インテリア雑貨 収納 文具トレイ ビジネス小物 インテリア映え プレゼント ギフト 母の日 父の日 バレンタイン 送料無料","ONESIZE","ブラック","X11","Y11",,"0","10","9","-1",
"2026/08/09 21:46:45","受注取込","7990413","7990413X11Y13","【超おしゃれ】マスク スカーフマスク 送料無料 感染対策 女性 レディース スカーフ マスクスカーフ 花柄 おしゃれ エレガント 防塵 花粉 UVカット 洗える NEK 7990413","ONESIZE","C","X11","Y13",,"0","1","0","-1",
"2026/08/09 21:46:45","受注取込","7990413","7990413X11Y21","【超おしゃれ】マスク スカーフマスク 送料無料 感染対策 女性 レディース スカーフ マスクスカーフ 花柄 おしゃれ エレガント 防塵 花粉 UVカット 洗える NEK 7990413","ONESIZE","K","X11","Y21",,"0","23","22","-1",
"2026/08/09 21:48:01","受注取込","7986706","7986706X12Y11","【特大！すっぽりかぶって、小顔見せ】バケットハット チューリップハット 帽子 NEK ★REVL 7986706 メンズ レディース 大きいサイズ 普通サイズ  デニム素材 コットン100％ おしゃれ フリンジ 送料無料","大きいサイズ","ブラック","X12","Y11",,"0","129","128","-1",
"2026/08/09 21:50:04","受注取込","7986622","7986622X11Y11","【ゆるダボニット帽/15種】ニットキャップ ニット帽 帽子 ワッチキャップ ビーニー NEK ★REVL 7986622 レディース メンズ Vintage おしゃれ 韓国女子 小顔効果 送料無料","ONESIZE","A","X11","Y11",,"0","14","13","-1",
"2026/08/09 21:50:45","受注取込","7987140","7987140X11Y12","【COOLにマナーを】携帯灰皿 カラビナ付き 吸い殻入れ 金属製 フタ付き 小型 軽量 NEK ★REVL 7987140 喫煙グッズ アッシュトレイ 持ち運び便利 男性 メンズ レディース 送料無料","ONESIZE","B.シルバー","X11","Y12",,"0","16","15","-1",
"2026/08/09 21:55:45","受注取込","7986651","7986651X11Y11","【銅×グラフェンの力で、スマホを瞬冷！】スマホ熱中症対策 冷却 クーラー NEK ★REVL 7986651 スマートフォン 保冷 結露なし スマホ 冷感 冷却 iphone アクセサリー 送料無料","ONESIZE","ブラック","X11","Y11",,"0","42","41","-1",
"2026/08/09 21:58:15","受注取込","7997141","7997141X11Y11","特大 スイカ ドーナツ 浮き輪 浮輪 送料無料 プール 大人用 子供用 NEK 7997141 ★REV 120cm 90cm 80cm 70cm 60cm サイズ 大きい 大きめ うきわ ウキワ すいか 海 海水浴 ビックフロート 水上 レジャー かわいい フローティングベッド 西瓜 子供用浮き輪 大人 子供 こども","120cm","スイカ","X11","Y11",,"0","773","772","-1",
"2026/08/09 22:00:31","受注取込","7987515","7987515X12Y16","【選べる6柄×3サイズ】ネックレス チェーン メンズ レディース NEK ★REV 7987515 サージカルステンレス316L 50cm 60cm 70cm シンプル おしゃれ プレゼント プチギフト バレンタイン クリスマス 送料無料","60cm","F","X12","Y16",,"0","22","21","-1",
"2026/08/09 22:03:45","受注取込","7994812","7994812X12Y14","サファリハット メンズ 釣り 帽子 ハット レディース SUNS(サンズ)  撥水 アウトドア 登山 キャンプ バーベキュー NEK ★REV H-051 H-053 送料無料 大きいサイズあり キッズサイズ 子供 UVカット アドベンチャーハット 父の日 プレゼント ユニセックス 春 夏 夏フェス ギフト","大きいサイズ","KHAKI(H_051)","X12","Y14",,"0","20","19","-1",
"2026/08/09 22:03:45","受注取込","7987345","7987345X11Y12","【とにかくデカい！】 大きいサイズ キャップ 送料無料 大きめ ビッグサイズ ★REV 7987345 BIG SIZE 帽子 ハット キャップ キャスケット メンズキャップ 大きいサイズ バケット 大きい帽子 メンズ メンズ帽子 大きい 頭 メッシュキャップ","AAA","2","X11","Y12",,"0","7","6","-1",
"2026/08/09 22:08:45","受注取込","7988125","7988125X11Y12","【カーボンスタイル 大きいサイズ】メッシュキャップ キャップ 帽子 ★REV 7988125 大きいサイズ 大きめ ビッグサイズ BIGサイズ シンプル 無地 カーボン調 プレゼント ギフト 送料無料","ONESIZE","カーキ","X11","Y12",,"0","5","4","-1",
"2026/08/09 22:10:20","受注取込","7986502","7986502X11Y12","【小顔見え】麦わらハット 帽子 レディース 麦わら帽子 ストローハット ペーパー ★REVO 7986502 春夏 大きめ 遮光 夏 バケットハット 麦わら つば広 UV UPF50+ リボン 紫外線 日よけ 海 ビーチ 水着コーデ 大きい 旅行 あご紐 折りたため リボンハット 送料無料","ONESIZE","ベージュ","X11","Y12",,"0","14","13","-1",
"2026/08/09 22:10:20","受注取込","7994812","7994812X12Y13","サファリハット メンズ 釣り 帽子 ハット レディース SUNS(サンズ)  撥水 アウトドア 登山 キャンプ バーベキュー NEK ★REV H-051 H-053 送料無料 大きいサイズあり キッズサイズ 子供 UVカット アドベンチャーハット 父の日 プレゼント ユニセックス 春 夏 夏フェス ギフト","大きいサイズ","NAVY(H_051)","X12","Y13",,"0","16","15","-1",
"2026/08/09 22:10:40","受注取込","7987070","7987070X12Y11","【お得な2枚組】X-LARGE XLARGE エクストララージ ボクサーパンツ メンズ アンダーウェア 下着 NEK ★REVL 7987070 かっこいい ツルツル おすすめ 人気 カモフラ タイダイ 炎 迷彩 カモ柄 ブランド 男性 紳士 プレゼント プチギフト 父の日 誕生日 彼氏 父 息子 ギフト 記念日 大きいサイズ 福袋 送料無料","L","2枚組","X12","Y11",,"0","30","29","-1",
"2026/08/09 22:11:00","受注取込","7994812","7994812X12Y27","サファリハット メンズ 釣り 帽子 ハット レディース SUNS(サンズ)  撥水 アウトドア 登山 キャンプ バーベキュー NEK ★REV H-051 H-053 送料無料 大きいサイズあり キッズサイズ 子供 UVカット アドベンチャーハット 父の日 プレゼント ユニセックス 春 夏 夏フェス ギフト","大きいサイズ","CAMO(H_051)","X12","Y27",,"0","92","91","-1",
"2026/08/09 22:13:01","受注取込","7986747","7986747X11Y11","【日焼けシェード付き】サファリハット シェード メンズ 釣り 帽子 ハット レディース SUNS(サンズ) 撥水 アウトドア 登山 キャンプ バーベキュー NEK ★REVL H-051 送料無料 大きいサイズあり キッズサイズ 子供 UVカット アドベンチャーハット 父の日 プレゼント ユニセックス 春 夏 夏フェス ギフト","普通サイズ","SHADE_BK/BLACK(H_051)","X11","Y11",,"0","71","70","-1",
"2026/08/09 22:15:30","受注取込","7986747","7986747X12Y11","【日焼けシェード付き】サファリハット シェード メンズ 釣り 帽子 ハット レディース SUNS(サンズ) 撥水 アウトドア 登山 キャンプ バーベキュー NEK ★REVL H-051 送料無料 大きいサイズあり キッズサイズ 子供 UVカット アドベンチャーハット 父の日 プレゼント ユニセックス 春 夏 夏フェス ギフト","大きいサイズ","SHADE_BK/BLACK(H_051)","X12","Y11",,"0","102","101","-1",
"2026/08/09 22:19:24","受注取込","7988386","7988386X11Y16","【高輝度・省電力】LED 卓上 ライト 間接照明 おしゃれ テーブルランプ 北欧 ベッドライト ★REV 7988386 照明 ランプ 一人暮らし ナイトランプ ムードランプ インテリア 雑貨 スタンドライト フロアライト ベッドサイド ルームライト 寝室 usb 電気スタンド フロアランプ","ONESIZE","グリーン","X11","Y16",,"0","8","7","-1",
"2026/08/09 22:20:04","受注取込","7986564","7986564X11Y15","【当店限定/大きいサイズ】BlackRebel 帽子 キャップ メンズ レディース 大きいサイズ ★REVL 7986564 深め Vintage クラッシュ 加工 こなれ感 おしゃれ 送料無料","ONESIZE","グレー","X11","Y15",,"0","12","11","-1",
"2026/08/09 22:21:30","受注取込","7988002","7988002X12Y18","【光る首輪】光る 犬 首輪 光る 犬用 LED ライト USB充電式 猫用 カラー 可愛い NEK ★REVG 7988002 ペット用品 ドッグ 大型犬 中型犬 小型犬 向け サイズ調節 35cm 50cm 70cm レインボー 猫 事故防止 散歩 防水 送料無料","M(50cm)","レインボー","X12","Y18",,"0","11","10","-1",
"2026/08/09 22:21:30","受注取込","7988002","7988002X12Y17","【光る首輪】光る 犬 首輪 光る 犬用 LED ライト USB充電式 猫用 カラー 可愛い NEK ★REVG 7988002 ペット用品 ドッグ 大型犬 中型犬 小型犬 向け サイズ調節 35cm 50cm 70cm レインボー 猫 事故防止 散歩 防水 送料無料","M(50cm)","ホワイト","X12","Y17",,"0","1","0","-1",
"2026/08/09 22:21:30","受注取込","7988002","7988002X12Y15","【光る首輪】光る 犬 首輪 光る 犬用 LED ライト USB充電式 猫用 カラー 可愛い NEK ★REVG 7988002 ペット用品 ドッグ 大型犬 中型犬 小型犬 向け サイズ調節 35cm 50cm 70cm レインボー 猫 事故防止 散歩 防水 送料無料","M(50cm)","レッド","X12","Y15",,"0","16","15","-1",
"2026/08/09 22:21:30","受注取込","7988002","7988002X12Y13","【光る首輪】光る 犬 首輪 光る 犬用 LED ライト USB充電式 猫用 カラー 可愛い NEK ★REVG 7988002 ペット用品 ドッグ 大型犬 中型犬 小型犬 向け サイズ調節 35cm 50cm 70cm レインボー 猫 事故防止 散歩 防水 送料無料","M(50cm)","イエロー","X12","Y13",,"0","23","22","-1",
"2026/08/09 22:21:30","受注取込","7988002","7988002X12Y12","【光る首輪】光る 犬 首輪 光る 犬用 LED ライト USB充電式 猫用 カラー 可愛い NEK ★REVG 7988002 ペット用品 ドッグ 大型犬 中型犬 小型犬 向け サイズ調節 35cm 50cm 70cm レインボー 猫 事故防止 散歩 防水 送料無料","M(50cm)","オレンジ","X12","Y12",,"0","20","19","-1",
"2026/08/09 22:22:45","受注取込","7987400","7987400X11Y18","【とにかくデカい！/普通サイズあり！】キャップ メンズ 大きいサイズ 帽子 深め ビッグサイズ ★REVM 7987400 BIG SIZE メンズキャップ帽子 大きめ 大きい帽子 メンズ帽子 レディース 春 夏 春夏 プレゼント ギフト 母の日 父の日 送料無料","大きいサイズ","H-オリーブ","X11","Y18",,"0","4","3","-1",
"2026/08/09 22:28:45","受注取込","7987070","7987070X12Y11","【お得な2枚組】X-LARGE XLARGE エクストララージ ボクサーパンツ メンズ アンダーウェア 下着 NEK ★REVL 7987070 かっこいい ツルツル おすすめ 人気 カモフラ タイダイ 炎 迷彩 カモ柄 ブランド 男性 紳士 プレゼント プチギフト 父の日 誕生日 彼氏 父 息子 ギフト 記念日 大きいサイズ 福袋 送料無料","L","2枚組","X12","Y11",,"0","29","28","-1",
"2026/08/09 22:30:13","受注取込","7997141","7997141X11Y11","特大 スイカ ドーナツ 浮き輪 浮輪 送料無料 プール 大人用 子供用 NEK 7997141 ★REV 120cm 90cm 80cm 70cm 60cm サイズ 大きい 大きめ うきわ ウキワ すいか 海 海水浴 ビックフロート 水上 レジャー かわいい フローティングベッド 西瓜 子供用浮き輪 大人 子供 こども","120cm","スイカ","X11","Y11",,"0","772","771","-1",
"2026/08/09 22:30:13","受注取込","7986564","7986564X11Y15","【当店限定/大きいサイズ】BlackRebel 帽子 キャップ メンズ レディース 大きいサイズ ★REVL 7986564 深め Vintage クラッシュ 加工 こなれ感 おしゃれ 送料無料","ONESIZE","グレー","X11","Y15",,"0","11","10","-1",
"2026/08/09 22:30:19","受注取込","7994812","7994812X13Y32","サファリハット メンズ 釣り 帽子 ハット レディース SUNS(サンズ)  撥水 アウトドア 登山 キャンプ バーベキュー NEK ★REV H-051 H-053 送料無料 大きいサイズあり キッズサイズ 子供 UVカット アドベンチャーハット 父の日 プレゼント ユニセックス 春 夏 夏フェス ギフト","キッズサイズ","T.BLUE(H_051)","X13","Y32",,"0","30","27","-3",
"2026/08/09 22:30:19","受注取込","7994812","7994812X12Y32","サファリハット メンズ 釣り 帽子 ハット レディース SUNS(サンズ)  撥水 アウトドア 登山 キャンプ バーベキュー NEK ★REV H-051 H-053 送料無料 大きいサイズあり キッズサイズ 子供 UVカット アドベンチャーハット 父の日 プレゼント ユニセックス 春 夏 夏フェス ギフト","大きいサイズ","T.BLUE(H_051)","X12","Y32",,"0","63","62","-1",
"2026/08/09 22:43:15","受注取込","7997141","7997141X11Y11","特大 スイカ ドーナツ 浮き輪 浮輪 送料無料 プール 大人用 子供用 NEK 7997141 ★REV 120cm 90cm 80cm 70cm 60cm サイズ 大きい 大きめ うきわ ウキワ すいか 海 海水浴 ビックフロート 水上 レジャー かわいい フローティングベッド 西瓜 子供用浮き輪 大人 子供 こども","120cm","スイカ","X11","Y11",,"0","771","770","-1",
"2026/08/09 22:46:45","受注取込","7997141","7997141X14Y13","特大 スイカ ドーナツ 浮き輪 浮輪 送料無料 プール 大人用 子供用 NEK 7997141 ★REV 120cm 90cm 80cm 70cm 60cm サイズ 大きい 大きめ うきわ ウキワ すいか 海 海水浴 ビックフロート 水上 レジャー かわいい フローティングベッド 西瓜 子供用浮き輪 大人 子供 こども","70cm","ドーナツチョコ","X14","Y13",,"0","52","51","-1",
"2026/08/09 22:46:45","受注取込","7990254","7990254X11Y12","【送料無料 速攻配達】AVIREX ニットキャップ ニット帽 帽子 メンズ レディース スウェットキャップ  NEK ★REV 14649300 ルーズ キャップ ブランド アビレックス リバーシブル AX REVERSIBLE SWEAT CAP 送料無料 プレゼント ギフト","ONESIZE","ブラック(80)","X11","Y12",,"0","313","312","-1",
"2026/08/09 22:51:15","受注取込","7997141","7997141X11Y11","特大 スイカ ドーナツ 浮き輪 浮輪 送料無料 プール 大人用 子供用 NEK 7997141 ★REV 120cm 90cm 80cm 70cm 60cm サイズ 大きい 大きめ うきわ ウキワ すいか 海 海水浴 ビックフロート 水上 レジャー かわいい フローティングベッド 西瓜 子供用浮き輪 大人 子供 こども","120cm","スイカ","X11","Y11",,"0","770","769","-1",
"2026/08/09 22:54:15","受注取込","7997141","7997141X11Y11","特大 スイカ ドーナツ 浮き輪 浮輪 送料無料 プール 大人用 子供用 NEK 7997141 ★REV 120cm 90cm 80cm 70cm 60cm サイズ 大きい 大きめ うきわ ウキワ すいか 海 海水浴 ビックフロート 水上 レジャー かわいい フローティングベッド 西瓜 子供用浮き輪 大人 子供 こども","120cm","スイカ","X11","Y11",,"0","769","768","-1",
"2026/08/09 22:58:15","受注取込","7994812","7994812X12Y11","サファリハット メンズ 釣り 帽子 ハット レディース SUNS(サンズ)  撥水 アウトドア 登山 キャンプ バーベキュー NEK ★REV H-051 H-053 送料無料 大きいサイズあり キッズサイズ 子供 UVカット アドベンチャーハット 父の日 プレゼント ユニセックス 春 夏 夏フェス ギフト","大きいサイズ","BK/BLACK(H_051)","X12","Y11",,"0","327","326","-1",
"2026/08/09 22:58:15","受注取込","7994812","7994812X11Y33","サファリハット メンズ 釣り 帽子 ハット レディース SUNS(サンズ)  撥水 アウトドア 登山 キャンプ バーベキュー NEK ★REV H-051 H-053 送料無料 大きいサイズあり キッズサイズ 子供 UVカット アドベンチャーハット 父の日 プレゼント ユニセックス 春 夏 夏フェス ギフト","普通サイズ","GREIGE(H-051)","X11","Y33",,"0","45","44","-1",
"2026/08/09 22:58:15","受注取込","7994812","7994812X11Y33","サファリハット メンズ 釣り 帽子 ハット レディース SUNS(サンズ)  撥水 アウトドア 登山 キャンプ バーベキュー NEK ★REV H-051 H-053 送料無料 大きいサイズあり キッズサイズ 子供 UVカット アドベンチャーハット 父の日 プレゼント ユニセックス 春 夏 夏フェス ギフト","普通サイズ","GREIGE(H-051)","X11","Y33",,"0","44","43","-1",
"2026/08/09 23:00:45","受注取込","7987794","7987794X11Y11","【大きいサイズもあり】キャスハンチング キャップ メンズ レディース CULTURE MART NEK 101294 ★REV 7987794 ハンチング帽子 ハンチング帽 秋冬 帽子 ハンチング キャスケット メンズ帽子 レディース帽子秋冬 秋冬帽子 メンズハンチング おしゃれ カルチャーマート","普通サイズ","ベージュ(1)","X11","Y11",,"0","216","215","-1",
"2026/08/09 23:03:15","受注取込","7987084","7987084X12Y11","【くすみカラー 10色展開】深め 大きいサイズ 普通サイズ 帽子 キャップ メンズ レディース ★REV 7987084 Vintage 無地 シンプル おしゃれ 送料無料","大きいサイズ","ブラック","X12","Y11",,"0","8","7","-1",
"2026/08/09 23:07:22","受注取込","7997141","7997141X12Y13","特大 スイカ ドーナツ 浮き輪 浮輪 送料無料 プール 大人用 子供用 NEK 7997141 ★REV 120cm 90cm 80cm 70cm 60cm サイズ 大きい 大きめ うきわ ウキワ すいか 海 海水浴 ビックフロート 水上 レジャー かわいい フローティングベッド 西瓜 子供用浮き輪 大人 子供 こども","90cm","ドーナツチョコ","X12","Y13",,"0","32","31","-1",
"2026/08/09 23:14:31","受注取込","7987400","7987400X11Y20","【とにかくデカい！/普通サイズあり！】キャップ メンズ 大きいサイズ 帽子 深め ビッグサイズ ★REVM 7987400 BIG SIZE メンズキャップ帽子 大きめ 大きい帽子 メンズ帽子 レディース 春 夏 春夏 プレゼント ギフト 母の日 父の日 送料無料","大きいサイズ","J-グレー","X11","Y20",,"0","35","34","-1",
"2026/08/09 23:20:54","受注取込","7988215","7988215X17Y15","【とにかくデカい！】 大きいサイズ キャップ メッシュキャップ 送料無料 大きめ ビッグサイズ BIG SIZE ★REV 7988215 <br> 帽子 ハット キャップ ワークキャップ メンズキャップ 大きいサイズ バケット 大きい帽子 メンズ バケハ メンズ帽子 大きい 頭 メッシュ 全39カラー","GG","5","X17","Y15",,"0","20","19","-1",
"2026/08/09 23:21:00","受注取込","7994812","7994812X11Y14","サファリハット メンズ 釣り 帽子 ハット レディース SUNS(サンズ)  撥水 アウトドア 登山 キャンプ バーベキュー NEK ★REV H-051 H-053 送料無料 大きいサイズあり キッズサイズ 子供 UVカット アドベンチャーハット 父の日 プレゼント ユニセックス 春 夏 夏フェス ギフト","普通サイズ","KHAKI(H_051)","X11","Y14",,"0","59","58","-1",
"2026/08/09 23:22:45","受注取込","7987475","7987475X11Y11","【護身用】タクティカルスティック 防災グッズ タクティカルペン キーホルダー キーリング NEK ★REV 7987475 護身 棒 車 ガラス 防災 災害 車内 軽量 丈夫 不審者 痴漢 痴漢対策 護身用 用品 武器 防犯 護身グッズ 自己防衛 コンパクト 非常時 タクティカル バッググリップ","ONESIZE","ブラック","X11","Y11",,"0","94","93","-1",
"2026/08/09 23:27:15","受注取込","7997141","7997141X11Y12","特大 スイカ ドーナツ 浮き輪 浮輪 送料無料 プール 大人用 子供用 NEK 7997141 ★REV 120cm 90cm 80cm 70cm 60cm サイズ 大きい 大きめ うきわ ウキワ すいか 海 海水浴 ビックフロート 水上 レジャー かわいい フローティングベッド 西瓜 子供用浮き輪 大人 子供 こども","120cm","ドーナツイチゴ","X11","Y12",,"0","3","2","-1",
"2026/08/09 23:27:15","受注取込","7987093","7987093X11Y11","【新型iphone/IQOS対応】急速5A 3股 Type-C 充電ケーブル スマホケーブル 1.2m 2m 3m typec NEK ★REVL 7987093 新型iphone IQOS対応 USB A→Type-C×3 充電ケーブル 3in1 急速 送料無料","1.2m","ブラック_TypeA/TypeC×3","X11","Y11",,"0","35","33","-2",
"2026/08/09 23:30:01","受注取込","7987344","7987344X11Y11","【4個入でお得】カラビナ パラコード キーホルダー キーチェーン 4本セット NEK ★REV 7987344 帽子フック おしゃれ キーリング アウトドア リュック バッグ キャンプ 非常用 災害 ロープ 紐 便利 代用 防災 丈夫 コンパクト 軽量 プレゼント ギフト 送料無料","ONESIZE","4色セット","X11","Y11",,"0","51","50","-1",
"2026/08/09 23:30:12","受注取込","7988248","7988248X11Y13","リュック メンズ レディース 防水 防災リュック 避難 スポーツ 軽量 リュックサック 32L ★REV 7988248 バックパック デイパック アウトドア キャンプ ジム 登山 散歩  送料無料","ONESIZE","レッド","X11","Y13",,"0","3","2","-1",
"2026/08/09 23:40:05","受注取込","7987409","7987409X11Y12","【130cm 大きいサイズ対応】本革 床革 ベルト メンズ 130cm NEK ★REV 7987409 大きいサイズ対応 シンセティックレザー ビジネスベルト カジュアルベルト 父の日 送料無料","ONESIZE","ブラウンA","X11","Y12",,"0","1","0","-1",
"2026/08/09 23:44:15","受注取込","7987400","7987400X11Y11","【とにかくデカい！/普通サイズあり！】キャップ メンズ 大きいサイズ 帽子 深め ビッグサイズ ★REVM 7987400 BIG SIZE メンズキャップ帽子 大きめ 大きい帽子 メンズ帽子 レディース 春 夏 春夏 プレゼント ギフト 母の日 父の日 送料無料","大きいサイズ","A-ブラック","X11","Y11",,"0","96","95","-1",
"2026/08/09 23:44:15","受注取込","7997141","7997141X11Y13","特大 スイカ ドーナツ 浮き輪 浮輪 送料無料 プール 大人用 子供用 NEK 7997141 ★REV 120cm 90cm 80cm 70cm 60cm サイズ 大きい 大きめ うきわ ウキワ すいか 海 海水浴 ビックフロート 水上 レジャー かわいい フローティングベッド 西瓜 子供用浮き輪 大人 子供 こども","120cm","ドーナツチョコ","X11","Y13",,"0","4","3","-1",
"2026/08/09 23:45:01","受注取込","7994812","7994812X12Y11","サファリハット メンズ 釣り 帽子 ハット レディース SUNS(サンズ)  撥水 アウトドア 登山 キャンプ バーベキュー NEK ★REV H-051 H-053 送料無料 大きいサイズあり キッズサイズ 子供 UVカット アドベンチャーハット 父の日 プレゼント ユニセックス 春 夏 夏フェス ギフト","大きいサイズ","BK/BLACK(H_051)","X12","Y11",,"0","326","325","-1",
"2026/08/09 23:48:15","受注取込","7986528","7986528X11Y21","【Ploom AURA】プルーム オーラ カバー ケース レザー調 ストラップ付 保護 耐衝撃 NEK ★REVL 7986528 おしゃれ プルームオーラ 保護ケース 保護カバー アクセサリー 送料無料","ONESIZE","K","X11","Y21",,"0","10","9","-1",
"2026/08/09 23:48:22","受注取込","7988215","7988215X12Y12","【とにかくデカい！】 大きいサイズ キャップ メッシュキャップ 送料無料 大きめ ビッグサイズ BIG SIZE ★REV 7988215 <br> 帽子 ハット キャップ ワークキャップ メンズキャップ 大きいサイズ バケット 大きい帽子 メンズ バケハ メンズ帽子 大きい 頭 メッシュ 全39カラー","BB","2","X12","Y12",,"0","12","11","-1",
"2026/08/09 23:53:45","受注取込","7987473","7987473X12Y15","【USAブランド】DICKIES ディッキーズ 靴下 メンズ レディース 同色3足セット NEK ★REV 7987473 DK ワンポイント刺繍 アンクル/クウォーター/クルー 3Pソックス くるぶし ブランド くつした 足首 ブラック ホワイト 白 黒 スクール 学校 送料無料 プレゼント プチギフト","ブラック","レディース/クォーター【中】","X12","Y15",,"0","9","8","-1",
"2026/08/09 23:54:15","受注取込","7994812","7994812X12Y11","サファリハット メンズ 釣り 帽子 ハット レディース SUNS(サンズ)  撥水 アウトドア 登山 キャンプ バーベキュー NEK ★REV H-051 H-053 送料無料 大きいサイズあり キッズサイズ 子供 UVカット アドベンチャーハット 父の日 プレゼント ユニセックス 春 夏 夏フェス ギフト","大きいサイズ","BK/BLACK(H_051)","X12","Y11",,"0","325","324","-1",
"2026/08/09 23:55:00","受注取込","8003102","8003102X12Y14","やみつきになる！ ストレッチ AVIREX アビレックス Tシャツ メンズ ★REV NEK 6143501 6143502 Vネック クルーネック 半袖 プレゼント ギフト","Vネック_ブラック_009","XLサイズ","X12","Y14",,"0","4","3","-1",
