"更新日時","更新理由","商品基本コード","商品コード","商品名","属性1名","属性2名","属性1コード","属性2コード","倉庫名","実在庫区分","変動前","変動後","増減値","ユーザー"
"2026/09/06 00:01:17","受注取込","7986612","7986612X11Y16","【ジャカード織】柄シャツ メンズ ジャカード ヴィンテージ ジャケット ★REVL 7986612 春夏 レディース ゴブラン レトロ 軽い 派手 オルテガ オリエンタル ペイズリー ネイティブ アメリカン 部族 民族 マルチカラー 長袖 長袖シャツ ライトアウター","M(メーカー表記XL)","F","X11","Y16",,"0","4","3","-1",
"2026/09/06 00:02:18","受注取込","7994812","7994812X11Y16","サファリハット メンズ 釣り 帽子 ハット レディース SUNS(サンズ)  撥水 アウトドア 登山 キャンプ バーベキュー NEK ★REV H-051 H-053 送料無料 大きいサイズあり キッズサイズ 子供 UVカット アドベンチャーハット 父の日 プレゼント ユニセックス 春 夏 夏フェス ギフト","普通サイズ","GRAY(H_051)","X11","Y16",,"0","38","36","-2",
"2026/09/06 00:06:00","受注取込","7987170","7987170X11Y11","【万能で役立つ！男ツール】 マルチツール ドライバー 多機能 工具 日曜大工 DIY NEK ★REVL 7987170 防災 アウトドア 用品 キャンプ 雑貨 ペンチ のこぎり 缶切り ボトルオープナー ワイヤーカッター 収納ケース付 庭 ガーデニング 多機能ペンチ ギフト プレゼント","ONESIZE","シルバー","X11","Y11",,"0","15","14","-1",
"2026/09/06 00:09:47","受注取込","7987475","7987475X11Y12","【防犯】護身用 タクティカルスティック 防災グッズ 熊対策グッズ クマ対策 タクティカルペン キーホルダー 女性 キーリング NEK ★REVM 7987475 棒 車 ガラス 防災 災害 車内 軽量 不審者 痴漢 痴漢対策 武器 護身グッズ 自己防衛 コンパクト 非常時 バッググリップ","ONESIZE","シルバー","X11","Y12",,"0","74","73","-1",
"2026/09/06 00:09:47","受注取込","7986779","7986779X12Y11","【高純度テラヘルツ/鏡面多面カット】 テラヘルツ アンクレット ブレスレット メンズ レディース NEK ★REV 7986779 4.0mm 健康 テラヘルツ波 パワーストーン 天然石 アクセサリー プレゼント ギフト プチギフト 母の日 父の日 送料無料","アンクレット","テラヘルツ","X12","Y11",,"0","33","32","-1",
"2026/09/06 00:09:47","受注取込","7986663","7986663X11Y11","【最強！溶岩石とオニキス】パワーストーン ブレスレット メンズ レディース バングル NEK ★REVL 7986663 スピリチュアル 天然石 エネルギーアクセサリー プレゼント ギフト 送料無料","ONESIZE","ブラック","X11","Y11",,"0","42","41","-1",
"2026/09/06 00:12:47","受注取込","7994812","7994812X12Y16","サファリハット メンズ 釣り 帽子 ハット レディース SUNS(サンズ)  撥水 アウトドア 登山 キャンプ バーベキュー NEK ★REV H-051 H-053 送料無料 大きいサイズあり キッズサイズ 子供 UVカット アドベンチャーハット 父の日 プレゼント ユニセックス 春 夏 夏フェス ギフト","大きいサイズ","GRAY(H_051)","X12","Y16",,"0","37","36","-1",
"2026/09/06 00:12:47","受注取込","7988215","7988215X16Y15","【とにかくデカい！】 大きいサイズ キャップ メッシュキャップ 送料無料 大きめ ビッグサイズ BIG SIZE ★REV 7988215 <br> 帽子 ハット キャップ ワークキャップ メンズキャップ 大きいサイズ バケット 大きい帽子 メンズ バケハ メンズ帽子 大きい 頭 メッシュ 全39カラー","FF","5","X16","Y15",,"0","152","151","-1",
"2026/09/06 00:15:47","受注取込","7997141","7997141X15Y13","特大 スイカ ドーナツ 浮き輪 浮輪 送料無料 プール 大人用 子供用 NEK 7997141 ★REV 120cm 90cm 80cm 70cm 60cm サイズ 大きい 大きめ うきわ ウキワ すいか 海 海水浴 ビックフロート 水上 レジャー かわいい フローティングベッド 西瓜 子供用浮き輪 大人 子供 こども","60cm","ドーナツチョコ","X15","Y13",,"0","45","43","-2",
"2026/09/06 00:35:01","受注取込","7994812","7994812X12Y14","サファリハット メンズ 釣り 帽子 ハット レディース SUNS(サンズ)  撥水 アウトドア 登山 キャンプ バーベキュー NEK ★REV H-051 H-053 送料無料 大きいサイズあり キッズサイズ 子供 UVカット アドベンチャーハット 父の日 プレゼント ユニセックス 春 夏 夏フェス ギフト","大きいサイズ","KHAKI(H_051)","X12","Y14",,"0","27","26","-1",
"2026/09/06 00:35:31","受注取込","7987128","7987128X11Y12","【コンパクト】電動エアーポンプ 充電式 強力 USB Type-c 電動ポンプ ★REVL 7987128 エアーポンプ 空気入れ 3000mAh IPX4防水 4000pa アウトドア マット 浮き輪 ノズル付き 送料無料","ONESIZE","ホワイト","X11","Y12",,"0","6","5","-1",
"2026/09/06 00:44:17","受注取込","7986711","7986711X11Y12","【高速充電/45W/PD対応】シガーソケット 充電器 USB TYPE-C タイプC PD充電器 NEK ★REVL 7986711 高速 急速充電 車載 コンパクト カーチャージャー 車載充電器  iPhone android ipad スマホ アクセサリー 2ポート 車載ガジェット 送料無料","ONESIZE","TYPE-C×TYPE-C","X11","Y12",,"0","32","31","-1",
"2026/09/06 00:45:47","受注取込","7986532","7986532X11Y16","【新型/IQOS イルマ i ワン用】アイコス イルマiワン ILUMA ケース 保護ケース NEK ★REVL 7986532 iqosイルマワン イルマワンカバー 耐衝撃 おしゃれ iqos iluma one 専用 IQOSイルマワン保護ケース レザー 保護カバー アイコスケース アクセサリー 送料無料","ONESIZE","ブラック","X11","Y16",,"0","19","18","-1",
"2026/09/06 00:47:26","受注取込","7987137","7987137X11Y14","【最安値に挑戦 日本製】GEVAERT ゲバルト ベルト YKK社製 軽量バックル使用 35mm幅 NEK ★REV 7987137 ゴムベルト GVT-1062 1063 1064 1011 1048 無地 カモフラ柄 ベルギー生地使用 日本製 メンズ レディース カジュアル 入学 卒業 通勤 通学 送料無料","ONESIZE","D","X11","Y14",,"0","2","1","-1",
"2026/09/06 00:55:47","受注取込","7987794","7987794X12Y12","【大きいサイズもあり】キャスハンチング キャップ メンズ レディース CULTURE MART NEK 101294 ★REV 7987794 ハンチング帽子 ハンチング帽 秋冬 帽子 ハンチング キャスケット メンズ帽子 レディース帽子秋冬 秋冬帽子 メンズハンチング おしゃれ カルチャーマート","大きいサイズ","オリーブ(2)","X12","Y12",,"0","19","18","-1",
"2026/09/06 01:07:48","受注取込","7986849","7986849X11Y11","【ゴージャスに遊ぶ】トランプ プラスチック 54枚 撥水 NEK ★REV 7986849 ブラック ゴールド シルバー ピンクゴールド カードゲーム マジックトランプ パーティーグッズ プレゼント ギフト ポーカー ブラックジャック 手品 送料無料","ONESIZE","A","X11","Y11",,"0","20","19","-1",
"2026/09/06 01:13:47","受注取込","7987473","7987473X11Y15","【USAブランド】DICKIES ディッキーズ 靴下 メンズ レディース 同色3足セット NEK ★REV 7987473 DK ワンポイント刺繍 アンクル/クウォーター/クルー 3Pソックス くるぶし ブランド くつした 足首 ブラック ホワイト 白 黒 スクール 学校 送料無料 プレゼント プチギフト","ホワイト","レディース/クォーター【中】","X11","Y15",,"0","20","19","-1",
"2026/09/06 01:18:17","受注取込","7994812","7994812X12Y11","サファリハット メンズ 釣り 帽子 ハット レディース SUNS(サンズ)  撥水 アウトドア 登山 キャンプ バーベキュー NEK ★REV H-051 H-053 送料無料 大きいサイズあり キッズサイズ 子供 UVカット アドベンチャーハット 父の日 プレゼント ユニセックス 春 夏 夏フェス ギフト","大きいサイズ","BK/BLACK(H_051)","X12","Y11",,"0","190","189","-1",
"2026/09/06 01:21:17","受注取込","7987140","7987140X11Y17","【COOLにマナーを】携帯灰皿 カラビナ付き 吸い殻入れ 金属製 フタ付き 小型 軽量 NEK ★REVL 7987140 喫煙グッズ アッシュトレイ 持ち運び便利 男性 メンズ レディース 送料無料","ONESIZE","G.ゴールドペイズリー","X11","Y17",,"0","29","28","-1",
"2026/09/06 01:24:17","受注取込","7987031","7987031X11Y12","【大人気SUNSより当店限定！】ミニトート バッグ レディース メンズ トートバッグ トート NEK ★REVL 7987031 CRB-001 ミニ 仕切り ポケット ランチバッグ マザーズバッグ 収納 ミリタリー MA-1 シンプル おしゃれ 便利 無地 通勤 通学 ユニセックス ジッパー付き 撥水","ONESIZE","カーキ","X11","Y12",,"0","25","24","-1",
"2026/09/06 02:04:00","受注取込","7998075","7998075X12Y11","他店圧倒価格♪最安値に挑戦！ 1点までメール便送料無料 ワッチキャップ ニット帽子 ニットキャップ 7998075 【MB】【ALI】■05161126【wow未販売】 sg追加200125 sg追加200125","大きいサイズ(～65cm)","ブラック杢","X12","Y11",,"0","209","208","-1",
"2026/09/06 02:04:00","受注取込","7987697","7987697X11Y11","【速攻配達】冷やスマPRO 盛夏用 スマホ熱中症対策 冷却 クーラー ★REV NEK スマートフォン専用常温保冷剤 熱暴走 結露なし スマホ 冷感 冷却 HIYASUMA","ONESIZE","ホワイト","X11","Y11",,"0","407","406","-1",
"2026/09/06 02:08:17","受注取込","7986572","7986572X11Y42","【新型/IQOS イルマ i ワン用】アイコス イルマiワン ILUMA ケース 保護ケース NEK ★REVL 7986572 iqosイルマワン イルマワンカバー 耐衝撃 おしゃれ iqos iluma one 専用 IQOSイルマワン保護ケース レザー ヒョウ柄 ペイズリー 保護カバー アイコスケース アクセサリー 送料無料","イルマiワン","86","X11","Y42",,"0","22","21","-1",
"2026/09/06 02:18:47","受注取込","7986572","7986572X11Y41","【新型/IQOS イルマ i ワン用】アイコス イルマiワン ILUMA ケース 保護ケース NEK ★REVL 7986572 iqosイルマワン イルマワンカバー 耐衝撃 おしゃれ iqos iluma one 専用 IQOSイルマワン保護ケース レザー ヒョウ柄 ペイズリー 保護カバー アイコスケース アクセサリー 送料無料","イルマiワン","85","X11","Y41",,"0","20","19","-1",
"2026/09/06 02:31:01","受注取込","7988390","7988390X11Y13","【おまけ付き 速攻配達】テント ワンタッチ 2人用 1人用 3-4人用 折りたたみテント ★REV 7988390 自動ポップアップテント 撥水加工 紫外線防止 登山 折りたたみ 防水 通気性 アウトドア 登山 運動会 日よけ キャンプ サンシェード uvカット 簡単 アウトドア バーベキュー","ONESIZE","グリーン","X11","Y13",,"0","38","37","-1",
"2026/09/06 03:15:54","受注取込","7988044","7988044X11Y15","ショルダーバッグ メンズ ワンショルダー 斜め掛け ★REV 7988044 おしゃれバッグ Vintage 斜めがけ メンズボディバック かっこいい ボディバッグ レザー ワンショルダーバッグ カバン 鞄 かばん レザー調 メンズバッグ 斜めがけ メンズショルダーバック 散歩 送料無料","ONESIZE","E_ブラウン","X11","Y15",,"0","10","9","-1",
"2026/09/06 04:20:31","受注取込","7987626","7987626X11Y11","【お得な5個セット】LEDライト キーホルダー 小型LEDライト NEK ★REV 7987626 キーライト 高輝度 5灯 LR44 ボタン電池 LTG 送料無料","ONESIZE","5本セット","X11","Y11",,"0","424","423","-1",
"2026/09/06 05:21:00","受注取込","7986752","7986752X11Y12","収納 サンバイザーホルダー マルチ 車 カーポケット ドライブポケット NEK ★REVL 7986752 おしゃれ サンバイザー ポケット カー用品 収納 カー用品 ペン カードポケット 収納ホルダー サングラスホルダー 車 眼鏡ホルダー カーアクセサリー 送料無料","ONESIZE","グレー","X11","Y12",,"0","24","23","-1",
"2026/09/06 05:33:17","受注取込","7987409","7987409X11Y12","【130cm 大きいサイズ対応】本革 床革 ベルト メンズ 130cm NEK ★REV 7987409 大きいサイズ対応 シンセティックレザー ビジネスベルト カジュアルベルト 父の日 送料無料","ONESIZE","ブラウンA","X11","Y12",,"0","4","3","-1",
"2026/09/06 05:39:17","受注取込","7992723","7992723X12Y11","お得！ 送料無料 4枚入り 福袋 Dickies ディッキーズ ボクサーパンツ メンズ かわいい NEK ★REV <br> パンツ ボクサーパンツ セット メンズ下着 メンズボクサーパンツ メンズボクサー 大きいサイズ 大きめ 特大 3L 下着 インナー メンズ usa まとめ買い プレゼント ギフト","L","福袋4枚セット","X12","Y11",,"0","140","139","-1",
"2026/09/06 05:44:47","受注取込","7986572","7986572X11Y43","【新型/IQOS イルマ i ワン用】アイコス イルマiワン ILUMA ケース 保護ケース NEK ★REVL 7986572 iqosイルマワン イルマワンカバー 耐衝撃 おしゃれ iqos iluma one 専用 IQOSイルマワン保護ケース レザー ヒョウ柄 ペイズリー 保護カバー アイコスケース アクセサリー 送料無料","イルマiワン","87","X11","Y43",,"0","12","11","-1",
"2026/09/06 05:44:47","受注取込","7986849","7986849X11Y15","【ゴージャスに遊ぶ】トランプ プラスチック 54枚 撥水 NEK ★REV 7986849 ブラック ゴールド シルバー ピンクゴールド カードゲーム マジックトランプ パーティーグッズ プレゼント ギフト ポーカー ブラックジャック 手品 送料無料","ONESIZE","E","X11","Y15",,"0","24","23","-1",
"2026/09/06 05:53:17","受注取込","7986972","7986972X11Y13","【Natural Rabbit】おねしょズボン おねしょパンツ おねしょ ズボン 防水 3歳 4歳 5歳 ウエストゴム 男の子 女の子 綿 コットン ズボン パンツ NEK ★REVH 7986972 トレーニングパンツ トイトレ おねしょ対策 寝冷え 腹巻 ズボン キッズ 小学生","M","C","X11","Y13",,"0","4","3","-1",
"2026/09/06 05:53:17","受注取込","7986972","7986972X11Y20","【Natural Rabbit】おねしょズボン おねしょパンツ おねしょ ズボン 防水 3歳 4歳 5歳 ウエストゴム 男の子 女の子 綿 コットン ズボン パンツ NEK ★REVH 7986972 トレーニングパンツ トイトレ おねしょ対策 寝冷え 腹巻 ズボン キッズ 小学生","M","J","X11","Y20",,"0","4","3","-1",
"2026/09/06 05:58:47","受注取込","7986462","7986462X11Y13","【デカい深い】キャップ メンズ レディース 大きいサイズ 深め 帽子 ★REVL 7986462  コットン100% 59cm?65cm ビッグサイズ ロングバイザー 8cm 深い ベースボールキャップ サイズ調整 おしゃれ 春 夏 秋 冬 男女兼用 ブラック ネイビー チャコール アイボリー 黒 送料無料","ONESIZE","チャコール","X11","Y13",,"0","7","6","-1",
"2026/09/06 06:24:47","受注取込","7998755","7998755X11Y14","5WAY ボディバッグ メンズ 鞄 かばん カバン ショルダーバッグ ★REV 7998755(7999489) 迷彩 カモフラージュ サコッシュ ミリタリー キャンプ アウトドア サバゲー Military ALI","ONESIZE","オリーブMIX","X11","Y14",,"0","21","20","-1",
"2026/09/06 06:24:47","受注取込","7986683","7986683X11Y11","【5点セット/付けるだけの虫除け革命】オニヤンマ 虫除け 虫よけ用品 ストラップ NEK ★REVL 7986683 クリップ 安全ピン ブローチ フィギュア ゴルフ キャンプ 草刈り 山登り 防虫対策 送料無料","オニヤンマ","1個","X11","Y11",,"0","88","87","-1",
"2026/09/06 06:27:47","受注取込","7987149","7987149X11Y11","【便利グッズ】キークリップ キーフック お得 6個セット 紛失防止 収納 ★REV NEK 7987149 キーホルダー 鍵 カギ バッグ 鞄 かばん 財布 小物 ポケット 帽子フック","ONESIZE","6色セット","X11","Y11",,"0","154","153","-1",
"2026/09/06 06:28:19","受注取込","7988124","7988124X11Y14","大きいサイズ キャップ 帽子 メンズ フルキャップ ベースボールキャップ コットンキャップ 野球帽 ワンポイント ★REV 7988124 イーグル 鷲 刺繍 ミリタリー BIGSIZE キングサイズ 送料無料","ONESIZE","メッシュブラック","X11","Y14",,"0","43","42","-1",
"2026/09/06 06:46:47","受注取込","7998075","7998075X11Y11","他店圧倒価格♪最安値に挑戦！ 1点までメール便送料無料 ワッチキャップ ニット帽子 ニットキャップ 7998075 【MB】【ALI】■05161126【wow未販売】 sg追加200125 sg追加200125","普通サイズ(～60cm)","ブラック杢","X11","Y11",,"0","56","55","-1",
"2026/09/06 06:49:17","受注取込","7987409","7987409X11Y12","【130cm 大きいサイズ対応】本革 床革 ベルト メンズ 130cm NEK ★REV 7987409 大きいサイズ対応 シンセティックレザー ビジネスベルト カジュアルベルト 父の日 送料無料","ONESIZE","ブラウンA","X11","Y12",,"0","3","2","-1",
"2026/09/06 06:49:17","受注取込","7987409","7987409X11Y13","【130cm 大きいサイズ対応】本革 床革 ベルト メンズ 130cm NEK ★REV 7987409 大きいサイズ対応 シンセティックレザー ビジネスベルト カジュアルベルト 父の日 送料無料","ONESIZE","ブラックB","X11","Y13",,"0","39","38","-1",
"2026/09/06 06:50:30","受注取込","7987152","7987152X11Y11","【衛生的】靴べら 携帯 靴ベラ くつべら コンパクトシューホーン PUレザー NEK ★REV 7987152 スーツ 子供 衛生的 潔癖 携帯 軽量 収納 営業 出張 ビジネスマン 無地 シンプル 合皮 合成皮革 プレゼント ギフト 父の日","ONESIZE","ブラック","X11","Y11",,"0","1","0","-1",
"2026/09/06 06:57:17","受注取込","7987475","7987475X11Y11","【防犯】護身用 タクティカルスティック 防災グッズ 熊対策グッズ クマ対策 タクティカルペン キーホルダー 女性 キーリング NEK ★REVM 7987475 棒 車 ガラス 防災 災害 車内 軽量 不審者 痴漢 痴漢対策 武器 護身グッズ 自己防衛 コンパクト 非常時 バッググリップ","ONESIZE","ブラック","X11","Y11",,"0","60","59","-1",
"2026/09/06 07:17:00","受注取込","7987002","7987002X11Y12","【Vintage感が超カッコいい 深め】帽子 キャップ メンズ レディース Vintage クラッシュ加工 ★REVL 7987002 デニム ジーンズ 送料無料","ONESIZE","ネイビー","X11","Y12",,"0","30","29","-1",
"2026/09/06 07:25:17","受注取込","7987078","7987078X11Y11","【3個の福袋！即出荷】ビーチボール 水遊び ビーチバレー 浮き輪 フロート NEK ★REV 7987078 サッカーボール 30cm アウトドア キャンプ 海 プール 川 リゾート 送料無料","ONESIZE","3個セット","X11","Y11",,"0","21","20","-1",
"2026/09/06 07:26:31","受注取込","7986475","7986475X11Y11","【一生モノ/経年変化を愉しむ】栃木レザー 日本製 トートバッグ ミニトートバッグ 本革 ★REVL SRI-030 7986475 本皮  フルベジタブルタンニンレザー プレゼント ギフト 送料無料","ONESIZE","ブラック","X11","Y11",,"0","2","1","-1",
"2026/09/06 07:26:47","受注取込","7987073","7987073X12Y15","【くすみカラー 超軽量】バケットハット サファリハット メンズ レディース 普通サイズ 大きいサイズ NEK ★REV 7987073 アドベンチャーハット 撥水 速乾 軽量 折り畳める UV カット アウトドア キャンプ 登山 ウォーキング 散歩 日焼け防止 紫外線防止 送料無料","大きいサイズ","オリーブ","X12","Y15",,"0","13","12","-1",
"2026/09/06 07:34:22","受注取込","7986716","7986716X11Y11","【紫外線でプロ級チェック】アニサキスライト UV 紫外線ライト ブラックライト NEK ★REVL 7986716 365nm 充電式 TYPE-C充電  USB 光学レンズ アニサキス検出 生活 食事 釣り 掃除 コンパクト 送料無料","1本","ブラック(TYPE-C)","X11","Y11",,"0","42","41","-1",
"2026/09/06 07:48:17","受注取込","7987400","7987400X11Y26","【とにかくデカい！/普通サイズあり！】キャップ メンズ 大きいサイズ 帽子 深め ビッグサイズ ★REVM 7987400 BIG SIZE メンズキャップ帽子 大きめ 大きい帽子 メンズ帽子 レディース 春 夏 春夏 プレゼント ギフト 母の日 父の日 送料無料","大きいサイズ","P-ブラック","X11","Y26",,"0","66","65","-1",
"2026/09/06 08:06:47","受注取込","7987400","7987400X11Y11","【とにかくデカい！/普通サイズあり！】キャップ メンズ 大きいサイズ 帽子 深め ビッグサイズ ★REVM 7987400 BIG SIZE メンズキャップ帽子 大きめ 大きい帽子 メンズ帽子 レディース 春 夏 春夏 プレゼント ギフト 母の日 父の日 送料無料","大きいサイズ","A-ブラック","X11","Y11",,"0","238","236","-2",
"2026/09/06 08:24:47","受注取込","7995525","7995525X1Y14","AVIREX 限定モデル キャップ 帽子 父の日 贈り物 プレゼント メンズ ★REV ブラックシリーズ 黒 アビレックス アヴィレックス メッシュキャップ ハンチング ローキャップ バケット ハット ワークキャップ レディース かっこいい yos プレゼント ギフト","ONESIZE","【N】サファリハット_17158300","X1","Y14",,"0","113","112","-1",
"2026/09/06 08:31:40","受注取込","7998075","7998075X12Y12","他店圧倒価格♪最安値に挑戦！ 1点までメール便送料無料 ワッチキャップ ニット帽子 ニットキャップ 7998075 【MB】【ALI】■05161126【wow未販売】 sg追加200125 sg追加200125","大きいサイズ(～65cm)","グレー杢","X12","Y12",,"0","24","23","-1",
"2026/09/06 08:41:46","受注取込","7987490","7987490X11Y11","【手首を太く逞しくする】前腕筋 筋トレ 握力 手首 前腕部の強化 腕相撲 ★REV 7987490 バスケットボール テニス ゴルフ 柔道 剣道 空手 格闘技 プレゼント ギフト 送料無料","ONESIZE","ブラック","X11","Y11",,"0","79","78","-1",
"2026/09/06 08:46:01","受注取込","7987345","7987345X15Y12","【とにかくデカい！】 大きいサイズ キャップ 送料無料 大きめ ビッグサイズ ★REV 7987345 BIG SIZE 帽子 ハット キャップ キャスケット メンズキャップ 大きいサイズ バケット 大きい帽子 メンズ メンズ帽子 大きい 頭 メッシュキャップ","EEE","2","X15","Y12",,"0","26","25","-1",
"2026/09/06 08:51:48","受注取込","7994812","7994812X12Y11","サファリハット メンズ 釣り 帽子 ハット レディース SUNS(サンズ)  撥水 アウトドア 登山 キャンプ バーベキュー NEK ★REV H-051 H-053 送料無料 大きいサイズあり キッズサイズ 子供 UVカット アドベンチャーハット 父の日 プレゼント ユニセックス 春 夏 夏フェス ギフト","大きいサイズ","BK/BLACK(H_051)","X12","Y11",,"0","189","188","-1",
"2026/09/06 08:54:47","受注取込","7992723","7992723X11Y11","お得！ 送料無料 4枚入り 福袋 Dickies ディッキーズ ボクサーパンツ メンズ かわいい NEK ★REV <br> パンツ ボクサーパンツ セット メンズ下着 メンズボクサーパンツ メンズボクサー 大きいサイズ 大きめ 特大 3L 下着 インナー メンズ usa まとめ買い プレゼント ギフト","M","福袋4枚セット","X11","Y11",,"0","74","73","-1",
"2026/09/06 09:00:31","受注取込","7986716","7986716X11Y11","【紫外線でプロ級チェック】アニサキスライト UV 紫外線ライト ブラックライト NEK ★REVL 7986716 365nm 充電式 TYPE-C充電  USB 光学レンズ アニサキス検出 生活 食事 釣り 掃除 コンパクト 送料無料","1本","ブラック(TYPE-C)","X11","Y11",,"0","41","40","-1",
"2026/09/06 09:04:18","受注取込","7987345","7987345X11Y14","【とにかくデカい！】 大きいサイズ キャップ 送料無料 大きめ ビッグサイズ ★REV 7987345 BIG SIZE 帽子 ハット キャップ キャスケット メンズキャップ 大きいサイズ バケット 大きい帽子 メンズ メンズ帽子 大きい 頭 メッシュキャップ","AAA","4","X11","Y14",,"0","10","9","-1",
"2026/09/06 09:17:47","受注取込","7994812","7994812X11Y12","サファリハット メンズ 釣り 帽子 ハット レディース SUNS(サンズ)  撥水 アウトドア 登山 キャンプ バーベキュー NEK ★REV H-051 H-053 送料無料 大きいサイズあり キッズサイズ 子供 UVカット アドベンチャーハット 父の日 プレゼント ユニセックス 春 夏 夏フェス ギフト","普通サイズ","BLACK(H_051)","X11","Y12",,"0","41","40","-1",
"2026/09/06 09:17:47","受注取込","7994812","7994812X12Y15","サファリハット メンズ 釣り 帽子 ハット レディース SUNS(サンズ)  撥水 アウトドア 登山 キャンプ バーベキュー NEK ★REV H-051 H-053 送料無料 大きいサイズあり キッズサイズ 子供 UVカット アドベンチャーハット 父の日 プレゼント ユニセックス 春 夏 夏フェス ギフト","大きいサイズ","WINE(H_051)","X12","Y15",,"0","16","15","-1",
"2026/09/06 09:17:47","受注取込","7994812","7994812X11Y24","サファリハット メンズ 釣り 帽子 ハット レディース SUNS(サンズ)  撥水 アウトドア 登山 キャンプ バーベキュー NEK ★REV H-051 H-053 送料無料 大きいサイズあり キッズサイズ 子供 UVカット アドベンチャーハット 父の日 プレゼント ユニセックス 春 夏 夏フェス ギフト","普通サイズ","BEIGE(H_051)","X11","Y24",,"0","34","33","-1",
"2026/09/06 09:17:47","受注取込","7994812","7994812X11Y27","サファリハット メンズ 釣り 帽子 ハット レディース SUNS(サンズ)  撥水 アウトドア 登山 キャンプ バーベキュー NEK ★REV H-051 H-053 送料無料 大きいサイズあり キッズサイズ 子供 UVカット アドベンチャーハット 父の日 プレゼント ユニセックス 春 夏 夏フェス ギフト","普通サイズ","CAMO(H_051)","X11","Y27",,"0","28","27","-1",
"2026/09/06 09:20:19","受注取込","7986585","7986585X11Y12","【熊よけ・害獣対策・轟音129dB】獣バスター ソーラー充電 動物撃退器 くま避け ★REVL 7986585 猪対策 熊対策 猫よけ 鳥よけ IP55防水 ホームセキュリティー 音＋光で撃退 防犯 防災グッズ アウトドア キャンプ 送料無料","ONESIZE","イエロー","X11","Y12",,"0","26","25","-1",
"2026/09/06 09:24:18","受注取込","7987662","7987662X11Y14","【大きくルーズにかぶれる】大きいサイズ ニット帽 ニットキャップ 帽子 メンズ レディース NEK ★REV 7987662 ワッチキャップ プレゼント ギフト 母の日 父の日 プレゼント 誕生日 クリスマス 秋冬 防寒 おしゃれ 無地 送料無料","ONESIZE","グレー","X11","Y14",,"0","562","561","-1",
"2026/09/06 09:25:36","受注取込","7994812","7994812X12Y32","サファリハット メンズ 釣り 帽子 ハット レディース SUNS(サンズ)  撥水 アウトドア 登山 キャンプ バーベキュー NEK ★REV H-051 H-053 送料無料 大きいサイズあり キッズサイズ 子供 UVカット アドベンチャーハット 父の日 プレゼント ユニセックス 春 夏 夏フェス ギフト","大きいサイズ","T.BLUE(H_051)","X12","Y32",,"0","56","55","-1",
"2026/09/06 09:26:48","受注取込","7987151","7987151X11Y11","【多面カットで綺麗】天然石 ブレスレット パワーストーン レディース NEK ★REV 7987151 アクセサリー プレゼント ギフト 厄除け 運気 アップ 送料無料","ONESIZE","A_ペリドット","X11","Y11",,"0","16","15","-1",
"2026/09/06 09:29:47","受注取込","7994812","7994812X12Y11","サファリハット メンズ 釣り 帽子 ハット レディース SUNS(サンズ)  撥水 アウトドア 登山 キャンプ バーベキュー NEK ★REV H-051 H-053 送料無料 大きいサイズあり キッズサイズ 子供 UVカット アドベンチャーハット 父の日 プレゼント ユニセックス 春 夏 夏フェス ギフト","大きいサイズ","BK/BLACK(H_051)","X12","Y11",,"0","188","187","-1",
"2026/09/06 09:32:19","受注取込","7987070","7987070X11Y11","【お得な2枚組】X-LARGE XLARGE エクストララージ ボクサーパンツ メンズ アンダーウェア 下着 NEK ★REVL 7987070 かっこいい ツルツル おすすめ 人気 カモフラ タイダイ 炎 迷彩 カモ柄 ブランド 男性 紳士 プレゼント プチギフト 父の日 誕生日 彼氏 父 息子 ギフト 記念日 大きいサイズ 福袋 送料無料","M","2枚組","X11","Y11",,"0","58","57","-1",
"2026/09/06 09:33:01","受注取込","7987026","7987026X12Y14","【大きいサイズあり】キャップ 11cm つば長 帽子 メンズ レディース ★REV 7987026 深め 深い ゴルフ 無地 日焼け止め UVカット 送料無料","大きいサイズ","ネイビー","X12","Y14",,"0","9","8","-1",
"2026/09/06 09:33:01","受注取込","7987515","7987515X11Y13","【選べる6柄×3サイズ】ネックレス チェーン メンズ レディース NEK ★REV 7987515 サージカルステンレス316L 50cm 60cm 70cm シンプル おしゃれ プレゼント プチギフト バレンタイン クリスマス 送料無料","50cm","C","X11","Y13",,"0","4","3","-1",
"2026/09/06 09:36:48","受注取込","7988208","7988208X11Y15","【旅行にピッタリ】ボストンバッグ ボストン メンズ レディース ★REV 7988208 小旅行 大容量 2泊 大きい ゴルフ ビジネス 出張 修学旅行 収納ポケット多数 シンプル 送料無料","ONESIZE","オリーブ","X11","Y15",,"0","5","4","-1",
"2026/09/06 09:36:48","受注取込","9009978","9009978X3Y4","帽子 メンズ AVIREX アビレックス 送料無料 キャップ 父の日 プレゼント 贈り物 ニットキャップ メッシュキャップ 大きいサイズ レディース ディッキーズ ローキャップ ワークキャップ ハット ハンチング おしゃれ ロゴ 刺繍 プリント アメカジ HYPE 通販 yos ギフト","C","-4","X3","Y4",,"0","14","13","-1",
"2026/09/06 09:38:19","受注取込","7986572","7986572X11Y33","【新型/IQOS イルマ i ワン用】アイコス イルマiワン ILUMA ケース 保護ケース NEK ★REVL 7986572 iqosイルマワン イルマワンカバー 耐衝撃 おしゃれ iqos iluma one 専用 IQOSイルマワン保護ケース レザー ヒョウ柄 ペイズリー 保護カバー アイコスケース アクセサリー 送料無料","イルマiワン","77","X11","Y33",,"0","4","3","-1",
"2026/09/06 09:38:19","受注取込","7986572","7986572X11Y32","【新型/IQOS イルマ i ワン用】アイコス イルマiワン ILUMA ケース 保護ケース NEK ★REVL 7986572 iqosイルマワン イルマワンカバー 耐衝撃 おしゃれ iqos iluma one 専用 IQOSイルマワン保護ケース レザー ヒョウ柄 ペイズリー 保護カバー アイコスケース アクセサリー 送料無料","イルマiワン","76","X11","Y32",,"0","72","71","-1",
"2026/09/06 09:41:02","受注取込","7988459","7988459X16Y27","【速攻配達】犬 服 犬服 暖かい 冬 ロンパース ドッグウェア 冬服 男の子 女の子 アディドッグ GooDog adidog ★REVG NEK 7988459 7988345 ペット服 小型犬 つなぎ パーカー お散歩 かっこいい かわいい サロペット オーバーオール 裏起毛","2XL","PLADG_ブラック","X16","Y27",,"0","48","47","-1",
"2026/09/06 09:41:02","受注取込","7988459","7988459X13Y28","【速攻配達】犬 服 犬服 暖かい 冬 ロンパース ドッグウェア 冬服 男の子 女の子 アディドッグ GooDog adidog ★REVG NEK 7988459 7988345 ペット服 小型犬 つなぎ パーカー お散歩 かっこいい かわいい サロペット オーバーオール 裏起毛","M","PLADG_ベージュ","X13","Y28",,"0","24","23","-1",
"2026/09/06 09:44:17","受注取込","7987421","7987421X13Y12","光る靴 パウパトロール パウパト サンダル Y_KO 70173 70174 ★REV 7987421 女の子 子ども こども 靴 くつ 子供靴 シューズ 男児 女児 クツ キッズ キャラクター 15cm 16cm 17cm 18cm 19.0cm グッズ チェイス マーシャル スカイ ラブル ロッキー ズーマ エベレスト トラッカー","17.0cm","70174-ピンク","X13","Y12",,"0","29","28","-1",
"2026/09/06 09:45:47","受注取込","7994812","7994812X12Y11","サファリハット メンズ 釣り 帽子 ハット レディース SUNS(サンズ)  撥水 アウトドア 登山 キャンプ バーベキュー NEK ★REV H-051 H-053 送料無料 大きいサイズあり キッズサイズ 子供 UVカット アドベンチャーハット 父の日 プレゼント ユニセックス 春 夏 夏フェス ギフト","大きいサイズ","BK/BLACK(H_051)","X12","Y11",,"0","187","186","-1",
"2026/09/06 09:45:47","受注取込","7987533","7987533X13Y13","ナースシューズ レディース メディカルシューズ コンフォート ★REV Y_KO 1845  軽量 踵 かかと 2WAY 介護 看護 白 ホワイト サックス ピンク 靴","L (24.0～24.5cm)","サックス","X13","Y13",,"0","46","44","-2",
"2026/09/06 09:49:01","受注取込","7990254","7990254X11Y11","【送料無料 速攻配達】AVIREX ニットキャップ ニット帽 帽子 メンズ レディース スウェットキャップ  NEK ★REV 14649300 ルーズ キャップ ブランド アビレックス リバーシブル AX REVERSIBLE SWEAT CAP 送料無料 プレゼント ギフト","ONESIZE","カーキ(35)","X11","Y11",,"0","251","250","-1",
"2026/09/06 09:51:57","受注取込","7986526","7986526X11Y11","【羽/フェザー】チョーカー メンズ レディース ネイティブフェザー レザーネックレス NEK ★REVL 7986526 ターコイズ調 ビーズ 調整可能 ロングコード シルバーアクセサリー プレゼント ギフト 送料無料","ONESIZE","A","X11","Y11",,"0","20","19","-1",
"2026/09/06 09:54:17","受注取込","7986768","7986768X11Y11","【衝撃吸収・低反発】シートクッション カークッション 車 座布団 腰痛 運転席 ★REV 7986768 お尻が痛くならない 腰痛クッション 椅子 腰 姿勢 シート 人気 おすすめ 座席 低反発 ブラック オフィスチェア 背もたれ おしゃれ 運転席 カーアクセサリー 送料無料","ONESIZE","ブラック","X11","Y11",,"0","22","21","-1",
"2026/09/06 09:55:17","受注取込","7986591","7986591X11Y11","【日本製/重厚/姫路レザー】日本製 ベルト メンズ 本革 ヌメ革 姫路レザー ステンレススチール製バックル ★REVL 7986591 高耐久バックル ビジネス カジュアル 送料無料","ONESIZE","ブラック","X11","Y11",,"0","15","14","-1",
"2026/09/06 09:55:33","受注取込","7987401","7987401X11Y11","大きいサイズ キャップ メッシュキャップ 帽子 ★REV 7987401 メンズ 野球帽 迷彩 カモフラ シャドーカモ 刺繍 送料無料","ONESIZE","ブラックシャドーカモ","X11","Y11",,"0","10","9","-1",
"2026/09/06 09:55:33","受注取込","7992723","7992723X11Y11","お得！ 送料無料 4枚入り 福袋 Dickies ディッキーズ ボクサーパンツ メンズ かわいい NEK ★REV <br> パンツ ボクサーパンツ セット メンズ下着 メンズボクサーパンツ メンズボクサー 大きいサイズ 大きめ 特大 3L 下着 インナー メンズ usa まとめ買い プレゼント ギフト","M","福袋4枚セット","X11","Y11",,"0","73","72","-1",
"2026/09/06 09:58:46","受注取込","7987140","7987140X11Y18","【COOLにマナーを】携帯灰皿 カラビナ付き 吸い殻入れ 金属製 フタ付き 小型 軽量 NEK ★REVL 7987140 喫煙グッズ アッシュトレイ 持ち運び便利 男性 メンズ レディース 送料無料","ONESIZE","H.シルバーペイズリー","X11","Y18",,"0","64","63","-1",
"2026/09/06 09:59:17","受注取込","7986531","7986531X11Y22","【新型/IQOS イルマ i ワン用】アイコス イルマiワン ILUMA ケース 保護ケース NEK ★REVL 7986531 iqosイルマワン イルマワンカバー 耐衝撃 おしゃれ iqos iluma one 専用 IQOSイルマワン保護ケース レザー ヒョウ柄 ペイズリー 保護カバー アイコスケース アクセサリー 送料無料","ONESIZE","105","X11","Y22",,"0","13","12","-1",
"2026/09/06 10:07:23","WEB画面","7987070","7987070X11Y11","【お得な2枚組】X-LARGE XLARGE エクストララージ ボクサーパンツ メンズ アンダーウェア 下着 NEK ★REVL 7987070 かっこいい ツルツル おすすめ 人気 カモフラ タイダイ 炎 迷彩 カモ柄 ブランド 男性 紳士 プレゼント プチギフト 父の日 誕生日 彼氏 父 息子 ギフト 記念日 大きいサイズ 福袋 送料無料","M","2枚組","X11","Y11",,"0","57","37","-20","大木 望"
"2026/09/06 10:07:23","WEB画面","7987070","7987070X12Y11","【お得な2枚組】X-LARGE XLARGE エクストララージ ボクサーパンツ メンズ アンダーウェア 下着 NEK ★REVL 7987070 かっこいい ツルツル おすすめ 人気 カモフラ タイダイ 炎 迷彩 カモ柄 ブランド 男性 紳士 プレゼント プチギフト 父の日 誕生日 彼氏 父 息子 ギフト 記念日 大きいサイズ 福袋 送料無料","L","2枚組","X12","Y11",,"0","50","30","-20","大木 望"
"2026/09/06 10:07:23","WEB画面","7987070","7987070X13Y11","【お得な2枚組】X-LARGE XLARGE エクストララージ ボクサーパンツ メンズ アンダーウェア 下着 NEK ★REVL 7987070 かっこいい ツルツル おすすめ 人気 カモフラ タイダイ 炎 迷彩 カモ柄 ブランド 男性 紳士 プレゼント プチギフト 父の日 誕生日 彼氏 父 息子 ギフト 記念日 大きいサイズ 福袋 送料無料","XL","2枚組","X13","Y11",,"0","69","49","-20","大木 望"
"2026/09/06 10:08:27","受注取込","7986539","7986539X11Y13","【小顔見せ】ハンチング キャスケット キャスハンチング キャップ メンズ レディース NEK ★REVO 7986539 ハンチング帽子 タクシーハット ニュースボーイキャップ ニュースボーイハット おしゃれ 送料無料","ONESIZE","C.ストライプ/ネイビー","X11","Y13",,"0","46","45","-1",
"2026/09/06 10:08:47","受注取込","7986778","7986778X12Y11","【高純度テラヘルツ/3通りの使い方可能】 テラヘルツ ネックレス アンクレット ブレスレット NEK ★REV 7986778 メンズ レディース 鏡面多面カット 3.0mm 健康 テラヘルツ波 パワーストーン 天然石 アクセサリー プレゼント ギフト プチギフト 母の日 父の日 送料無料","多面カット","テラヘルツ","X12","Y11",,"0","9","8","-1",
"2026/09/06 10:10:19","受注取込","7986519","7986519X11Y11","【ごっそり鼻毛処理！お得な10本セット】鼻毛カッター 鼻毛トリマー  耳かき NEK ★REVL 7986519 男性用 女性用 送料無料","ONESIZE","アイボリー","X11","Y11",,"0","74","73","-1",
"2026/09/06 10:10:51","受注取込","7986516","7986516X11Y11","【当店限定モデル/深め】 AVIREX キャップ メンズ レディース 深め 刺繍 シンプル 81747500 ★REVL 7986516 ブランド コットン100％ サイズ調整可能 ブラック グレージュ 送料無料","ONESIZE","ブラック","X11","Y11",,"0","1","0","-1",
"2026/09/06 10:15:30","受注取込","7987794","7987794X12Y11","【大きいサイズもあり】キャスハンチング キャップ メンズ レディース CULTURE MART NEK 101294 ★REV 7987794 ハンチング帽子 ハンチング帽 秋冬 帽子 ハンチング キャスケット メンズ帽子 レディース帽子秋冬 秋冬帽子 メンズハンチング おしゃれ カルチャーマート","大きいサイズ","ベージュ(1)","X12","Y11",,"0","114","113","-1",
"2026/09/06 10:15:47","受注取込","7987400","7987400X11Y11","【とにかくデカい！/普通サイズあり！】キャップ メンズ 大きいサイズ 帽子 深め ビッグサイズ ★REVM 7987400 BIG SIZE メンズキャップ帽子 大きめ 大きい帽子 メンズ帽子 レディース 春 夏 春夏 プレゼント ギフト 母の日 父の日 送料無料","大きいサイズ","A-ブラック","X11","Y11",,"0","236","235","-1",
"2026/09/06 10:21:03","受注取込","7986822","7986822X11Y11","【耐強風/12本骨】 折りたたみ傘 大きいサイズ メンズ レディース 117cm 自動開閉 ★REV 7986822 遮蔽率99.9% UVカット UPF50+ 日傘 晴雨兼用 収納袋 紫外線遮断 雨傘 丈夫 頑丈 傘 完全遮光 ワンタッチ かさ 送料無料","ONESIZE","ブラック","X11","Y11",,"0","28","27","-1",
"2026/09/06 10:25:47","受注取込","7987674","7987674X11Y11","【ヒョウ柄】リュックサック リュック レディース メンズ デイパック バックパック ★REV 7987674 ヒョウ柄 レオパード プレゼント ギフト クリスマス 送料無料","ONESIZE","レオパード","X11","Y11",,"0","38","37","-1",
"2026/09/06 10:28:47","受注取込","7987085","7987085X11Y40","【とにかくデカい！】大きいサイズ キャップ 大きめ 深い 深め ビッグサイズ BIG SIZE ★REV 7987085 メンズキャップ帽子 大きい帽子 メンズ帽子 レディース 春 夏 春夏 プレゼント ギフト 母の日 父の日 送料無料","YA","30","X11","Y40",,"0","8","7","-1",
"2026/09/06 10:39:00","受注取込","7986545","7986545X11Y11","【お得な2枚組】AVIREX アビレックス  アヴィレックス ボクサーパンツ メンズ NEK ★REVL 7986545 アンダーウェア 下着 かっこいい おすすめ 人気 カモフラ 迷彩 カモ柄 ロゴ ブランド 男性 紳士 プレゼント プチギフト 父の日 誕生日 彼氏 父 息子 ギフト 記念日 福袋 送料無料","M","2枚組","X11","Y11",,"0","32","31","-1",
"2026/09/06 10:42:47","受注取込","7988386","7988386X11Y11","【高輝度・省電力】LED 卓上 ライト 間接照明 おしゃれ テーブルランプ 北欧 ベッドライト ★REV 7988386 照明 ランプ 一人暮らし ナイトランプ ムードランプ インテリア 雑貨 スタンドライト フロアライト ベッドサイド ルームライト 寝室 usb 電気スタンド フロアランプ","ONESIZE","アイボリー","X11","Y11",,"0","185","184","-1",
"2026/09/06 10:48:22","受注取込","7987061","7987061X11Y11","【お得な2組セット】アームカバー メンズ レディース 2組セット 冷感 NEK ★REV 7987061 ひんやり スポーツ 紫外線カット UVカット 男用 仕事 外 夏 運動 ゴルフ サイクリング 通気性 速乾性 接触冷感 UPF50+ 日焼け防止 送料無料","ONESIZE","ブラック","X11","Y11",,"0","310","309","-1",
"2026/09/06 10:48:22","受注取込","7988088","7988088X11Y11","安全靴 スニーカー エアウォーク AIR WALK Y_YU AW-920 グリーン フレックスフィット ローカット メンズ セーフティシューズ 樹脂先芯 軽量 衝撃吸収 負担軽減 作業靴 オシャレ  かかとが踏める ムレにくい","25.0cm ","グリーン","X11","Y11",,"0","75","74","-1",
"2026/09/06 10:51:47","受注取込","7987952","7987952X11Y15","2WAY ボストンバッグ 大容量 メンズ レディース ショルダーバッグ 旅行 ★REV 7987952 アウトドア キャンプ スポーツ ジム ゴルフ 肩掛け シューズ収納 軽量 防水 靴収納 スポーツバッグ ジムバッグ 2wayバック 男 女子 ボストンバック 靴 収納 ボストン メンズ 送料無料","ONESIZE","ブラック","X11","Y15",,"0","52","51","-1",
"2026/09/06 10:54:47","受注取込","7987400","7987400X11Y16","【とにかくデカい！/普通サイズあり！】キャップ メンズ 大きいサイズ 帽子 深め ビッグサイズ ★REVM 7987400 BIG SIZE メンズキャップ帽子 大きめ 大きい帽子 メンズ帽子 レディース 春 夏 春夏 プレゼント ギフト 母の日 父の日 送料無料","大きいサイズ","F-ブラック","X11","Y16",,"0","137","136","-1",
"2026/09/06 10:55:00","受注取込","7987400","7987400X11Y30","【とにかくデカい！/普通サイズあり！】キャップ メンズ 大きいサイズ 帽子 深め ビッグサイズ ★REVM 7987400 BIG SIZE メンズキャップ帽子 大きめ 大きい帽子 メンズ帽子 レディース 春 夏 春夏 プレゼント ギフト 母の日 父の日 送料無料","大きいサイズ","T-ブラック","X11","Y30",,"0","29","28","-1",
"2026/09/06 10:56:26","受注取込","7986749","7986749X11Y14","【高見え/きちんと感/2WAY】ミニトート バッグ レディース トートバッグ ショルダーバッグ ★REV 7986749 トート ミニトートバッグ 合皮レザー ランチバッグ マザーズバッグ 収納 かわいい シンプル おしゃれ 便利 無地 通勤 通学 ユニセックス ジッパー付き 防犯 紛失 対策 送料無料","ONESIZE","ベージュ","X11","Y14",,"0","6","5","-1",
"2026/09/06 11:11:30","受注取込","7987081","7987081X11Y11","【豊富なポケット数】ショルダーバッグ メンズ レディース ミリタリー Military タクティカルバッグ ★REV 7987081 サコッシュ キャンプ アウトドア サバゲー 斜め掛け 鞄 バッグ カバン ipad OK 送料無料","ONESIZE","ブラック","X11","Y11",,"0","8","7","-1",
"2026/09/06 11:13:48","受注取込","8003102","8003102X22Y12","やみつきになる！ ストレッチ AVIREX アビレックス Tシャツ メンズ ★REV NEK 6143501 6143502 Vネック クルーネック 半袖 プレゼント ギフト","クルーネック_ネイビー(ロイヤル)_086","Mサイズ","X22","Y12",,"0","2","1","-1",
"2026/09/06 11:13:48","受注取込","8003102","8003102X18Y12","やみつきになる！ ストレッチ AVIREX アビレックス Tシャツ メンズ ★REV NEK 6143501 6143502 Vネック クルーネック 半袖 プレゼント ギフト","クルーネック_グレー_014","Mサイズ","X18","Y12",,"0","4","3","-1",
"2026/09/06 11:13:48","受注取込","7994812","7994812X12Y11","サファリハット メンズ 釣り 帽子 ハット レディース SUNS(サンズ)  撥水 アウトドア 登山 キャンプ バーベキュー NEK ★REV H-051 H-053 送料無料 大きいサイズあり キッズサイズ 子供 UVカット アドベンチャーハット 父の日 プレゼント ユニセックス 春 夏 夏フェス ギフト","大きいサイズ","BK/BLACK(H_051)","X12","Y11",,"0","186","185","-1",
"2026/09/06 11:15:17","受注取込","7986531","7986531X11Y13","【新型/IQOS イルマ i ワン用】アイコス イルマiワン ILUMA ケース 保護ケース NEK ★REVL 7986531 iqosイルマワン イルマワンカバー 耐衝撃 おしゃれ iqos iluma one 専用 IQOSイルマワン保護ケース レザー ヒョウ柄 ペイズリー 保護カバー アイコスケース アクセサリー 送料無料","ONESIZE","96","X11","Y13",,"0","6","5","-1",
"2026/09/06 11:23:59","受注取込","7986716","7986716X11Y11","【紫外線でプロ級チェック】アニサキスライト UV 紫外線ライト ブラックライト NEK ★REVL 7986716 365nm 充電式 TYPE-C充電  USB 光学レンズ アニサキス検出 生活 食事 釣り 掃除 コンパクト 送料無料","1本","ブラック(TYPE-C)","X11","Y11",,"0","40","39","-1",
"2026/09/06 11:33:24","受注取込","7988124","7988124X11Y13","大きいサイズ キャップ 帽子 メンズ フルキャップ ベースボールキャップ コットンキャップ 野球帽 ワンポイント ★REV 7988124 イーグル 鷲 刺繍 ミリタリー BIGSIZE キングサイズ 送料無料","ONESIZE","グレー","X11","Y13",,"0","37","36","-1",
"2026/09/06 11:33:24","受注取込","7988124","7988124X11Y12","大きいサイズ キャップ 帽子 メンズ フルキャップ ベースボールキャップ コットンキャップ 野球帽 ワンポイント ★REV 7988124 イーグル 鷲 刺繍 ミリタリー BIGSIZE キングサイズ 送料無料","ONESIZE","ネイビー","X11","Y12",,"0","28","27","-1",
"2026/09/06 11:33:24","受注取込","7988124","7988124X11Y14","大きいサイズ キャップ 帽子 メンズ フルキャップ ベースボールキャップ コットンキャップ 野球帽 ワンポイント ★REV 7988124 イーグル 鷲 刺繍 ミリタリー BIGSIZE キングサイズ 送料無料","ONESIZE","メッシュブラック","X11","Y14",,"0","42","41","-1",
"2026/09/06 11:37:14","受注取込","7987323","7987323X12Y11","【めちゃ早っ充電】充電器 タイプC iphone ipad 2mケーブル PD30W NEK ★REV 7987323 アイコス IQOS イルマ MacBook Surface pro Switch アダプター TYPE-C/TYPE-C TYPE-C/Lightning xperia エクスペリア 高速充電 日本PSE認証 プレゼント 送料無料","TYPE-C/Lightning","ホワイト","X12","Y11",,"0","86","85","-1",
"2026/09/06 11:42:47","受注取込","7987400","7987400X11Y16","【とにかくデカい！/普通サイズあり！】キャップ メンズ 大きいサイズ 帽子 深め ビッグサイズ ★REVM 7987400 BIG SIZE メンズキャップ帽子 大きめ 大きい帽子 メンズ帽子 レディース 春 夏 春夏 プレゼント ギフト 母の日 父の日 送料無料","大きいサイズ","F-ブラック","X11","Y16",,"0","136","135","-1",
"2026/09/06 11:44:17","受注取込","8003112","8003112X14Y14","AVIREX アビレックス タンクトップ メンズ 無地 アヴィレックス メンズアメカジトップス ★REV NEK 6143503 全10色 プレゼント ギフト","XL","チャコール(19)","X14","Y14",,"0","3","2","-1",
"2026/09/06 11:45:17","受注取込","7992723","7992723X14Y11","お得！ 送料無料 4枚入り 福袋 Dickies ディッキーズ ボクサーパンツ メンズ かわいい NEK ★REV <br> パンツ ボクサーパンツ セット メンズ下着 メンズボクサーパンツ メンズボクサー 大きいサイズ 大きめ 特大 3L 下着 インナー メンズ usa まとめ買い プレゼント ギフト","3L","福袋4枚セット","X14","Y11",,"0","83","82","-1",
"2026/09/06 11:48:33","受注取込","7986965","7986965X13Y21","【12種類展開】AVIREX ロンT Vネック クルーネック ヘンリーネック Y_U NEK 4930003 0004 0005 ★REV 7986965 長袖 リブ  メンズ 正規品 ブランド おしゃれ 無地 ストレッチ アビレックス アヴィレックス 6153480 6153481 6153482 送料無料","L","ヘンリーネック_ブラック(10)","X13","Y21",,"0","10","9","-1",
"2026/09/06 11:50:31","受注取込","7986850","7986850X15Y11","【耐滑底/おしゃれ】安全靴 スニーカー エアウォーク ミッドカット AIR WALK AW-940 AW-950 Y_YU ★REV 7986850 メンズ おしゃれ 耐滑底 樹脂先芯 ストレッチロック セーフティシューズ 作業靴 送料無料","27.0cm","AW-940_オレンジ","X15","Y11",,"0","5","4","-1",
"2026/09/06 11:52:47","受注取込","7986572","7986572X11Y29","【新型/IQOS イルマ i ワン用】アイコス イルマiワン ILUMA ケース 保護ケース NEK ★REVL 7986572 iqosイルマワン イルマワンカバー 耐衝撃 おしゃれ iqos iluma one 専用 IQOSイルマワン保護ケース レザー ヒョウ柄 ペイズリー 保護カバー アイコスケース アクセサリー 送料無料","イルマiワン","73","X11","Y29",,"0","19","18","-1",
"2026/09/06 11:57:01","受注取込","7987106","7987106X11Y13","【持ち手が仕上げる】日本製 長財布 メンズ レディース 財布 ウォレット ★REV CH-1008 7987106 本革 本皮 CHAMELEON カメレオン アドバンガラス革 Vinyage DIY 送料無料","ONESIZE","グリーン","X11","Y13",,"0","2","1","-1",
"2026/09/06 11:58:37","受注取込","7987085","7987085X11Y30","【とにかくデカい！】大きいサイズ キャップ 大きめ 深い 深め ビッグサイズ BIG SIZE ★REV 7987085 メンズキャップ帽子 大きい帽子 メンズ帽子 レディース 春 夏 春夏 プレゼント ギフト 母の日 父の日 送料無料","YA","20","X11","Y30",,"0","14","13","-1",
"2026/09/06 11:58:46","受注取込","7987659","7987659X11Y15","【スーツに合う！】カーボン 財布 メンズ ミニ財布 短財布 LTG レザー 革 本革 牛革 NEK ★REV 7987659 ビジネス カーボンレザー ショートウォレット 父の日 おすすめ 人気 ギフト さいふ ウォレット 男性 ギフト 紳士用 プレゼント 薄い スリム 収納 メンズ財布 送料無料","ONESIZE","ブラック×ブラウン","X11","Y15",,"0","2","1","-1",
"2026/09/06 11:59:19","WEB画面","7986986","7986986X11Y11","【UVカット・撥水】バケットハット ハット 帽子 メンズ レディース UVカット 撥水 NEK ★REV 7986986 バイカラー 軽量 通気性 おしゃれ 送料無料","ONESIZE","ネイビー","X11","Y11",,"0","4","2","-2","大木 望"
"2026/09/06 11:59:19","WEB画面","7986986","7986986X11Y12","【UVカット・撥水】バケットハット ハット 帽子 メンズ レディース UVカット 撥水 NEK ★REV 7986986 バイカラー 軽量 通気性 おしゃれ 送料無料","ONESIZE","ブラック","X11","Y12",,"0","8","5","-3","大木 望"
"2026/09/06 11:59:19","WEB画面","7986986","7986986X11Y13","【UVカット・撥水】バケットハット ハット 帽子 メンズ レディース UVカット 撥水 NEK ★REV 7986986 バイカラー 軽量 通気性 おしゃれ 送料無料","ONESIZE","オリーブ","X11","Y13",,"0","10","5","-5","大木 望"
"2026/09/06 12:00:02","受注取込","7988624","7988624X11Y12","【最安値に挑戦 速攻配達】水タバコ シーシャ 本体 フーカ Shisha Hookah セット ブラック 本体 水パイプ 送料無料 ★REV 7988624 プレゼント ギフト","ONESIZE","グリーン","X11","Y12",,"0","6","5","-1",
"2026/09/06 12:06:05","WEB画面","7992540","7992540X11Y14","AVIREX ワークキャップ メンズ 大きいサイズ 大きめ キャップ ブランド 帽子 アメカジ アビレックス 春 夏 秋 冬 綿100％ ★REV 18490000 14787700 80264100 7992540 ネイビー/ベージュ/ブラック/カーキ プレゼント ギフト","ONESIZE","【D】カーキ","X11","Y14",,"0","44","39","-5","大木 望"
"2026/09/06 12:06:18","受注取込","7986572","7986572X11Y31","【新型/IQOS イルマ i ワン用】アイコス イルマiワン ILUMA ケース 保護ケース NEK ★REVL 7986572 iqosイルマワン イルマワンカバー 耐衝撃 おしゃれ iqos iluma one 専用 IQOSイルマワン保護ケース レザー ヒョウ柄 ペイズリー 保護カバー アイコスケース アクセサリー 送料無料","イルマiワン","75","X11","Y31",,"0","10","9","-1",
"2026/09/06 12:06:18","受注取込","7988215","7988215X17Y12","【とにかくデカい！】 大きいサイズ キャップ メッシュキャップ 送料無料 大きめ ビッグサイズ BIG SIZE ★REV 7988215 <br> 帽子 ハット キャップ ワークキャップ メンズキャップ 大きいサイズ バケット 大きい帽子 メンズ バケハ メンズ帽子 大きい 頭 メッシュ 全39カラー","GG","2","X17","Y12",,"0","52","51","-1",
"2026/09/06 12:08:23","受注取込","7988448","7988448X11Y15","【超ミニサイズ】ミニ財布 栃木レザー 短財布 財布 メンズ 小さい 小さめ 小ぶり レディース 本革 レザー 日本製  TDSG-1024 送料無料 職人技 無地 ヌメ革 総革 本皮 フルベジタブルタンニング 父の日 母の日 誕生日 プレゼント ギフト","ONESIZE","キャメル","X11","Y15",,"0","1","0","-1",
"2026/09/06 12:18:31","受注取込","7986692","7986692X11Y11","【お得な3本セット】ハンガー ピンチハンガー ステンレス 3本セット ピンチ10個 ★REVL 7986692 ステンレスハンガー 物干しハンガー 洗濯物干し 収納 コンパクト 防風 小物ハンガー 靴下 下着 タオル 洗濯バサミ おしゃれ 送料無料","ONESIZE","シルバー","X11","Y11",,"0","25","24","-1",
"2026/09/06 12:25:18","受注取込","7994812","7994812X11Y12","サファリハット メンズ 釣り 帽子 ハット レディース SUNS(サンズ)  撥水 アウトドア 登山 キャンプ バーベキュー NEK ★REV H-051 H-053 送料無料 大きいサイズあり キッズサイズ 子供 UVカット アドベンチャーハット 父の日 プレゼント ユニセックス 春 夏 夏フェス ギフト","普通サイズ","BLACK(H_051)","X11","Y12",,"0","40","39","-1",
"2026/09/06 12:27:00","受注取込","7987065","7987065X15Y12","【衝撃に強い】安全靴 スニーカー エアウォーク ミッドカット ハイカット ミドルカット AIR WALK AW-970 AW-980 Y_YU ★REV 7987065 メンズ おしゃれ 耐滑底 樹脂先芯 超軽量 マジックテープ セーフティシューズ 作業靴","27.0cm","AW-980_WHITE","X15","Y12",,"0","79","78","-1",
"2026/09/06 12:30:01","受注取込","8002459","8002459X14Y11","AVIREX ジップアップリブパーカー メンズ メンズ ジャージ デイリーシリーズ Y_U 5230008 4930006 6153641 ★REV 8002459 無地 アビレックス アヴィレックス 正規品 ","XL","ブラック(10)","X14","Y11",,"0","5","4","-1",
"2026/09/06 12:36:47","受注取込","9009978","9009978X1Y7","帽子 メンズ AVIREX アビレックス 送料無料 キャップ 父の日 プレゼント 贈り物 ニットキャップ メッシュキャップ 大きいサイズ レディース ディッキーズ ローキャップ ワークキャップ ハット ハンチング おしゃれ ロゴ 刺繍 プリント アメカジ HYPE 通販 yos ギフト","A","-7","X1","Y7",,"0","11","10","-1",
"2026/09/06 12:38:17","受注取込","7987344","7987344X11Y11","【4個入でお得】カラビナ パラコード キーホルダー キーチェーン 4本セット NEK ★REV 7987344 帽子フック おしゃれ キーリング アウトドア リュック バッグ キャンプ 非常用 災害 ロープ 紐 便利 代用 防災 丈夫 コンパクト 軽量 プレゼント ギフト 送料無料","ONESIZE","4色セット","X11","Y11",,"0","29","28","-1",
"2026/09/06 12:38:17","受注取込","7987140","7987140X11Y19","【COOLにマナーを】携帯灰皿 カラビナ付き 吸い殻入れ 金属製 フタ付き 小型 軽量 NEK ★REVL 7987140 喫煙グッズ アッシュトレイ 持ち運び便利 男性 メンズ レディース 送料無料","ONESIZE","I.グリーン","X11","Y19",,"0","10","8","-2",
"2026/09/06 12:39:01","受注取込","7987093","7987093X12Y13","【新型iphone/IQOS対応】急速5A 3股 Type-C 充電ケーブル スマホケーブル 1.2m 2m 3m typec NEK ★REVL 7987093 新型iphone IQOS対応 USB A→Type-C×3 充電ケーブル 3in1 急速 送料無料","2.0m","ブラック_TypeC/TypeC×3","X12","Y13",,"0","64","63","-1",
"2026/09/06 12:39:47","受注取込","7992723","7992723X12Y11","お得！ 送料無料 4枚入り 福袋 Dickies ディッキーズ ボクサーパンツ メンズ かわいい NEK ★REV <br> パンツ ボクサーパンツ セット メンズ下着 メンズボクサーパンツ メンズボクサー 大きいサイズ 大きめ 特大 3L 下着 インナー メンズ usa まとめ買い プレゼント ギフト","L","福袋4枚セット","X12","Y11",,"0","139","138","-1",
"2026/09/06 12:39:47","受注取込","7987400","7987400X11Y16","【とにかくデカい！/普通サイズあり！】キャップ メンズ 大きいサイズ 帽子 深め ビッグサイズ ★REVM 7987400 BIG SIZE メンズキャップ帽子 大きめ 大きい帽子 メンズ帽子 レディース 春 夏 春夏 プレゼント ギフト 母の日 父の日 送料無料","大きいサイズ","F-ブラック","X11","Y16",,"0","135","134","-1",
"2026/09/06 12:39:47","受注取込","7986531","7986531X11Y16","【新型/IQOS イルマ i ワン用】アイコス イルマiワン ILUMA ケース 保護ケース NEK ★REVL 7986531 iqosイルマワン イルマワンカバー 耐衝撃 おしゃれ iqos iluma one 専用 IQOSイルマワン保護ケース レザー ヒョウ柄 ペイズリー 保護カバー アイコスケース アクセサリー 送料無料","ONESIZE","99","X11","Y16",,"0","15","14","-1",
"2026/09/06 12:40:31","受注取込","7986751","7986751X12Y11","【グリップ力効果/洗濯可能】トレーニンググローブ 手袋 筋トレ 筋トレグローブ NEK ★REV 7986751 レディース メンズ ジム手袋 指無し ウェイトリフティング 防滑 クッション性 伸びる 洗濯OK バーベル サイクリング ヨガ グリップ 衝撃吸収 通気性 送料無料","M","ピンク","X12","Y11",,"0","10","9","-1",
"2026/09/06 12:52:01","受注取込","7986564","7986564X11Y16","【当店限定/大きいサイズ】BlackRebel 帽子 キャップ メンズ レディース 大きいサイズ ★REVL 7986564 深め Vintage クラッシュ 加工 こなれ感 おしゃれ 送料無料","ONESIZE","ワイン","X11","Y16",,"0","33","32","-1",
"2026/09/06 12:54:47","受注取込","7992723","7992723X12Y11","お得！ 送料無料 4枚入り 福袋 Dickies ディッキーズ ボクサーパンツ メンズ かわいい NEK ★REV <br> パンツ ボクサーパンツ セット メンズ下着 メンズボクサーパンツ メンズボクサー 大きいサイズ 大きめ 特大 3L 下着 インナー メンズ usa まとめ買い プレゼント ギフト","L","福袋4枚セット","X12","Y11",,"0","138","137","-1",
"2026/09/06 12:56:00","受注取込","7988386","7988386X11Y11","【高輝度・省電力】LED 卓上 ライト 間接照明 おしゃれ テーブルランプ 北欧 ベッドライト ★REV 7988386 照明 ランプ 一人暮らし ナイトランプ ムードランプ インテリア 雑貨 スタンドライト フロアライト ベッドサイド ルームライト 寝室 usb 電気スタンド フロアランプ","ONESIZE","アイボリー","X11","Y11",,"0","184","183","-1",
"2026/09/06 12:57:09","WEB画面","7986797","7986797X11Y11","【お得な2個セット】天然石 オブシディアン 黒曜石 3mm 4mm ブレスレット レディース NEK ★REVL 7986797 メンズ パワーストーン アクセサリー プレゼント ギフト お守り 金運 財運 仕事運 恋愛 結婚 家庭円満 癒し 幸運 成功運 勝負運 家族運 厄除祈願","2個セット","ブラック","X11","Y11",,"0","0","40","40","庄司 泰久"
"2026/09/06 12:57:54","WEB画面","7986798","7986798X11Y11","【抜け感キャスケット】キャスケット  キャスハンチング キャップ メンズ レディース NEK ★REV 7986798 ハンチング帽子 タクシーハット ニュースボーイキャップ ニュースボーイハット おしゃれ 送料無料","ONESIZE","オリーブ","X11","Y11",,"0","27","57","30","庄司 泰久"
"2026/09/06 12:57:54","WEB画面","7986798","7986798X11Y12","【抜け感キャスケット】キャスケット  キャスハンチング キャップ メンズ レディース NEK ★REV 7986798 ハンチング帽子 タクシーハット ニュースボーイキャップ ニュースボーイハット おしゃれ 送料無料","ONESIZE","ブラック","X11","Y12",,"0","67","117","50","庄司 泰久"
"2026/09/06 12:57:54","WEB画面","7986798","7986798X11Y13","【抜け感キャスケット】キャスケット  キャスハンチング キャップ メンズ レディース NEK ★REV 7986798 ハンチング帽子 タクシーハット ニュースボーイキャップ ニュースボーイハット おしゃれ 送料無料","ONESIZE","オフホワイト","X11","Y13",,"0","8","38","30","庄司 泰久"
"2026/09/06 12:57:54","WEB画面","7986798","7986798X11Y14","【抜け感キャスケット】キャスケット  キャスハンチング キャップ メンズ レディース NEK ★REV 7986798 ハンチング帽子 タクシーハット ニュースボーイキャップ ニュースボーイハット おしゃれ 送料無料","ONESIZE","ベージュ","X11","Y14",,"0","3","23","20","庄司 泰久"
"2026/09/06 12:57:54","WEB画面","7986798","7986798X11Y15","【抜け感キャスケット】キャスケット  キャスハンチング キャップ メンズ レディース NEK ★REV 7986798 ハンチング帽子 タクシーハット ニュースボーイキャップ ニュースボーイハット おしゃれ 送料無料","ONESIZE","グレー","X11","Y15",,"0","0","100","100","庄司 泰久"
"2026/09/06 12:58:18","WEB画面","7986597","7986597X11Y11","【目元リラックス！高純度テラヘルツ】高純度 テラヘルツ アイマスク NEK ★REVL 7986597 重さ150g・包み込む美容ケア・リラクゼーション用 健康 テラヘルツ波 パワーストーン 天然石 アクセサリー プレゼント ギフト プチギフト 母の日 父の日 送料無料","アイマスク","メタリッククローム","X11","Y11",,"0","0","100","100","庄司 泰久"
"2026/09/06 12:58:40","WEB画面","7986596","7986596X11Y11","【繰り返し使える！高純度テラヘルツ】高純度 テラヘルツ フェイスマスク NEK ★REVL 7986596 重さ608g・包み込む美容ケア・リラクゼーション用 健康 テラヘルツ波 パワーストーン 天然石 アクセサリー プレゼント ギフト プチギフト 母の日 父の日 送料無料","フェイスマスク","メタリッククローム","X11","Y11",,"0","18","68","50","庄司 泰久"
"2026/09/06 12:59:51","WEB画面","7987642","7987642X11Y11","【送料無料】ミニ財布 メンズ 本革 レディース 二つ折り 財布 カードケース LTG カード入れ 多い NEK ★REV 7987642 折りたたみ コンパクト 小さい財布 小銭入れ コインスルー お札が折れない スキミング防止 ファスナー コインケース ミニマリスト ラウンドジッパー","ONESIZE","ブラック","X11","Y11",,"0","0","100","100","庄司 泰久"
"2026/09/06 12:59:51","WEB画面","7987642","7987642X11Y13","【送料無料】ミニ財布 メンズ 本革 レディース 二つ折り 財布 カードケース LTG カード入れ 多い NEK ★REV 7987642 折りたたみ コンパクト 小さい財布 小銭入れ コインスルー お札が折れない スキミング防止 ファスナー コインケース ミニマリスト ラウンドジッパー","ONESIZE","オレンジ","X11","Y13",,"0","14","44","30","庄司 泰久"
"2026/09/06 12:59:51","WEB画面","7987642","7987642X11Y14","【送料無料】ミニ財布 メンズ 本革 レディース 二つ折り 財布 カードケース LTG カード入れ 多い NEK ★REV 7987642 折りたたみ コンパクト 小さい財布 小銭入れ コインスルー お札が折れない スキミング防止 ファスナー コインケース ミニマリスト ラウンドジッパー","ONESIZE","イエロー","X11","Y14",,"0","0","20","20","庄司 泰久"
"2026/09/06 12:59:51","WEB画面","7987642","7987642X11Y15","【送料無料】ミニ財布 メンズ 本革 レディース 二つ折り 財布 カードケース LTG カード入れ 多い NEK ★REV 7987642 折りたたみ コンパクト 小さい財布 小銭入れ コインスルー お札が折れない スキミング防止 ファスナー コインケース ミニマリスト ラウンドジッパー","ONESIZE","オリーブ","X11","Y15",,"0","8","38","30","庄司 泰久"
"2026/09/06 12:59:51","WEB画面","7987642","7987642X11Y16","【送料無料】ミニ財布 メンズ 本革 レディース 二つ折り 財布 カードケース LTG カード入れ 多い NEK ★REV 7987642 折りたたみ コンパクト 小さい財布 小銭入れ コインスルー お札が折れない スキミング防止 ファスナー コインケース ミニマリスト ラウンドジッパー","ONESIZE","グリーン","X11","Y16",,"0","10","30","20","庄司 泰久"
"2026/09/06 13:00:37","WEB画面","7986511","7986511X11Y11","【本革】 キーケース メンズ レディース 本革 レザー スマートキー キーホルダー 鍵 NEK ★REVL 7986511 キーチェーン 小銭入れ プレゼント ミニギフト 父の日 母の日 送料無料","ONESIZE","ワイン","X11","Y11",,"0","4","24","20","庄司 泰久"
"2026/09/06 13:00:37","WEB画面","7986511","7986511X11Y12","【本革】 キーケース メンズ レディース 本革 レザー スマートキー キーホルダー 鍵 NEK ★REVL 7986511 キーチェーン 小銭入れ プレゼント ミニギフト 父の日 母の日 送料無料","ONESIZE","チョコ","X11","Y12",,"0","2","32","30","庄司 泰久"
"2026/09/06 13:00:37","WEB画面","7986511","7986511X11Y13","【本革】 キーケース メンズ レディース 本革 レザー スマートキー キーホルダー 鍵 NEK ★REVL 7986511 キーチェーン 小銭入れ プレゼント ミニギフト 父の日 母の日 送料無料","ONESIZE","ブラウン","X11","Y13",,"0","3","23","20","庄司 泰久"
"2026/09/06 13:00:37","WEB画面","7986511","7986511X11Y14","【本革】 キーケース メンズ レディース 本革 レザー スマートキー キーホルダー 鍵 NEK ★REVL 7986511 キーチェーン 小銭入れ プレゼント ミニギフト 父の日 母の日 送料無料","ONESIZE","キャメル","X11","Y14",,"0","2","22","20","庄司 泰久"
"2026/09/06 13:00:37","WEB画面","7986511","7986511X11Y15","【本革】 キーケース メンズ レディース 本革 レザー スマートキー キーホルダー 鍵 NEK ★REVL 7986511 キーチェーン 小銭入れ プレゼント ミニギフト 父の日 母の日 送料無料","ONESIZE","ディープターコイズ","X11","Y15",,"0","13","28","15","庄司 泰久"
"2026/09/06 13:00:37","WEB画面","7986511","7986511X11Y16","【本革】 キーケース メンズ レディース 本革 レザー スマートキー キーホルダー 鍵 NEK ★REVL 7986511 キーチェーン 小銭入れ プレゼント ミニギフト 父の日 母の日 送料無料","ONESIZE","オリーブ","X11","Y16",,"0","6","21","15","庄司 泰久"
"2026/09/06 13:01:15","WEB画面","7986546","7986546X11Y11","【超かわいい】メガネ リング 指輪 レディース 韓国 おもしろ 個性的 フリーサイズ NEK ★REVO 7986546 華奢 ユニーク モチーフリング おしゃれ アクセサリー","ONESIZE","シルバー","X11","Y11",,"0","21","51","30","庄司 泰久"
"2026/09/06 13:01:15","WEB画面","7986546","7986546X11Y12","【超かわいい】メガネ リング 指輪 レディース 韓国 おもしろ 個性的 フリーサイズ NEK ★REVO 7986546 華奢 ユニーク モチーフリング おしゃれ アクセサリー","ONESIZE","ゴールド","X11","Y12",,"0","2","102","100","庄司 泰久"
"2026/09/06 13:01:15","WEB画面","7986546","7986546X11Y13","【超かわいい】メガネ リング 指輪 レディース 韓国 おもしろ 個性的 フリーサイズ NEK ★REVO 7986546 華奢 ユニーク モチーフリング おしゃれ アクセサリー","ONESIZE","ピンクゴールド","X11","Y13",,"0","4","84","80","庄司 泰久"
"2026/09/06 13:03:31","WEB画面","7986712","7986712X11Y20","【超協力マグネット/選べる33種】帽子クリップ ハットクリップ キャップクリップ  NEK ★REV 7986712 帽子収納ホルダー 収納フック キーホルダー 強力マグネット レザー調 アクセサリー チャーム キーリング キーケース 送料無料","ONESIZE","10","X11","Y20",,"0","32","72","40","庄司 泰久"
"2026/09/06 13:03:31","WEB画面","7986712","7986712X11Y23","【超協力マグネット/選べる33種】帽子クリップ ハットクリップ キャップクリップ  NEK ★REV 7986712 帽子収納ホルダー 収納フック キーホルダー 強力マグネット レザー調 アクセサリー チャーム キーリング キーケース 送料無料","ONESIZE","13","X11","Y23",,"0","2","12","10","庄司 泰久"
"2026/09/06 13:03:31","WEB画面","7986712","7986712X11Y27","【超協力マグネット/選べる33種】帽子クリップ ハットクリップ キャップクリップ  NEK ★REV 7986712 帽子収納ホルダー 収納フック キーホルダー 強力マグネット レザー調 アクセサリー チャーム キーリング キーケース 送料無料","ONESIZE","17","X11","Y27",,"0","7","17","10","庄司 泰久"
"2026/09/06 13:03:31","WEB画面","7986712","7986712X11Y29","【超協力マグネット/選べる33種】帽子クリップ ハットクリップ キャップクリップ  NEK ★REV 7986712 帽子収納ホルダー 収納フック キーホルダー 強力マグネット レザー調 アクセサリー チャーム キーリング キーケース 送料無料","ONESIZE","19","X11","Y29",,"0","10","15","5","庄司 泰久"
"2026/09/06 13:03:31","WEB画面","7986712","7986712X11Y30","【超協力マグネット/選べる33種】帽子クリップ ハットクリップ キャップクリップ  NEK ★REV 7986712 帽子収納ホルダー 収納フック キーホルダー 強力マグネット レザー調 アクセサリー チャーム キーリング キーケース 送料無料","ONESIZE","20","X11","Y30",,"0","8","18","10","庄司 泰久"
"2026/09/06 13:03:31","WEB画面","7986712","7986712X11Y31","【超協力マグネット/選べる33種】帽子クリップ ハットクリップ キャップクリップ  NEK ★REV 7986712 帽子収納ホルダー 収納フック キーホルダー 強力マグネット レザー調 アクセサリー チャーム キーリング キーケース 送料無料","ONESIZE","21","X11","Y31",,"0","11","21","10","庄司 泰久"
"2026/09/06 13:03:31","WEB画面","7986712","7986712X11Y32","【超協力マグネット/選べる33種】帽子クリップ ハットクリップ キャップクリップ  NEK ★REV 7986712 帽子収納ホルダー 収納フック キーホルダー 強力マグネット レザー調 アクセサリー チャーム キーリング キーケース 送料無料","ONESIZE","22","X11","Y32",,"0","10","40","30","庄司 泰久"
"2026/09/06 13:03:31","WEB画面","7986712","7986712X11Y34","【超協力マグネット/選べる33種】帽子クリップ ハットクリップ キャップクリップ  NEK ★REV 7986712 帽子収納ホルダー 収納フック キーホルダー 強力マグネット レザー調 アクセサリー チャーム キーリング キーケース 送料無料","ONESIZE","24","X11","Y34",,"0","7","77","70","庄司 泰久"
"2026/09/06 13:03:31","WEB画面","7986712","7986712X11Y37","【超協力マグネット/選べる33種】帽子クリップ ハットクリップ キャップクリップ  NEK ★REV 7986712 帽子収納ホルダー 収納フック キーホルダー 強力マグネット レザー調 アクセサリー チャーム キーリング キーケース 送料無料","ONESIZE","27","X11","Y37",,"0","3","53","50","庄司 泰久"
"2026/09/06 13:03:31","WEB画面","7986712","7986712X11Y38","【超協力マグネット/選べる33種】帽子クリップ ハットクリップ キャップクリップ  NEK ★REV 7986712 帽子収納ホルダー 収納フック キーホルダー 強力マグネット レザー調 アクセサリー チャーム キーリング キーケース 送料無料","ONESIZE","28","X11","Y38",,"0","8","23","15","庄司 泰久"
"2026/09/06 13:03:31","WEB画面","7986712","7986712X11Y40","【超協力マグネット/選べる33種】帽子クリップ ハットクリップ キャップクリップ  NEK ★REV 7986712 帽子収納ホルダー 収納フック キーホルダー 強力マグネット レザー調 アクセサリー チャーム キーリング キーケース 送料無料","ONESIZE","30","X11","Y40",,"0","9","14","5","庄司 泰久"
"2026/09/06 13:03:31","WEB画面","7986712","7986712X11Y42","【超協力マグネット/選べる33種】帽子クリップ ハットクリップ キャップクリップ  NEK ★REV 7986712 帽子収納ホルダー 収納フック キーホルダー 強力マグネット レザー調 アクセサリー チャーム キーリング キーケース 送料無料","ONESIZE","32","X11","Y42",,"0","0","30","30","庄司 泰久"
"2026/09/06 13:03:31","WEB画面","7986712","7986712X11Y11","【超協力マグネット/選べる33種】帽子クリップ ハットクリップ キャップクリップ  NEK ★REV 7986712 帽子収納ホルダー 収納フック キーホルダー 強力マグネット レザー調 アクセサリー チャーム キーリング キーケース 送料無料","ONESIZE","1","X11","Y11",,"0","25","105","80","庄司 泰久"
"2026/09/06 13:03:31","WEB画面","7986712","7986712X11Y12","【超協力マグネット/選べる33種】帽子クリップ ハットクリップ キャップクリップ  NEK ★REV 7986712 帽子収納ホルダー 収納フック キーホルダー 強力マグネット レザー調 アクセサリー チャーム キーリング キーケース 送料無料","ONESIZE","2","X11","Y12",,"0","8","28","20","庄司 泰久"
"2026/09/06 13:03:31","WEB画面","7986712","7986712X11Y13","【超協力マグネット/選べる33種】帽子クリップ ハットクリップ キャップクリップ  NEK ★REV 7986712 帽子収納ホルダー 収納フック キーホルダー 強力マグネット レザー調 アクセサリー チャーム キーリング キーケース 送料無料","ONESIZE","3","X11","Y13",,"0","5","45","40","庄司 泰久"
"2026/09/06 13:03:31","WEB画面","7986712","7986712X11Y17","【超協力マグネット/選べる33種】帽子クリップ ハットクリップ キャップクリップ  NEK ★REV 7986712 帽子収納ホルダー 収納フック キーホルダー 強力マグネット レザー調 アクセサリー チャーム キーリング キーケース 送料無料","ONESIZE","7","X11","Y17",,"0","16","136","120","庄司 泰久"
"2026/09/06 13:03:31","WEB画面","7986712","7986712X11Y18","【超協力マグネット/選べる33種】帽子クリップ ハットクリップ キャップクリップ  NEK ★REV 7986712 帽子収納ホルダー 収納フック キーホルダー 強力マグネット レザー調 アクセサリー チャーム キーリング キーケース 送料無料","ONESIZE","8","X11","Y18",,"0","20","60","40","庄司 泰久"
"2026/09/06 13:03:31","WEB画面","7986712","7986712X11Y19","【超協力マグネット/選べる33種】帽子クリップ ハットクリップ キャップクリップ  NEK ★REV 7986712 帽子収納ホルダー 収納フック キーホルダー 強力マグネット レザー調 アクセサリー チャーム キーリング キーケース 送料無料","ONESIZE","9","X11","Y19",,"0","15","65","50","庄司 泰久"
"2026/09/06 13:04:03","WEB画面","7986988","7986988X11Y11","【おしゃれ】バケットハット 帽子 メンズ レディース デニム パッチワーク NEK ★REV 7986988 Vintage ジーンズ 送料無料","ONESIZE","A","X11","Y11",,"0","0","40","40","庄司 泰久"
"2026/09/06 13:04:03","WEB画面","7986988","7986988X11Y12","【おしゃれ】バケットハット 帽子 メンズ レディース デニム パッチワーク NEK ★REV 7986988 Vintage ジーンズ 送料無料","ONESIZE","B","X11","Y12",,"0","7","47","40","庄司 泰久"
"2026/09/06 13:04:03","WEB画面","7986988","7986988X11Y14","【おしゃれ】バケットハット 帽子 メンズ レディース デニム パッチワーク NEK ★REV 7986988 Vintage ジーンズ 送料無料","ONESIZE","D","X11","Y14",,"0","12","22","10","庄司 泰久"
"2026/09/06 13:04:52","WEB画面","7986986","7986986X11Y14","【UVカット・撥水】バケットハット ハット 帽子 メンズ レディース UVカット 撥水 NEK ★REV 7986986 バイカラー 軽量 通気性 おしゃれ 送料無料","ONESIZE","ベージュ","X11","Y14",,"0","0","25","25","庄司 泰久"
"2026/09/06 13:04:52","WEB画面","7986986","7986986X11Y11","【UVカット・撥水】バケットハット ハット 帽子 メンズ レディース UVカット 撥水 NEK ★REV 7986986 バイカラー 軽量 通気性 おしゃれ 送料無料","ONESIZE","ネイビー","X11","Y11",,"0","2","32","30","庄司 泰久"
"2026/09/06 13:04:52","WEB画面","7986986","7986986X11Y12","【UVカット・撥水】バケットハット ハット 帽子 メンズ レディース UVカット 撥水 NEK ★REV 7986986 バイカラー 軽量 通気性 おしゃれ 送料無料","ONESIZE","ブラック","X11","Y12",,"0","5","30","25","庄司 泰久"
"2026/09/06 13:04:52","WEB画面","7986986","7986986X11Y13","【UVカット・撥水】バケットハット ハット 帽子 メンズ レディース UVカット 撥水 NEK ★REV 7986986 バイカラー 軽量 通気性 おしゃれ 送料無料","ONESIZE","オリーブ","X11","Y13",,"0","5","30","25","庄司 泰久"
"2026/09/06 13:05:25","WEB画面","7987399","7987399X11Y11","希少 グリーン タイガーアイ パワーストーン ブレスレット NEK ★REV 7987399 バングル メンズ レディース 虎目石 アクセサリー 金運 財運 仕事運 恋愛 結婚 家庭円満 癒し 幸運 成功運 勝負運 家族運 厄除祈願 天然石 お守り プレゼント ギフト 母の日 父の日 送料無料","ONESIZE","GREENタイガーアイ","X11","Y11",,"0","5","35","30","庄司 泰久"
"2026/09/06 13:05:47","WEB画面","7987481","7987481X11Y11","【お得な2個セット】犬 ナスカン キーホルダー キーフック キーケース NEK ★REV 7987481 カラナビ プレゼント ギフト アクセサリー 送料無料","ONESIZE","2個セット","X11","Y11",,"0","6","106","100","庄司 泰久"
"2026/09/06 13:06:14","WEB画面","7987121","7987121X11Y11","Vintage キャスケット ハンチング メンズ レディース デニム素材 キャスハンチング NEK ★REV 7987121 ハット 鳥打帽 アクセサリー 送料無料","ONESIZE","ネイビー","X11","Y11",,"0","0","35","35","庄司 泰久"
"2026/09/06 13:06:14","WEB画面","7987121","7987121X11Y12","Vintage キャスケット ハンチング メンズ レディース デニム素材 キャスハンチング NEK ★REV 7987121 ハット 鳥打帽 アクセサリー 送料無料","ONESIZE","ブルー","X11","Y12",,"0","0","35","35","庄司 泰久"
"2026/09/06 13:13:21","受注取込","7986575","7986575X11Y11","【幸運の象徴 馬蹄ホースシュー】馬 蹄 ホース ネックレス 馬蹄 レディース シルバー NEK ★REVA 7986575 アクセサリー おしゃれ きれいめ 金アレ対応 シンプル プレゼント ギフト 送料無料","ONESIZE","シルバー×ゴールド","X11","Y11",,"0","26","25","-1",
"2026/09/06 13:15:47","受注取込","7987559","7987559X11Y13","ミニ財布 ミニウォレット 短財布 メンズ レディース ウォレット NEK ★REV 7987559 プレゼント ギフト 父の日 母の日 プチギフト 誕プレ 送料無料","ONESIZE","ネイビー","X11","Y13",,"0","19","18","-1",
"2026/09/06 13:16:31","受注取込","7986706","7986706X12Y11","【特大！すっぽりかぶって、小顔見せ】バケットハット チューリップハット 帽子 NEK ★REVL 7986706 メンズ レディース 大きいサイズ 普通サイズ  デニム素材 コットン100％ おしゃれ フリンジ 送料無料","大きいサイズ","ブラック","X12","Y11",,"0","113","112","-1",
"2026/09/06 13:17:01","受注取込","7986572","7986572X11Y42","【新型/IQOS イルマ i ワン用】アイコス イルマiワン ILUMA ケース 保護ケース NEK ★REVL 7986572 iqosイルマワン イルマワンカバー 耐衝撃 おしゃれ iqos iluma one 専用 IQOSイルマワン保護ケース レザー ヒョウ柄 ペイズリー 保護カバー アイコスケース アクセサリー 送料無料","イルマiワン","86","X11","Y42",,"0","21","20","-1",
"2026/09/06 13:31:47","受注取込","7988215","7988215X16Y15","【とにかくデカい！】 大きいサイズ キャップ メッシュキャップ 送料無料 大きめ ビッグサイズ BIG SIZE ★REV 7988215 <br> 帽子 ハット キャップ ワークキャップ メンズキャップ 大きいサイズ バケット 大きい帽子 メンズ バケハ メンズ帽子 大きい 頭 メッシュ 全39カラー","FF","5","X16","Y15",,"0","151","150","-1",
"2026/09/06 13:32:47","受注取込","7987026","7987026X12Y11","【大きいサイズあり】キャップ 11cm つば長 帽子 メンズ レディース ★REV 7987026 深め 深い ゴルフ 無地 日焼け止め UVカット 送料無料","大きいサイズ","ブラック","X12","Y11",,"0","44","43","-1",
"2026/09/06 13:32:47","受注取込","7987400","7987400X11Y13","【とにかくデカい！/普通サイズあり！】キャップ メンズ 大きいサイズ 帽子 深め ビッグサイズ ★REVM 7987400 BIG SIZE メンズキャップ帽子 大きめ 大きい帽子 メンズ帽子 レディース 春 夏 春夏 プレゼント ギフト 母の日 父の日 送料無料","大きいサイズ","C-グレー","X11","Y13",,"0","68","67","-1",
"2026/09/06 13:32:47","受注取込","7987400","7987400X11Y11","【とにかくデカい！/普通サイズあり！】キャップ メンズ 大きいサイズ 帽子 深め ビッグサイズ ★REVM 7987400 BIG SIZE メンズキャップ帽子 大きめ 大きい帽子 メンズ帽子 レディース 春 夏 春夏 プレゼント ギフト 母の日 父の日 送料無料","大きいサイズ","A-ブラック","X11","Y11",,"0","235","234","-1",
"2026/09/06 13:33:00","受注取込","7986572","7986572X11Y13","【新型/IQOS イルマ i ワン用】アイコス イルマiワン ILUMA ケース 保護ケース NEK ★REVL 7986572 iqosイルマワン イルマワンカバー 耐衝撃 おしゃれ iqos iluma one 専用 IQOSイルマワン保護ケース レザー ヒョウ柄 ペイズリー 保護カバー アイコスケース アクセサリー 送料無料","イルマiワン","57","X11","Y13",,"0","15","14","-1",
"2026/09/06 13:45:37","WEB画面","7986975","7986975X11Y13","【万能マルチカバー】ソファーカバー 2人掛け 3人掛け 1人掛け ブランケット ひざ掛け 大判 ★REV 7986975 北欧 マルチカバー キャンプ フリンジ付き  母の日 父の日 ギフト プレゼント 送料無料","90×90","ブルーグレー","X11","Y13",,"0","25","26","1","大木 望"
"2026/09/06 13:47:18","受注取込","7990744","7990744X13Y15","在庫あり マスク カラーマスク 大きいサイズあり 洗える 手洗い 繰り返し使える NEK 7990744 ブラック 大人用 マスク 黒マスク ブラックマスク 花粉 pm2.5 クロ B系 ストリート ファッション コスプレ ストレッチ 12色展開 ALI  プレゼント ギフト","大きいサイズ(L)","ホワイト","X13","Y15",,"0","749","739","-10",
"2026/09/06 13:51:47","受注取込","7986530","7986530X11Y11","【ちょうどいい長さの25cm】全7通り Type-C 充電ケーブル スマホケーブル 急速6A NEK ★REVL 7986530 USB A→Type-C Type-C→Type-C Type-C→ライトニング スマホアクセサリー 新型iphone IQOS対応 短いケーブル 送料無料","ONESIZE","A_Type-C/Type-C【L字型】","X11","Y11",,"0","5","4","-1",
"2026/09/06 13:54:18","受注取込","7997141","7997141X11Y11","特大 スイカ ドーナツ 浮き輪 浮輪 送料無料 プール 大人用 子供用 NEK 7997141 ★REV 120cm 90cm 80cm 70cm 60cm サイズ 大きい 大きめ うきわ ウキワ すいか 海 海水浴 ビックフロート 水上 レジャー かわいい フローティングベッド 西瓜 子供用浮き輪 大人 子供 こども","120cm","スイカ","X11","Y11",,"0","605","604","-1",
"2026/09/06 13:57:17","受注取込","7986594","7986594X11Y11","【高純度テラヘルツ/鏡面多面カット】 テラヘルツ ブレスレット メンズ レディース 6mm NEK ★REVL 7986594 健康 テラヘルツ波 パワーストーン 天然石 アクセサリー プレゼント ギフト プチギフト 母の日 父の日 送料無料","ブレスレット","メタリッククローム","X11","Y11",,"0","2","1","-1",
"2026/09/06 13:57:17","受注取込","7988381","7988381X11Y11","【圧巻の180色 プロ仕様】油性色鉛筆 色鉛筆 180色 塗り絵 絵具 マンガ 漫画 デッサン スケッチ 学生 美大生 絵画 葉書 7988381 ぬり絵 色鉛筆 セット 画材 美術 アート ポスター 色鉛筆セット 色えんぴつ プレゼント 小学生 中学生 油性 誕生日 ギフト 速攻配達＆送料無料","ONESIZE","180本セット","X11","Y11",,"0","13","12","-1",
"2026/09/06 13:57:36","受注取込","7987081","7987081X11Y12","【豊富なポケット数】ショルダーバッグ メンズ レディース ミリタリー Military タクティカルバッグ ★REV 7987081 サコッシュ キャンプ アウトドア サバゲー 斜め掛け 鞄 バッグ カバン ipad OK 送料無料","ONESIZE","ブラックカモ","X11","Y12",,"0","3","2","-1",
"2026/09/06 14:08:31","受注取込","7986902","7986902X12Y13","【定番】AVIREX パーカー フルジップパーカー スウェット ジャージ 裏起毛 メンズ レディース 正規品 ブランド おしゃれ 無地 アビレックス アヴィレックス Y_U 7833931005 ★REV 7986902 DAILY/デイリー ZIP UP SWEAT PARKA 送料無料","L","ネイビー(120)","X12","Y13",,"0","8","7","-1",
"2026/09/06 14:14:31","受注取込","7986778","7986778X12Y11","【高純度テラヘルツ/3通りの使い方可能】 テラヘルツ ネックレス アンクレット ブレスレット NEK ★REV 7986778 メンズ レディース 鏡面多面カット 3.0mm 健康 テラヘルツ波 パワーストーン 天然石 アクセサリー プレゼント ギフト プチギフト 母の日 父の日 送料無料","多面カット","テラヘルツ","X12","Y11",,"0","8","7","-1",
"2026/09/06 14:15:48","受注取込","7986511","7986511X11Y16","【本革】 キーケース メンズ レディース 本革 レザー スマートキー キーホルダー 鍵 NEK ★REVL 7986511 キーチェーン 小銭入れ プレゼント ミニギフト 父の日 母の日 送料無料","ONESIZE","オリーブ","X11","Y16",,"0","21","20","-1",
"2026/09/06 14:23:17","受注取込","7986618","7986618X11Y11","【お得な2個入り】 LED電球 E26口金 40W形相当 6W 500LM 昼白色 RGB 16色 調光調色 ★REVL 7986618 カラフル マルチカラー リモコン付き 記憶機能 16色選択可 リモート 装飾照明電球 パーティー/リビングルーム/カフェー/舞台 2個入り 送料無料","2個セット","ホワイト","X11","Y11",,"0","47","46","-1",
"2026/09/06 14:23:23","WEB画面","7987802","7987802X14Y13","健康サンダル 足つぼ スリッパ 健康 サンダル 健康スリッパ 天然石 パワーストーン レディース メンズ オフィス ★REV 7987802 リラックス ストーン 足裏 足うら 刺激 ツボ押し つぼ押し 超強力 マッサージ 室内 屋外 野外 リフレクソロジー 足ツボサンダル 石 岩 送料無料","41-42(25.5～26.0cm)","シャンパンゴールド","X14","Y13",,"0","45","44","-1","立花"
"2026/09/06 14:24:47","受注取込","9009978","9009978X11Y7","帽子 メンズ AVIREX アビレックス 送料無料 キャップ 父の日 プレゼント 贈り物 ニットキャップ メッシュキャップ 大きいサイズ レディース ディッキーズ ローキャップ ワークキャップ ハット ハンチング おしゃれ ロゴ 刺繍 プリント アメカジ HYPE 通販 yos ギフト","K","-7","X11","Y7",,"0","14","13","-1",
"2026/09/06 14:29:01","受注取込","7988215","7988215X17Y11","【とにかくデカい！】 大きいサイズ キャップ メッシュキャップ 送料無料 大きめ ビッグサイズ BIG SIZE ★REV 7988215 <br> 帽子 ハット キャップ ワークキャップ メンズキャップ 大きいサイズ バケット 大きい帽子 メンズ バケハ メンズ帽子 大きい 頭 メッシュ 全39カラー","GG","1","X17","Y11",,"0","22","21","-1",
"2026/09/06 14:29:01","受注取込","7988215","7988215X16Y15","【とにかくデカい！】 大きいサイズ キャップ メッシュキャップ 送料無料 大きめ ビッグサイズ BIG SIZE ★REV 7988215 <br> 帽子 ハット キャップ ワークキャップ メンズキャップ 大きいサイズ バケット 大きい帽子 メンズ バケハ メンズ帽子 大きい 頭 メッシュ 全39カラー","FF","5","X16","Y15",,"0","150","149","-1",
"2026/09/06 14:29:01","受注取込","7987559","7987559X11Y13","ミニ財布 ミニウォレット 短財布 メンズ レディース ウォレット NEK ★REV 7987559 プレゼント ギフト 父の日 母の日 プチギフト 誕プレ 送料無料","ONESIZE","ネイビー","X11","Y13",,"0","18","17","-1",
"2026/09/06 14:36:34","受注取込","7990226","7990226X11Y11","【12本入り 速攻配達 送料無料】藤の花 魔除け 造花 フェイクフラワー ★REV 7990226 <br> 鬼が嫌う 誕生日 お祝い プレゼント ギフト 飾り付け 和 インテリア 造花 藤の花 フェイクグリーン インテリアグリーン セット 花飾り 吊り下げ 人工観葉植物 12本入り 送料無料","ONESIZE","パープル","X11","Y11",,"0","40","39","-1",
"2026/09/06 14:40:25","受注取込","7986849","7986849X11Y14","【ゴージャスに遊ぶ】トランプ プラスチック 54枚 撥水 NEK ★REV 7986849 ブラック ゴールド シルバー ピンクゴールド カードゲーム マジックトランプ パーティーグッズ プレゼント ギフト ポーカー ブラックジャック 手品 送料無料","ONESIZE","D","X11","Y14",,"0","31","30","-1",
"2026/09/06 14:49:17","受注取込","7987475","7987475X11Y11","【防犯】護身用 タクティカルスティック 防災グッズ 熊対策グッズ クマ対策 タクティカルペン キーホルダー 女性 キーリング NEK ★REVM 7987475 棒 車 ガラス 防災 災害 車内 軽量 不審者 痴漢 痴漢対策 武器 護身グッズ 自己防衛 コンパクト 非常時 バッググリップ","ONESIZE","ブラック","X11","Y11",,"0","59","58","-1",
"2026/09/06 14:55:18","受注取込","7986693","7986693X11Y14","【健康な髪は地肌から】 シャンプーブラシ シャワーブラシ スカルプブラシ ★REV 7986693 レディース メンズ 頭皮マッサージブラシ  ヘッドスパブラシ お風呂 洗浄 ドライ＆ウェット両用 頭皮ケア 毛穴スッキリ 櫛 送料無料","ONESIZE","オリーブ","X11","Y14",,"0","34","33","-1",
"2026/09/06 14:56:00","受注取込","7986572","7986572X11Y13","【新型/IQOS イルマ i ワン用】アイコス イルマiワン ILUMA ケース 保護ケース NEK ★REVL 7986572 iqosイルマワン イルマワンカバー 耐衝撃 おしゃれ iqos iluma one 専用 IQOSイルマワン保護ケース レザー ヒョウ柄 ペイズリー 保護カバー アイコスケース アクセサリー 送料無料","イルマiワン","57","X11","Y13",,"0","14","13","-1",
"2026/09/06 14:56:00","受注取込","7986572","7986572X11Y11","【新型/IQOS イルマ i ワン用】アイコス イルマiワン ILUMA ケース 保護ケース NEK ★REVL 7986572 iqosイルマワン イルマワンカバー 耐衝撃 おしゃれ iqos iluma one 専用 IQOSイルマワン保護ケース レザー ヒョウ柄 ペイズリー 保護カバー アイコスケース アクセサリー 送料無料","イルマiワン","55","X11","Y11",,"0","13","12","-1",
"2026/09/06 14:57:04","受注取込","7987345","7987345X12Y13","【とにかくデカい！】 大きいサイズ キャップ 送料無料 大きめ ビッグサイズ ★REV 7987345 BIG SIZE 帽子 ハット キャップ キャスケット メンズキャップ 大きいサイズ バケット 大きい帽子 メンズ メンズ帽子 大きい 頭 メッシュキャップ","BBB","3","X12","Y13",,"0","5","4","-1",
"2026/09/06 15:00:00","受注取込","7987610","7987610X11Y11","【お得3本セット】ピンセット イルマ ワン テリア ILUMA TEREA アイコス NEK ★REV 7987610 IQOS グロー プルーム 電子タバコ お掃除 DIY LTG プラモデル 模型 工作 クリーニングフィルター クリーナー プレゼント ギフト 母の日 父の日 送料無料","ONESIZE","3本セット","X11","Y11",,"0","200","199","-1",
"2026/09/06 15:02:17","受注取込","7987678","7987678X12Y14","【洗濯可能】トレーニンググローブ 手袋 筋トレ 筋トレグローブ メンズ レディース 指無し NEK ★REV 7987678 ウェイトリフティング 防滑 クッション性 伸びる 洗濯OK バーベル サイクリング ヨガ グリップ","M","B-ブラック","X12","Y14",,"0","42","41","-1",
"2026/09/06 15:03:31","受注取込","7986545","7986545X12Y11","【お得な2枚組】AVIREX アビレックス  アヴィレックス ボクサーパンツ メンズ NEK ★REVL 7986545 アンダーウェア 下着 かっこいい おすすめ 人気 カモフラ 迷彩 カモ柄 ロゴ ブランド 男性 紳士 プレゼント プチギフト 父の日 誕生日 彼氏 父 息子 ギフト 記念日 福袋 送料無料","L","2枚組","X12","Y11",,"0","30","29","-1",
"2026/09/06 15:03:47","受注取込","7988386","7988386X11Y11","【高輝度・省電力】LED 卓上 ライト 間接照明 おしゃれ テーブルランプ 北欧 ベッドライト ★REV 7988386 照明 ランプ 一人暮らし ナイトランプ ムードランプ インテリア 雑貨 スタンドライト フロアライト ベッドサイド ルームライト 寝室 usb 電気スタンド フロアランプ","ONESIZE","アイボリー","X11","Y11",,"0","183","182","-1",
"2026/09/06 15:10:13","受注取込","7987139","7987139X11Y15","【頑丈でタフ】ポーチ 小物入れ メンズ ウエストポーチ スマホケース ミリタリー NEK ★REV 7987139 アイコスケース サバゲー アウトドア キャンプ サバイバルギア MOLLEシステム対応 モール式 バッグ リュック 装備品 送料無料","ONESIZE","ブラックカモ","X11","Y15",,"0","31","29","-2",
"2026/09/06 15:12:01","受注取込","7987559","7987559X11Y11","ミニ財布 ミニウォレット 短財布 メンズ レディース ウォレット NEK ★REV 7987559 プレゼント ギフト 父の日 母の日 プチギフト 誕プレ 送料無料","ONESIZE","グレー","X11","Y11",,"0","27","26","-1",
"2026/09/06 15:14:47","受注取込","7987070","7987070X11Y11","【お得な2枚組】X-LARGE XLARGE エクストララージ ボクサーパンツ メンズ アンダーウェア 下着 NEK ★REVL 7987070 かっこいい ツルツル おすすめ 人気 カモフラ タイダイ 炎 迷彩 カモ柄 ブランド 男性 紳士 プレゼント プチギフト 父の日 誕生日 彼氏 父 息子 ギフト 記念日 大きいサイズ 福袋 送料無料","M","2枚組","X11","Y11",,"0","37","36","-1",
"2026/09/06 15:16:00","受注取込","7994812","7994812X12Y33","サファリハット メンズ 釣り 帽子 ハット レディース SUNS(サンズ)  撥水 アウトドア 登山 キャンプ バーベキュー NEK ★REV H-051 H-053 送料無料 大きいサイズあり キッズサイズ 子供 UVカット アドベンチャーハット 父の日 プレゼント ユニセックス 春 夏 夏フェス ギフト","大きいサイズ","GREIGE(H-051)","X12","Y33",,"0","106","105","-1",
"2026/09/06 15:17:17","受注取込","7987482","7987482X11Y11","【均一価格】ネックレス メンズ Vintage NEK ★REV 7987482 レディース アクセサリー ペンダント 316L ステンレス チェーンボール プレゼント プチギフト 送料無料","ONESIZE","A 聖母マリア","X11","Y11",,"0","1","0","-1",
"2026/09/06 15:19:00","受注取込","7988386","7988386X11Y11","【高輝度・省電力】LED 卓上 ライト 間接照明 おしゃれ テーブルランプ 北欧 ベッドライト ★REV 7988386 照明 ランプ 一人暮らし ナイトランプ ムードランプ インテリア 雑貨 スタンドライト フロアライト ベッドサイド ルームライト 寝室 usb 電気スタンド フロアランプ","ONESIZE","アイボリー","X11","Y11",,"0","182","181","-1",
"2026/09/06 15:22:00","受注取込","7987170","7987170X11Y11","【万能で役立つ！男ツール】 マルチツール ドライバー 多機能 工具 日曜大工 DIY NEK ★REVL 7987170 防災 アウトドア 用品 キャンプ 雑貨 ペンチ のこぎり 缶切り ボトルオープナー ワイヤーカッター 収納ケース付 庭 ガーデニング 多機能ペンチ ギフト プレゼント","ONESIZE","シルバー","X11","Y11",,"0","14","13","-1",
"2026/09/06 15:28:17","受注取込","7986572","7986572X11Y28","【新型/IQOS イルマ i ワン用】アイコス イルマiワン ILUMA ケース 保護ケース NEK ★REVL 7986572 iqosイルマワン イルマワンカバー 耐衝撃 おしゃれ iqos iluma one 専用 IQOSイルマワン保護ケース レザー ヒョウ柄 ペイズリー 保護カバー アイコスケース アクセサリー 送料無料","イルマiワン","72","X11","Y28",,"0","30","29","-1",
"2026/09/06 15:33:47","受注取込","7988124","7988124X11Y12","大きいサイズ キャップ 帽子 メンズ フルキャップ ベースボールキャップ コットンキャップ 野球帽 ワンポイント ★REV 7988124 イーグル 鷲 刺繍 ミリタリー BIGSIZE キングサイズ 送料無料","ONESIZE","ネイビー","X11","Y12",,"0","27","26","-1",
"2026/09/06 15:34:31","受注取込","7987170","7987170X11Y11","【万能で役立つ！男ツール】 マルチツール ドライバー 多機能 工具 日曜大工 DIY NEK ★REVL 7987170 防災 アウトドア 用品 キャンプ 雑貨 ペンチ のこぎり 缶切り ボトルオープナー ワイヤーカッター 収納ケース付 庭 ガーデニング 多機能ペンチ ギフト プレゼント","ONESIZE","シルバー","X11","Y11",,"0","13","12","-1",
"2026/09/06 15:40:16","受注取込","7987626","7987626X11Y11","【お得な5個セット】LEDライト キーホルダー 小型LEDライト NEK ★REV 7987626 キーライト 高輝度 5灯 LR44 ボタン電池 LTG 送料無料","ONESIZE","5本セット","X11","Y11",,"0","423","422","-1",
"2026/09/06 15:42:06","WEB画面","7986564","7986564X11Y15","【当店限定/大きいサイズ】BlackRebel 帽子 キャップ メンズ レディース 大きいサイズ ★REVL 7986564 深め Vintage クラッシュ 加工 こなれ感 おしゃれ 送料無料","ONESIZE","グレー","X11","Y15",,"0","68","67","-1","大木 望"
"2026/09/06 15:44:31","受注取込","7986533","7986533X11Y13","【ダメージ加工がCOOL】LA Los Angeles 帽子 キャップ Vintage メンズ レディース ★REVL 7986533 くすみカラー こなれ感 深め しっかり素材 送料無料","ONESIZE","ベージュ","X11","Y13",,"0","2","1","-1",
"2026/09/06 15:44:47","受注取込","7997141","7997141X15Y12","特大 スイカ ドーナツ 浮き輪 浮輪 送料無料 プール 大人用 子供用 NEK 7997141 ★REV 120cm 90cm 80cm 70cm 60cm サイズ 大きい 大きめ うきわ ウキワ すいか 海 海水浴 ビックフロート 水上 レジャー かわいい フローティングベッド 西瓜 子供用浮き輪 大人 子供 こども","60cm","ドーナツイチゴ","X15","Y12",,"0","7","6","-1",
"2026/09/06 15:46:45","WEB画面","7992540","7992540X11Y14","AVIREX ワークキャップ メンズ 大きいサイズ 大きめ キャップ ブランド 帽子 アメカジ アビレックス 春 夏 秋 冬 綿100％ ★REV 18490000 14787700 80264100 7992540 ネイビー/ベージュ/ブラック/カーキ プレゼント ギフト","ONESIZE","【D】カーキ","X11","Y14",,"0","39","44","5","大木 望"
"2026/09/06 15:48:22","受注取込","7988090","7988090X14Y11","安全靴 スニーカー エアウォーク AIR WALK Y_YU AW-890 ブルー迷彩 アクティブライト ローカット メンズ セーフティシューズ 樹脂先芯 軽量 衝撃吸収 負担軽減 作業靴 オシャレ","26.5cm ","ブルー迷彩","X14","Y11",,"0","132","131","-1",
"2026/09/06 15:48:47","受注取込","7997141","7997141X15Y11","特大 スイカ ドーナツ 浮き輪 浮輪 送料無料 プール 大人用 子供用 NEK 7997141 ★REV 120cm 90cm 80cm 70cm 60cm サイズ 大きい 大きめ うきわ ウキワ すいか 海 海水浴 ビックフロート 水上 レジャー かわいい フローティングベッド 西瓜 子供用浮き輪 大人 子供 こども","60cm","スイカ","X15","Y11",,"0","70","69","-1",
"2026/09/06 15:56:01","受注取込","7987942","7987942X11Y17","【どこでもデスク】ベッドテーブル テーブル 折りたたみテーブル 小さい 一人用 おしゃれ ★REV 7987942 サイドテーブル ミニテーブル コンパクト 多機能 ノートパソコン デスク センターテーブル ローテーブル 送料無料","ONESIZE","ピンク","X11","Y17",,"0","3","2","-1",
"2026/09/06 16:03:00","受注取込","7986572","7986572X11Y22","【新型/IQOS イルマ i ワン用】アイコス イルマiワン ILUMA ケース 保護ケース NEK ★REVL 7986572 iqosイルマワン イルマワンカバー 耐衝撃 おしゃれ iqos iluma one 専用 IQOSイルマワン保護ケース レザー ヒョウ柄 ペイズリー 保護カバー アイコスケース アクセサリー 送料無料","イルマiワン","66","X11","Y22",,"0","6","5","-1",
"2026/09/06 16:03:47","受注取込","7987389","7987389X11Y13","【本革 総革】名刺入れ 名刺ケース 本革 メンズ NEK ★REV 7987389 レディース レザー 本皮 Vintage ヌメ革 プレゼント ギフト 母の日 父の日 送料無料","ONESIZE","ブラック","X11","Y13",,"0","19","18","-1",
"2026/09/06 16:05:01","受注取込","7987344","7987344X11Y11","【4個入でお得】カラビナ パラコード キーホルダー キーチェーン 4本セット NEK ★REV 7987344 帽子フック おしゃれ キーリング アウトドア リュック バッグ キャンプ 非常用 災害 ロープ 紐 便利 代用 防災 丈夫 コンパクト 軽量 プレゼント ギフト 送料無料","ONESIZE","4色セット","X11","Y11",,"0","28","27","-1",
"2026/09/06 16:10:04","WEB画面","7987802","7987802X14Y13","健康サンダル 足つぼ スリッパ 健康 サンダル 健康スリッパ 天然石 パワーストーン レディース メンズ オフィス ★REV 7987802 リラックス ストーン 足裏 足うら 刺激 ツボ押し つぼ押し 超強力 マッサージ 室内 屋外 野外 リフレクソロジー 足ツボサンダル 石 岩 送料無料","41-42(25.5～26.0cm)","シャンパンゴールド","X14","Y13",,"0","44","45","1","立花"
"2026/09/06 16:16:48","受注取込","7987400","7987400X11Y27","【とにかくデカい！/普通サイズあり！】キャップ メンズ 大きいサイズ 帽子 深め ビッグサイズ ★REVM 7987400 BIG SIZE メンズキャップ帽子 大きめ 大きい帽子 メンズ帽子 レディース 春 夏 春夏 プレゼント ギフト 母の日 父の日 送料無料","大きいサイズ","Q-ホワイト","X11","Y27",,"0","16","15","-1",
"2026/09/06 16:18:46","受注取込","7994812","7994812X12Y13","サファリハット メンズ 釣り 帽子 ハット レディース SUNS(サンズ)  撥水 アウトドア 登山 キャンプ バーベキュー NEK ★REV H-051 H-053 送料無料 大きいサイズあり キッズサイズ 子供 UVカット アドベンチャーハット 父の日 プレゼント ユニセックス 春 夏 夏フェス ギフト","大きいサイズ","NAVY(H_051)","X12","Y13",,"0","33","32","-1",
"2026/09/06 16:19:35","受注取込","7987616","7987616X11Y11","【バッグを汚さない！お得な2個入】バッグフック バッグハンガー デスク 便利 NEK ★REV 7987616 おしゃれ グッズ アイデア フック 机 テーブル グック ハンガー 防犯 メンズ レディース 荷物かけ カバン掛け プチギフト プレゼント LTG 送料無料","ONESIZE","ブラック/ワイン","X11","Y11",,"0","15","14","-1",
"2026/09/06 16:20:03","WEB画面","8003102","8003102X12Y12","やみつきになる！ ストレッチ AVIREX アビレックス Tシャツ メンズ ★REV NEK 6143501 6143502 Vネック クルーネック 半袖 プレゼント ギフト","Vネック_ブラック_009","Mサイズ","X12","Y12",,"0","0","2","2","塩谷 満里子"
"2026/09/06 16:20:03","WEB画面","8003102","8003102X13Y12","やみつきになる！ ストレッチ AVIREX アビレックス Tシャツ メンズ ★REV NEK 6143501 6143502 Vネック クルーネック 半袖 プレゼント ギフト","Vネック_グレー_014","Mサイズ","X13","Y12",,"0","0","2","2","塩谷 満里子"
"2026/09/06 16:20:05","受注取込","7987087","7987087X11Y15","Cloud 深め 帽子 キャップ メンズ レディース ★REV 7987087 Vintage CRUSH加工 サイド刺繍 おしゃれ 送料無料","ONESIZE","ピンク","X11","Y15",,"0","2","1","-1",
"2026/09/06 16:20:30","受注取込","7986634","7986634X12Y12","【正規品】スヌーピー SNOOPY ボアシューズ サンダル レディース ダウンサンダル スリッパ PEANUT Y_KO 8363 ★REVH 7986634 ブランド おしゃれ 室内履き ウッドストック チャーリー ブラウン 軽量","L","ダークブラウン","X12","Y12",,"0","3","2","-1",
"2026/09/06 16:20:30","受注取込","7986705","7986705X11Y12","【美シルエット/こなれ感UP】ハンチング キャスケット キャスハンチング 帽子 メンズ  レディース NEK ★REVL 7986705 デニム素材 コットン100％ おしゃれ ピンストライプ 送料無料","ONESIZE","ブラックデニム","X11","Y12",,"0","3","2","-1",
"2026/09/06 16:30:46","受注取込","7987810","7987810X11Y21","数字油絵 DIY 大人の塗り絵 子供の塗り絵 夏休みの宿題 インテリア 絵画 NEK ★REV 7987810 数字塗り絵 数字 油絵 セット 可愛い 塗り絵 大人 ぬり絵 ぬりえ 大人のぬりえ パズル塗り絵 パズルぬりえ インテリア おしゃれ アートパネル 暇つぶし プレゼント ギフト 送料無料","ONESIZE","K","X11","Y21",,"0","9","8","-1",
"2026/09/06 16:35:31","受注取込","7986798","7986798X11Y12","【抜け感キャスケット】キャスケット  キャスハンチング キャップ メンズ レディース NEK ★REV 7986798 ハンチング帽子 タクシーハット ニュースボーイキャップ ニュースボーイハット おしゃれ 送料無料","ONESIZE","ブラック","X11","Y12",,"0","117","116","-1",
"2026/09/06 16:37:01","受注取込","7987076","7987076X11Y11","【超軽量55g】特価 キャップ 帽子 メッシュキャップ ランニングキャップ NEK ★REV 7987076 メンズ レディース 速乾 軽量 ジョギング アウトドア キャンプ スポーツ 釣り 海 プール","アジャスタータイプ","ブラック","X11","Y11",,"0","3","2","-1",
"2026/09/06 16:40:42","受注取込","7987389","7987389X11Y17","【本革 総革】名刺入れ 名刺ケース 本革 メンズ NEK ★REV 7987389 レディース レザー 本皮 Vintage ヌメ革 プレゼント ギフト 母の日 父の日 送料無料","ONESIZE","ダークネイビー","X11","Y17",,"0","23","22","-1",
"2026/09/06 16:45:17","受注取込","7986643","7986643X14Y13"," 【ヒョウ柄 ふわふわ毛布 おしゃれ】毛布 ふわとろ毛布 もこもこ毛布 ブランケット ★REVL 7986643 モコモコ とろとろ ふわふわ 毛布 シングル セミダブル ダブル ひざ掛け 送料無料","160X200","ブルー","X14","Y13",,"0","26","25","-1",
"2026/09/06 16:46:00","受注取込","7992723","7992723X14Y11","お得！ 送料無料 4枚入り 福袋 Dickies ディッキーズ ボクサーパンツ メンズ かわいい NEK ★REV <br> パンツ ボクサーパンツ セット メンズ下着 メンズボクサーパンツ メンズボクサー 大きいサイズ 大きめ 特大 3L 下着 インナー メンズ usa まとめ買い プレゼント ギフト","3L","福袋4枚セット","X14","Y11",,"0","82","81","-1",
"2026/09/06 16:49:31","受注取込","7986779","7986779X12Y11","【高純度テラヘルツ/鏡面多面カット】 テラヘルツ アンクレット ブレスレット メンズ レディース NEK ★REV 7986779 4.0mm 健康 テラヘルツ波 パワーストーン 天然石 アクセサリー プレゼント ギフト プチギフト 母の日 父の日 送料無料","アンクレット","テラヘルツ","X12","Y11",,"0","32","31","-1",
"2026/09/06 16:49:47","受注取込","7987277","7987277X14Y11","【L字で使いやすい】爆速 PD60w対応 スマホ ケーブル C-TO-C Type-C to C NEK ★REV 7987277 TYPE-C 長さ25cm～3m iPhone 3A SPEED 急速 充電器 iPhone15 ipad ipad mini IQOS アイコス イルマ イルマワン プライム 送料無料","3.0M","ブラック","X14","Y11",,"0","1","0","-1",
"2026/09/06 16:58:54","受注取込","7987652","7987652X11Y16","ランニングライト led 充電式 ウォーキング 散歩 ライト 夜間 LEDアームバンド NEK ★REVL 7987652 LTG 反射 反射材 リフレクター LED リストバンド サバゲー マーカー 防災 プレゼント ギフト アウトドア キャンプ 母の日 父の日 送料無料","ONESIZE","グリーン","X11","Y16",,"0","86","85","-1",
"2026/09/06 17:01:18","受注取込","7987662","7987662X11Y13","【大きくルーズにかぶれる】大きいサイズ ニット帽 ニットキャップ 帽子 メンズ レディース NEK ★REV 7987662 ワッチキャップ プレゼント ギフト 母の日 父の日 プレゼント 誕生日 クリスマス 秋冬 防寒 おしゃれ 無地 送料無料","ONESIZE","ブラック","X11","Y13",,"0","2824","2823","-1",
"2026/09/06 17:09:01","受注取込","7995525","7995525X1Y12","AVIREX 限定モデル キャップ 帽子 父の日 贈り物 プレゼント メンズ ★REV ブラックシリーズ 黒 アビレックス アヴィレックス メッシュキャップ ハンチング ローキャップ バケット ハット ワークキャップ レディース かっこいい yos プレゼント ギフト","ONESIZE","【L】ワークキャップ_14787700_80","X1","Y12",,"0","85","84","-1",
"2026/09/06 17:09:01","受注取込","7988088","7988088X15Y11","安全靴 スニーカー エアウォーク AIR WALK Y_YU AW-920 グリーン フレックスフィット ローカット メンズ セーフティシューズ 樹脂先芯 軽量 衝撃吸収 負担軽減 作業靴 オシャレ  かかとが踏める ムレにくい","27.0cm ","グリーン","X15","Y11",,"0","90","89","-1",
"2026/09/06 17:09:30","受注取込","7995525","7995525X1Y8","AVIREX 限定モデル キャップ 帽子 父の日 贈り物 プレゼント メンズ ★REV ブラックシリーズ 黒 アビレックス アヴィレックス メッシュキャップ ハンチング ローキャップ バケット ハット ワークキャップ レディース かっこいい yos プレゼント ギフト","ONESIZE","【H】メッシュ_14587700_80","X1","Y8",,"0","197","196","-1",
"2026/09/06 17:09:30","受注取込","7995525","7995525X1Y2","AVIREX 限定モデル キャップ 帽子 父の日 贈り物 プレゼント メンズ ★REV ブラックシリーズ 黒 アビレックス アヴィレックス メッシュキャップ ハンチング ローキャップ バケット ハット ワークキャップ レディース かっこいい yos プレゼント ギフト","ONESIZE","【B】ハンチング_14911300","X1","Y2",,"0","80","79","-1",
"2026/09/06 17:14:47","受注取込","7986676","7986676X11Y12","【通気性抜群/薄手コットンニット】ハット 帽子 チューリップハット メンズ レディース NEK ★REVL 7986676 折りたたみ可能  UVカット 春夏ハット おしゃれ 無地 送料無料","ONESIZE","ネイビー","X11","Y12",,"0","25","24","-1",
"2026/09/06 17:17:06","WEB画面","7986480","7986480X11Y11","3WAY ショルダーバッグ ボトルショルダーバッグ メンズ レディース ペットボトル収納 NEK ★REVL 7986480 撥水 軽量 スマホポーチ ミニバッグ 斜め掛け 手持ち ユニセックス フェス アウトドア 旅行 送料無料","ONESIZE","ブラック","X11","Y11",,"0","64","62","-2","大木 望"
"2026/09/06 17:17:06","WEB画面","7986480","7986480X11Y12","3WAY ショルダーバッグ ボトルショルダーバッグ メンズ レディース ペットボトル収納 NEK ★REVL 7986480 撥水 軽量 スマホポーチ ミニバッグ 斜め掛け 手持ち ユニセックス フェス アウトドア 旅行 送料無料","ONESIZE","ベージュ","X11","Y12",,"0","45","43","-2","大木 望"
"2026/09/06 17:17:06","WEB画面","7986480","7986480X11Y13","3WAY ショルダーバッグ ボトルショルダーバッグ メンズ レディース ペットボトル収納 NEK ★REVL 7986480 撥水 軽量 スマホポーチ ミニバッグ 斜め掛け 手持ち ユニセックス フェス アウトドア 旅行 送料無料","ONESIZE","マスタード","X11","Y13",,"0","38","36","-2","大木 望"
"2026/09/06 17:17:06","WEB画面","7986480","7986480X11Y14","3WAY ショルダーバッグ ボトルショルダーバッグ メンズ レディース ペットボトル収納 NEK ★REVL 7986480 撥水 軽量 スマホポーチ ミニバッグ 斜め掛け 手持ち ユニセックス フェス アウトドア 旅行 送料無料","ONESIZE","オリーブ","X11","Y14",,"0","48","46","-2","大木 望"
"2026/09/06 17:27:01","受注取込","7986572","7986572X11Y31","【新型/IQOS イルマ i ワン用】アイコス イルマiワン ILUMA ケース 保護ケース NEK ★REVL 7986572 iqosイルマワン イルマワンカバー 耐衝撃 おしゃれ iqos iluma one 専用 IQOSイルマワン保護ケース レザー ヒョウ柄 ペイズリー 保護カバー アイコスケース アクセサリー 送料無料","イルマiワン","75","X11","Y31",,"0","9","8","-1",
"2026/09/06 17:27:01","受注取込","7986572","7986572X11Y30","【新型/IQOS イルマ i ワン用】アイコス イルマiワン ILUMA ケース 保護ケース NEK ★REVL 7986572 iqosイルマワン イルマワンカバー 耐衝撃 おしゃれ iqos iluma one 専用 IQOSイルマワン保護ケース レザー ヒョウ柄 ペイズリー 保護カバー アイコスケース アクセサリー 送料無料","イルマiワン","74","X11","Y30",,"0","6","5","-1",
"2026/09/06 17:30:14","受注取込","7986850","7986850X12Y12","【耐滑底/おしゃれ】安全靴 スニーカー エアウォーク ミッドカット AIR WALK AW-940 AW-950 Y_YU ★REV 7986850 メンズ おしゃれ 耐滑底 樹脂先芯 ストレッチロック セーフティシューズ 作業靴 送料無料","25.5cm","AW-950_ホワイト","X12","Y12",,"0","144","143","-1",
"2026/09/06 17:33:46","受注取込","7987455","7987455X11Y11","【足首おしゃれ】アンクレット レディース アクセサリー ゴールド シルバー 喜平 NEK ★REV 7987455 プレゼント プチギフト 送料無料","ワンサイズ","ゴールド","X11","Y11",,"0","1","0","-1",
"2026/09/06 17:35:31","受注取込","7987455","7987455X11Y12","【足首おしゃれ】アンクレット レディース アクセサリー ゴールド シルバー 喜平 NEK ★REV 7987455 プレゼント プチギフト 送料無料","ワンサイズ","シルバー","X11","Y12",,"0","26","25","-1",
"2026/09/06 17:40:29","受注取込","7986779","7986779X11Y11","【高純度テラヘルツ/鏡面多面カット】 テラヘルツ アンクレット ブレスレット メンズ レディース NEK ★REV 7986779 4.0mm 健康 テラヘルツ波 パワーストーン 天然石 アクセサリー プレゼント ギフト プチギフト 母の日 父の日 送料無料","ブレスレット","テラヘルツ","X11","Y11",,"0","12","11","-1",
"2026/09/06 17:43:47","受注取込","7992723","7992723X12Y11","お得！ 送料無料 4枚入り 福袋 Dickies ディッキーズ ボクサーパンツ メンズ かわいい NEK ★REV <br> パンツ ボクサーパンツ セット メンズ下着 メンズボクサーパンツ メンズボクサー 大きいサイズ 大きめ 特大 3L 下着 インナー メンズ usa まとめ買い プレゼント ギフト","L","福袋4枚セット","X12","Y11",,"0","137","136","-1",
"2026/09/06 17:43:47","受注取込","7986519","7986519X11Y11","【ごっそり鼻毛処理！お得な10本セット】鼻毛カッター 鼻毛トリマー  耳かき NEK ★REVL 7986519 男性用 女性用 送料無料","ONESIZE","アイボリー","X11","Y11",,"0","73","72","-1",
"2026/09/06 17:44:01","受注取込","7987409","7987409X11Y11","【130cm 大きいサイズ対応】本革 床革 ベルト メンズ 130cm NEK ★REV 7987409 大きいサイズ対応 シンセティックレザー ビジネスベルト カジュアルベルト 父の日 送料無料","ONESIZE","ブラックA","X11","Y11",,"0","56","55","-1",
"2026/09/06 17:47:17","受注取込","7987952","7987952X11Y13","2WAY ボストンバッグ 大容量 メンズ レディース ショルダーバッグ 旅行 ★REV 7987952 アウトドア キャンプ スポーツ ジム ゴルフ 肩掛け シューズ収納 軽量 防水 靴収納 スポーツバッグ ジムバッグ 2wayバック 男 女子 ボストンバック 靴 収納 ボストン メンズ 送料無料","ONESIZE","オリーブ","X11","Y13",,"0","4","3","-1",
"2026/09/06 17:47:31","受注取込","7994226","7994226X12Y12","【大きいサイズもあり 限定モデル】AVIREX メッシュキャップ メンズ 帽子 メンズ キャップ メンズ 14023200 14670200 レディース ★REV 父の日 贈り物 プレゼント ブランド アビレックス 送料無料 正規品 ブラック 黒 ネイビー 紺 グレー 灰 yos プレゼント ギフト","大きいサイズ_14670200","80_ブラック","X12","Y12",,"0","2","1","-1",
"2026/09/06 17:48:47","受注取込","7986462","7986462X11Y11","【デカい深い】キャップ メンズ レディース 大きいサイズ 深め 帽子 ★REVL 7986462  コットン100% 59cm?65cm ビッグサイズ ロングバイザー 8cm 深い ベースボールキャップ サイズ調整 おしゃれ 春 夏 秋 冬 男女兼用 ブラック ネイビー チャコール アイボリー 黒 送料無料","ONESIZE","ブラック×ブラック","X11","Y11",,"0","5","4","-1",
"2026/09/06 17:50:20","受注取込","7988044","7988044X11Y18","ショルダーバッグ メンズ ワンショルダー 斜め掛け ★REV 7988044 おしゃれバッグ Vintage 斜めがけ メンズボディバック かっこいい ボディバッグ レザー ワンショルダーバッグ カバン 鞄 かばん レザー調 メンズバッグ 斜めがけ メンズショルダーバック 散歩 送料無料","ONESIZE","H_ダークブラウン","X11","Y18",,"0","16","15","-1",
"2026/09/06 17:52:18","受注取込","7987213","7987213X11Y15","【イルマワン アイ対応】アイコス イルマワン ILUMA i ケース 保護ケース iqosイルマワン イルマワンカバー NEK ★REV 7987213 耐衝撃 おしゃれ iqos iluma one 専用 IQOSイルマワン保護ケース レザー ヒョウ柄 ペイズリー 保護カバー アクセサリー アイコスケース 送料無料","イルマワン","E","X11","Y15",,"0","2","1","-1",
"2026/09/06 17:59:17","受注取込","7986669","7986669X11Y13","【12mm小粒/おしゃれ】12mm パワーストーン ネックレス チョーカー メンズ レディース NEK ★REVL 7986669 アメジスト タイガーアイ ラピスラズリ 瑪瑙 メノウ オブシディアン ドラゴンアゲート 金運 財運 仕事運 恋愛 結婚 家庭円満 癒し 厄除祈願 天然石 お守り プレゼント おしゃれ アクセサリー 送料無料","ONESIZE","オブシディアン","X11","Y13",,"0","13","9","-4",
"2026/09/06 18:06:17","受注取込","7994812","7994812X11Y16","サファリハット メンズ 釣り 帽子 ハット レディース SUNS(サンズ)  撥水 アウトドア 登山 キャンプ バーベキュー NEK ★REV H-051 H-053 送料無料 大きいサイズあり キッズサイズ 子供 UVカット アドベンチャーハット 父の日 プレゼント ユニセックス 春 夏 夏フェス ギフト","普通サイズ","GRAY(H_051)","X11","Y16",,"0","36","35","-1",
"2026/09/06 18:08:13","受注取込","7986531","7986531X11Y21","【新型/IQOS イルマ i ワン用】アイコス イルマiワン ILUMA ケース 保護ケース NEK ★REVL 7986531 iqosイルマワン イルマワンカバー 耐衝撃 おしゃれ iqos iluma one 専用 IQOSイルマワン保護ケース レザー ヒョウ柄 ペイズリー 保護カバー アイコスケース アクセサリー 送料無料","ONESIZE","104","X11","Y21",,"0","11","10","-1",
"2026/09/06 18:08:13","受注取込","7986562","7986562X11Y23","IQOS アイコス イルマiワン イルマアイ TEREA テリア ケース ヒートスティックケース NEK ★REVL 7986562 カバー 加熱式たばこ用ハードケース SENTIA（センティア) HEETS プレゼント ギフト 送料無料","ONESIZE","M","X11","Y23",,"0","14","13","-1",
"2026/09/06 18:09:30","受注取込","7988525","7988525X11Y11","【速攻配達】イヤホン イヤフォン 3.5mm ハイレゾ 高音質 マイク付き NEK ★REV 7988525 重低音 hi-res 有線 ノイズキャンセリング 遮音 通勤 ゲーミング 携帯 スマホ イヤホンマイク Android アクセサリー 送料無料 プレゼント ギフト","ONESIZE","ブラック","X11","Y11",,"0","13","12","-1",
"2026/09/06 18:13:20","受注取込","8000345","8000345X11Y11","栃木レザー 長財布 本革 レザー 日本製 メンズ レディース ★REV 8000345 TDSG-1008【P2】 職人技 無地 5色展開 プレゼント ギフト","ONESIZE","ブラック","X11","Y11",,"0","1","0","-1",
"2026/09/06 18:13:31","受注取込","7987659","7987659X11Y16","【スーツに合う！】カーボン 財布 メンズ ミニ財布 短財布 LTG レザー 革 本革 牛革 NEK ★REV 7987659 ビジネス カーボンレザー ショートウォレット 父の日 おすすめ 人気 ギフト さいふ ウォレット 男性 ギフト 紳士用 プレゼント 薄い スリム 収納 メンズ財布 送料無料","ONESIZE","ネイビー×ネイビー","X11","Y16",,"0","13","12","-1",
"2026/09/06 18:14:47","受注取込","7986799","7986799X11Y11","【なんと！5股/データー転送OK】type-c ケーブル 新型iphone/IQOS対応 充電ケーブル NEK ★REVL 7986799 スマホケーブル 1.5m USB A→Type-C×3 充電ケーブル 5in1 急速 スマホ アクセサリー送料無料","ONESIZE","ブラック","X11","Y11",,"0","5","4","-1",
"2026/09/06 18:15:47","受注取込","7986798","7986798X11Y15","【抜け感キャスケット】キャスケット  キャスハンチング キャップ メンズ レディース NEK ★REV 7986798 ハンチング帽子 タクシーハット ニュースボーイキャップ ニュースボーイハット おしゃれ 送料無料","ONESIZE","グレー","X11","Y15",,"0","100","99","-1",
"2026/09/06 18:21:17","受注取込","7987400","7987400X11Y17","【とにかくデカい！/普通サイズあり！】キャップ メンズ 大きいサイズ 帽子 深め ビッグサイズ ★REVM 7987400 BIG SIZE メンズキャップ帽子 大きめ 大きい帽子 メンズ帽子 レディース 春 夏 春夏 プレゼント ギフト 母の日 父の日 送料無料","大きいサイズ","G-オレンジ","X11","Y17",,"0","26","25","-1",
"2026/09/06 18:22:17","受注取込","7986462","7986462X11Y11","【デカい深い】キャップ メンズ レディース 大きいサイズ 深め 帽子 ★REVL 7986462  コットン100% 59cm?65cm ビッグサイズ ロングバイザー 8cm 深い ベースボールキャップ サイズ調整 おしゃれ 春 夏 秋 冬 男女兼用 ブラック ネイビー チャコール アイボリー 黒 送料無料","ONESIZE","ブラック×ブラック","X11","Y11",,"0","4","3","-1",
"2026/09/06 18:22:31","受注取込","7987076","7987076X11Y11","【超軽量55g】特価 キャップ 帽子 メッシュキャップ ランニングキャップ NEK ★REV 7987076 メンズ レディース 速乾 軽量 ジョギング アウトドア キャンプ スポーツ 釣り 海 プール","アジャスタータイプ","ブラック","X11","Y11",,"0","2","1","-1",
"2026/09/06 18:24:21","受注取込","7986779","7986779X12Y11","【高純度テラヘルツ/鏡面多面カット】 テラヘルツ アンクレット ブレスレット メンズ レディース NEK ★REV 7986779 4.0mm 健康 テラヘルツ波 パワーストーン 天然石 アクセサリー プレゼント ギフト プチギフト 母の日 父の日 送料無料","アンクレット","テラヘルツ","X12","Y11",,"0","31","30","-1",
"2026/09/06 18:25:15","受注取込","7998635","7998635X1Y1","本革 レザー 中折れハット 大きいサイズあり 帽子 メンズ 7998635 プレゼント ギフト","普通サイズ","ブラック","X1","Y1",,"0","5","4","-1",
"2026/09/06 18:36:31","受注取込","7987515","7987515X11Y15","【選べる6柄×3サイズ】ネックレス チェーン メンズ レディース NEK ★REV 7987515 サージカルステンレス316L 50cm 60cm 70cm シンプル おしゃれ プレゼント プチギフト バレンタイン クリスマス 送料無料","50cm","E","X11","Y15",,"0","16","14","-2",
"2026/09/06 18:36:47","受注取込","7990254","7990254X11Y12","【送料無料 速攻配達】AVIREX ニットキャップ ニット帽 帽子 メンズ レディース スウェットキャップ  NEK ★REV 14649300 ルーズ キャップ ブランド アビレックス リバーシブル AX REVERSIBLE SWEAT CAP 送料無料 プレゼント ギフト","ONESIZE","ブラック(80)","X11","Y12",,"0","354","353","-1",
"2026/09/06 18:36:47","受注取込","7987120","7987120X11Y11","【大きめ オールシーズン対応 小顔効果】ニット帽 ニットキャップ ルーズ ワッチ NEK ★REV 7987120 レディース メンズ ワッチキャップ ビーニー 送料無料","ONESIZE","ブラック","X11","Y11",,"0","11","10","-1",
"2026/09/06 18:39:30","受注取込","7987081","7987081X11Y12","【豊富なポケット数】ショルダーバッグ メンズ レディース ミリタリー Military タクティカルバッグ ★REV 7987081 サコッシュ キャンプ アウトドア サバゲー 斜め掛け 鞄 バッグ カバン ipad OK 送料無料","ONESIZE","ブラックカモ","X11","Y12",,"0","2","1","-1",
"2026/09/06 18:45:00","受注取込","7994812","7994812X12Y33","サファリハット メンズ 釣り 帽子 ハット レディース SUNS(サンズ)  撥水 アウトドア 登山 キャンプ バーベキュー NEK ★REV H-051 H-053 送料無料 大きいサイズあり キッズサイズ 子供 UVカット アドベンチャーハット 父の日 プレゼント ユニセックス 春 夏 夏フェス ギフト","大きいサイズ","GREIGE(H-051)","X12","Y33",,"0","105","104","-1",
"2026/09/06 18:48:01","受注取込","7986686","7986686X11Y11","倒流香 HEM ヘム お香  1箱40個入りインド香 インセンス アジアン雑貨 NEK ★REV 7986686 ホワイトセージ ムスク ジャスミン ロータス ココナッツ バニラ 送料無料","ONESIZE","ホワイトセージ","X11","Y11",,"0","33","32","-1",
"2026/09/06 18:48:01","受注取込","7986686","7986686X11Y14","倒流香 HEM ヘム お香  1箱40個入りインド香 インセンス アジアン雑貨 NEK ★REV 7986686 ホワイトセージ ムスク ジャスミン ロータス ココナッツ バニラ 送料無料","ONESIZE","ロータス","X11","Y14",,"0","5","4","-1",
"2026/09/06 18:48:46","受注取込","7987642","7987642X11Y11","【送料無料】ミニ財布 メンズ 本革 レディース 二つ折り 財布 カードケース LTG カード入れ 多い NEK ★REV 7987642 折りたたみ コンパクト 小さい財布 小銭入れ コインスルー お札が折れない スキミング防止 ファスナー コインケース ミニマリスト ラウンドジッパー","ONESIZE","ブラック","X11","Y11",,"0","100","99","-1",
"2026/09/06 18:50:09","受注取込","7988391","7988391X11Y13","【おまけ付き 速攻配達】テント ワンタッチ 2人用 1人用 2-3人用 折りたたみテント ★REV 7988391 自動ポップアップテント 撥水加工 紫外線防止 登山 折りたたみ 防水 通気性 アウトドア 登山 運動会 日よけ キャンプ サンシェード uvカット 簡単 アウトドア バーベキュー","ONESIZE","グリーン","X11","Y13",,"0","15","14","-1",
"2026/09/06 19:01:32","受注取込","8003102","8003102X17Y13","やみつきになる！ ストレッチ AVIREX アビレックス Tシャツ メンズ ★REV NEK 6143501 6143502 Vネック クルーネック 半袖 プレゼント ギフト","クルーネック_ブラック_009","Lサイズ","X17","Y13",,"0","3","2","-1",
"2026/09/06 19:05:46","受注取込","7986507","7986507X11Y11","【本革】リュックサック リュック メンズ レディース バックパック デイパック 本革 ★REVL 7986507 本皮 牛革 GENUINE LEATHER おしゃれ 高級 送料無料","ONESIZE","ブラック","X11","Y11",,"0","1","0","-1",
"2026/09/06 19:05:47","受注取込","7987323","7987323X11Y11","【めちゃ早っ充電】充電器 タイプC iphone ipad 2mケーブル PD30W NEK ★REV 7987323 アイコス IQOS イルマ MacBook Surface pro Switch アダプター TYPE-C/TYPE-C TYPE-C/Lightning xperia エクスペリア 高速充電 日本PSE認証 プレゼント 送料無料","TYPE-C/TYPE-C","ホワイト","X11","Y11",,"0","51","50","-1",
"2026/09/06 19:10:01","受注取込","7988080","7988080X11Y12","【ハイスペック】手袋 手ぶくろ 防寒 メンズ レディース 防水 撥水 防寒 防風 スマホ対応 NEK ★REV 7988080 グローブ アウトドア キャンプ 滑り止め グリップ ウィンタースポーツ フリース バイク 単車 ランニング 冬 男性用 てぶくろ 屋外 登山 送料無料","S","グレー","X11","Y12",,"0","3","2","-1",
"2026/09/06 19:12:47","受注取込","7987323","7987323X11Y11","【めちゃ早っ充電】充電器 タイプC iphone ipad 2mケーブル PD30W NEK ★REV 7987323 アイコス IQOS イルマ MacBook Surface pro Switch アダプター TYPE-C/TYPE-C TYPE-C/Lightning xperia エクスペリア 高速充電 日本PSE認証 プレゼント 送料無料","TYPE-C/TYPE-C","ホワイト","X11","Y11",,"0","50","49","-1",
"2026/09/06 19:21:21","受注取込","7986572","7986572X11Y33","【新型/IQOS イルマ i ワン用】アイコス イルマiワン ILUMA ケース 保護ケース NEK ★REVL 7986572 iqosイルマワン イルマワンカバー 耐衝撃 おしゃれ iqos iluma one 専用 IQOSイルマワン保護ケース レザー ヒョウ柄 ペイズリー 保護カバー アイコスケース アクセサリー 送料無料","イルマiワン","77","X11","Y33",,"0","3","2","-1",
"2026/09/06 19:22:47","受注取込","7987490","7987490X11Y11","【手首を太く逞しくする】前腕筋 筋トレ 握力 手首 前腕部の強化 腕相撲 ★REV 7987490 バスケットボール テニス ゴルフ 柔道 剣道 空手 格闘技 プレゼント ギフト 送料無料","ONESIZE","ブラック","X11","Y11",,"0","78","77","-1",
"2026/09/06 19:22:47","受注取込","7987961","7987961X11Y13","【ボーダーがおしゃれ】犬服 ドッグウェア 送料無料 パーカー ボーダー ストライプ NEK ★REVG 7987961 春 夏 秋 春用 夏用 秋用 プレゼント ギフト インスタ映え 送料無料","XS","ネイビー×ピンク","X11","Y13",,"0","3","2","-1",
"2026/09/06 19:22:47","受注取込","7987961","7987961X11Y16","【ボーダーがおしゃれ】犬服 ドッグウェア 送料無料 パーカー ボーダー ストライプ NEK ★REVG 7987961 春 夏 秋 春用 夏用 秋用 プレゼント ギフト インスタ映え 送料無料","XS","ネイビー×イエロー","X11","Y16",,"0","7","6","-1",
"2026/09/06 19:29:00","受注取込","7987070","7987070X11Y11","【お得な2枚組】X-LARGE XLARGE エクストララージ ボクサーパンツ メンズ アンダーウェア 下着 NEK ★REVL 7987070 かっこいい ツルツル おすすめ 人気 カモフラ タイダイ 炎 迷彩 カモ柄 ブランド 男性 紳士 プレゼント プチギフト 父の日 誕生日 彼氏 父 息子 ギフト 記念日 大きいサイズ 福袋 送料無料","M","2枚組","X11","Y11",,"0","36","35","-1",
"2026/09/06 19:40:31","受注取込","7986656","7986656X11Y11","【五路財神の金運・開運】指輪 リング オープンリング メンズ レディース 五路財神 NEK ★REVA 7986656 アクセサリー ギフト プレゼント 送料無料","ONESIZE","シルバー×ゴールド","X11","Y11",,"0","6","5","-1",
"2026/09/06 19:46:27","受注取込","7987617","7987617X11Y11","【電気代0円】ソーラーライト 庭 6個セット ガーデンライト ソーラー 屋外 照明 ★REVL 7987617 LTG SUNECO ベランダ センサーライト 防水 防犯 LEDライト IP65 電球色 ガーデニング 庭 かわいい ライト おしゃれ キャンプ アウトドア クリスマス プレゼント 駐車場 送料無料","ワンサイズ","暖色(6個セット)","X11","Y11",,"0","76","75","-1",
"2026/09/06 19:47:17","受注取込","7987070","7987070X11Y11","【お得な2枚組】X-LARGE XLARGE エクストララージ ボクサーパンツ メンズ アンダーウェア 下着 NEK ★REVL 7987070 かっこいい ツルツル おすすめ 人気 カモフラ タイダイ 炎 迷彩 カモ柄 ブランド 男性 紳士 プレゼント プチギフト 父の日 誕生日 彼氏 父 息子 ギフト 記念日 大きいサイズ 福袋 送料無料","M","2枚組","X11","Y11",,"0","35","34","-1",
"2026/09/06 19:53:01","受注取込","7987626","7987626X11Y11","【お得な5個セット】LEDライト キーホルダー 小型LEDライト NEK ★REV 7987626 キーライト 高輝度 5灯 LR44 ボタン電池 LTG 送料無料","ONESIZE","5本セット","X11","Y11",,"0","422","421","-1",
"2026/09/06 19:53:17","受注取込","7987345","7987345X19Y11","【とにかくデカい！】 大きいサイズ キャップ 送料無料 大きめ ビッグサイズ ★REV 7987345 BIG SIZE 帽子 ハット キャップ キャスケット メンズキャップ 大きいサイズ バケット 大きい帽子 メンズ メンズ帽子 大きい 頭 メッシュキャップ","III","1","X19","Y11",,"0","10","9","-1",
"2026/09/06 19:54:30","受注取込","7986849","7986849X11Y13","【ゴージャスに遊ぶ】トランプ プラスチック 54枚 撥水 NEK ★REV 7986849 ブラック ゴールド シルバー ピンクゴールド カードゲーム マジックトランプ パーティーグッズ プレゼント ギフト ポーカー ブラックジャック 手品 送料無料","ONESIZE","C","X11","Y13",,"0","26","25","-1",
"2026/09/06 19:56:01","受注取込","7988163","7988163X11Y13","【錆びないチタン】メンズブレスレット ブレスレット メンズ つけっぱなし NEK ★REV 7988163 チタン ブレスレット ワイヤーブレスレット シンプル バングル おしゃれ 送料無料 シルバー ゴールド ブラック","ONESIZE","ブラック","X11","Y13",,"0","22","21","-1",
"2026/09/06 19:57:48","受注取込","7987678","7987678X12Y14","【洗濯可能】トレーニンググローブ 手袋 筋トレ 筋トレグローブ メンズ レディース 指無し NEK ★REV 7987678 ウェイトリフティング 防滑 クッション性 伸びる 洗濯OK バーベル サイクリング ヨガ グリップ","M","B-ブラック","X12","Y14",,"0","41","40","-1",
"2026/09/06 20:00:20","受注取込","7986539","7986539X11Y15","【小顔見せ】ハンチング キャスケット キャスハンチング キャップ メンズ レディース NEK ★REVO 7986539 ハンチング帽子 タクシーハット ニュースボーイキャップ ニュースボーイハット おしゃれ 送料無料","ONESIZE","E.ブラックチェック","X11","Y15",,"0","17","16","-1",
"2026/09/06 20:02:02","受注取込","7987677","7987677X11Y11","【Military】スマホポーチ スマホ ショルダー 財布 お財布 メンズ レディース ブラック NEK ★REV 7987677 黒 クロ スマホケース サコッシュ ショルダーバッグ ミリタリー シンプル おしゃれ プレゼント ギフト 送料無料","ONESIZE","ブラック","X11","Y11",,"0","34","33","-1",
"2026/09/06 20:04:48","受注取込","7986986","7986986X11Y11","【UVカット・撥水】バケットハット ハット 帽子 メンズ レディース UVカット 撥水 NEK ★REV 7986986 バイカラー 軽量 通気性 おしゃれ 送料無料","ONESIZE","ネイビー","X11","Y11",,"0","32","31","-1",
"2026/09/06 20:05:31","受注取込","7986804","7986804X11Y11","【シンプル/おしゃれ/年中大活躍】ワッチキャップ スラウチビーニー ニット帽 ニットキャップ 帽子 NEK ★REV 7986804 無地 ワッチ メンズ レディース ユニセックス 送料無料","ONESIZE","グレー","X11","Y11",,"0","16","15","-1",
"2026/09/06 20:09:54","受注取込","7988448","7988448X11Y13","【超ミニサイズ】ミニ財布 栃木レザー 短財布 財布 メンズ 小さい 小さめ 小ぶり レディース 本革 レザー 日本製  TDSG-1024 送料無料 職人技 無地 ヌメ革 総革 本皮 フルベジタブルタンニング 父の日 母の日 誕生日 プレゼント ギフト","ONESIZE","オレンジ","X11","Y13",,"0","1","0","-1",
"2026/09/06 20:10:19","受注取込","7996231","7996231X1Y1","本革 レザー 中折れハット ハット 帽子 メンズ 大きいサイズあり 7996231 ブラック/黒 新品 プレゼント ギフト","普通サイズ","ブラック","X1","Y1",,"0","10","9","-1",
"2026/09/06 20:11:47","受注取込","7986676","7986676X11Y14","【通気性抜群/薄手コットンニット】ハット 帽子 チューリップハット メンズ レディース NEK ★REVL 7986676 折りたたみ可能  UVカット 春夏ハット おしゃれ 無地 送料無料","ONESIZE","ブラック杢","X11","Y14",,"0","21","20","-1",
"2026/09/06 20:13:17","受注取込","7988459","7988459X12Y25","【速攻配達】犬 服 犬服 暖かい 冬 ロンパース ドッグウェア 冬服 男の子 女の子 アディドッグ GooDog adidog ★REVG NEK 7988459 7988345 ペット服 小型犬 つなぎ パーカー お散歩 かっこいい かわいい サロペット オーバーオール 裏起毛","S","CEFINE_ブラック","X12","Y25",,"0","1","0","-1",
"2026/09/06 20:14:00","受注取込","7987076","7987076X11Y11","【超軽量55g】特価 キャップ 帽子 メッシュキャップ ランニングキャップ NEK ★REV 7987076 メンズ レディース 速乾 軽量 ジョギング アウトドア キャンプ スポーツ 釣り 海 プール","アジャスタータイプ","ブラック","X11","Y11",,"0","1","0","-1",
"2026/09/06 20:14:00","受注取込","7987076","7987076X11Y12","【超軽量55g】特価 キャップ 帽子 メッシュキャップ ランニングキャップ NEK ★REV 7987076 メンズ レディース 速乾 軽量 ジョギング アウトドア キャンプ スポーツ 釣り 海 プール","アジャスタータイプ","ダークグレー","X11","Y12",,"0","3","2","-1",
"2026/09/06 20:15:47","受注取込","7988215","7988215X16Y15","【とにかくデカい！】 大きいサイズ キャップ メッシュキャップ 送料無料 大きめ ビッグサイズ BIG SIZE ★REV 7988215 <br> 帽子 ハット キャップ ワークキャップ メンズキャップ 大きいサイズ バケット 大きい帽子 メンズ バケハ メンズ帽子 大きい 頭 メッシュ 全39カラー","FF","5","X16","Y15",,"0","149","148","-1",
"2026/09/06 20:16:20","受注取込","7986989","7986989X11Y20","【本革/特価/16色展開】本革 ショルダーバッグ ポーチ レディース ミニショルダーバッグ NEK ★REV 7986989 斜めがけ お財布 ショルダー お財布バッグ 送料無料","ONESIZE","オリーブ","X11","Y20",,"0","29","28","-1",
"2026/09/06 20:17:17","受注取込","7987393","7987393X11Y12","【極小】イヤホン ワイヤレス 片耳イヤホン NEK ★REV 7987393 bluetooth5.3 スポーツ ワイヤレスイヤホン マイク 左右兼用 片耳 高音質 イヤホン スポーツ iPhone android スマホ対応 ブルートゥース 高音質 ランニング 運動","ONESIZE","ホワイト","X11","Y12",,"0","5","3","-2",
"2026/09/06 20:20:27","受注取込","7986651","7986651X11Y11","【銅×グラフェンの力で、スマホを瞬冷！】スマホ熱中症対策 冷却 クーラー NEK ★REVL 7986651 スマートフォン 保冷 結露なし スマホ 冷感 冷却 iphone アクセサリー 送料無料","ONESIZE","ブラック","X11","Y11",,"0","459","458","-1",
"2026/09/06 20:28:18","受注取込","7987070","7987070X11Y11","【お得な2枚組】X-LARGE XLARGE エクストララージ ボクサーパンツ メンズ アンダーウェア 下着 NEK ★REVL 7987070 かっこいい ツルツル おすすめ 人気 カモフラ タイダイ 炎 迷彩 カモ柄 ブランド 男性 紳士 プレゼント プチギフト 父の日 誕生日 彼氏 父 息子 ギフト 記念日 大きいサイズ 福袋 送料無料","M","2枚組","X11","Y11",,"0","34","33","-1",
"2026/09/06 20:29:48","受注取込","7988332","7988332X13Y23","【ワンちゃん格上げ！】 ドッグウェア 犬服 アディドッグ GooDog adidog ★REVG new dogs ペット服 小型犬 ノースリーブ NEK 7988332 犬の服 タンクトップ 犬洋服 犬用服 ペット 犬 服 犬用 かっこいい かわいい サロペット ロンパース オーバーオール 男の子 女の子","M","new_dog(ブラック)","X13","Y23",,"0","10","9","-1",
"2026/09/06 20:32:47","受注取込","7987345","7987345X11Y11","【とにかくデカい！】 大きいサイズ キャップ 送料無料 大きめ ビッグサイズ ★REV 7987345 BIG SIZE 帽子 ハット キャップ キャスケット メンズキャップ 大きいサイズ バケット 大きい帽子 メンズ メンズ帽子 大きい 頭 メッシュキャップ","AAA","1","X11","Y11",,"0","6","5","-1",
"2026/09/06 20:41:31","受注取込","7992723","7992723X12Y11","お得！ 送料無料 4枚入り 福袋 Dickies ディッキーズ ボクサーパンツ メンズ かわいい NEK ★REV <br> パンツ ボクサーパンツ セット メンズ下着 メンズボクサーパンツ メンズボクサー 大きいサイズ 大きめ 特大 3L 下着 インナー メンズ usa まとめ買い プレゼント ギフト","L","福袋4枚セット","X12","Y11",,"0","136","135","-1",
"2026/09/06 20:41:31","受注取込","7987344","7987344X11Y11","【4個入でお得】カラビナ パラコード キーホルダー キーチェーン 4本セット NEK ★REV 7987344 帽子フック おしゃれ キーリング アウトドア リュック バッグ キャンプ 非常用 災害 ロープ 紐 便利 代用 防災 丈夫 コンパクト 軽量 プレゼント ギフト 送料無料","ONESIZE","4色セット","X11","Y11",,"0","27","26","-1",
"2026/09/06 20:47:04","受注取込","7986532","7986532X11Y16","【新型/IQOS イルマ i ワン用】アイコス イルマiワン ILUMA ケース 保護ケース NEK ★REVL 7986532 iqosイルマワン イルマワンカバー 耐衝撃 おしゃれ iqos iluma one 専用 IQOSイルマワン保護ケース レザー 保護カバー アイコスケース アクセサリー 送料無料","ONESIZE","ブラック","X11","Y16",,"0","18","17","-1",
"2026/09/06 20:48:17","受注取込","7987683","7987683X11Y12","3WAY ボストンバッグ リュック ジムバッグ メンズ レディース ショルダーバッグ ★REV  7987683 旅行 リュックサック 軽量 アウトドア キャンプ スポーツ ジム ゴルフ シューズ収納 防水 おしゃれ かわいい 男 女子 ボストン 高校生メンズ ショルダー 送料無料","ONESIZE","ブラック","X11","Y12",,"0","23","22","-1",
"2026/09/06 20:49:00","受注取込","7986680","7986680X11Y11","【電池付き/ドミノ260個/すぐに遊べる】ドミノ ドミノ倒し ブロック 積み木 ドミノトレイン ★REVL 7986680 知育玩具 3歳～ おもちゃ 玩具 プレゼント ギフト 送料無料","ONESIZE","ピンク","X11","Y11",,"0","9","8","-1",
"2026/09/06 20:49:00","受注取込","7987400","7987400X11Y11","【とにかくデカい！/普通サイズあり！】キャップ メンズ 大きいサイズ 帽子 深め ビッグサイズ ★REVM 7987400 BIG SIZE メンズキャップ帽子 大きめ 大きい帽子 メンズ帽子 レディース 春 夏 春夏 プレゼント ギフト 母の日 父の日 送料無料","大きいサイズ","A-ブラック","X11","Y11",,"0","234","233","-1",
"2026/09/06 20:49:00","受注取込","7992723","7992723X14Y11","お得！ 送料無料 4枚入り 福袋 Dickies ディッキーズ ボクサーパンツ メンズ かわいい NEK ★REV <br> パンツ ボクサーパンツ セット メンズ下着 メンズボクサーパンツ メンズボクサー 大きいサイズ 大きめ 特大 3L 下着 インナー メンズ usa まとめ買い プレゼント ギフト","3L","福袋4枚セット","X14","Y11",,"0","81","80","-1",
"2026/09/06 20:49:47","受注取込","7987400","7987400X11Y11","【とにかくデカい！/普通サイズあり！】キャップ メンズ 大きいサイズ 帽子 深め ビッグサイズ ★REVM 7987400 BIG SIZE メンズキャップ帽子 大きめ 大きい帽子 メンズ帽子 レディース 春 夏 春夏 プレゼント ギフト 母の日 父の日 送料無料","大きいサイズ","A-ブラック","X11","Y11",,"0","233","232","-1",
"2026/09/06 20:49:47","受注取込","7986716","7986716X11Y11","【紫外線でプロ級チェック】アニサキスライト UV 紫外線ライト ブラックライト NEK ★REVL 7986716 365nm 充電式 TYPE-C充電  USB 光学レンズ アニサキス検出 生活 食事 釣り 掃除 コンパクト 送料無料","1本","ブラック(TYPE-C)","X11","Y11",,"0","39","38","-1",
"2026/09/06 20:58:17","受注取込","7994812","7994812X11Y12","サファリハット メンズ 釣り 帽子 ハット レディース SUNS(サンズ)  撥水 アウトドア 登山 キャンプ バーベキュー NEK ★REV H-051 H-053 送料無料 大きいサイズあり キッズサイズ 子供 UVカット アドベンチャーハット 父の日 プレゼント ユニセックス 春 夏 夏フェス ギフト","普通サイズ","BLACK(H_051)","X11","Y12",,"0","39","38","-1",
"2026/09/06 20:58:17","受注取込","7987070","7987070X12Y11","【お得な2枚組】X-LARGE XLARGE エクストララージ ボクサーパンツ メンズ アンダーウェア 下着 NEK ★REVL 7987070 かっこいい ツルツル おすすめ 人気 カモフラ タイダイ 炎 迷彩 カモ柄 ブランド 男性 紳士 プレゼント プチギフト 父の日 誕生日 彼氏 父 息子 ギフト 記念日 大きいサイズ 福袋 送料無料","L","2枚組","X12","Y11",,"0","30","29","-1",
"2026/09/06 21:00:06","受注取込","7987626","7987626X11Y11","【お得な5個セット】LEDライト キーホルダー 小型LEDライト NEK ★REV 7987626 キーライト 高輝度 5灯 LR44 ボタン電池 LTG 送料無料","ONESIZE","5本セット","X11","Y11",,"0","421","420","-1",
"2026/09/06 21:03:47","受注取込","7987400","7987400X11Y33","【とにかくデカい！/普通サイズあり！】キャップ メンズ 大きいサイズ 帽子 深め ビッグサイズ ★REVM 7987400 BIG SIZE メンズキャップ帽子 大きめ 大きい帽子 メンズ帽子 レディース 春 夏 春夏 プレゼント ギフト 母の日 父の日 送料無料","大きいサイズ","W-グレー","X11","Y33",,"0","29","28","-1",
"2026/09/06 21:03:47","受注取込","7986752","7986752X11Y11","収納 サンバイザーホルダー マルチ 車 カーポケット ドライブポケット NEK ★REVL 7986752 おしゃれ サンバイザー ポケット カー用品 収納 カー用品 ペン カードポケット 収納ホルダー サングラスホルダー 車 眼鏡ホルダー カーアクセサリー 送料無料","ONESIZE","ブラック","X11","Y11",,"0","55","54","-1",
"2026/09/06 21:04:18","受注取込","7986591","7986591X11Y11","【日本製/重厚/姫路レザー】日本製 ベルト メンズ 本革 ヌメ革 姫路レザー ステンレススチール製バックル ★REVL 7986591 高耐久バックル ビジネス カジュアル 送料無料","ONESIZE","ブラック","X11","Y11",,"0","14","13","-1",
"2026/09/06 21:05:01","受注取込","7986572","7986572X11Y30","【新型/IQOS イルマ i ワン用】アイコス イルマiワン ILUMA ケース 保護ケース NEK ★REVL 7986572 iqosイルマワン イルマワンカバー 耐衝撃 おしゃれ iqos iluma one 専用 IQOSイルマワン保護ケース レザー ヒョウ柄 ペイズリー 保護カバー アイコスケース アクセサリー 送料無料","イルマiワン","74","X11","Y30",,"0","5","4","-1",
"2026/09/06 21:06:30","受注取込","7988208","7988208X11Y11","【旅行にピッタリ】ボストンバッグ ボストン メンズ レディース ★REV 7988208 小旅行 大容量 2泊 大きい ゴルフ ビジネス 出張 修学旅行 収納ポケット多数 シンプル 送料無料","ONESIZE","ネイビー","X11","Y11",,"0","21","20","-1",
"2026/09/06 21:09:17","受注取込","7994812","7994812X12Y13","サファリハット メンズ 釣り 帽子 ハット レディース SUNS(サンズ)  撥水 アウトドア 登山 キャンプ バーベキュー NEK ★REV H-051 H-053 送料無料 大きいサイズあり キッズサイズ 子供 UVカット アドベンチャーハット 父の日 プレゼント ユニセックス 春 夏 夏フェス ギフト","大きいサイズ","NAVY(H_051)","X12","Y13",,"0","32","31","-1",
"2026/09/06 21:13:17","受注取込","7986572","7986572X11Y11","【新型/IQOS イルマ i ワン用】アイコス イルマiワン ILUMA ケース 保護ケース NEK ★REVL 7986572 iqosイルマワン イルマワンカバー 耐衝撃 おしゃれ iqos iluma one 専用 IQOSイルマワン保護ケース レザー ヒョウ柄 ペイズリー 保護カバー アイコスケース アクセサリー 送料無料","イルマiワン","55","X11","Y11",,"0","12","11","-1",
"2026/09/06 21:16:13","受注取込","7986720","7986720X11Y12","【ダメージ加工がCOOL】帽子 キャップ Vintage メンズ レディース くすみカラー ★REVL 7986720 こなれ感 深め しっかり素材 送料無料","ONESIZE","チョコ","X11","Y12",,"0","9","8","-1",
"2026/09/06 21:16:31","受注取込","7986710","7986710X11Y11","【春夏秋冬対応/くすみカラー】トートバッグ クロシェバッグ エコバッグ レディース NEK ★REVO 7986710 メッシュ クロシェ編み ナチュラル ニット A4 軽量 かぎ編み おしゃれ 大容量 リゾート 通勤 通学 学生 送料無料","ONESIZE","カーキ","X11","Y11",,"0","40","39","-1",
"2026/09/06 21:18:47","受注取込","7987490","7987490X11Y11","【手首を太く逞しくする】前腕筋 筋トレ 握力 手首 前腕部の強化 腕相撲 ★REV 7987490 バスケットボール テニス ゴルフ 柔道 剣道 空手 格闘技 プレゼント ギフト 送料無料","ONESIZE","ブラック","X11","Y11",,"0","77","76","-1",
"2026/09/06 21:19:31","受注取込","7987668","7987668X11Y11","【最安値に挑戦】財布 メンズ 長財布 カーボン レザー 革 本革 牛革 カーボンレザー NEK ★REV 7987668 父の日 おすすめ 人気 ギフト さいふ ウォレット 多機能 大容量 男性 ギフト 紳士用 プレゼント 薄い スリム 収納 ラウンドファスナー メンズ財布 送料無料","ONESIZE","ブラック×ブラウン","X11","Y11",,"0","18","17","-1",
"2026/09/06 21:20:20","受注取込","7986708","7986708X11Y11","【ごちゃつく車内に、スッキリ革命】スマホホルダー サングラスホルダー カードホルダー キーホルダー ★REVL 7986708 車載キット スマホ立て 多機能カー収納ホルダー カーアクセサリー 車内整理  車インテリア 便利グッズ 送料無料","ONESIZE","ブラック","X11","Y11",,"0","42","41","-1",
"2026/09/06 21:24:47","受注取込","7988044","7988044X11Y15","ショルダーバッグ メンズ ワンショルダー 斜め掛け ★REV 7988044 おしゃれバッグ Vintage 斜めがけ メンズボディバック かっこいい ボディバッグ レザー ワンショルダーバッグ カバン 鞄 かばん レザー調 メンズバッグ 斜めがけ メンズショルダーバック 散歩 送料無料","ONESIZE","E_ブラウン","X11","Y15",,"0","9","8","-1",
"2026/09/06 21:27:31","受注取込","7994226","7994226X11Y12","【大きいサイズもあり 限定モデル】AVIREX メッシュキャップ メンズ 帽子 メンズ キャップ メンズ 14023200 14670200 レディース ★REV 父の日 贈り物 プレゼント ブランド アビレックス 送料無料 正規品 ブラック 黒 ネイビー 紺 グレー 灰 yos プレゼント ギフト","普通サイズ_14023200","80_ブラック","X11","Y12",,"0","27","26","-1",
"2026/09/06 21:28:18","受注取込","7987616","7987616X11Y11","【バッグを汚さない！お得な2個入】バッグフック バッグハンガー デスク 便利 NEK ★REV 7987616 おしゃれ グッズ アイデア フック 机 テーブル グック ハンガー 防犯 メンズ レディース 荷物かけ カバン掛け プチギフト プレゼント LTG 送料無料","ONESIZE","ブラック/ワイン","X11","Y11",,"0","14","13","-1",
"2026/09/06 21:28:33","受注取込","7986779","7986779X12Y11","【高純度テラヘルツ/鏡面多面カット】 テラヘルツ アンクレット ブレスレット メンズ レディース NEK ★REV 7986779 4.0mm 健康 テラヘルツ波 パワーストーン 天然石 アクセサリー プレゼント ギフト プチギフト 母の日 父の日 送料無料","アンクレット","テラヘルツ","X12","Y11",,"0","30","28","-2",
"2026/09/06 21:28:46","受注取込","7987924","7987924X11Y15","【蒸れない 通気性抜群】メッシュキャップ 帽子 キャップ メンズ レディース アウトドア キャンプ ゴルフ ランニング ★REV 7987924","ONESIZE","ライトグレー","X11","Y15",,"0","9","8","-1",
"2026/09/06 21:29:47","受注取込","7986572","7986572X11Y25","【新型/IQOS イルマ i ワン用】アイコス イルマiワン ILUMA ケース 保護ケース NEK ★REVL 7986572 iqosイルマワン イルマワンカバー 耐衝撃 おしゃれ iqos iluma one 専用 IQOSイルマワン保護ケース レザー ヒョウ柄 ペイズリー 保護カバー アイコスケース アクセサリー 送料無料","イルマiワン","69","X11","Y25",,"0","2","1","-1",
"2026/09/06 21:40:01","受注取込","7987678","7987678X12Y16","【洗濯可能】トレーニンググローブ 手袋 筋トレ 筋トレグローブ メンズ レディース 指無し NEK ★REV 7987678 ウェイトリフティング 防滑 クッション性 伸びる 洗濯OK バーベル サイクリング ヨガ グリップ","M","B-ピンク","X12","Y16",,"0","27","26","-1",
"2026/09/06 21:40:01","受注取込","7987093","7987093X11Y11","【新型iphone/IQOS対応】急速5A 3股 Type-C 充電ケーブル スマホケーブル 1.2m 2m 3m typec NEK ★REVL 7987093 新型iphone IQOS対応 USB A→Type-C×3 充電ケーブル 3in1 急速 送料無料","1.2m","ブラック_TypeA/TypeC×3","X11","Y11",,"0","1","0","-1",
"2026/09/06 21:40:01","受注取込","7987794","7987794X12Y11","【大きいサイズもあり】キャスハンチング キャップ メンズ レディース CULTURE MART NEK 101294 ★REV 7987794 ハンチング帽子 ハンチング帽 秋冬 帽子 ハンチング キャスケット メンズ帽子 レディース帽子秋冬 秋冬帽子 メンズハンチング おしゃれ カルチャーマート","大きいサイズ","ベージュ(1)","X12","Y11",,"0","113","112","-1",
"2026/09/06 21:46:47","受注取込","7988393","7988393X11Y18","【125?135cm】 大きいサイズ ビジネスベルト カジュアルベルト メンズ ★REV 7988393 ベルト オートロック式 本革 穴なし ビジネス カジュアル レザー 本皮 オートロックベルト 革ベルト オートロック メンズベルト 穴無しベルト プレゼント ギフト サイズ調整可能 送料無料","ONESIZE","H","X11","Y18",,"0","11","10","-1",
"2026/09/06 21:46:47","受注取込","7988393","7988393X11Y16","【125?135cm】 大きいサイズ ビジネスベルト カジュアルベルト メンズ ★REV 7988393 ベルト オートロック式 本革 穴なし ビジネス カジュアル レザー 本皮 オートロックベルト 革ベルト オートロック メンズベルト 穴無しベルト プレゼント ギフト サイズ調整可能 送料無料","ONESIZE","F","X11","Y16",,"0","13","12","-1",
"2026/09/06 21:50:05","受注取込","7987782","7987782X11Y11","【お得なMilitaryショルダー】ショルダーバッグ サコッシュ ポーチ ★REV 7987782 メンズ レディース ミリタリー MA-1 プレゼント ギフト 送料無料","ONESIZE","オリーブ","X11","Y11",,"0","1","0","-1",
"2026/09/06 21:55:09","受注取込","7987515","7987515X13Y14","【選べる6柄×3サイズ】ネックレス チェーン メンズ レディース NEK ★REV 7987515 サージカルステンレス316L 50cm 60cm 70cm シンプル おしゃれ プレゼント プチギフト バレンタイン クリスマス 送料無料","70cm","D","X13","Y14",,"0","23","22","-1",
"2026/09/06 21:56:47","受注取込","7988044","7988044X11Y20","ショルダーバッグ メンズ ワンショルダー 斜め掛け ★REV 7988044 おしゃれバッグ Vintage 斜めがけ メンズボディバック かっこいい ボディバッグ レザー ワンショルダーバッグ カバン 鞄 かばん レザー調 メンズバッグ 斜めがけ メンズショルダーバック 散歩 送料無料","ONESIZE","J_ブラック","X11","Y20",,"0","11","10","-1",
"2026/09/06 22:02:17","受注取込","7987061","7987061X11Y11","【お得な2組セット】アームカバー メンズ レディース 2組セット 冷感 NEK ★REV 7987061 ひんやり スポーツ 紫外線カット UVカット 男用 仕事 外 夏 運動 ゴルフ サイクリング 通気性 速乾性 接触冷感 UPF50+ 日焼け防止 送料無料","ONESIZE","ブラック","X11","Y11",,"0","309","307","-2",
"2026/09/06 22:03:00","受注取込","7992723","7992723X12Y11","お得！ 送料無料 4枚入り 福袋 Dickies ディッキーズ ボクサーパンツ メンズ かわいい NEK ★REV <br> パンツ ボクサーパンツ セット メンズ下着 メンズボクサーパンツ メンズボクサー 大きいサイズ 大きめ 特大 3L 下着 インナー メンズ usa まとめ買い プレゼント ギフト","L","福袋4枚セット","X12","Y11",,"0","135","134","-1",
"2026/09/06 22:10:20","受注取込","7986564","7986564X11Y15","【当店限定/大きいサイズ】BlackRebel 帽子 キャップ メンズ レディース 大きいサイズ ★REVL 7986564 深め Vintage クラッシュ 加工 こなれ感 おしゃれ 送料無料","ONESIZE","グレー","X11","Y15",,"0","67","66","-1",
"2026/09/06 22:11:01","受注取込","7987345","7987345X23Y12","【とにかくデカい！】 大きいサイズ キャップ 送料無料 大きめ ビッグサイズ ★REV 7987345 BIG SIZE 帽子 ハット キャップ キャスケット メンズキャップ 大きいサイズ バケット 大きい帽子 メンズ メンズ帽子 大きい 頭 メッシュキャップ","MMM","2","X23","Y12",,"0","5","4","-1",
"2026/09/06 22:16:17","受注取込","7994812","7994812X11Y32","サファリハット メンズ 釣り 帽子 ハット レディース SUNS(サンズ)  撥水 アウトドア 登山 キャンプ バーベキュー NEK ★REV H-051 H-053 送料無料 大きいサイズあり キッズサイズ 子供 UVカット アドベンチャーハット 父の日 プレゼント ユニセックス 春 夏 夏フェス ギフト","普通サイズ","T.BLUE(H_051)","X11","Y32",,"0","2","1","-1",
"2026/09/06 22:20:19","受注取込","7987400","7987400X11Y11","【とにかくデカい！/普通サイズあり！】キャップ メンズ 大きいサイズ 帽子 深め ビッグサイズ ★REVM 7987400 BIG SIZE メンズキャップ帽子 大きめ 大きい帽子 メンズ帽子 レディース 春 夏 春夏 プレゼント ギフト 母の日 父の日 送料無料","大きいサイズ","A-ブラック","X11","Y11",,"0","232","231","-1",
"2026/09/06 22:23:17","受注取込","7986657","7986657X11Y11","【お守りチョーカー/阿弥陀如来】チョーカー ネックレス メンズ レディース NEK ★REVL 7986657 仏像 仏様 阿弥陀如来 アクセサリー ギフト プレゼント 送料無料","ONESIZE","ブラック/ゴールド","X11","Y11",,"0","8","7","-1",
"2026/09/06 22:25:00","受注取込","7987475","7987475X11Y11","【防犯】護身用 タクティカルスティック 防災グッズ 熊対策グッズ クマ対策 タクティカルペン キーホルダー 女性 キーリング NEK ★REVM 7987475 棒 車 ガラス 防災 災害 車内 軽量 不審者 痴漢 痴漢対策 武器 護身グッズ 自己防衛 コンパクト 非常時 バッググリップ","ONESIZE","ブラック","X11","Y11",,"0","58","57","-1",
"2026/09/06 22:28:01","受注取込","7987070","7987070X11Y11","【お得な2枚組】X-LARGE XLARGE エクストララージ ボクサーパンツ メンズ アンダーウェア 下着 NEK ★REVL 7987070 かっこいい ツルツル おすすめ 人気 カモフラ タイダイ 炎 迷彩 カモ柄 ブランド 男性 紳士 プレゼント プチギフト 父の日 誕生日 彼氏 父 息子 ギフト 記念日 大きいサイズ 福袋 送料無料","M","2枚組","X11","Y11",,"0","33","32","-1",
"2026/09/06 22:28:01","受注取込","7986705","7986705X11Y11","【美シルエット/こなれ感UP】ハンチング キャスケット キャスハンチング 帽子 メンズ  レディース NEK ★REVL 7986705 デニム素材 コットン100％ おしゃれ ピンストライプ 送料無料","ONESIZE","ネイビーデニム","X11","Y11",,"0","32","31","-1",
"2026/09/06 22:30:30","受注取込","7986511","7986511X11Y15","【本革】 キーケース メンズ レディース 本革 レザー スマートキー キーホルダー 鍵 NEK ★REVL 7986511 キーチェーン 小銭入れ プレゼント ミニギフト 父の日 母の日 送料無料","ONESIZE","ディープターコイズ","X11","Y15",,"0","28","27","-1",
"2026/09/06 22:32:16","受注取込","7995525","7995525X1Y14","AVIREX 限定モデル キャップ 帽子 父の日 贈り物 プレゼント メンズ ★REV ブラックシリーズ 黒 アビレックス アヴィレックス メッシュキャップ ハンチング ローキャップ バケット ハット ワークキャップ レディース かっこいい yos プレゼント ギフト","ONESIZE","【N】サファリハット_17158300","X1","Y14",,"0","112","111","-1",
"2026/09/06 22:35:17","受注取込","7986595","7986595X11Y11","【大判/高純度テラヘルツ】高純度 テラヘルツ 重さ954g リラクゼーション用 健康 NEK ★REVL 7986595 テラヘルツ波 パワーストーン 天然石 アクセサリー プレゼント ギフト プチギフト 母の日 父の日 送料無料","ピロー","メタリッククローム","X11","Y11",,"0","14","13","-1",
"2026/09/06 22:39:17","受注取込","7986572","7986572X11Y28","【新型/IQOS イルマ i ワン用】アイコス イルマiワン ILUMA ケース 保護ケース NEK ★REVL 7986572 iqosイルマワン イルマワンカバー 耐衝撃 おしゃれ iqos iluma one 専用 IQOSイルマワン保護ケース レザー ヒョウ柄 ペイズリー 保護カバー アイコスケース アクセサリー 送料無料","イルマiワン","72","X11","Y28",,"0","29","28","-1",
"2026/09/06 22:39:17","受注取込","7986462","7986462X11Y13","【デカい深い】キャップ メンズ レディース 大きいサイズ 深め 帽子 ★REVL 7986462  コットン100% 59cm?65cm ビッグサイズ ロングバイザー 8cm 深い ベースボールキャップ サイズ調整 おしゃれ 春 夏 秋 冬 男女兼用 ブラック ネイビー チャコール アイボリー 黒 送料無料","ONESIZE","チャコール","X11","Y13",,"0","6","5","-1",
"2026/09/06 22:39:17","受注取込","7986751","7986751X12Y13","【グリップ力効果/洗濯可能】トレーニンググローブ 手袋 筋トレ 筋トレグローブ NEK ★REV 7986751 レディース メンズ ジム手袋 指無し ウェイトリフティング 防滑 クッション性 伸びる 洗濯OK バーベル サイクリング ヨガ グリップ 衝撃吸収 通気性 送料無料","M","ブラック","X12","Y13",,"0","21","20","-1",
"2026/09/06 22:40:30","受注取込","7987400","7987400X11Y33","【とにかくデカい！/普通サイズあり！】キャップ メンズ 大きいサイズ 帽子 深め ビッグサイズ ★REVM 7987400 BIG SIZE メンズキャップ帽子 大きめ 大きい帽子 メンズ帽子 レディース 春 夏 春夏 プレゼント ギフト 母の日 父の日 送料無料","大きいサイズ","W-グレー","X11","Y33",,"0","28","27","-1",
"2026/09/06 22:40:34","受注取込","7992495","7992495X11Y16","ブレスレット バングル メンズ レディース サバイバル パラコード 笛付き リフレクター素材 サバゲー ミリタリー アクセサリー プレゼント 送料無料  NEK ALI 7992495 190707","ONESIZE","F","X11","Y16",,"0","8","7","-1",
"2026/09/06 22:40:34","受注取込","7992495","7992495X11Y22","ブレスレット バングル メンズ レディース サバイバル パラコード 笛付き リフレクター素材 サバゲー ミリタリー アクセサリー プレゼント 送料無料  NEK ALI 7992495 190707","ONESIZE","L","X11","Y22",,"0","7","6","-1",
"2026/09/06 22:44:47","受注取込","7987678","7987678X12Y15","【洗濯可能】トレーニンググローブ 手袋 筋トレ 筋トレグローブ メンズ レディース 指無し NEK ★REV 7987678 ウェイトリフティング 防滑 クッション性 伸びる 洗濯OK バーベル サイクリング ヨガ グリップ","M","B-グレー","X12","Y15",,"0","18","17","-1",
"2026/09/06 22:48:47","受注取込","7987718","7987718X11Y11","【日本製 姫路レザー】日本製 ベルト メンズ レディース 本革 本皮 ブライドルレザー ★REV Y_KO HBTH003 004 3.0cm幅 3.5cm幅 30mm 35mm 一枚革 ヌメ革 姫路レザー ビジネス カジュアル 送料無料","幅3.0cm(HBTH003)","ブラック","X11","Y11",,"0","15","14","-1",
"2026/09/06 22:49:30","受注取込","7987400","7987400X11Y11","【とにかくデカい！/普通サイズあり！】キャップ メンズ 大きいサイズ 帽子 深め ビッグサイズ ★REVM 7987400 BIG SIZE メンズキャップ帽子 大きめ 大きい帽子 メンズ帽子 レディース 春 夏 春夏 プレゼント ギフト 母の日 父の日 送料無料","大きいサイズ","A-ブラック","X11","Y11",,"0","231","230","-1",
"2026/09/06 22:53:17","受注取込","7987400","7987400X11Y13","【とにかくデカい！/普通サイズあり！】キャップ メンズ 大きいサイズ 帽子 深め ビッグサイズ ★REVM 7987400 BIG SIZE メンズキャップ帽子 大きめ 大きい帽子 メンズ帽子 レディース 春 夏 春夏 プレゼント ギフト 母の日 父の日 送料無料","大きいサイズ","C-グレー","X11","Y13",,"0","67","66","-1",
"2026/09/06 22:56:17","受注取込","7994812","7994812X12Y11","サファリハット メンズ 釣り 帽子 ハット レディース SUNS(サンズ)  撥水 アウトドア 登山 キャンプ バーベキュー NEK ★REV H-051 H-053 送料無料 大きいサイズあり キッズサイズ 子供 UVカット アドベンチャーハット 父の日 プレゼント ユニセックス 春 夏 夏フェス ギフト","大きいサイズ","BK/BLACK(H_051)","X12","Y11",,"0","185","184","-1",
"2026/09/06 22:58:46","受注取込","7992723","7992723X11Y11","お得！ 送料無料 4枚入り 福袋 Dickies ディッキーズ ボクサーパンツ メンズ かわいい NEK ★REV <br> パンツ ボクサーパンツ セット メンズ下着 メンズボクサーパンツ メンズボクサー 大きいサイズ 大きめ 特大 3L 下着 インナー メンズ usa まとめ買い プレゼント ギフト","M","福袋4枚セット","X11","Y11",,"0","72","71","-1",
"2026/09/06 23:00:05","受注取込","7995525","7995525X1Y8","AVIREX 限定モデル キャップ 帽子 父の日 贈り物 プレゼント メンズ ★REV ブラックシリーズ 黒 アビレックス アヴィレックス メッシュキャップ ハンチング ローキャップ バケット ハット ワークキャップ レディース かっこいい yos プレゼント ギフト","ONESIZE","【H】メッシュ_14587700_80","X1","Y8",,"0","196","195","-1",
"2026/09/06 23:00:20","受注取込","7986465","7986465X11Y12","【とにかくデカい】帽子 キャップ 大きいサイズ 深い 深め 60～65cm ★REVL 7986465 サイドタグ シンプル おしゃれ 野球帽 送料無料","ONESIZE","ブラック","X11","Y12",,"0","10","9","-1",
"2026/09/06 23:00:20","受注取込","7987400","7987400X11Y16","【とにかくデカい！/普通サイズあり！】キャップ メンズ 大きいサイズ 帽子 深め ビッグサイズ ★REVM 7987400 BIG SIZE メンズキャップ帽子 大きめ 大きい帽子 メンズ帽子 レディース 春 夏 春夏 プレゼント ギフト 母の日 父の日 送料無料","大きいサイズ","F-ブラック","X11","Y16",,"0","134","133","-1",
"2026/09/06 23:00:30","受注取込","7987400","7987400X11Y16","【とにかくデカい！/普通サイズあり！】キャップ メンズ 大きいサイズ 帽子 深め ビッグサイズ ★REVM 7987400 BIG SIZE メンズキャップ帽子 大きめ 大きい帽子 メンズ帽子 レディース 春 夏 春夏 プレゼント ギフト 母の日 父の日 送料無料","大きいサイズ","F-ブラック","X11","Y16",,"0","133","132","-1",
"2026/09/06 23:07:01","受注取込","7990619","7990619X11Y11","アルコール ジェル 除菌 消毒 500ml 62% 【50mlのミニボトル2本付き あす楽】 エタノール ハンドジェル アルコール 消毒 アルコール 除菌 アルコール消毒液 500ml アメリカFDA 認証商品 ウイルス対策  7990619 プレゼント ギフト","500ml","ジェルタイプ","X11","Y11",,"0","772","771","-1",
"2026/09/06 23:07:01","受注取込","7988391","7988391X11Y13","【おまけ付き 速攻配達】テント ワンタッチ 2人用 1人用 2-3人用 折りたたみテント ★REV 7988391 自動ポップアップテント 撥水加工 紫外線防止 登山 折りたたみ 防水 通気性 アウトドア 登山 運動会 日よけ キャンプ サンシェード uvカット 簡単 アウトドア バーベキュー","ONESIZE","グリーン","X11","Y13",,"0","14","13","-1",
"2026/09/06 23:08:01","受注取込","7987401","7987401X11Y11","大きいサイズ キャップ メッシュキャップ 帽子 ★REV 7987401 メンズ 野球帽 迷彩 カモフラ シャドーカモ 刺繍 送料無料","ONESIZE","ブラックシャドーカモ","X11","Y11",,"0","9","8","-1",
"2026/09/06 23:17:17","受注取込","7994812","7994812X12Y11","サファリハット メンズ 釣り 帽子 ハット レディース SUNS(サンズ)  撥水 アウトドア 登山 キャンプ バーベキュー NEK ★REV H-051 H-053 送料無料 大きいサイズあり キッズサイズ 子供 UVカット アドベンチャーハット 父の日 プレゼント ユニセックス 春 夏 夏フェス ギフト","大きいサイズ","BK/BLACK(H_051)","X12","Y11",,"0","184","183","-1",
"2026/09/06 23:22:30","受注取込","7987170","7987170X11Y11","【万能で役立つ！男ツール】 マルチツール ドライバー 多機能 工具 日曜大工 DIY NEK ★REVL 7987170 防災 アウトドア 用品 キャンプ 雑貨 ペンチ のこぎり 缶切り ボトルオープナー ワイヤーカッター 収納ケース付 庭 ガーデニング 多機能ペンチ ギフト プレゼント","ONESIZE","シルバー","X11","Y11",,"0","12","11","-1",
"2026/09/06 23:27:28","受注取込","7986572","7986572X11Y33","【新型/IQOS イルマ i ワン用】アイコス イルマiワン ILUMA ケース 保護ケース NEK ★REVL 7986572 iqosイルマワン イルマワンカバー 耐衝撃 おしゃれ iqos iluma one 専用 IQOSイルマワン保護ケース レザー ヒョウ柄 ペイズリー 保護カバー アイコスケース アクセサリー 送料無料","イルマiワン","77","X11","Y33",,"0","2","1","-1",
"2026/09/06 23:28:31","受注取込","7992054","7992054X11Y14","【シンプル/おしゃれ】16mm パワーストーン ネックレス メンズ レディース 瑪瑙 オブシディアン タイガーアイ NEK ★REV 7992054 黒曜石 茶水晶 虎目石 金運 財運 仕事運 恋愛 結婚 家庭円満 癒し 幸運 成功運 勝負運 家族運 厄除祈願 天然石 お守り プレゼント 送料無料","ONESIZE","【D】瑪瑙/メノウ","X11","Y14",,"0","8","7","-1",
"2026/09/06 23:39:47","受注取込","7986654","7986654X14Y11","【お得な100枚セット】宅配ビニール袋 100枚 お得 安い 宅配袋 宅配ポリ袋 ポリ袋 強テープ付き 17cm 20cm 25cm 30cm 32cm 40cm 45cm 50cm 60cm 梱包 袋 梱包材 ビニール 宅配 7986654 プレゼント ギフト","30cm×42cm","ワンカラー","X14","Y11",,"0","50","43","-7",
"2026/09/06 23:39:47","受注取込","7986654","7986654X16Y11","【お得な100枚セット】宅配ビニール袋 100枚 お得 安い 宅配袋 宅配ポリ袋 ポリ袋 強テープ付き 17cm 20cm 25cm 30cm 32cm 40cm 45cm 50cm 60cm 梱包 袋 梱包材 ビニール 宅配 7986654 プレゼント ギフト","40cm×55cm","ワンカラー","X16","Y11",,"0","95","88","-7",
"2026/09/06 23:39:47","受注取込","7986654","7986654X17Y11","【お得な100枚セット】宅配ビニール袋 100枚 お得 安い 宅配袋 宅配ポリ袋 ポリ袋 強テープ付き 17cm 20cm 25cm 30cm 32cm 40cm 45cm 50cm 60cm 梱包 袋 梱包材 ビニール 宅配 7986654 プレゼント ギフト","45cm×55cm","ワンカラー","X17","Y11",,"0","53","52","-1",
"2026/09/06 23:42:47","受注取込","7995363","7995363X4Y3","安全靴 鋼鉄先芯 スニーカー ブーツ シューズ メンズ 父の日 贈り物 プレゼント セーフティーシューズ 耐油 防滑 ブラック 黒 7995363 作業用 作業靴 おしゃれ かっこいい ハイカット 釘踏み抜き防止 靴 紐靴 レースアップ ALI プレゼント ギフト","26.5cm","C_7991146","X4","Y3",,"0","12","11","-1",
"2026/09/06 23:44:17","受注取込","7987981","7987981X11Y13","【Vintage加工 本革】長財布 メンズ レディース 本革 レザー 本皮 ★REV 7987981 Vintage ヌメ革 プレゼント ギフト アクセサリー インスタ映え 送料無料","ONESIZE","ブラック","X11","Y13",,"0","6","5","-1",
"2026/09/06 23:51:47","受注取込","7987400","7987400X11Y11","【とにかくデカい！/普通サイズあり！】キャップ メンズ 大きいサイズ 帽子 深め ビッグサイズ ★REVM 7987400 BIG SIZE メンズキャップ帽子 大きめ 大きい帽子 メンズ帽子 レディース 春 夏 春夏 プレゼント ギフト 母の日 父の日 送料無料","大きいサイズ","A-ブラック","X11","Y11",,"0","230","229","-1",
"2026/09/06 23:57:31","受注取込","7987475","7987475X11Y15","【防犯】護身用 タクティカルスティック 防災グッズ 熊対策グッズ クマ対策 タクティカルペン キーホルダー 女性 キーリング NEK ★REVM 7987475 棒 車 ガラス 防災 災害 車内 軽量 不審者 痴漢 痴漢対策 武器 護身グッズ 自己防衛 コンパクト 非常時 バッググリップ","ONESIZE","ピンク","X11","Y15",,"0","37","36","-1",
"2026/09/06 23:57:31","受注取込","7987400","7987400X11Y15","【とにかくデカい！/普通サイズあり！】キャップ メンズ 大きいサイズ 帽子 深め ビッグサイズ ★REVM 7987400 BIG SIZE メンズキャップ帽子 大きめ 大きい帽子 メンズ帽子 レディース 春 夏 春夏 プレゼント ギフト 母の日 父の日 送料無料","大きいサイズ","E-ベージュ","X11","Y15",,"0","103","102","-1",
"2026/09/06 23:58:43","受注取込","7986504","7986504X11Y11","【7cm厚底】厚底サンダル レディース EVA 軽量 7cm 厚底 トングサンダル ★REVO 7986504 ビーチサンダル 韓国ファッション 美脚 脚長 疲れにくい 軽い おしゃれ ブラック グレージュ 送料無料","35-36(22.5?23.0cm)","ブラック","X11","Y11",,"0","28","27","-1",
