"更新日時","更新理由","商品基本コード","商品コード","商品名","属性1名","属性2名","属性1コード","属性2コード","倉庫名","実在庫区分","変動前","変動後","増減値","ユーザー"
"2026/09/10 00:00:36","受注取込","7987439","7987439X12Y15","【通気性◎】メッシュキャップ メンズ 帽子 7987439 ★REV 野球帽 普通サイズ 56cm～59cm 大きいサイズ ビッグサイズ 59cm～63cm BIG 刺繍 プレゼント ギフト 送料無料","大きいサイズ","グレー","X12","Y15",,"0","9","8","-1",
"2026/09/10 00:04:59","受注取込","7988090","7988090X15Y11","安全靴 スニーカー エアウォーク AIR WALK Y_YU AW-890 ブルー迷彩 アクティブライト ローカット メンズ セーフティシューズ 樹脂先芯 軽量 衝撃吸収 負担軽減 作業靴 オシャレ","27.0cm ","ブルー迷彩","X15","Y11",,"0","126","124","-2",
"2026/09/10 00:05:47","受注取込","7988044","7988044X11Y15","ショルダーバッグ メンズ ワンショルダー 斜め掛け ★REV 7988044 おしゃれバッグ Vintage 斜めがけ メンズボディバック かっこいい ボディバッグ レザー ワンショルダーバッグ カバン 鞄 かばん レザー調 メンズバッグ 斜めがけ メンズショルダーバック 散歩 送料無料","ONESIZE","E_ブラウン","X11","Y15",,"0","6","5","-1",
"2026/09/10 00:07:17","受注取込","7987026","7987026X12Y11","【大きいサイズあり】キャップ 11cm つば長 帽子 メンズ レディース ★REV 7987026 深め 深い ゴルフ 無地 日焼け止め UVカット 送料無料","大きいサイズ","ブラック","X12","Y11",,"0","41","40","-1",
"2026/09/10 00:07:17","受注取込","7988459","7988459X15Y26","【速攻配達】犬 服 犬服 暖かい 冬 ロンパース ドッグウェア 冬服 男の子 女の子 アディドッグ GooDog adidog ★REVG NEK 7988459 7988345 ペット服 小型犬 つなぎ パーカー お散歩 かっこいい かわいい サロペット オーバーオール 裏起毛","XL","CEFINE_ベージュ","X15","Y26",,"0","24","23","-1",
"2026/09/10 00:07:17","受注取込","7988459","7988459X15Y27","【速攻配達】犬 服 犬服 暖かい 冬 ロンパース ドッグウェア 冬服 男の子 女の子 アディドッグ GooDog adidog ★REVG NEK 7988459 7988345 ペット服 小型犬 つなぎ パーカー お散歩 かっこいい かわいい サロペット オーバーオール 裏起毛","XL","PLADG_ブラック","X15","Y27",,"0","42","41","-1",
"2026/09/10 00:07:17","受注取込","7988332","7988332X14Y23","【ワンちゃん格上げ！】 ドッグウェア 犬服 アディドッグ GooDog adidog ★REVG new dogs ペット服 小型犬 ノースリーブ NEK 7988332 犬の服 タンクトップ 犬洋服 犬用服 ペット 犬 服 犬用 かっこいい かわいい サロペット ロンパース オーバーオール 男の子 女の子","L","new_dog(ブラック)","X14","Y23",,"0","4","3","-1",
"2026/09/10 00:07:17","受注取込","7988332","7988332X14Y27","【ワンちゃん格上げ！】 ドッグウェア 犬服 アディドッグ GooDog adidog ★REVG new dogs ペット服 小型犬 ノースリーブ NEK 7988332 犬の服 タンクトップ 犬洋服 犬用服 ペット 犬 服 犬用 かっこいい かわいい サロペット ロンパース オーバーオール 男の子 女の子","L","PLADG(ピンク)","X14","Y27",,"0","61","60","-1",
"2026/09/10 00:08:47","受注取込","7987810","7987810X11Y15","数字油絵 DIY 大人の塗り絵 子供の塗り絵 夏休みの宿題 インテリア 絵画 NEK ★REV 7987810 数字塗り絵 数字 油絵 セット 可愛い 塗り絵 大人 ぬり絵 ぬりえ 大人のぬりえ パズル塗り絵 パズルぬりえ インテリア おしゃれ アートパネル 暇つぶし プレゼント ギフト 送料無料","ONESIZE","E","X11","Y15",,"0","21","20","-1",
"2026/09/10 00:10:18","受注取込","7992540","7992540X11Y20","AVIREX ワークキャップ メンズ 大きいサイズ 大きめ キャップ ブランド 帽子 アメカジ アビレックス 春 夏 秋 冬 綿100％ ★REV 18490000 14787700 80264100 7992540 ネイビー/ベージュ/ブラック/カーキ プレゼント ギフト","ONESIZE","【J】MA-1 ブラック","X11","Y20",,"0","32","31","-1",
"2026/09/10 00:10:18","受注取込","7987400","7987400X11Y11","【とにかくデカい！/普通サイズあり！】キャップ メンズ 大きいサイズ 帽子 深め ビッグサイズ ★REVM 7987400 BIG SIZE メンズキャップ帽子 大きめ 大きい帽子 メンズ帽子 レディース 春 夏 春夏 プレゼント ギフト 母の日 父の日 送料無料","大きいサイズ","A-ブラック","X11","Y11",,"0","216","215","-1",
"2026/09/10 00:10:18","受注取込","7992540","7992540X11Y20","AVIREX ワークキャップ メンズ 大きいサイズ 大きめ キャップ ブランド 帽子 アメカジ アビレックス 春 夏 秋 冬 綿100％ ★REV 18490000 14787700 80264100 7992540 ネイビー/ベージュ/ブラック/カーキ プレゼント ギフト","ONESIZE","【J】MA-1 ブラック","X11","Y20",,"0","31","30","-1",
"2026/09/10 00:11:31","受注取込","7988167","7988167X11Y11","【犬 猫 食器台 3個セット おまけ付】傾斜のある食器台 犬用 猫用 フードボウルスタンド ★REVG 7988167 食器スタンド スタンド テーブル 食器 餌入れ 老犬 老猫 シニア 高齢犬 高齢猫 首 腰 関節 パピー 小型犬 いぬ ねこ 北欧 獣医 コーギー ダックス ヘルニア 送料無料","ONESIZE","3色セット","X11","Y11",,"0","44","43","-1",
"2026/09/10 00:14:31","受注取込","7986716","7986716X11Y11","【紫外線でプロ級チェック】アニサキスライト UV 紫外線ライト ブラックライト NEK ★REVL 7986716 365nm 充電式 TYPE-C充電  USB 光学レンズ アニサキス検出 生活 食事 釣り 掃除 コンパクト 送料無料","1本","ブラック(TYPE-C)","X11","Y11",,"0","30","29","-1",
"2026/09/10 00:19:17","受注取込","7986532","7986532X11Y14","【新型/IQOS イルマ i ワン用】アイコス イルマiワン ILUMA ケース 保護ケース NEK ★REVL 7986532 iqosイルマワン イルマワンカバー 耐衝撃 おしゃれ iqos iluma one 専用 IQOSイルマワン保護ケース レザー 保護カバー アイコスケース アクセサリー 送料無料","ONESIZE","パープル","X11","Y14",,"0","19","18","-1",
"2026/09/10 00:21:47","受注取込","7994812","7994812X12Y13","サファリハット メンズ 釣り 帽子 ハット レディース SUNS(サンズ)  撥水 アウトドア 登山 キャンプ バーベキュー NEK ★REV H-051 H-053 送料無料 大きいサイズあり キッズサイズ 子供 UVカット アドベンチャーハット 父の日 プレゼント ユニセックス 春 夏 夏フェス ギフト","大きいサイズ","NAVY(H_051)","X12","Y13",,"0","27","26","-1",
"2026/09/10 00:21:47","受注取込","7987400","7987400X11Y16","【とにかくデカい！/普通サイズあり！】キャップ メンズ 大きいサイズ 帽子 深め ビッグサイズ ★REVM 7987400 BIG SIZE メンズキャップ帽子 大きめ 大きい帽子 メンズ帽子 レディース 春 夏 春夏 プレゼント ギフト 母の日 父の日 送料無料","大きいサイズ","F-ブラック","X11","Y16",,"0","120","119","-1",
"2026/09/10 00:22:31","受注取込","7987559","7987559X11Y13","ミニ財布 ミニウォレット 短財布 メンズ レディース ウォレット NEK ★REV 7987559 プレゼント ギフト 父の日 母の日 プチギフト 誕プレ 送料無料","ONESIZE","ネイビー","X11","Y13",,"0","15","14","-1",
"2026/09/10 00:24:31","受注取込","7986752","7986752X11Y12","収納 サンバイザーホルダー マルチ 車 カーポケット ドライブポケット NEK ★REVL 7986752 おしゃれ サンバイザー ポケット カー用品 収納 カー用品 ペン カードポケット 収納ホルダー サングラスホルダー 車 眼鏡ホルダー カーアクセサリー 送料無料","ONESIZE","グレー","X11","Y12",,"0","21","20","-1",
"2026/09/10 00:24:47","受注取込","7986676","7986676X11Y14","【通気性抜群/薄手コットンニット】ハット 帽子 チューリップハット メンズ レディース NEK ★REVL 7986676 折りたたみ可能  UVカット 春夏ハット おしゃれ 無地 送料無料","ONESIZE","ブラック杢","X11","Y14",,"0","20","19","-1",
"2026/09/10 00:30:07","受注取込","7986855","7986855X11Y11","【潜在能力を引き出す】ラブラドライト パワーストーン ネックレス NEK ★REV 7986855 チョーカー メンズ レディース 天然石 お守り プレゼント 送料無料 アクセサリー","ONESIZE","オーロラ","X11","Y11",,"0","20","19","-1",
"2026/09/10 00:30:22","受注取込","7986531","7986531X11Y18","【新型/IQOS イルマ i ワン用】アイコス イルマiワン ILUMA ケース 保護ケース NEK ★REVL 7986531 iqosイルマワン イルマワンカバー 耐衝撃 おしゃれ iqos iluma one 専用 IQOSイルマワン保護ケース レザー ヒョウ柄 ペイズリー 保護カバー アイコスケース アクセサリー 送料無料","ONESIZE","101","X11","Y18",,"0","8","7","-1",
"2026/09/10 00:37:17","受注取込","7987169","7987169X11Y12","【本革 コンパクト】財布 レディース メンズ ミニ財布 短財布 ミニウォレット NEK ★REVH 7987169 エンボス レザー 革 本革 牛革 ショートウォレット さいふ ウォレット 多機能 大容量 男性 ギフト 紳士用 プレゼント 薄い スリム 収納 ラウンドファスナー 送料無料","ONESIZE","ブラック×ブラウン","X11","Y12",,"0","10","9","-1",
"2026/09/10 00:40:19","受注取込","7992491","7992491X11Y11","ブルー メッシュキャップ キャップ 帽子 メンズ レディース ALI 7992491 ブルー 青 190612","ONESIZE","ブルー","X11","Y11",,"0","16","15","-1",
"2026/09/10 00:40:19","受注取込","7992492","7992492X11Y11","レッド メッシュキャップ キャップ 帽子 メンズ レディース ALI 7992492 レッド 赤 190612","ONESIZE","レッド","X11","Y11",,"0","5","4","-1",
"2026/09/10 00:40:19","受注取込","7986685","7986685X11Y18","【2個セット】防水ケース スマホ防水ケース 完全防水 防水等級IPX8 防水携帯ケース NEK ★REVL 7986685 タッチ可 Face ID 認証対応 iPhone Android 全機種対応 水中撮影 お風呂 海水浴 プール 海 スマホアクセサリー 送料無料","ONESIZE","グレー","X11","Y18",,"0","22","21","-1",
"2026/09/10 00:48:17","受注取込","7994812","7994812X11Y14","サファリハット メンズ 釣り 帽子 ハット レディース SUNS(サンズ)  撥水 アウトドア 登山 キャンプ バーベキュー NEK ★REV H-051 H-053 送料無料 大きいサイズあり キッズサイズ 子供 UVカット アドベンチャーハット 父の日 プレゼント ユニセックス 春 夏 夏フェス ギフト","普通サイズ","KHAKI(H_051)","X11","Y14",,"0","43","42","-1",
"2026/09/10 00:55:47","受注取込","7986752","7986752X11Y12","収納 サンバイザーホルダー マルチ 車 カーポケット ドライブポケット NEK ★REVL 7986752 おしゃれ サンバイザー ポケット カー用品 収納 カー用品 ペン カードポケット 収納ホルダー サングラスホルダー 車 眼鏡ホルダー カーアクセサリー 送料無料","ONESIZE","グレー","X11","Y12",,"0","20","19","-1",
"2026/09/10 00:57:17","受注取込","7987083","7987083X11Y12","LOGOS サファリハット メンズ レディース LS3Q600Q NEK ★REV 7987083 パッチワーク アドベンチャーハット サファリハット 帽子 アウトドア 超軽量 バケットハット ヒモつき キャンプ お洒落 ブランド","普通サイズ","マルチB-ネイビー","X11","Y12",,"0","1","0","-1",
"2026/09/10 01:20:47","受注取込","7986532","7986532X11Y16","【新型/IQOS イルマ i ワン用】アイコス イルマiワン ILUMA ケース 保護ケース NEK ★REVL 7986532 iqosイルマワン イルマワンカバー 耐衝撃 おしゃれ iqos iluma one 専用 IQOSイルマワン保護ケース レザー 保護カバー アイコスケース アクセサリー 送料無料","ONESIZE","ブラック","X11","Y16",,"0","17","16","-1",
"2026/09/10 01:27:17","受注取込","7987802","7987802X11Y12","健康サンダル 足つぼ スリッパ 健康 サンダル 健康スリッパ 天然石 パワーストーン レディース メンズ オフィス ★REV 7987802 リラックス ストーン 足裏 足うら 刺激 ツボ押し つぼ押し 超強力 マッサージ 室内 屋外 野外 リフレクソロジー 足ツボサンダル 石 岩 送料無料","35-36(22.5～23.0cm)","レッド","X11","Y12",,"0","18","17","-1",
"2026/09/10 01:31:47","受注取込","7994812","7994812X12Y13","サファリハット メンズ 釣り 帽子 ハット レディース SUNS(サンズ)  撥水 アウトドア 登山 キャンプ バーベキュー NEK ★REV H-051 H-053 送料無料 大きいサイズあり キッズサイズ 子供 UVカット アドベンチャーハット 父の日 プレゼント ユニセックス 春 夏 夏フェス ギフト","大きいサイズ","NAVY(H_051)","X12","Y13",,"0","26","25","-1",
"2026/09/10 01:50:47","受注取込","7987128","7987128X11Y12","【コンパクト】電動エアーポンプ 充電式 強力 USB Type-c 電動ポンプ ★REVL 7987128 エアーポンプ 空気入れ 3000mAh IPX4防水 4000pa アウトドア マット 浮き輪 ノズル付き 送料無料","ONESIZE","ホワイト","X11","Y12",,"0","4","3","-1",
"2026/09/10 01:55:17","受注取込","7997141","7997141X12Y12","特大 スイカ ドーナツ 浮き輪 浮輪 送料無料 プール 大人用 子供用 NEK 7997141 ★REV 120cm 90cm 80cm 70cm 60cm サイズ 大きい 大きめ うきわ ウキワ すいか 海 海水浴 ビックフロート 水上 レジャー かわいい フローティングベッド 西瓜 子供用浮き輪 大人 子供 こども","90cm","ドーナツイチゴ","X12","Y12",,"0","4","3","-1",
"2026/09/10 02:30:26","受注取込","7986612","7986612X11Y12","【ジャカード織】柄シャツ メンズ ジャカード ヴィンテージ ジャケット ★REVL 7986612 春夏 レディース ゴブラン レトロ 軽い 派手 オルテガ オリエンタル ペイズリー ネイティブ アメリカン 部族 民族 マルチカラー 長袖 長袖シャツ ライトアウター","M(メーカー表記XL)","B","X11","Y12",,"0","2","1","-1",
"2026/09/10 03:00:26","受注取込","7987697","7987697X11Y11","【速攻配達】冷やスマPRO 盛夏用 スマホ熱中症対策 冷却 クーラー ★REV NEK スマートフォン専用常温保冷剤 熱暴走 結露なし スマホ 冷感 冷却 HIYASUMA","ONESIZE","ホワイト","X11","Y11",,"0","406","405","-1",
"2026/09/10 03:13:40","受注取込","7986618","7986618X11Y11","【お得な2個入り】 LED電球 E26口金 40W形相当 6W 500LM 昼白色 RGB 16色 調光調色 ★REVL 7986618 カラフル マルチカラー リモコン付き 記憶機能 16色選択可 リモート 装飾照明電球 パーティー/リビングルーム/カフェー/舞台 2個入り 送料無料","2個セット","ホワイト","X11","Y11",,"0","42","41","-1",
"2026/09/10 04:22:31","受注取込","7988089","7988089X16Y11","安全靴 スニーカー エアウォーク AIR WALK Y_YU AW-880 レッド迷彩 アクティブライト ローカット メンズ セーフティシューズ 樹脂先芯 軽量 衝撃吸収 負担軽減 作業靴 オシャレ","28.0cm","レッド迷彩","X16","Y11",,"0","178","177","-1",
"2026/09/10 04:23:31","受注取込","7987093","7987093X12Y11","【新型iphone/IQOS対応】急速5A 3股 Type-C 充電ケーブル スマホケーブル 1.2m 2m 3m typec NEK ★REVL 7987093 新型iphone IQOS対応 USB A→Type-C×3 充電ケーブル 3in1 急速 送料無料","2.0m","ブラック_TypeA/TypeC×3","X12","Y11",,"0","17","16","-1",
"2026/09/10 05:03:47","受注取込","7988088","7988088X13Y11","安全靴 スニーカー エアウォーク AIR WALK Y_YU AW-920 グリーン フレックスフィット ローカット メンズ セーフティシューズ 樹脂先芯 軽量 衝撃吸収 負担軽減 作業靴 オシャレ  かかとが踏める ムレにくい","26.0cm ","グリーン","X13","Y11",,"0","203","202","-1",
"2026/09/10 05:25:47","受注取込","7987678","7987678X14Y14","【洗濯可能】トレーニンググローブ 手袋 筋トレ 筋トレグローブ メンズ レディース 指無し NEK ★REV 7987678 ウェイトリフティング 防滑 クッション性 伸びる 洗濯OK バーベル サイクリング ヨガ グリップ","XL","B-ブラック","X14","Y14",,"0","29","28","-1",
"2026/09/10 05:25:47","受注取込","7994702","7994702X11Y11","経年変化を楽しむ！日本製 本革 レザー 130cm 長め ベルト 7994702 メンズ レディース ヌメ革 総革 Artisan aging 送料無料 ナチュラル ギフトBOX付き プレゼント 180618 プレゼント ギフト","ONESIZE","ナチュラル","X11","Y11",,"0","50","49","-1",
"2026/09/10 05:27:19","受注取込","7987678","7987678X11Y14","【洗濯可能】トレーニンググローブ 手袋 筋トレ 筋トレグローブ メンズ レディース 指無し NEK ★REV 7987678 ウェイトリフティング 防滑 クッション性 伸びる 洗濯OK バーベル サイクリング ヨガ グリップ","S","B-ブラック","X11","Y14",,"0","35","34","-1",
"2026/09/10 05:42:47","受注取込","7992723","7992723X12Y11","お得！ 送料無料 4枚入り 福袋 Dickies ディッキーズ ボクサーパンツ メンズ かわいい NEK ★REV <br> パンツ ボクサーパンツ セット メンズ下着 メンズボクサーパンツ メンズボクサー 大きいサイズ 大きめ 特大 3L 下着 インナー メンズ usa まとめ買い プレゼント ギフト","L","福袋4枚セット","X12","Y11",,"0","125","124","-1",
"2026/09/10 05:52:47","受注取込","7987345","7987345X14Y14","【とにかくデカい！】 大きいサイズ キャップ 送料無料 大きめ ビッグサイズ ★REV 7987345 BIG SIZE 帽子 ハット キャップ キャスケット メンズキャップ 大きいサイズ バケット 大きい帽子 メンズ メンズ帽子 大きい 頭 メッシュキャップ","DDD","4","X14","Y14",,"0","7","6","-1",
"2026/09/10 05:56:17","受注取込","7988039","7988039X12Y18","【最安値に挑戦】犬 服 暖かい 犬の服 ドッグウエア ボア ダウン ジャケット コート ドッグウエア NEK ★REVG 7988039 小型犬 中型犬 秋 秋服 冬 冬用 冬服 秋冬 おしゃれ かわいい 可愛い 着せやすい 女の子 男の子 オス メス 背開き アウター ベスト ハーネス 送料無料","M","ペイントオリーブ","X12","Y18",,"0","4","3","-1",
"2026/09/10 05:59:48","受注取込","7987345","7987345X14Y14","【とにかくデカい！】 大きいサイズ キャップ 送料無料 大きめ ビッグサイズ ★REV 7987345 BIG SIZE 帽子 ハット キャップ キャスケット メンズキャップ 大きいサイズ バケット 大きい帽子 メンズ メンズ帽子 大きい 頭 メッシュキャップ","DDD","4","X14","Y14",,"0","6","5","-1",
"2026/09/10 06:01:18","受注取込","7987683","7987683X11Y13","3WAY ボストンバッグ リュック ジムバッグ メンズ レディース ショルダーバッグ ★REV  7987683 旅行 リュックサック 軽量 アウトドア キャンプ スポーツ ジム ゴルフ シューズ収納 防水 おしゃれ かわいい 男 女子 ボストン 高校生メンズ ショルダー 送料無料","ONESIZE","ブラック×ホワイト","X11","Y13",,"0","24","23","-1",
"2026/09/10 06:16:31","受注取込","7988125","7988125X11Y11","【カーボンスタイル 大きいサイズ】メッシュキャップ キャップ 帽子 ★REV 7988125 大きいサイズ 大きめ ビッグサイズ BIGサイズ シンプル 無地 カーボン調 プレゼント ギフト 送料無料","ONESIZE","ブラック","X11","Y11",,"0","17","16","-1",
"2026/09/10 06:16:47","受注取込","7986519","7986519X11Y11","【ごっそり鼻毛処理！お得な10本セット】鼻毛カッター 鼻毛トリマー  耳かき NEK ★REVL 7986519 男性用 女性用 送料無料","ONESIZE","アイボリー","X11","Y11",,"0","39","38","-1",
"2026/09/10 06:23:47","受注取込","7992723","7992723X11Y11","お得！ 送料無料 4枚入り 福袋 Dickies ディッキーズ ボクサーパンツ メンズ かわいい NEK ★REV <br> パンツ ボクサーパンツ セット メンズ下着 メンズボクサーパンツ メンズボクサー 大きいサイズ 大きめ 特大 3L 下着 インナー メンズ usa まとめ買い プレゼント ギフト","M","福袋4枚セット","X11","Y11",,"0","59","58","-1",
"2026/09/10 06:33:01","受注取込","7994812","7994812X11Y13","サファリハット メンズ 釣り 帽子 ハット レディース SUNS(サンズ)  撥水 アウトドア 登山 キャンプ バーベキュー NEK ★REV H-051 H-053 送料無料 大きいサイズあり キッズサイズ 子供 UVカット アドベンチャーハット 父の日 プレゼント ユニセックス 春 夏 夏フェス ギフト","普通サイズ","NAVY(H_051)","X11","Y13",,"0","22","21","-1",
"2026/09/10 06:36:47","受注取込","7988047","7988047X11Y12","2WAY ミニ ボストンバッグ メンズ レディース ★REV 7988047 小さめ 小型 ショルダーバッグ ミニバッグ ドラムバッグ 小旅行 アウトドア キャンプ ジム 軽量 送料無料","ONESIZE","レッド","X11","Y12",,"0","11","10","-1",
"2026/09/10 06:38:31","受注取込","7987996","7987996X16Y11","【速攻配達】ドッグウェア 犬 服 暖かい ジャージ POMII ポミー ★REVG NEK 7987996 裏起毛 小型犬 中型犬 男の子 女の子 おしゃれ インスタ映え 送料無料","3XL","ブラック","X16","Y11",,"0","7","6","-1",
"2026/09/10 06:42:47","受注取込","7992723","7992723X13Y11","お得！ 送料無料 4枚入り 福袋 Dickies ディッキーズ ボクサーパンツ メンズ かわいい NEK ★REV <br> パンツ ボクサーパンツ セット メンズ下着 メンズボクサーパンツ メンズボクサー 大きいサイズ 大きめ 特大 3L 下着 インナー メンズ usa まとめ買い プレゼント ギフト","LL","福袋4枚セット","X13","Y11",,"0","100","99","-1",
"2026/09/10 06:45:18","受注取込","7988386","7988386X11Y11","【高輝度・省電力】LED 卓上 ライト 間接照明 おしゃれ テーブルランプ 北欧 ベッドライト ★REV 7988386 照明 ランプ 一人暮らし ナイトランプ ムードランプ インテリア 雑貨 スタンドライト フロアライト ベッドサイド ルームライト 寝室 usb 電気スタンド フロアランプ","ONESIZE","アイボリー","X11","Y11",,"0","178","177","-1",
"2026/09/10 06:50:20","受注取込","7986692","7986692X11Y11","【お得な3本セット】ハンガー ピンチハンガー ステンレス 3本セット ピンチ10個 ★REVL 7986692 ステンレスハンガー 物干しハンガー 洗濯物干し 収納 コンパクト 防風 小物ハンガー 靴下 下着 タオル 洗濯バサミ おしゃれ 送料無料","ONESIZE","シルバー","X11","Y11",,"0","24","23","-1",
"2026/09/10 06:53:31","受注取込","7986509","7986509X11Y15","【使い勝手しやすいベルト】ベルト メンズ レディース 120cm ガチャベルト NEK ★REVL 7986509 フリーサイズ プレゼント 大きいサイズ サバゲー キャンプ アウトドア 登山 作業服 ギフト 送料無料","ONESIZE","オリーブ","X11","Y15",,"0","21","20","-1",
"2026/09/10 06:55:47","受注取込","7992723","7992723X11Y11","お得！ 送料無料 4枚入り 福袋 Dickies ディッキーズ ボクサーパンツ メンズ かわいい NEK ★REV <br> パンツ ボクサーパンツ セット メンズ下着 メンズボクサーパンツ メンズボクサー 大きいサイズ 大きめ 特大 3L 下着 インナー メンズ usa まとめ買い プレゼント ギフト","M","福袋4枚セット","X11","Y11",,"0","58","57","-1",
"2026/09/10 07:06:47","受注取込","7988381","7988381X11Y11","【圧巻の180色 プロ仕様】油性色鉛筆 色鉛筆 180色 塗り絵 絵具 マンガ 漫画 デッサン スケッチ 学生 美大生 絵画 葉書 7988381 ぬり絵 色鉛筆 セット 画材 美術 アート ポスター 色鉛筆セット 色えんぴつ プレゼント 小学生 中学生 油性 誕生日 ギフト 速攻配達＆送料無料","ONESIZE","180本セット","X11","Y11",,"0","11","10","-1",
"2026/09/10 07:07:47","受注取込","7986752","7986752X11Y11","収納 サンバイザーホルダー マルチ 車 カーポケット ドライブポケット NEK ★REVL 7986752 おしゃれ サンバイザー ポケット カー用品 収納 カー用品 ペン カードポケット 収納ホルダー サングラスホルダー 車 眼鏡ホルダー カーアクセサリー 送料無料","ONESIZE","ブラック","X11","Y11",,"0","49","48","-1",
"2026/09/10 07:10:21","受注取込","7987327","7987327X11Y13","本革 レザー キャスケット ハンチング 帽子 メンズ ★REV 7987327 キャップ あしたのジョー おしゃれ 皮製 ブラック ダークブラウン キャメル 黒 茶  送料無料","ONESIZE","キャメル","X11","Y13",,"0","27","26","-1",
"2026/09/10 07:12:47","受注取込","7987031","7987031X11Y13","【大人気SUNSより当店限定！】ミニトート バッグ レディース メンズ トートバッグ トート NEK ★REVL 7987031 CRB-001 ミニ 仕切り ポケット ランチバッグ マザーズバッグ 収納 ミリタリー MA-1 シンプル おしゃれ 便利 無地 通勤 通学 ユニセックス ジッパー付き 撥水","ONESIZE","ブラウン","X11","Y13",,"0","140","139","-1",
"2026/09/10 07:14:17","受注取込","7998075","7998075X12Y14","他店圧倒価格♪最安値に挑戦！ 1点までメール便送料無料 ワッチキャップ ニット帽子 ニットキャップ 7998075 【MB】【ALI】■05161126【wow未販売】 sg追加200125 sg追加200125","大きいサイズ(～65cm)","ネイビー","X12","Y14",,"0","66","65","-1",
"2026/09/10 07:14:17","受注取込","7987662","7987662X11Y13","【大きくルーズにかぶれる】大きいサイズ ニット帽 ニットキャップ 帽子 メンズ レディース NEK ★REV 7987662 ワッチキャップ プレゼント ギフト 母の日 父の日 プレゼント 誕生日 クリスマス 秋冬 防寒 おしゃれ 無地 送料無料","ONESIZE","ブラック","X11","Y13",,"0","2819","2818","-1",
"2026/09/10 07:20:48","受注取込","7992723","7992723X11Y11","お得！ 送料無料 4枚入り 福袋 Dickies ディッキーズ ボクサーパンツ メンズ かわいい NEK ★REV <br> パンツ ボクサーパンツ セット メンズ下着 メンズボクサーパンツ メンズボクサー 大きいサイズ 大きめ 特大 3L 下着 インナー メンズ usa まとめ買い プレゼント ギフト","M","福袋4枚セット","X11","Y11",,"0","57","56","-1",
"2026/09/10 07:22:17","受注取込","7994812","7994812X12Y25","サファリハット メンズ 釣り 帽子 ハット レディース SUNS(サンズ)  撥水 アウトドア 登山 キャンプ バーベキュー NEK ★REV H-051 H-053 送料無料 大きいサイズあり キッズサイズ 子供 UVカット アドベンチャーハット 父の日 プレゼント ユニセックス 春 夏 夏フェス ギフト","大きいサイズ","BROWN(H_051)","X12","Y25",,"0","24","23","-1",
"2026/09/10 07:25:00","受注取込","7987122","7987122X11Y12","【深い ALLメッシュ】ハンチング キャスケット キャスハンチング キャップ 大きいサイズ NEK ★REV 7987122 深い 深め メンズ レディース ハンチング帽子 ハンチング帽 帽子 メンズ帽子 送料無料","ONESIZE","ワイン","X11","Y12",,"0","7","6","-1",
"2026/09/10 07:25:21","受注取込","7986519","7986519X11Y11","【ごっそり鼻毛処理！お得な10本セット】鼻毛カッター 鼻毛トリマー  耳かき NEK ★REVL 7986519 男性用 女性用 送料無料","ONESIZE","アイボリー","X11","Y11",,"0","38","37","-1",
"2026/09/10 07:26:47","受注取込","7987678","7987678X12Y14","【洗濯可能】トレーニンググローブ 手袋 筋トレ 筋トレグローブ メンズ レディース 指無し NEK ★REV 7987678 ウェイトリフティング 防滑 クッション性 伸びる 洗濯OK バーベル サイクリング ヨガ グリップ","M","B-ブラック","X12","Y14",,"0","36","35","-1",
"2026/09/10 07:42:17","受注取込","7992723","7992723X12Y11","お得！ 送料無料 4枚入り 福袋 Dickies ディッキーズ ボクサーパンツ メンズ かわいい NEK ★REV <br> パンツ ボクサーパンツ セット メンズ下着 メンズボクサーパンツ メンズボクサー 大きいサイズ 大きめ 特大 3L 下着 インナー メンズ usa まとめ買い プレゼント ギフト","L","福袋4枚セット","X12","Y11",,"0","124","123","-1",
"2026/09/10 07:48:17","受注取込","7987400","7987400X11Y18","【とにかくデカい！/普通サイズあり！】キャップ メンズ 大きいサイズ 帽子 深め ビッグサイズ ★REVM 7987400 BIG SIZE メンズキャップ帽子 大きめ 大きい帽子 メンズ帽子 レディース 春 夏 春夏 プレゼント ギフト 母の日 父の日 送料無料","大きいサイズ","H-オリーブ","X11","Y18",,"0","43","42","-1",
"2026/09/10 07:51:22","受注取込","7987678","7987678X11Y14","【洗濯可能】トレーニンググローブ 手袋 筋トレ 筋トレグローブ メンズ レディース 指無し NEK ★REV 7987678 ウェイトリフティング 防滑 クッション性 伸びる 洗濯OK バーベル サイクリング ヨガ グリップ","S","B-ブラック","X11","Y14",,"0","34","33","-1",
"2026/09/10 07:52:01","受注取込","7986564","7986564X11Y13","【当店限定/大きいサイズ】BlackRebel 帽子 キャップ メンズ レディース 大きいサイズ ★REVL 7986564 深め Vintage クラッシュ 加工 こなれ感 おしゃれ 送料無料","ONESIZE","カーキ","X11","Y13",,"0","55","54","-1",
"2026/09/10 07:57:17","受注取込","7986519","7986519X11Y11","【ごっそり鼻毛処理！お得な10本セット】鼻毛カッター 鼻毛トリマー  耳かき NEK ★REVL 7986519 男性用 女性用 送料無料","ONESIZE","アイボリー","X11","Y11",,"0","37","36","-1",
"2026/09/10 07:57:17","受注取込","7992540","7992540X11Y13","AVIREX ワークキャップ メンズ 大きいサイズ 大きめ キャップ ブランド 帽子 アメカジ アビレックス 春 夏 秋 冬 綿100％ ★REV 18490000 14787700 80264100 7992540 ネイビー/ベージュ/ブラック/カーキ プレゼント ギフト","ONESIZE","【C】ブラック","X11","Y13",,"0","222","221","-1",
"2026/09/10 08:00:28","受注取込","7987031","7987031X11Y16","【大人気SUNSより当店限定！】ミニトート バッグ レディース メンズ トートバッグ トート NEK ★REVL 7987031 CRB-001 ミニ 仕切り ポケット ランチバッグ マザーズバッグ 収納 ミリタリー MA-1 シンプル おしゃれ 便利 無地 通勤 通学 ユニセックス ジッパー付き 撥水","ONESIZE","ネイビー","X11","Y16",,"0","35","34","-1",
"2026/09/10 08:02:32","受注取込","7986850","7986850X15Y11","【耐滑底/おしゃれ】安全靴 スニーカー エアウォーク ミッドカット AIR WALK AW-940 AW-950 Y_YU ★REV 7986850 メンズ おしゃれ 耐滑底 樹脂先芯 ストレッチロック セーフティシューズ 作業靴 送料無料","27.0cm","AW-940_オレンジ","X15","Y11",,"0","3","2","-1",
"2026/09/10 08:04:18","受注取込","7986972","7986972X11Y16","【Natural Rabbit】おねしょズボン おねしょパンツ おねしょ ズボン 防水 3歳 4歳 5歳 ウエストゴム 男の子 女の子 綿 コットン ズボン パンツ NEK ★REVH 7986972 トレーニングパンツ トイトレ おねしょ対策 寝冷え 腹巻 ズボン キッズ 小学生","M","F","X11","Y16",,"0","3","2","-1",
"2026/09/10 08:04:18","受注取込","7986972","7986972X11Y13","【Natural Rabbit】おねしょズボン おねしょパンツ おねしょ ズボン 防水 3歳 4歳 5歳 ウエストゴム 男の子 女の子 綿 コットン ズボン パンツ NEK ★REVH 7986972 トレーニングパンツ トイトレ おねしょ対策 寝冷え 腹巻 ズボン キッズ 小学生","M","C","X11","Y13",,"0","3","2","-1",
"2026/09/10 08:08:31","受注取込","7987515","7987515X13Y12","【選べる6柄×3サイズ】ネックレス チェーン メンズ レディース NEK ★REV 7987515 サージカルステンレス316L 50cm 60cm 70cm シンプル おしゃれ プレゼント プチギフト バレンタイン クリスマス 送料無料","70cm","B","X13","Y12",,"0","33","32","-1",
"2026/09/10 08:17:47","受注取込","7987061","7987061X11Y12","【お得な2組セット】アームカバー メンズ レディース 2組セット 冷感 NEK ★REV 7987061 ひんやり スポーツ 紫外線カット UVカット 男用 仕事 外 夏 運動 ゴルフ サイクリング 通気性 速乾性 接触冷感 UPF50+ 日焼け防止 送料無料","ONESIZE","ホワイト","X11","Y12",,"0","124","123","-1",
"2026/09/10 08:17:47","受注取込","7987061","7987061X11Y13","【お得な2組セット】アームカバー メンズ レディース 2組セット 冷感 NEK ★REV 7987061 ひんやり スポーツ 紫外線カット UVカット 男用 仕事 外 夏 運動 ゴルフ サイクリング 通気性 速乾性 接触冷感 UPF50+ 日焼け防止 送料無料","ONESIZE","グレー","X11","Y13",,"0","100","99","-1",
"2026/09/10 08:20:34","受注取込","7990405","7990405X11Y12","リュックチェア 折りたたみ 椅子 リュックサック 保冷バッグ 保温 アウトドア 行列 運動会 キャンプ バーベキュー ミリタリー 送料無料 ★REV 7990405 椅子付き 座れるリュック リュック 持ち運び 保冷リュック 携帯椅子 携帯イス 折りたたみチェア イス 椅子 折り畳みチェア","ONESIZE","オリーブ","X11","Y12",,"0","44","43","-1",
"2026/09/10 08:21:00","受注取込","7987400","7987400X11Y28","【とにかくデカい！/普通サイズあり！】キャップ メンズ 大きいサイズ 帽子 深め ビッグサイズ ★REVM 7987400 BIG SIZE メンズキャップ帽子 大きめ 大きい帽子 メンズ帽子 レディース 春 夏 春夏 プレゼント ギフト 母の日 父の日 送料無料","大きいサイズ","R-グレー","X11","Y28",,"0","25","24","-1",
"2026/09/10 08:21:00","受注取込","7987674","7987674X11Y11","【ヒョウ柄】リュックサック リュック レディース メンズ デイパック バックパック ★REV 7987674 ヒョウ柄 レオパード プレゼント ギフト クリスマス 送料無料","ONESIZE","レオパード","X11","Y11",,"0","28","27","-1",
"2026/09/10 08:25:48","受注取込","7990405","7990405X11Y12","リュックチェア 折りたたみ 椅子 リュックサック 保冷バッグ 保温 アウトドア 行列 運動会 キャンプ バーベキュー ミリタリー 送料無料 ★REV 7990405 椅子付き 座れるリュック リュック 持ち運び 保冷リュック 携帯椅子 携帯イス 折りたたみチェア イス 椅子 折り畳みチェア","ONESIZE","オリーブ","X11","Y12",,"0","43","42","-1",
"2026/09/10 08:27:18","受注取込","7986465","7986465X11Y14","【とにかくデカい】帽子 キャップ 大きいサイズ 深い 深め 60～65cm ★REVL 7986465 サイドタグ シンプル おしゃれ 野球帽 送料無料","ONESIZE","ネイビー","X11","Y14",,"0","18","17","-1",
"2026/09/10 08:27:18","受注取込","7986519","7986519X11Y11","【ごっそり鼻毛処理！お得な10本セット】鼻毛カッター 鼻毛トリマー  耳かき NEK ★REVL 7986519 男性用 女性用 送料無料","ONESIZE","アイボリー","X11","Y11",,"0","36","35","-1",
"2026/09/10 08:33:20","受注取込","7987400","7987400X11Y16","【とにかくデカい！/普通サイズあり！】キャップ メンズ 大きいサイズ 帽子 深め ビッグサイズ ★REVM 7987400 BIG SIZE メンズキャップ帽子 大きめ 大きい帽子 メンズ帽子 レディース 春 夏 春夏 プレゼント ギフト 母の日 父の日 送料無料","大きいサイズ","F-ブラック","X11","Y16",,"0","119","118","-1",
"2026/09/10 08:41:01","受注取込","7987065","7987065X14Y11","【衝撃に強い】安全靴 スニーカー エアウォーク ミッドカット ハイカット ミドルカット AIR WALK AW-970 AW-980 Y_YU ★REV 7987065 メンズ おしゃれ 耐滑底 樹脂先芯 超軽量 マジックテープ セーフティシューズ 作業靴","26.5cm","AW-970_BLACK","X14","Y11",,"0","76","75","-1",
"2026/09/10 08:43:41","受注取込","7986693","7986693X11Y16","【健康な髪は地肌から】 シャンプーブラシ シャワーブラシ スカルプブラシ ★REV 7986693 レディース メンズ 頭皮マッサージブラシ  ヘッドスパブラシ お風呂 洗浄 ドライ＆ウェット両用 頭皮ケア 毛穴スッキリ 櫛 送料無料","ONESIZE","ブルー","X11","Y16",,"0","23","22","-1",
"2026/09/10 08:43:41","受注取込","7986693","7986693X11Y14","【健康な髪は地肌から】 シャンプーブラシ シャワーブラシ スカルプブラシ ★REV 7986693 レディース メンズ 頭皮マッサージブラシ  ヘッドスパブラシ お風呂 洗浄 ドライ＆ウェット両用 頭皮ケア 毛穴スッキリ 櫛 送料無料","ONESIZE","オリーブ","X11","Y14",,"0","33","31","-2",
"2026/09/10 08:47:00","受注取込","7986778","7986778X12Y11","【高純度テラヘルツ/3通りの使い方可能】 テラヘルツ ネックレス アンクレット ブレスレット NEK ★REV 7986778 メンズ レディース 鏡面多面カット 3.0mm 健康 テラヘルツ波 パワーストーン 天然石 アクセサリー プレゼント ギフト プチギフト 母の日 父の日 送料無料","多面カット","テラヘルツ","X12","Y11",,"0","4","3","-1",
"2026/09/10 08:48:01","受注取込","7987081","7987081X11Y12","【豊富なポケット数】ショルダーバッグ メンズ レディース ミリタリー Military タクティカルバッグ ★REV 7987081 サコッシュ キャンプ アウトドア サバゲー 斜め掛け 鞄 バッグ カバン ipad OK 送料無料","ONESIZE","ブラックカモ","X11","Y12",,"0","1","0","-1",
"2026/09/10 08:48:49","受注取込","7987678","7987678X12Y16","【洗濯可能】トレーニンググローブ 手袋 筋トレ 筋トレグローブ メンズ レディース 指無し NEK ★REV 7987678 ウェイトリフティング 防滑 クッション性 伸びる 洗濯OK バーベル サイクリング ヨガ グリップ","M","B-ピンク","X12","Y16",,"0","24","23","-1",
"2026/09/10 08:58:48","受注取込","7986752","7986752X11Y11","収納 サンバイザーホルダー マルチ 車 カーポケット ドライブポケット NEK ★REVL 7986752 おしゃれ サンバイザー ポケット カー用品 収納 カー用品 ペン カードポケット 収納ホルダー サングラスホルダー 車 眼鏡ホルダー カーアクセサリー 送料無料","ONESIZE","ブラック","X11","Y11",,"0","48","47","-1",
"2026/09/10 08:58:48","受注取込","7990254","7990254X11Y13","【送料無料 速攻配達】AVIREX ニットキャップ ニット帽 帽子 メンズ レディース スウェットキャップ  NEK ★REV 14649300 ルーズ キャップ ブランド アビレックス リバーシブル AX REVERSIBLE SWEAT CAP 送料無料 プレゼント ギフト","ONESIZE","グレー(85)","X11","Y13",,"0","252","251","-1",
"2026/09/10 09:04:20","受注取込","7987475","7987475X11Y14","【防犯】護身用 タクティカルスティック 防災グッズ 熊対策グッズ クマ対策 タクティカルペン キーホルダー 女性 キーリング NEK ★REVM 7987475 棒 車 ガラス 防災 災害 車内 軽量 不審者 痴漢 痴漢対策 武器 護身グッズ 自己防衛 コンパクト 非常時 バッググリップ","ONESIZE","パープル","X11","Y14",,"0","22","19","-3",
"2026/09/10 09:06:01","受注取込","7986691","7986691X11Y11","【電池付き】掛け時計 ウォールクロック 壁掛け時計 北欧 シンプル アンティーク レトロ ★REVL 7986691 置時計 PUレザー モダンインテリア 送料無料","ONESIZE","ベージュ","X11","Y11",,"0","4","3","-1",
"2026/09/10 09:08:18","受注取込","7987400","7987400X11Y11","【とにかくデカい！/普通サイズあり！】キャップ メンズ 大きいサイズ 帽子 深め ビッグサイズ ★REVM 7987400 BIG SIZE メンズキャップ帽子 大きめ 大きい帽子 メンズ帽子 レディース 春 夏 春夏 プレゼント ギフト 母の日 父の日 送料無料","大きいサイズ","A-ブラック","X11","Y11",,"0","215","214","-1",
"2026/09/10 09:11:18","受注取込","7993221","7993221X11Y15","訳あり キーホルダー メンズ 車 スマートキー キーチェーン キーリング レザー NEK ★REV 7993221 家 鍵 カギ 送料無料 ステンレス レザー 男性 おしゃれ シンプル カラビナフック プレゼント","ONESIZE","ブラック_B","X11","Y15",,"0","3","2","-1",
"2026/09/10 09:19:18","受注取込","7987400","7987400X12Y13","【とにかくデカい！/普通サイズあり！】キャップ メンズ 大きいサイズ 帽子 深め ビッグサイズ ★REVM 7987400 BIG SIZE メンズキャップ帽子 大きめ 大きい帽子 メンズ帽子 レディース 春 夏 春夏 プレゼント ギフト 母の日 父の日 送料無料","普通サイズ","C-グレー","X12","Y13",,"0","10","9","-1",
"2026/09/10 09:20:39","受注取込","7994812","7994812X12Y11","サファリハット メンズ 釣り 帽子 ハット レディース SUNS(サンズ)  撥水 アウトドア 登山 キャンプ バーベキュー NEK ★REV H-051 H-053 送料無料 大きいサイズあり キッズサイズ 子供 UVカット アドベンチャーハット 父の日 プレゼント ユニセックス 春 夏 夏フェス ギフト","大きいサイズ","BK/BLACK(H_051)","X12","Y11",,"0","179","178","-1",
"2026/09/10 09:20:39","受注取込","7993222","7993222X11Y13","名刺入れ カードケース 送料無料 アタッシュケース型 プレゼント タバコケース シガレットケース メンズ ビジネス NEK ★REV 7993222 プレゼント ギフト","ONESIZE","ピンク","X11","Y13",,"0","1","0","-1",
"2026/09/10 09:23:19","受注取込","7988215","7988215X17Y14","【とにかくデカい！】 大きいサイズ キャップ メッシュキャップ 送料無料 大きめ ビッグサイズ BIG SIZE ★REV 7988215 <br> 帽子 ハット キャップ ワークキャップ メンズキャップ 大きいサイズ バケット 大きい帽子 メンズ バケハ メンズ帽子 大きい 頭 メッシュ 全39カラー","GG","4","X17","Y14",,"0","7","5","-2",
"2026/09/10 09:25:49","受注取込","7994812","7994812X11Y27","サファリハット メンズ 釣り 帽子 ハット レディース SUNS(サンズ)  撥水 アウトドア 登山 キャンプ バーベキュー NEK ★REV H-051 H-053 送料無料 大きいサイズあり キッズサイズ 子供 UVカット アドベンチャーハット 父の日 プレゼント ユニセックス 春 夏 夏フェス ギフト","普通サイズ","CAMO(H_051)","X11","Y27",,"0","26","25","-1",
"2026/09/10 09:28:50","受注取込","7987559","7987559X11Y12","ミニ財布 ミニウォレット 短財布 メンズ レディース ウォレット NEK ★REV 7987559 プレゼント ギフト 父の日 母の日 プチギフト 誕プレ 送料無料","ONESIZE","ブラック","X11","Y12",,"0","20","19","-1",
"2026/09/10 09:30:38","受注取込","7992723","7992723X12Y11","お得！ 送料無料 4枚入り 福袋 Dickies ディッキーズ ボクサーパンツ メンズ かわいい NEK ★REV <br> パンツ ボクサーパンツ セット メンズ下着 メンズボクサーパンツ メンズボクサー 大きいサイズ 大きめ 特大 3L 下着 インナー メンズ usa まとめ買い プレゼント ギフト","L","福袋4枚セット","X12","Y11",,"0","123","122","-1",
"2026/09/10 09:37:33","受注取込","7987149","7987149X11Y11","【便利グッズ】キークリップ キーフック お得 6個セット 紛失防止 収納 ★REV NEK 7987149 キーホルダー 鍵 カギ バッグ 鞄 かばん 財布 小物 ポケット 帽子フック","ONESIZE","6色セット","X11","Y11",,"0","153","152","-1",
"2026/09/10 09:38:32","受注取込","7986562","7986562X11Y11","IQOS アイコス イルマiワン イルマアイ TEREA テリア ケース ヒートスティックケース NEK ★REVL 7986562 カバー 加熱式たばこ用ハードケース SENTIA（センティア) HEETS プレゼント ギフト 送料無料","ONESIZE","A","X11","Y11",,"0","15","14","-1",
"2026/09/10 09:41:48","受注取込","7988215","7988215X12Y13","【とにかくデカい！】 大きいサイズ キャップ メッシュキャップ 送料無料 大きめ ビッグサイズ BIG SIZE ★REV 7988215 <br> 帽子 ハット キャップ ワークキャップ メンズキャップ 大きいサイズ バケット 大きい帽子 メンズ バケハ メンズ帽子 大きい 頭 メッシュ 全39カラー","BB","3","X12","Y13",,"0","16","15","-1",
"2026/09/10 09:44:32","受注取込","7988215","7988215X18Y14","【とにかくデカい！】 大きいサイズ キャップ メッシュキャップ 送料無料 大きめ ビッグサイズ BIG SIZE ★REV 7988215 <br> 帽子 ハット キャップ ワークキャップ メンズキャップ 大きいサイズ バケット 大きい帽子 メンズ バケハ メンズ帽子 大きい 頭 メッシュ 全39カラー","HH","4","X18","Y14",,"0","35","34","-1",
"2026/09/10 09:48:47","受注取込","7987345","7987345X16Y13","【とにかくデカい！】 大きいサイズ キャップ 送料無料 大きめ ビッグサイズ ★REV 7987345 BIG SIZE 帽子 ハット キャップ キャスケット メンズキャップ 大きいサイズ バケット 大きい帽子 メンズ メンズ帽子 大きい 頭 メッシュキャップ","FFF","3","X16","Y13",,"0","8","7","-1",
"2026/09/10 09:48:47","受注取込","7987345","7987345X19Y14","【とにかくデカい！】 大きいサイズ キャップ 送料無料 大きめ ビッグサイズ ★REV 7987345 BIG SIZE 帽子 ハット キャップ キャスケット メンズキャップ 大きいサイズ バケット 大きい帽子 メンズ メンズ帽子 大きい 頭 メッシュキャップ","III","4","X19","Y14",,"0","12","11","-1",
"2026/09/10 09:53:17","受注取込","7987400","7987400X11Y20","【とにかくデカい！/普通サイズあり！】キャップ メンズ 大きいサイズ 帽子 深め ビッグサイズ ★REVM 7987400 BIG SIZE メンズキャップ帽子 大きめ 大きい帽子 メンズ帽子 レディース 春 夏 春夏 プレゼント ギフト 母の日 父の日 送料無料","大きいサイズ","J-グレー","X11","Y20",,"0","40","39","-1",
"2026/09/10 09:53:17","受注取込","7987475","7987475X11Y12","【防犯】護身用 タクティカルスティック 防災グッズ 熊対策グッズ クマ対策 タクティカルペン キーホルダー 女性 キーリング NEK ★REVM 7987475 棒 車 ガラス 防災 災害 車内 軽量 不審者 痴漢 痴漢対策 武器 護身グッズ 自己防衛 コンパクト 非常時 バッググリップ","ONESIZE","シルバー","X11","Y12",,"0","67","66","-1",
"2026/09/10 09:58:31","受注取込","7987102","7987102X11Y11","【4/13より発送 待望の入荷!!売切れ必至】ちいかわ ネクタイ 人気 うさぎ ハチワレ モモンガ くりまんじゅう あのこ 三ツ星 討伐 NEK 7987102 ギフト チェック 格子 ストライプ ドット 星 ビジネス シャツ スーツ オシャレ 誕生日 プレゼント 就職 父の日","ONESIZE","A-流れ星柄 ネイビー系","X11","Y11",,"0","8","7","-1",
"2026/09/10 10:00:34","受注取込","7987078","7987078X11Y11","【3個の福袋！即出荷】ビーチボール 水遊び ビーチバレー 浮き輪 フロート NEK ★REV 7987078 サッカーボール 30cm アウトドア キャンプ 海 プール 川 リゾート 送料無料","ONESIZE","3個セット","X11","Y11",,"0","9","8","-1",
"2026/09/10 10:04:30","WEB画面","7994812","7994812X11Y16","サファリハット メンズ 釣り 帽子 ハット レディース SUNS(サンズ)  撥水 アウトドア 登山 キャンプ バーベキュー NEK ★REV H-051 H-053 送料無料 大きいサイズあり キッズサイズ 子供 UVカット アドベンチャーハット 父の日 プレゼント ユニセックス 春 夏 夏フェス ギフト","普通サイズ","GRAY(H_051)","X11","Y16",,"0","25","26","1","齋藤"
"2026/09/10 10:04:30","WEB画面","7994812","7994812X11Y27","サファリハット メンズ 釣り 帽子 ハット レディース SUNS(サンズ)  撥水 アウトドア 登山 キャンプ バーベキュー NEK ★REV H-051 H-053 送料無料 大きいサイズあり キッズサイズ 子供 UVカット アドベンチャーハット 父の日 プレゼント ユニセックス 春 夏 夏フェス ギフト","普通サイズ","CAMO(H_051)","X11","Y27",,"0","25","26","1","齋藤"
"2026/09/10 10:08:46","WEB画面","7986545","7986545X12Y11","【お得な2枚組】AVIREX アビレックス  アヴィレックス ボクサーパンツ メンズ NEK ★REVL 7986545 アンダーウェア 下着 かっこいい おすすめ 人気 カモフラ 迷彩 カモ柄 ロゴ ブランド 男性 紳士 プレゼント プチギフト 父の日 誕生日 彼氏 父 息子 ギフト 記念日 福袋 送料無料","L","2枚組","X12","Y11",,"0","58","28","-30","大木 望"
"2026/09/10 10:10:24","受注取込","7992054","7992054X11Y11","【シンプル/おしゃれ】16mm パワーストーン ネックレス メンズ レディース 瑪瑙 オブシディアン タイガーアイ NEK ★REV 7992054 黒曜石 茶水晶 虎目石 金運 財運 仕事運 恋愛 結婚 家庭円満 癒し 幸運 成功運 勝負運 家族運 厄除祈願 天然石 お守り プレゼント 送料無料","ONESIZE","【A】オブシディアン","X11","Y11",,"0","15","14","-1",
"2026/09/10 10:13:17","受注取込","9009978","9009978X15Y5","帽子 メンズ AVIREX アビレックス 送料無料 キャップ 父の日 プレゼント 贈り物 ニットキャップ メッシュキャップ 大きいサイズ レディース ディッキーズ ローキャップ ワークキャップ ハット ハンチング おしゃれ ロゴ 刺繍 プリント アメカジ HYPE 通販 yos ギフト","O","-5","X15","Y5",,"0","4","3","-1",
"2026/09/10 10:16:53","WEB画面","7986712","7986712X11Y27","【超協力マグネット/選べる33種】帽子クリップ ハットクリップ キャップクリップ  NEK ★REV 7986712 帽子収納ホルダー 収納フック キーホルダー 強力マグネット レザー調 アクセサリー チャーム キーリング キーケース 送料無料","ONESIZE","17","X11","Y27",,"0","17","12","-5","大木 望"
"2026/09/10 10:16:53","WEB画面","7986712","7986712X11Y32","【超協力マグネット/選べる33種】帽子クリップ ハットクリップ キャップクリップ  NEK ★REV 7986712 帽子収納ホルダー 収納フック キーホルダー 強力マグネット レザー調 アクセサリー チャーム キーリング キーケース 送料無料","ONESIZE","22","X11","Y32",,"0","40","30","-10","大木 望"
"2026/09/10 10:16:53","WEB画面","7986712","7986712X11Y37","【超協力マグネット/選べる33種】帽子クリップ ハットクリップ キャップクリップ  NEK ★REV 7986712 帽子収納ホルダー 収納フック キーホルダー 強力マグネット レザー調 アクセサリー チャーム キーリング キーケース 送料無料","ONESIZE","27","X11","Y37",,"0","53","43","-10","大木 望"
"2026/09/10 10:16:53","WEB画面","7986712","7986712X11Y42","【超協力マグネット/選べる33種】帽子クリップ ハットクリップ キャップクリップ  NEK ★REV 7986712 帽子収納ホルダー 収納フック キーホルダー 強力マグネット レザー調 アクセサリー チャーム キーリング キーケース 送料無料","ONESIZE","32","X11","Y42",,"0","30","25","-5","大木 望"
"2026/09/10 10:16:53","WEB画面","7986712","7986712X11Y43","【超協力マグネット/選べる33種】帽子クリップ ハットクリップ キャップクリップ  NEK ★REV 7986712 帽子収納ホルダー 収納フック キーホルダー 強力マグネット レザー調 アクセサリー チャーム キーリング キーケース 送料無料","ONESIZE","33","X11","Y43",,"0","8","5","-3","大木 望"
"2026/09/10 10:20:06","受注取込","7986622","7986622X11Y11","【ゆるダボニット帽/15種】ニットキャップ ニット帽 帽子 ワッチキャップ ビーニー NEK ★REVL 7986622 レディース メンズ Vintage おしゃれ 韓国女子 小顔効果 送料無料","ONESIZE","A","X11","Y11",,"0","13","12","-1",
"2026/09/10 10:20:41","WEB画面","7986887","7986887X11Y12","【アメリカ製】Schott ショット ピーコート Pコート 740US Y_U 7821154004 ★REV 7986887 メンズ メルトン ウール 中綿入り アウター 正規品 ブランド おしゃれ 送料無料","36","オリーブ(310)","X11","Y12",,"0","1","2","1","齋藤"
"2026/09/10 10:23:31","受注取込","8003102","8003102X11Y13","やみつきになる！ ストレッチ AVIREX アビレックス Tシャツ メンズ ★REV NEK 6143501 6143502 Vネック クルーネック 半袖 プレゼント ギフト","Vネック_ホワイト_001","Lサイズ","X11","Y13",,"0","5","4","-1",
"2026/09/10 10:23:31","受注取込","8003102","8003102X12Y13","やみつきになる！ ストレッチ AVIREX アビレックス Tシャツ メンズ ★REV NEK 6143501 6143502 Vネック クルーネック 半袖 プレゼント ギフト","Vネック_ブラック_009","Lサイズ","X12","Y13",,"0","4","3","-1",
"2026/09/10 10:24:47","受注取込","7993222","7993222X11Y11","名刺入れ カードケース 送料無料 アタッシュケース型 プレゼント タバコケース シガレットケース メンズ ビジネス NEK ★REV 7993222 プレゼント ギフト","ONESIZE","シルバー","X11","Y11",,"0","27","26","-1",
"2026/09/10 10:24:59","WEB画面","7986564","7986564X11Y11","【当店限定/大きいサイズ】BlackRebel 帽子 キャップ メンズ レディース 大きいサイズ ★REVL 7986564 深め Vintage クラッシュ 加工 こなれ感 おしゃれ 送料無料","ONESIZE","ブラック","X11","Y11",,"0","112","62","-50","大木 望"
"2026/09/10 10:24:59","WEB画面","7986564","7986564X11Y12","【当店限定/大きいサイズ】BlackRebel 帽子 キャップ メンズ レディース 大きいサイズ ★REVL 7986564 深め Vintage クラッシュ 加工 こなれ感 おしゃれ 送料無料","ONESIZE","ネイビー","X11","Y12",,"0","62","32","-30","大木 望"
"2026/09/10 10:24:59","WEB画面","7986564","7986564X11Y13","【当店限定/大きいサイズ】BlackRebel 帽子 キャップ メンズ レディース 大きいサイズ ★REVL 7986564 深め Vintage クラッシュ 加工 こなれ感 おしゃれ 送料無料","ONESIZE","カーキ","X11","Y13",,"0","54","29","-25","大木 望"
"2026/09/10 10:24:59","WEB画面","7986564","7986564X11Y14","【当店限定/大きいサイズ】BlackRebel 帽子 キャップ メンズ レディース 大きいサイズ ★REVL 7986564 深め Vintage クラッシュ 加工 こなれ感 おしゃれ 送料無料","ONESIZE","ブラウン","X11","Y14",,"0","47","27","-20","大木 望"
"2026/09/10 10:24:59","WEB画面","7986564","7986564X11Y15","【当店限定/大きいサイズ】BlackRebel 帽子 キャップ メンズ レディース 大きいサイズ ★REVL 7986564 深め Vintage クラッシュ 加工 こなれ感 おしゃれ 送料無料","ONESIZE","グレー","X11","Y15",,"0","65","35","-30","大木 望"
"2026/09/10 10:24:59","WEB画面","7986564","7986564X11Y16","【当店限定/大きいサイズ】BlackRebel 帽子 キャップ メンズ レディース 大きいサイズ ★REVL 7986564 深め Vintage クラッシュ 加工 こなれ感 おしゃれ 送料無料","ONESIZE","ワイン","X11","Y16",,"0","30","15","-15","大木 望"
"2026/09/10 10:27:47","受注取込","7994812","7994812X11Y12","サファリハット メンズ 釣り 帽子 ハット レディース SUNS(サンズ)  撥水 アウトドア 登山 キャンプ バーベキュー NEK ★REV H-051 H-053 送料無料 大きいサイズあり キッズサイズ 子供 UVカット アドベンチャーハット 父の日 プレゼント ユニセックス 春 夏 夏フェス ギフト","普通サイズ","BLACK(H_051)","X11","Y12",,"0","38","37","-1",
"2026/09/10 10:27:47","受注取込","7994812","7994812X13Y21","サファリハット メンズ 釣り 帽子 ハット レディース SUNS(サンズ)  撥水 アウトドア 登山 キャンプ バーベキュー NEK ★REV H-051 H-053 送料無料 大きいサイズあり キッズサイズ 子供 UVカット アドベンチャーハット 父の日 プレゼント ユニセックス 春 夏 夏フェス ギフト","キッズサイズ","PINK(H_051)","X13","Y21",,"0","15","14","-1",
"2026/09/10 10:28:44","WEB画面","7992723","7992723X13Y11","お得！ 送料無料 4枚入り 福袋 Dickies ディッキーズ ボクサーパンツ メンズ かわいい NEK ★REV <br> パンツ ボクサーパンツ セット メンズ下着 メンズボクサーパンツ メンズボクサー 大きいサイズ 大きめ 特大 3L 下着 インナー メンズ usa まとめ買い プレゼント ギフト","LL","福袋4枚セット","X13","Y11",,"0","99","49","-50","大木 望"
"2026/09/10 10:30:13","受注取込","7987493","7987493X11Y12","【楽あけくん】 瓶オープナー 缶オープナー キャップオープナー 蓋開け ジャーオープナー NEK ★REV 7987493 ツイスト 力節約 びん蓋開け ジャムのフタや缶 滑り止め 安全 らくらく 力の弱い 女性 お年寄り お子様 キッチンツール キッチン用品 送料無料","ONESIZE","グリーン","X11","Y12",,"0","25","24","-1",
"2026/09/10 10:31:36","WEB画面","7986706","7986706X12Y11","【特大！すっぽりかぶって、小顔見せ】バケットハット チューリップハット 帽子 NEK ★REVL 7986706 メンズ レディース 大きいサイズ 普通サイズ  デニム素材 コットン100％ おしゃれ フリンジ 送料無料","大きいサイズ","ブラック","X12","Y11",,"0","112","82","-30","大木 望"
"2026/09/10 10:31:36","WEB画面","7986706","7986706X12Y12","【特大！すっぽりかぶって、小顔見せ】バケットハット チューリップハット 帽子 NEK ★REVL 7986706 メンズ レディース 大きいサイズ 普通サイズ  デニム素材 コットン100％ おしゃれ フリンジ 送料無料","大きいサイズ","ベージュ","X12","Y12",,"0","93","78","-15","大木 望"
"2026/09/10 10:36:12","WEB画面","7986677","7986677X11Y15","【深め/美シルエット】Vintage ダメージ加工 メッシュキャップ キャップ 帽子 メンズ レディース ★REVL 7986677 野球帽 ウォッシュ加工 A-Frame Trucker アメカジ 無地 おしゃれ 送料無料","ONESIZE","グレー","X11","Y15",,"0","2","3","1","星島"
"2026/09/10 10:36:38","WEB画面","7990668","7990668X11Y11","【あす楽 速攻配達】スプレーボトル 50ml 100ml アルコール対応 PE ボトルスプレー スプレー 容器 シャワーボトル 詰め替え容器 7990668 プレゼント ギフト","50ml","ホワイト","X11","Y11",,"0","233","234","1","星島"
"2026/09/10 10:39:31","受注取込","7988022","7988022X11Y11","【速攻配達 送料無料】犬 リード 伸縮 散歩 お散歩グッズ ペット用品 犬用品 犬用 伸縮リード ★REVG 7988022 スムーズな伸縮 耐久性 頑丈 安全 リード 犬 伸縮リード 自動巻き 小型犬 中型犬 大型犬 プレゼント ギフト 送料無料","ONESIZE","ピンク","X11","Y11",,"0","4","3","-1",
"2026/09/10 10:41:22","WEB画面","7987394","7987394X12Y15","【選べる3種 イルマ アイ 対応 互換性あり おまけ付】イルマ アイ ILUMA i ケース イルマワン イルマプライム ケース テリア ILUMA TEREA アイコスケース IQOS 電子タバコ お掃除 NEK ★REV 7987394 LTG クリーニング クリーナープレゼント ギフト 母の日 父の日 送料無料","イルマPRIME","カーキ","X12","Y15",,"0","4","3","-1","大木 望"
"2026/09/10 10:41:47","受注取込","7986778","7986778X12Y11","【高純度テラヘルツ/3通りの使い方可能】 テラヘルツ ネックレス アンクレット ブレスレット NEK ★REV 7986778 メンズ レディース 鏡面多面カット 3.0mm 健康 テラヘルツ波 パワーストーン 天然石 アクセサリー プレゼント ギフト プチギフト 母の日 父の日 送料無料","多面カット","テラヘルツ","X12","Y11",,"0","3","2","-1",
"2026/09/10 10:43:17","受注取込","7986531","7986531X11Y16","【新型/IQOS イルマ i ワン用】アイコス イルマiワン ILUMA ケース 保護ケース NEK ★REVL 7986531 iqosイルマワン イルマワンカバー 耐衝撃 おしゃれ iqos iluma one 専用 IQOSイルマワン保護ケース レザー ヒョウ柄 ペイズリー 保護カバー アイコスケース アクセサリー 送料無料","ONESIZE","99","X11","Y16",,"0","14","13","-1",
"2026/09/10 10:44:01","WEB画面","7987327","7987327X11Y12","本革 レザー キャスケット ハンチング 帽子 メンズ ★REV 7987327 キャップ あしたのジョー おしゃれ 皮製 ブラック ダークブラウン キャメル 黒 茶  送料無料","ONESIZE","ダークブラウン","X11","Y12",,"0","44","34","-10","大木 望"
"2026/09/10 10:44:42","在庫CSV取込","7987469","7987469X11Y11","【3個セット】指輪 メンズ レディース リング アクセサリー NEK ★REV 7987469 ファランジリング フリーサイズ ピンキー ブラックマット 半端リング コーティング 3点セット お得 3連 シンプル 送料無料","3点セット","ブラック","X11","Y11",,"0","182","172","-10","植野"
"2026/09/10 10:44:42","在庫CSV取込","7987313","7987313X11Y12","【おしゃれ】リュック メンズ レディース デニム 軽量 リュックサック ★REV 7987313 バックパック デイパック ヴィンテージ ウォッシュ ダメージ おしゃれ プレゼント ギフト おしゃれ 送料無料","ONESIZE","ブラック","X11","Y12",,"0","5","3","-2","植野"
"2026/09/10 10:44:42","在庫CSV取込","7986519","7986519X11Y11","【ごっそり鼻毛処理！お得な10本セット】鼻毛カッター 鼻毛トリマー  耳かき NEK ★REVL 7986519 男性用 女性用 送料無料","ONESIZE","アイボリー","X11","Y11",,"0","35","15","-20","植野"
"2026/09/10 10:44:42","在庫CSV取込","7986822","7986822X11Y17","【耐強風/12本骨】 折りたたみ傘 大きいサイズ メンズ レディース 117cm 自動開閉 ★REV 7986822 遮蔽率99.9% UVカット UPF50+ 日傘 晴雨兼用 収納袋 紫外線遮断 雨傘 丈夫 頑丈 傘 完全遮光 ワンタッチ かさ 送料無料","ONESIZE","ブルー","X11","Y17",,"0","2","0","-2","植野"
"2026/09/10 10:44:42","在庫CSV取込","7987401","7987401X11Y11","大きいサイズ キャップ メッシュキャップ 帽子 ★REV 7987401 メンズ 野球帽 迷彩 カモフラ シャドーカモ 刺繍 送料無料","ONESIZE","ブラックシャドーカモ","X11","Y11",,"0","7","5","-2","植野"
"2026/09/10 10:44:42","在庫CSV取込","7986608","7986608X11Y12","【変則ケーブル編み】バケットハット ニットキャップ ニット帽  メンズ レディース 帽子 NEK ★REVL 7986608 おしゃれ ケーブル編み ケーブルニット 送料無料","ONESIZE","ブラック","X11","Y12",,"0","7","0","-7","植野"
"2026/09/10 10:48:20","WEB画面","7987560","7987560X11Y11","【機能的】長財布 財布 メンズ レディース ウォレット スマホケース クラッチバッグ NEK ★REV 7987560 プレゼント ギフト 母の日 父の日 プチギフト 誕プレ 送料無料","ワンサイズ","ブラック","X11","Y11",,"0","22","15","-7","大木 望"
"2026/09/10 10:48:29","WEB画面","7987437","7987437X11Y11","【のびーーる 楽々ストレッチ】カジュアルベルト メッシュベルト メンズ レディース 大きいサイズ 普通サイズ 7987437 ★REVM NEK 35mm 115cm 125cm 伸縮 カジュアル シンプル おしゃれ プレゼント ギフト 父の日 母の日 送料無料","115cm","ブラック","X11","Y11",,"0","71","69","-2","植野"
"2026/09/10 10:48:29","WEB画面","7987437","7987437X11Y12","【のびーーる 楽々ストレッチ】カジュアルベルト メッシュベルト メンズ レディース 大きいサイズ 普通サイズ 7987437 ★REVM NEK 35mm 115cm 125cm 伸縮 カジュアル シンプル おしゃれ プレゼント ギフト 父の日 母の日 送料無料","115cm","グレー","X11","Y12",,"0","23","21","-2","植野"
"2026/09/10 10:48:29","WEB画面","7987437","7987437X11Y13","【のびーーる 楽々ストレッチ】カジュアルベルト メッシュベルト メンズ レディース 大きいサイズ 普通サイズ 7987437 ★REVM NEK 35mm 115cm 125cm 伸縮 カジュアル シンプル おしゃれ プレゼント ギフト 父の日 母の日 送料無料","115cm","カーキ","X11","Y13",,"0","14","12","-2","植野"
"2026/09/10 10:48:29","WEB画面","7987437","7987437X11Y14","【のびーーる 楽々ストレッチ】カジュアルベルト メッシュベルト メンズ レディース 大きいサイズ 普通サイズ 7987437 ★REVM NEK 35mm 115cm 125cm 伸縮 カジュアル シンプル おしゃれ プレゼント ギフト 父の日 母の日 送料無料","115cm","オリーブ","X11","Y14",,"0","17","15","-2","植野"
"2026/09/10 10:48:29","WEB画面","7987437","7987437X11Y15","【のびーーる 楽々ストレッチ】カジュアルベルト メッシュベルト メンズ レディース 大きいサイズ 普通サイズ 7987437 ★REVM NEK 35mm 115cm 125cm 伸縮 カジュアル シンプル おしゃれ プレゼント ギフト 父の日 母の日 送料無料","115cm","ネイビー","X11","Y15",,"0","43","41","-2","植野"
"2026/09/10 10:48:29","WEB画面","7987437","7987437X11Y16","【のびーーる 楽々ストレッチ】カジュアルベルト メッシュベルト メンズ レディース 大きいサイズ 普通サイズ 7987437 ★REVM NEK 35mm 115cm 125cm 伸縮 カジュアル シンプル おしゃれ プレゼント ギフト 父の日 母の日 送料無料","115cm","チャコール","X11","Y16",,"0","24","22","-2","植野"
"2026/09/10 10:48:29","WEB画面","7987437","7987437X11Y17","【のびーーる 楽々ストレッチ】カジュアルベルト メッシュベルト メンズ レディース 大きいサイズ 普通サイズ 7987437 ★REVM NEK 35mm 115cm 125cm 伸縮 カジュアル シンプル おしゃれ プレゼント ギフト 父の日 母の日 送料無料","115cm","ダークブラウン","X11","Y17",,"0","24","22","-2","植野"
"2026/09/10 10:48:29","WEB画面","7987437","7987437X11Y18","【のびーーる 楽々ストレッチ】カジュアルベルト メッシュベルト メンズ レディース 大きいサイズ 普通サイズ 7987437 ★REVM NEK 35mm 115cm 125cm 伸縮 カジュアル シンプル おしゃれ プレゼント ギフト 父の日 母の日 送料無料","115cm","ベージュ","X11","Y18",,"0","25","23","-2","植野"
"2026/09/10 10:48:29","WEB画面","7987437","7987437X12Y11","【のびーーる 楽々ストレッチ】カジュアルベルト メッシュベルト メンズ レディース 大きいサイズ 普通サイズ 7987437 ★REVM NEK 35mm 115cm 125cm 伸縮 カジュアル シンプル おしゃれ プレゼント ギフト 父の日 母の日 送料無料","125cm","ブラック","X12","Y11",,"0","57","55","-2","植野"
"2026/09/10 10:48:29","WEB画面","7987437","7987437X12Y12","【のびーーる 楽々ストレッチ】カジュアルベルト メッシュベルト メンズ レディース 大きいサイズ 普通サイズ 7987437 ★REVM NEK 35mm 115cm 125cm 伸縮 カジュアル シンプル おしゃれ プレゼント ギフト 父の日 母の日 送料無料","125cm","グレー","X12","Y12",,"0","27","25","-2","植野"
"2026/09/10 10:48:29","WEB画面","7987437","7987437X12Y13","【のびーーる 楽々ストレッチ】カジュアルベルト メッシュベルト メンズ レディース 大きいサイズ 普通サイズ 7987437 ★REVM NEK 35mm 115cm 125cm 伸縮 カジュアル シンプル おしゃれ プレゼント ギフト 父の日 母の日 送料無料","125cm","カーキ","X12","Y13",,"0","8","6","-2","植野"
"2026/09/10 10:48:29","WEB画面","7987437","7987437X12Y14","【のびーーる 楽々ストレッチ】カジュアルベルト メッシュベルト メンズ レディース 大きいサイズ 普通サイズ 7987437 ★REVM NEK 35mm 115cm 125cm 伸縮 カジュアル シンプル おしゃれ プレゼント ギフト 父の日 母の日 送料無料","125cm","オリーブ","X12","Y14",,"0","22","20","-2","植野"
"2026/09/10 10:48:29","WEB画面","7987437","7987437X12Y15","【のびーーる 楽々ストレッチ】カジュアルベルト メッシュベルト メンズ レディース 大きいサイズ 普通サイズ 7987437 ★REVM NEK 35mm 115cm 125cm 伸縮 カジュアル シンプル おしゃれ プレゼント ギフト 父の日 母の日 送料無料","125cm","ネイビー","X12","Y15",,"0","32","30","-2","植野"
"2026/09/10 10:48:29","WEB画面","7987437","7987437X12Y16","【のびーーる 楽々ストレッチ】カジュアルベルト メッシュベルト メンズ レディース 大きいサイズ 普通サイズ 7987437 ★REVM NEK 35mm 115cm 125cm 伸縮 カジュアル シンプル おしゃれ プレゼント ギフト 父の日 母の日 送料無料","125cm","チャコール","X12","Y16",,"0","29","27","-2","植野"
"2026/09/10 10:48:29","WEB画面","7987437","7987437X12Y17","【のびーーる 楽々ストレッチ】カジュアルベルト メッシュベルト メンズ レディース 大きいサイズ 普通サイズ 7987437 ★REVM NEK 35mm 115cm 125cm 伸縮 カジュアル シンプル おしゃれ プレゼント ギフト 父の日 母の日 送料無料","125cm","ダークブラウン","X12","Y17",,"0","29","27","-2","植野"
"2026/09/10 10:48:29","WEB画面","7987437","7987437X12Y18","【のびーーる 楽々ストレッチ】カジュアルベルト メッシュベルト メンズ レディース 大きいサイズ 普通サイズ 7987437 ★REVM NEK 35mm 115cm 125cm 伸縮 カジュアル シンプル おしゃれ プレゼント ギフト 父の日 母の日 送料無料","125cm","ベージュ","X12","Y18",,"0","30","28","-2","植野"
"2026/09/10 10:48:48","受注取込","7987560","7987560X11Y11","【機能的】長財布 財布 メンズ レディース ウォレット スマホケース クラッチバッグ NEK ★REV 7987560 プレゼント ギフト 母の日 父の日 プチギフト 誕プレ 送料無料","ワンサイズ","ブラック","X11","Y11",,"0","15","14","-1",
"2026/09/10 10:50:13","受注取込","7988060","7988060X11Y12","AVIREX アビレックス キャップ ニット帽 帽子 大きい 大きめ 大きいサイズ ★REV 14986700 ニット素材 メンズ レディース アヴィレックス ブランド プレゼント ギフト ミリタリー アメカジ ストリート アウトドア 送料無料","ONESIZE","グレー(85)","X11","Y12",,"0","75","74","-1",
"2026/09/10 10:50:13","受注取込","7996231","7996231X1Y1","本革 レザー 中折れハット ハット 帽子 メンズ 大きいサイズあり 7996231 ブラック/黒 新品 プレゼント ギフト","普通サイズ","ブラック","X1","Y1",,"0","9","8","-1",
"2026/09/10 10:50:16","WEB画面","7986458","7986458X11Y11","【足元からもっと自由に】ピラティス ソックス 5本指 滑り止め NEK ★REVL 7986458 レディース ヨガソックス グリップソックス クロスストラップ 5本指ソックス グラデーション 綿85％ マシンピラティス ヨガ フィットネス ストレッチ おしゃれ かわいい 8カラー 送料無料","ONESIZE","オリーブ × ピンク","X11","Y11",,"0","15","13","-2","植野"
"2026/09/10 10:50:16","WEB画面","7986458","7986458X11Y12","【足元からもっと自由に】ピラティス ソックス 5本指 滑り止め NEK ★REVL 7986458 レディース ヨガソックス グリップソックス クロスストラップ 5本指ソックス グラデーション 綿85％ マシンピラティス ヨガ フィットネス ストレッチ おしゃれ かわいい 8カラー 送料無料","ONESIZE","カーキ × ブラック","X11","Y12",,"0","15","13","-2","植野"
"2026/09/10 10:50:16","WEB画面","7986458","7986458X11Y13","【足元からもっと自由に】ピラティス ソックス 5本指 滑り止め NEK ★REVL 7986458 レディース ヨガソックス グリップソックス クロスストラップ 5本指ソックス グラデーション 綿85％ マシンピラティス ヨガ フィットネス ストレッチ おしゃれ かわいい 8カラー 送料無料","ONESIZE","グリーン × ライトブルー","X11","Y13",,"0","15","13","-2","植野"
"2026/09/10 10:50:16","WEB画面","7986458","7986458X11Y14","【足元からもっと自由に】ピラティス ソックス 5本指 滑り止め NEK ★REVL 7986458 レディース ヨガソックス グリップソックス クロスストラップ 5本指ソックス グラデーション 綿85％ マシンピラティス ヨガ フィットネス ストレッチ おしゃれ かわいい 8カラー 送料無料","ONESIZE","パープル × ブラック","X11","Y14",,"0","15","13","-2","植野"
"2026/09/10 10:50:16","WEB画面","7986458","7986458X11Y15","【足元からもっと自由に】ピラティス ソックス 5本指 滑り止め NEK ★REVL 7986458 レディース ヨガソックス グリップソックス クロスストラップ 5本指ソックス グラデーション 綿85％ マシンピラティス ヨガ フィットネス ストレッチ おしゃれ かわいい 8カラー 送料無料","ONESIZE","ピンク × ライトピンク","X11","Y15",,"0","15","13","-2","植野"
"2026/09/10 10:50:16","WEB画面","7986458","7986458X11Y16","【足元からもっと自由に】ピラティス ソックス 5本指 滑り止め NEK ★REVL 7986458 レディース ヨガソックス グリップソックス クロスストラップ 5本指ソックス グラデーション 綿85％ マシンピラティス ヨガ フィットネス ストレッチ おしゃれ かわいい 8カラー 送料無料","ONESIZE","ホワイト × ブラック","X11","Y16",,"0","15","13","-2","植野"
"2026/09/10 10:50:16","WEB画面","7986458","7986458X11Y17","【足元からもっと自由に】ピラティス ソックス 5本指 滑り止め NEK ★REVL 7986458 レディース ヨガソックス グリップソックス クロスストラップ 5本指ソックス グラデーション 綿85％ マシンピラティス ヨガ フィットネス ストレッチ おしゃれ かわいい 8カラー 送料無料","ONESIZE","ラベンダー × アイボリー","X11","Y17",,"0","15","13","-2","植野"
"2026/09/10 10:50:16","WEB画面","7986458","7986458X11Y18","【足元からもっと自由に】ピラティス ソックス 5本指 滑り止め NEK ★REVL 7986458 レディース ヨガソックス グリップソックス クロスストラップ 5本指ソックス グラデーション 綿85％ マシンピラティス ヨガ フィットネス ストレッチ おしゃれ かわいい 8カラー 送料無料","ONESIZE","アイボリー × ブラウン","X11","Y18",,"0","15","13","-2","植野"
"2026/09/10 10:52:06","WEB画面","7986473","7986473X11Y13","【軽量/コンパクト】日傘 軽量 190g UVカット率 100% UPF50+ 完全遮光 NEK ★REVL 7986473  遮熱 ワンタッチ自動開閉 折りたたみ傘 コンパクト 紫外線遮断 耐風撥水 晴雨兼用 携帯便利 メンズ レディース 母の日 父の日 送料無料","ONESIZE","サックス","X11","Y13",,"0","16","14","-2","大木 望"
"2026/09/10 10:52:06","WEB画面","7986473","7986473X11Y15","【軽量/コンパクト】日傘 軽量 190g UVカット率 100% UPF50+ 完全遮光 NEK ★REVL 7986473  遮熱 ワンタッチ自動開閉 折りたたみ傘 コンパクト 紫外線遮断 耐風撥水 晴雨兼用 携帯便利 メンズ レディース 母の日 父の日 送料無料","ONESIZE","サーモンピンク","X11","Y15",,"0","16","14","-2","大木 望"
"2026/09/10 10:52:39","WEB画面","7986461","7986461X11Y11","【ジムも旅行もこれ一つ】ジムバッグ シューズ収納付き 多機能 スポーツバッグ NEK ★REVL 7986461 撥水 大容量 ボストンバッグ 旅行バッグ メンズ レディース 濡れ物分離 2WAY 送料無料","ONESIZE","グレー","X11","Y11",,"0","40","38","-2","植野"
"2026/09/10 10:52:39","WEB画面","7986461","7986461X11Y12","【ジムも旅行もこれ一つ】ジムバッグ シューズ収納付き 多機能 スポーツバッグ NEK ★REVL 7986461 撥水 大容量 ボストンバッグ 旅行バッグ メンズ レディース 濡れ物分離 2WAY 送料無料","ONESIZE","ブラック","X11","Y12",,"0","40","38","-2","植野"
"2026/09/10 10:52:39","WEB画面","7986461","7986461X11Y13","【ジムも旅行もこれ一つ】ジムバッグ シューズ収納付き 多機能 スポーツバッグ NEK ★REVL 7986461 撥水 大容量 ボストンバッグ 旅行バッグ メンズ レディース 濡れ物分離 2WAY 送料無料","ONESIZE","ピンク","X11","Y13",,"0","29","27","-2","植野"
"2026/09/10 10:52:39","WEB画面","7986461","7986461X11Y14","【ジムも旅行もこれ一つ】ジムバッグ シューズ収納付き 多機能 スポーツバッグ NEK ★REVL 7986461 撥水 大容量 ボストンバッグ 旅行バッグ メンズ レディース 濡れ物分離 2WAY 送料無料","ONESIZE","オリーブ","X11","Y14",,"0","29","27","-2","植野"
"2026/09/10 10:52:39","WEB画面","7986461","7986461X11Y15","【ジムも旅行もこれ一つ】ジムバッグ シューズ収納付き 多機能 スポーツバッグ NEK ★REVL 7986461 撥水 大容量 ボストンバッグ 旅行バッグ メンズ レディース 濡れ物分離 2WAY 送料無料","ONESIZE","カーキ","X11","Y15",,"0","30","28","-2","植野"
"2026/09/10 10:53:31","WEB画面","7987988","7987988X11Y13","【AVIREX 限定】サファリハット メンズ 大きいサイズ BIGサイズ アドベンチャーハット 17158300 17158400 釣り 帽子 ハット ★REV NEK 7987988 大きめ 普通サイズ AVIREX 限定 かっこいい アウトドア ブラックシリーズ アビレックス 帽子 キャップ ブランド 撥水加工","普通サイズ_17158300","カーキ(35)","X11","Y13",,"0","7","4","-3","大木 望"
"2026/09/10 10:55:20","受注取込","7987093","7987093X12Y11","【新型iphone/IQOS対応】急速5A 3股 Type-C 充電ケーブル スマホケーブル 1.2m 2m 3m typec NEK ★REVL 7987093 新型iphone IQOS対応 USB A→Type-C×3 充電ケーブル 3in1 急速 送料無料","2.0m","ブラック_TypeA/TypeC×3","X12","Y11",,"0","16","15","-1",
"2026/09/10 10:55:27","WEB画面","7986602","7986602X11Y11","【ゆるかわスマイル】 キャップ 帽子 メンズ レディース ユニセックス Vintage ★REVL 7986602 ウォッシュ加工 刺繍 送料無料","ONESIZE","グレー","X11","Y11",,"0","17","15","-2","植野"
"2026/09/10 10:55:27","WEB画面","7986602","7986602X11Y12","【ゆるかわスマイル】 キャップ 帽子 メンズ レディース ユニセックス Vintage ★REVL 7986602 ウォッシュ加工 刺繍 送料無料","ONESIZE","ブラック","X11","Y12",,"0","26","24","-2","植野"
"2026/09/10 10:55:27","WEB画面","7986602","7986602X11Y13","【ゆるかわスマイル】 キャップ 帽子 メンズ レディース ユニセックス Vintage ★REVL 7986602 ウォッシュ加工 刺繍 送料無料","ONESIZE","ワイン","X11","Y13",,"0","20","18","-2","植野"
"2026/09/10 10:55:27","WEB画面","7986602","7986602X11Y14","【ゆるかわスマイル】 キャップ 帽子 メンズ レディース ユニセックス Vintage ★REVL 7986602 ウォッシュ加工 刺繍 送料無料","ONESIZE","カーキ","X11","Y14",,"0","16","14","-2","植野"
"2026/09/10 10:55:27","WEB画面","7986602","7986602X11Y15","【ゆるかわスマイル】 キャップ 帽子 メンズ レディース ユニセックス Vintage ★REVL 7986602 ウォッシュ加工 刺繍 送料無料","ONESIZE","ネイビー","X11","Y15",,"0","13","11","-2","植野"
"2026/09/10 10:56:06","WEB画面","7986603","7986603X11Y11","【ゆるゴースト♪】 キャップ 帽子 メンズ レディース ユニセックス Vintage ★REVL 7986603 ウォッシュ加工 刺繍 送料無料","ONESIZE","ブラック","X11","Y11",,"0","28","26","-2","植野"
"2026/09/10 10:56:06","WEB画面","7986603","7986603X11Y12","【ゆるゴースト♪】 キャップ 帽子 メンズ レディース ユニセックス Vintage ★REVL 7986603 ウォッシュ加工 刺繍 送料無料","ONESIZE","グレー","X11","Y12",,"0","14","12","-2","植野"
"2026/09/10 10:56:06","WEB画面","7986603","7986603X11Y13","【ゆるゴースト♪】 キャップ 帽子 メンズ レディース ユニセックス Vintage ★REVL 7986603 ウォッシュ加工 刺繍 送料無料","ONESIZE","カーキ","X11","Y13",,"0","19","17","-2","植野"
"2026/09/10 10:56:06","WEB画面","7986603","7986603X11Y14","【ゆるゴースト♪】 キャップ 帽子 メンズ レディース ユニセックス Vintage ★REVL 7986603 ウォッシュ加工 刺繍 送料無料","ONESIZE","マスタード","X11","Y14",,"0","16","14","-2","植野"
"2026/09/10 10:56:06","WEB画面","7986603","7986603X11Y15","【ゆるゴースト♪】 キャップ 帽子 メンズ レディース ユニセックス Vintage ★REVL 7986603 ウォッシュ加工 刺繍 送料無料","ONESIZE","ワイン","X11","Y15",,"0","20","18","-2","植野"
"2026/09/10 10:56:57","WEB画面","7987175","7987175X11Y11","LA ロサンゼルス LOS ANGELESS キャップ 帽子 野球帽 アウトドア ★REV 7987175 メンズ レディース 野球 ローキャップ Vintage プレゼント ギフト","ONESIZE","ブラック","X11","Y11",,"0","33","31","-2","植野"
"2026/09/10 10:56:57","WEB画面","7987175","7987175X11Y12","LA ロサンゼルス LOS ANGELESS キャップ 帽子 野球帽 アウトドア ★REV 7987175 メンズ レディース 野球 ローキャップ Vintage プレゼント ギフト","ONESIZE","オリーブ","X11","Y12",,"0","13","11","-2","植野"
"2026/09/10 10:56:57","WEB画面","7987175","7987175X11Y13","LA ロサンゼルス LOS ANGELESS キャップ 帽子 野球帽 アウトドア ★REV 7987175 メンズ レディース 野球 ローキャップ Vintage プレゼント ギフト","ONESIZE","ワイン","X11","Y13",,"0","8","6","-2","植野"
"2026/09/10 10:56:57","WEB画面","7987175","7987175X11Y14","LA ロサンゼルス LOS ANGELESS キャップ 帽子 野球帽 アウトドア ★REV 7987175 メンズ レディース 野球 ローキャップ Vintage プレゼント ギフト","ONESIZE","ネイビー","X11","Y14",,"0","15","13","-2","植野"
"2026/09/10 10:56:57","WEB画面","7987175","7987175X11Y15","LA ロサンゼルス LOS ANGELESS キャップ 帽子 野球帽 アウトドア ★REV 7987175 メンズ レディース 野球 ローキャップ Vintage プレゼント ギフト","ONESIZE","カーキ","X11","Y15",,"0","7","5","-2","植野"
"2026/09/10 10:59:15","WEB画面","7988044","7988044X11Y15","ショルダーバッグ メンズ ワンショルダー 斜め掛け ★REV 7988044 おしゃれバッグ Vintage 斜めがけ メンズボディバック かっこいい ボディバッグ レザー ワンショルダーバッグ カバン 鞄 かばん レザー調 メンズバッグ 斜めがけ メンズショルダーバック 散歩 送料無料","ONESIZE","E_ブラウン","X11","Y15",,"0","5","4","-1","大木 望"
"2026/09/10 10:59:15","WEB画面","7988044","7988044X11Y22","ショルダーバッグ メンズ ワンショルダー 斜め掛け ★REV 7988044 おしゃれバッグ Vintage 斜めがけ メンズボディバック かっこいい ボディバッグ レザー ワンショルダーバッグ カバン 鞄 かばん レザー調 メンズバッグ 斜めがけ メンズショルダーバック 散歩 送料無料","ONESIZE","L_キャメル","X11","Y22",,"0","8","7","-1","大木 望"
"2026/09/10 10:59:15","WEB画面","7988044","7988044X11Y23","ショルダーバッグ メンズ ワンショルダー 斜め掛け ★REV 7988044 おしゃれバッグ Vintage 斜めがけ メンズボディバック かっこいい ボディバッグ レザー ワンショルダーバッグ カバン 鞄 かばん レザー調 メンズバッグ 斜めがけ メンズショルダーバック 散歩 送料無料","ONESIZE","M_ブラック","X11","Y23",,"0","28","27","-1","大木 望"
"2026/09/10 10:59:46","受注取込","7986612","7986612X13Y14","【ジャカード織】柄シャツ メンズ ジャカード ヴィンテージ ジャケット ★REVL 7986612 春夏 レディース ゴブラン レトロ 軽い 派手 オルテガ オリエンタル ペイズリー ネイティブ アメリカン 部族 民族 マルチカラー 長袖 長袖シャツ ライトアウター","XL(メーカー表記3XL)","D","X13","Y14",,"0","2","1","-1",
"2026/09/10 10:59:46","受注取込","7986612","7986612X13Y17","【ジャカード織】柄シャツ メンズ ジャカード ヴィンテージ ジャケット ★REVL 7986612 春夏 レディース ゴブラン レトロ 軽い 派手 オルテガ オリエンタル ペイズリー ネイティブ アメリカン 部族 民族 マルチカラー 長袖 長袖シャツ ライトアウター","XL(メーカー表記3XL)","G","X13","Y17",,"0","5","4","-1",
"2026/09/10 10:59:46","受注取込","7986612","7986612X13Y12","【ジャカード織】柄シャツ メンズ ジャカード ヴィンテージ ジャケット ★REVL 7986612 春夏 レディース ゴブラン レトロ 軽い 派手 オルテガ オリエンタル ペイズリー ネイティブ アメリカン 部族 民族 マルチカラー 長袖 長袖シャツ ライトアウター","XL(メーカー表記3XL)","B","X13","Y12",,"0","5","4","-1",
"2026/09/10 11:09:46","受注取込","7987147","7987147X11Y18","【本革】財布 ミニ財布 短財布 メンズ レディース コンパクト レザー NEK ★REVH 7987147 革 本革 牛革 ショートウォレット さいふ ウォレット 多機能 大容量 男性 ギフト 紳士用 プレゼント 薄い スリム 収納 三つ折り","ONESIZE","ワイン","X11","Y18",,"0","5","4","-1",
"2026/09/10 11:11:47","受注取込","7988215","7988215X13Y12","【とにかくデカい！】 大きいサイズ キャップ メッシュキャップ 送料無料 大きめ ビッグサイズ BIG SIZE ★REV 7988215 <br> 帽子 ハット キャップ ワークキャップ メンズキャップ 大きいサイズ バケット 大きい帽子 メンズ バケハ メンズ帽子 大きい 頭 メッシュ 全39カラー","CC","2","X13","Y12",,"0","7","6","-1",
"2026/09/10 11:15:31","受注取込","7988332","7988332X16Y26","【ワンちゃん格上げ！】 ドッグウェア 犬服 アディドッグ GooDog adidog ★REVG new dogs ペット服 小型犬 ノースリーブ NEK 7988332 犬の服 タンクトップ 犬洋服 犬用服 ペット 犬 服 犬用 かっこいい かわいい サロペット ロンパース オーバーオール 男の子 女の子","XL","new_dog(グレー)","X16","Y26",,"0","8","7","-1",
"2026/09/10 11:22:01","受注取込","7987662","7987662X11Y13","【大きくルーズにかぶれる】大きいサイズ ニット帽 ニットキャップ 帽子 メンズ レディース NEK ★REV 7987662 ワッチキャップ プレゼント ギフト 母の日 父の日 プレゼント 誕生日 クリスマス 秋冬 防寒 おしゃれ 無地 送料無料","ONESIZE","ブラック","X11","Y13",,"0","2818","2817","-1",
"2026/09/10 11:22:01","受注取込","7986529","7986529X11Y11","【お得な3本セット】プロテインシェイカー 500ml ステンレスボール付き ★REVL 7986529 ダマにならない 密閉防漏 持ち運び便利 食洗機対応 フィットネス・筋トレ用 食品等試験検査済 送料無料","3本セット","ブラック","X11","Y11",,"0","102","101","-1",
"2026/09/10 11:22:18","受注取込","7994812","7994812X12Y33","サファリハット メンズ 釣り 帽子 ハット レディース SUNS(サンズ)  撥水 アウトドア 登山 キャンプ バーベキュー NEK ★REV H-051 H-053 送料無料 大きいサイズあり キッズサイズ 子供 UVカット アドベンチャーハット 父の日 プレゼント ユニセックス 春 夏 夏フェス ギフト","大きいサイズ","GREIGE(H-051)","X12","Y33",,"0","100","99","-1",
"2026/09/10 11:25:21","受注取込","7994702","7994702X11Y11","経年変化を楽しむ！日本製 本革 レザー 130cm 長め ベルト 7994702 メンズ レディース ヌメ革 総革 Artisan aging 送料無料 ナチュラル ギフトBOX付き プレゼント 180618 プレゼント ギフト","ONESIZE","ナチュラル","X11","Y11",,"0","49","48","-1",
"2026/09/10 11:28:17","受注取込","7986752","7986752X11Y12","収納 サンバイザーホルダー マルチ 車 カーポケット ドライブポケット NEK ★REVL 7986752 おしゃれ サンバイザー ポケット カー用品 収納 カー用品 ペン カードポケット 収納ホルダー サングラスホルダー 車 眼鏡ホルダー カーアクセサリー 送料無料","ONESIZE","グレー","X11","Y12",,"0","19","18","-1",
"2026/09/10 11:29:49","受注取込","7988215","7988215X16Y15","【とにかくデカい！】 大きいサイズ キャップ メッシュキャップ 送料無料 大きめ ビッグサイズ BIG SIZE ★REV 7988215 <br> 帽子 ハット キャップ ワークキャップ メンズキャップ 大きいサイズ バケット 大きい帽子 メンズ バケハ メンズ帽子 大きい 頭 メッシュ 全39カラー","FF","5","X16","Y15",,"0","144","143","-1",
"2026/09/10 11:29:49","受注取込","7988215","7988215X17Y11","【とにかくデカい！】 大きいサイズ キャップ メッシュキャップ 送料無料 大きめ ビッグサイズ BIG SIZE ★REV 7988215 <br> 帽子 ハット キャップ ワークキャップ メンズキャップ 大きいサイズ バケット 大きい帽子 メンズ バケハ メンズ帽子 大きい 頭 メッシュ 全39カラー","GG","1","X17","Y11",,"0","20","19","-1",
"2026/09/10 11:32:24","受注取込","7986663","7986663X11Y11","【最強！溶岩石とオニキス】パワーストーン ブレスレット メンズ レディース バングル NEK ★REVL 7986663 スピリチュアル 天然石 エネルギーアクセサリー プレゼント ギフト 送料無料","ONESIZE","ブラック","X11","Y11",,"0","41","40","-1",
"2026/09/10 11:36:32","受注取込","7988215","7988215X29Y11","【とにかくデカい！】 大きいサイズ キャップ メッシュキャップ 送料無料 大きめ ビッグサイズ BIG SIZE ★REV 7988215 <br> 帽子 ハット キャップ ワークキャップ メンズキャップ 大きいサイズ バケット 大きい帽子 メンズ バケハ メンズ帽子 大きい 頭 メッシュ 全39カラー","SS","1","X29","Y11",,"0","16","15","-1",
"2026/09/10 11:36:32","受注取込","7988215","7988215X16Y14","【とにかくデカい！】 大きいサイズ キャップ メッシュキャップ 送料無料 大きめ ビッグサイズ BIG SIZE ★REV 7988215 <br> 帽子 ハット キャップ ワークキャップ メンズキャップ 大きいサイズ バケット 大きい帽子 メンズ バケハ メンズ帽子 大きい 頭 メッシュ 全39カラー","FF","4","X16","Y14",,"0","7","6","-1",
"2026/09/10 11:38:48","受注取込","7988215","7988215X17Y13","【とにかくデカい！】 大きいサイズ キャップ メッシュキャップ 送料無料 大きめ ビッグサイズ BIG SIZE ★REV 7988215 <br> 帽子 ハット キャップ ワークキャップ メンズキャップ 大きいサイズ バケット 大きい帽子 メンズ バケハ メンズ帽子 大きい 頭 メッシュ 全39カラー","GG","3","X17","Y13",,"0","50","49","-1",
"2026/09/10 11:41:48","受注取込","7986651","7986651X11Y11","【銅×グラフェンの力で、スマホを瞬冷！】スマホ熱中症対策 冷却 クーラー NEK ★REVL 7986651 スマートフォン 保冷 結露なし スマホ 冷感 冷却 iphone アクセサリー 送料無料","ONESIZE","ブラック","X11","Y11",,"0","456","455","-1",
"2026/09/10 11:44:48","受注取込","7986519","7986519X11Y11","【ごっそり鼻毛処理！お得な10本セット】鼻毛カッター 鼻毛トリマー  耳かき NEK ★REVL 7986519 男性用 女性用 送料無料","ONESIZE","アイボリー","X11","Y11",,"0","15","14","-1",
"2026/09/10 11:44:48","受注取込","7986470","7986470X11Y11","【ちょい持ちバッグ】ハンドバッグ レディース ミニバッグ ミニトート NEK ★REVL 7986470 バッグ オックスフォード生地 軽量 コンパクト ワンハンドル 小さめ おしゃれ シンプル 刺繍 ブラック ピンク サックス ワイン 通勤 通学 お出かけ ギフト 送料無料","ONESIZE","ブラック","X11","Y11",,"0","17","16","-1",
"2026/09/10 11:46:20","受注取込","7987345","7987345X11Y14","【とにかくデカい！】 大きいサイズ キャップ 送料無料 大きめ ビッグサイズ ★REV 7987345 BIG SIZE 帽子 ハット キャップ キャスケット メンズキャップ 大きいサイズ バケット 大きい帽子 メンズ メンズ帽子 大きい 頭 メッシュキャップ","AAA","4","X11","Y14",,"0","8","7","-1",
"2026/09/10 11:48:34","受注取込","7986669","7986669X11Y11","【12mm小粒/おしゃれ】12mm パワーストーン ネックレス チョーカー メンズ レディース NEK ★REVL 7986669 アメジスト タイガーアイ ラピスラズリ 瑪瑙 メノウ オブシディアン ドラゴンアゲート 金運 財運 仕事運 恋愛 結婚 家庭円満 癒し 厄除祈願 天然石 お守り プレゼント おしゃれ アクセサリー 送料無料","ONESIZE","レッドタイガーアイ","X11","Y11",,"0","15","14","-1",
"2026/09/10 11:50:48","受注取込","7987400","7987400X11Y11","【とにかくデカい！/普通サイズあり！】キャップ メンズ 大きいサイズ 帽子 深め ビッグサイズ ★REVM 7987400 BIG SIZE メンズキャップ帽子 大きめ 大きい帽子 メンズ帽子 レディース 春 夏 春夏 プレゼント ギフト 母の日 父の日 送料無料","大きいサイズ","A-ブラック","X11","Y11",,"0","214","213","-1",
"2026/09/10 11:51:01","受注取込","7987170","7987170X11Y11","【万能で役立つ！男ツール】 マルチツール ドライバー 多機能 工具 日曜大工 DIY NEK ★REVL 7987170 防災 アウトドア 用品 キャンプ 雑貨 ペンチ のこぎり 缶切り ボトルオープナー ワイヤーカッター 収納ケース付 庭 ガーデニング 多機能ペンチ ギフト プレゼント","ONESIZE","シルバー","X11","Y11",,"0","9","8","-1",
"2026/09/10 11:51:35","受注取込","7986572","7986572X11Y41","【新型/IQOS イルマ i ワン用】アイコス イルマiワン ILUMA ケース 保護ケース NEK ★REVL 7986572 iqosイルマワン イルマワンカバー 耐衝撃 おしゃれ iqos iluma one 専用 IQOSイルマワン保護ケース レザー ヒョウ柄 ペイズリー 保護カバー アイコスケース アクセサリー 送料無料","イルマiワン","85","X11","Y41",,"0","17","16","-1",
"2026/09/10 11:52:17","受注取込","7987389","7987389X11Y16","【本革 総革】名刺入れ 名刺ケース 本革 メンズ NEK ★REV 7987389 レディース レザー 本皮 Vintage ヌメ革 プレゼント ギフト 母の日 父の日 送料無料","ONESIZE","チョコ","X11","Y16",,"0","23","22","-1",
"2026/09/10 11:55:40","WEB画面","7986602","7986602X11Y15","【ゆるかわスマイル】 キャップ 帽子 メンズ レディース ユニセックス Vintage ★REVL 7986602 ウォッシュ加工 刺繍 送料無料","ONESIZE","ネイビー","X11","Y15",,"0","11","10","-1","星島"
"2026/09/10 12:03:47","受注取込","7997141","7997141X11Y11","特大 スイカ ドーナツ 浮き輪 浮輪 送料無料 プール 大人用 子供用 NEK 7997141 ★REV 120cm 90cm 80cm 70cm 60cm サイズ 大きい 大きめ うきわ ウキワ すいか 海 海水浴 ビックフロート 水上 レジャー かわいい フローティングベッド 西瓜 子供用浮き輪 大人 子供 こども","120cm","スイカ","X11","Y11",,"0","602","601","-1",
"2026/09/10 12:09:47","受注取込","7986519","7986519X11Y11","【ごっそり鼻毛処理！お得な10本セット】鼻毛カッター 鼻毛トリマー  耳かき NEK ★REVL 7986519 男性用 女性用 送料無料","ONESIZE","アイボリー","X11","Y11",,"0","14","12","-2",
"2026/09/10 12:11:12","WEB画面","7986539","7986539X11Y11","【小顔見せ】ハンチング キャスケット キャスハンチング キャップ メンズ レディース NEK ★REVO 7986539 ハンチング帽子 タクシーハット ニュースボーイキャップ ニュースボーイハット おしゃれ 送料無料","ONESIZE","A.ストライプ/ブラック","X11","Y11",,"0","8","6","-2","大木 望"
"2026/09/10 12:11:12","WEB画面","7986539","7986539X11Y12","【小顔見せ】ハンチング キャスケット キャスハンチング キャップ メンズ レディース NEK ★REVO 7986539 ハンチング帽子 タクシーハット ニュースボーイキャップ ニュースボーイハット おしゃれ 送料無料","ONESIZE","B.ストライプ/グレー","X11","Y12",,"0","26","25","-1","大木 望"
"2026/09/10 12:11:12","WEB画面","7986539","7986539X11Y14","【小顔見せ】ハンチング キャスケット キャスハンチング キャップ メンズ レディース NEK ★REVO 7986539 ハンチング帽子 タクシーハット ニュースボーイキャップ ニュースボーイハット おしゃれ 送料無料","ONESIZE","D.オフホワイト","X11","Y14",,"0","3","2","-1","大木 望"
"2026/09/10 12:11:17","受注取込","7988071","7988071X15Y12","【内ボア防寒性◎】 シャツジャケット ボアジャケット ネルシャツ メンズ レディース ★REV 7988071 シャツ カジュアルシャツ 長袖 ボア ジャケット 長袖シャツ 秋冬 チェック柄 チェック 起毛 アメカジ 裏ボア ジャケットメンズ Vintage 厚手 着る毛布 暖かい 防寒 送料無料","XL","B_ネイビー×Lグレー","X15","Y12",,"0","17","16","-1",
"2026/09/10 12:11:17","受注取込","7987996","7987996X14Y11","【速攻配達】ドッグウェア 犬 服 暖かい ジャージ POMII ポミー ★REVG NEK 7987996 裏起毛 小型犬 中型犬 男の子 女の子 おしゃれ インスタ映え 送料無料","XL","ブラック","X14","Y11",,"0","11","10","-1",
"2026/09/10 12:11:17","受注取込","7987996","7987996X14Y12","【速攻配達】ドッグウェア 犬 服 暖かい ジャージ POMII ポミー ★REVG NEK 7987996 裏起毛 小型犬 中型犬 男の子 女の子 おしゃれ インスタ映え 送料無料","XL","レッド","X14","Y12",,"0","2","1","-1",
"2026/09/10 12:11:17","受注取込","7986963","7986963X13Y13","【おしゃれ】ドッグウェア adidog 犬 服 暖かい 冬 冬服 中綿 ダウンベスト ダウンジャケット NEK ★REVG 7986963 アウター ドッグフェイス 男の子 女の子","L","オレンジオリーブ","X13","Y13",,"0","2","1","-1",
"2026/09/10 12:14:01","受注取込","7987559","7987559X11Y12","ミニ財布 ミニウォレット 短財布 メンズ レディース ウォレット NEK ★REV 7987559 プレゼント ギフト 父の日 母の日 プチギフト 誕プレ 送料無料","ONESIZE","ブラック","X11","Y12",,"0","19","18","-1",
"2026/09/10 12:22:54","受注取込","7988163","7988163X11Y11","【錆びないチタン】メンズブレスレット ブレスレット メンズ つけっぱなし NEK ★REV 7988163 チタン ブレスレット ワイヤーブレスレット シンプル バングル おしゃれ 送料無料 シルバー ゴールド ブラック","ONESIZE","シルバー","X11","Y11",,"0","6","5","-1",
"2026/09/10 12:29:01","受注取込","7986600","7986600X11Y12","ふわもこキーチャーム チャーム キーホルダー バッグ飾り NEK ★REVH 7986600 レディース キッズ アクセサリー 送料無料","ONESIZE","【B】アボカド","X11","Y12",,"0","14","13","-1",
"2026/09/10 12:29:01","受注取込","7986600","7986600X11Y24","ふわもこキーチャーム チャーム キーホルダー バッグ飾り NEK ★REVH 7986600 レディース キッズ アクセサリー 送料無料","ONESIZE","【N】アッシュグレー","X11","Y24",,"0","15","14","-1",
"2026/09/10 12:29:01","受注取込","7986600","7986600X11Y11","ふわもこキーチャーム チャーム キーホルダー バッグ飾り NEK ★REVH 7986600 レディース キッズ アクセサリー 送料無料","ONESIZE","【A】チャコール×ホワイト","X11","Y11",,"0","38","37","-1",
"2026/09/10 12:29:01","受注取込","7986600","7986600X11Y12","ふわもこキーチャーム チャーム キーホルダー バッグ飾り NEK ★REVH 7986600 レディース キッズ アクセサリー 送料無料","ONESIZE","【B】アボカド","X11","Y12",,"0","13","12","-1",
"2026/09/10 12:33:47","受注取込","7987678","7987678X12Y14","【洗濯可能】トレーニンググローブ 手袋 筋トレ 筋トレグローブ メンズ レディース 指無し NEK ★REV 7987678 ウェイトリフティング 防滑 クッション性 伸びる 洗濯OK バーベル サイクリング ヨガ グリップ","M","B-ブラック","X12","Y14",,"0","35","34","-1",
"2026/09/10 12:33:47","受注取込","7994812","7994812X11Y16","サファリハット メンズ 釣り 帽子 ハット レディース SUNS(サンズ)  撥水 アウトドア 登山 キャンプ バーベキュー NEK ★REV H-051 H-053 送料無料 大きいサイズあり キッズサイズ 子供 UVカット アドベンチャーハット 父の日 プレゼント ユニセックス 春 夏 夏フェス ギフト","普通サイズ","GRAY(H_051)","X11","Y16",,"0","26","25","-1",
"2026/09/10 12:33:47","受注取込","7994812","7994812X11Y27","サファリハット メンズ 釣り 帽子 ハット レディース SUNS(サンズ)  撥水 アウトドア 登山 キャンプ バーベキュー NEK ★REV H-051 H-053 送料無料 大きいサイズあり キッズサイズ 子供 UVカット アドベンチャーハット 父の日 プレゼント ユニセックス 春 夏 夏フェス ギフト","普通サイズ","CAMO(H_051)","X11","Y27",,"0","26","25","-1",
"2026/09/10 12:35:00","受注取込","7987345","7987345X15Y14","【とにかくデカい！】 大きいサイズ キャップ 送料無料 大きめ ビッグサイズ ★REV 7987345 BIG SIZE 帽子 ハット キャップ キャスケット メンズキャップ 大きいサイズ バケット 大きい帽子 メンズ メンズ帽子 大きい 頭 メッシュキャップ","EEE","4","X15","Y14",,"0","3","2","-1",
"2026/09/10 12:38:18","受注取込","7987345","7987345X14Y13","【とにかくデカい！】 大きいサイズ キャップ 送料無料 大きめ ビッグサイズ ★REV 7987345 BIG SIZE 帽子 ハット キャップ キャスケット メンズキャップ 大きいサイズ バケット 大きい帽子 メンズ メンズ帽子 大きい 頭 メッシュキャップ","DDD","3","X14","Y13",,"0","8","7","-1",
"2026/09/10 12:43:49","受注取込","7992723","7992723X12Y11","お得！ 送料無料 4枚入り 福袋 Dickies ディッキーズ ボクサーパンツ メンズ かわいい NEK ★REV <br> パンツ ボクサーパンツ セット メンズ下着 メンズボクサーパンツ メンズボクサー 大きいサイズ 大きめ 特大 3L 下着 インナー メンズ usa まとめ買い プレゼント ギフト","L","福袋4枚セット","X12","Y11",,"0","122","121","-1",
"2026/09/10 12:46:47","受注取込","7987400","7987400X11Y18","【とにかくデカい！/普通サイズあり！】キャップ メンズ 大きいサイズ 帽子 深め ビッグサイズ ★REVM 7987400 BIG SIZE メンズキャップ帽子 大きめ 大きい帽子 メンズ帽子 レディース 春 夏 春夏 プレゼント ギフト 母の日 父の日 送料無料","大きいサイズ","H-オリーブ","X11","Y18",,"0","42","41","-1",
"2026/09/10 12:47:48","受注取込","7987475","7987475X11Y15","【防犯】護身用 タクティカルスティック 防災グッズ 熊対策グッズ クマ対策 タクティカルペン キーホルダー 女性 キーリング NEK ★REVM 7987475 棒 車 ガラス 防災 災害 車内 軽量 不審者 痴漢 痴漢対策 武器 護身グッズ 自己防衛 コンパクト 非常時 バッググリップ","ONESIZE","ピンク","X11","Y15",,"0","34","32","-2",
"2026/09/10 12:47:48","受注取込","7987475","7987475X11Y16","【防犯】護身用 タクティカルスティック 防災グッズ 熊対策グッズ クマ対策 タクティカルペン キーホルダー 女性 キーリング NEK ★REVM 7987475 棒 車 ガラス 防災 災害 車内 軽量 不審者 痴漢 痴漢対策 武器 護身グッズ 自己防衛 コンパクト 非常時 バッググリップ","ONESIZE","ゴールド","X11","Y16",,"0","56","55","-1",
"2026/09/10 12:50:02","受注取込","7987186","7987186X11Y11","アップルペンシル タッチペン タブレット ケース カバー Apple Pencil NEK ★REV 7987186 第1世代 第2世代 レザー ゴムバンド付き スタイラス ペン ケース アップル ペンシル iPad ペンホルダー 紛失防止 ipad ペンケース apple pencil case Apple Pencil 2nd generation","ONESIZE","ブラウン","X11","Y11",,"0","24","23","-1",
"2026/09/10 12:50:48","受注取込","7987006","7987006X11Y16","【くすみカラー】サファリハット ハット アドベンチャーハット レディース メンズ NEK ★REV 7987006 アウトドア キャンプ 釣り 日焼け止め 速乾 通気性 日よけ 送料無料","ONESIZE","グレー","X11","Y16",,"0","3","2","-1",
"2026/09/10 12:52:19","受注取込","7986562","7986562X11Y23","IQOS アイコス イルマiワン イルマアイ TEREA テリア ケース ヒートスティックケース NEK ★REVL 7986562 カバー 加熱式たばこ用ハードケース SENTIA（センティア) HEETS プレゼント ギフト 送料無料","ONESIZE","M","X11","Y23",,"0","13","12","-1",
"2026/09/10 12:55:17","受注取込","7987794","7987794X12Y12","【大きいサイズもあり】キャスハンチング キャップ メンズ レディース CULTURE MART NEK 101294 ★REV 7987794 ハンチング帽子 ハンチング帽 秋冬 帽子 ハンチング キャスケット メンズ帽子 レディース帽子秋冬 秋冬帽子 メンズハンチング おしゃれ カルチャーマート","大きいサイズ","オリーブ(2)","X12","Y12",,"0","17","16","-1",
"2026/09/10 12:56:17","受注取込","7993221","7993221X11Y15","訳あり キーホルダー メンズ 車 スマートキー キーチェーン キーリング レザー NEK ★REV 7993221 家 鍵 カギ 送料無料 ステンレス レザー 男性 おしゃれ シンプル カラビナフック プレゼント","ONESIZE","ブラック_B","X11","Y15",,"0","2","1","-1",
"2026/09/10 12:58:45","受注取込","7986467","7986467X11Y11","【スタイルに合わせて使える2WAY仕様】ゴムベルト レディース 伸縮 ストライプ ACRHT042 NEK 7986467 2cm幅 フック式 ベルトループ対応 ウエストマーク 選べる4カラー","ONESIZE","ブラック","X11","Y11",,"0","92","91","-1",
"2026/09/10 12:58:45","受注取込","7986467","7986467X11Y13","【スタイルに合わせて使える2WAY仕様】ゴムベルト レディース 伸縮 ストライプ ACRHT042 NEK 7986467 2cm幅 フック式 ベルトループ対応 ウエストマーク 選べる4カラー","ONESIZE","ブラウン","X11","Y13",,"0","92","91","-1",
"2026/09/10 12:59:17","受注取込","7992723","7992723X11Y11","お得！ 送料無料 4枚入り 福袋 Dickies ディッキーズ ボクサーパンツ メンズ かわいい NEK ★REV <br> パンツ ボクサーパンツ セット メンズ下着 メンズボクサーパンツ メンズボクサー 大きいサイズ 大きめ 特大 3L 下着 インナー メンズ usa まとめ買い プレゼント ギフト","M","福袋4枚セット","X11","Y11",,"0","56","54","-2",
"2026/09/10 12:59:17","受注取込","7986572","7986572X11Y34","【新型/IQOS イルマ i ワン用】アイコス イルマiワン ILUMA ケース 保護ケース NEK ★REVL 7986572 iqosイルマワン イルマワンカバー 耐衝撃 おしゃれ iqos iluma one 専用 IQOSイルマワン保護ケース レザー ヒョウ柄 ペイズリー 保護カバー アイコスケース アクセサリー 送料無料","イルマiワン","78","X11","Y34",,"0","13","12","-1",
"2026/09/10 12:59:17","受注取込","7986531","7986531X11Y18","【新型/IQOS イルマ i ワン用】アイコス イルマiワン ILUMA ケース 保護ケース NEK ★REVL 7986531 iqosイルマワン イルマワンカバー 耐衝撃 おしゃれ iqos iluma one 専用 IQOSイルマワン保護ケース レザー ヒョウ柄 ペイズリー 保護カバー アイコスケース アクセサリー 送料無料","ONESIZE","101","X11","Y18",,"0","7","6","-1",
"2026/09/10 12:59:17","受注取込","7986712","7986712X11Y33","【超協力マグネット/選べる33種】帽子クリップ ハットクリップ キャップクリップ  NEK ★REV 7986712 帽子収納ホルダー 収納フック キーホルダー 強力マグネット レザー調 アクセサリー チャーム キーリング キーケース 送料無料","ONESIZE","23","X11","Y33",,"0","22","21","-1",
"2026/09/10 13:00:00","受注取込","7998075","7998075X12Y15","他店圧倒価格♪最安値に挑戦！ 1点までメール便送料無料 ワッチキャップ ニット帽子 ニットキャップ 7998075 【MB】【ALI】■05161126【wow未販売】 sg追加200125 sg追加200125","大きいサイズ(～65cm)","チャコール","X12","Y15",,"0","80","79","-1",
"2026/09/10 13:14:17","受注取込","7990692","7990692X11Y11","当店在庫有り 速攻配達 あす楽 アルコール ハンドジェル アルコール消毒 アルコール除菌 アルコール消毒液 500ml ウイルス対策 7990692 プレゼント ギフト","500ml","ジェルタイプ","X11","Y11",,"0","145","138","-7",
"2026/09/10 13:15:47","受注取込","7986531","7986531X11Y14","【新型/IQOS イルマ i ワン用】アイコス イルマiワン ILUMA ケース 保護ケース NEK ★REVL 7986531 iqosイルマワン イルマワンカバー 耐衝撃 おしゃれ iqos iluma one 専用 IQOSイルマワン保護ケース レザー ヒョウ柄 ペイズリー 保護カバー アイコスケース アクセサリー 送料無料","ONESIZE","97","X11","Y14",,"0","7","6","-1",
"2026/09/10 13:18:47","受注取込","7987078","7987078X11Y11","【3個の福袋！即出荷】ビーチボール 水遊び ビーチバレー 浮き輪 フロート NEK ★REV 7987078 サッカーボール 30cm アウトドア キャンプ 海 プール 川 リゾート 送料無料","ONESIZE","3個セット","X11","Y11",,"0","8","7","-1",
"2026/09/10 13:18:47","受注取込","7987327","7987327X11Y13","本革 レザー キャスケット ハンチング 帽子 メンズ ★REV 7987327 キャップ あしたのジョー おしゃれ 皮製 ブラック ダークブラウン キャメル 黒 茶  送料無料","ONESIZE","キャメル","X11","Y13",,"0","26","25","-1",
"2026/09/10 13:31:00","受注取込","7988089","7988089X16Y11","安全靴 スニーカー エアウォーク AIR WALK Y_YU AW-880 レッド迷彩 アクティブライト ローカット メンズ セーフティシューズ 樹脂先芯 軽量 衝撃吸収 負担軽減 作業靴 オシャレ","28.0cm","レッド迷彩","X16","Y11",,"0","177","176","-1",
"2026/09/10 13:35:22","受注取込","7987139","7987139X11Y13","【頑丈でタフ】ポーチ 小物入れ メンズ ウエストポーチ スマホケース ミリタリー NEK ★REV 7987139 アイコスケース サバゲー アウトドア キャンプ サバイバルギア MOLLEシステム対応 モール式 バッグ リュック 装備品 送料無料","ONESIZE","カーキ","X11","Y13",,"0","22","21","-1",
"2026/09/10 13:44:00","受注取込","7992054","7992054X11Y14","【シンプル/おしゃれ】16mm パワーストーン ネックレス メンズ レディース 瑪瑙 オブシディアン タイガーアイ NEK ★REV 7992054 黒曜石 茶水晶 虎目石 金運 財運 仕事運 恋愛 結婚 家庭円満 癒し 幸運 成功運 勝負運 家族運 厄除祈願 天然石 お守り プレゼント 送料無料","ONESIZE","【D】瑪瑙/メノウ","X11","Y14",,"0","7","6","-1",
"2026/09/10 13:45:31","受注取込","7987554","7987554X11Y13","【速攻配達！電池付き！大音量で撃退】防犯ブザー 防犯アラーム 防犯ベル 防犯グッズ 大音量 生活防水 NEK ★REVF 7987554 ランドセル 子ども 男の子 女の子 大人 女性 小学生 中学生 卒園 入学 LEDライト付 キャンプ 登山 アウトドア プレゼント ギフト 送料無料","ONESIZE","パープル","X11","Y13",,"0","43","42","-1",
"2026/09/10 13:45:31","受注取込","7987554","7987554X11Y14","【速攻配達！電池付き！大音量で撃退】防犯ブザー 防犯アラーム 防犯ベル 防犯グッズ 大音量 生活防水 NEK ★REVF 7987554 ランドセル 子ども 男の子 女の子 大人 女性 小学生 中学生 卒園 入学 LEDライト付 キャンプ 登山 アウトドア プレゼント ギフト 送料無料","ONESIZE","シルバー","X11","Y14",,"0","68","67","-1",
"2026/09/10 13:50:13","受注取込","7987065","7987065X14Y12","【衝撃に強い】安全靴 スニーカー エアウォーク ミッドカット ハイカット ミドルカット AIR WALK AW-970 AW-980 Y_YU ★REV 7987065 メンズ おしゃれ 耐滑底 樹脂先芯 超軽量 マジックテープ セーフティシューズ 作業靴","26.5cm","AW-980_WHITE","X14","Y12",,"0","65","64","-1",
"2026/09/10 13:50:31","受注取込","7995363","7995363X9Y2","安全靴 鋼鉄先芯 スニーカー ブーツ シューズ メンズ 父の日 贈り物 プレゼント セーフティーシューズ 耐油 防滑 ブラック 黒 7995363 作業用 作業靴 おしゃれ かっこいい ハイカット 釘踏み抜き防止 靴 紐靴 レースアップ ALI プレゼント ギフト","29.0cm","B_7991149","X9","Y2",,"0","1","0","-1",
"2026/09/10 13:50:31","受注取込","7995363","7995363X7Y3","安全靴 鋼鉄先芯 スニーカー ブーツ シューズ メンズ 父の日 贈り物 プレゼント セーフティーシューズ 耐油 防滑 ブラック 黒 7995363 作業用 作業靴 おしゃれ かっこいい ハイカット 釘踏み抜き防止 靴 紐靴 レースアップ ALI プレゼント ギフト","28.0cm","C_7991146","X7","Y3",,"0","4","3","-1",
"2026/09/10 13:53:22","WEB画面","7986572","7986572X11Y41","【新型/IQOS イルマ i ワン用】アイコス イルマiワン ILUMA ケース 保護ケース NEK ★REVL 7986572 iqosイルマワン イルマワンカバー 耐衝撃 おしゃれ iqos iluma one 専用 IQOSイルマワン保護ケース レザー ヒョウ柄 ペイズリー 保護カバー アイコスケース アクセサリー 送料無料","イルマiワン","85","X11","Y41",,"0","16","17","1","星島"
"2026/09/10 13:54:47","受注取込","7987598","7987598X11Y12","【8bits】ペン型 ドライバー 精密ドライバー ドライバーセット NEK ★REV 7987598 工具 DIY プラス マイナス 8in1 送料無料","ワンサイズ","レッド","X11","Y12",,"0","41","40","-1",
"2026/09/10 13:56:17","受注取込","7987400","7987400X11Y11","【とにかくデカい！/普通サイズあり！】キャップ メンズ 大きいサイズ 帽子 深め ビッグサイズ ★REVM 7987400 BIG SIZE メンズキャップ帽子 大きめ 大きい帽子 メンズ帽子 レディース 春 夏 春夏 プレゼント ギフト 母の日 父の日 送料無料","大きいサイズ","A-ブラック","X11","Y11",,"0","213","212","-1",
"2026/09/10 13:57:47","受注取込","7986547","7986547X11Y11","【お得な5枚10点セット】福袋 おなかぷにぷに3Dキャラクターシール 犬猫アニマル NEK ★REVO 7986547 ピンセット付き ぷにぷに触感 ストレス解消 癒しデコシール プレゼント ギフト 送料無料","ONESIZE","5枚10点アソート","X11","Y11",,"0","400","399","-1",
"2026/09/10 14:01:47","受注取込","7988163","7988163X11Y12","【錆びないチタン】メンズブレスレット ブレスレット メンズ つけっぱなし NEK ★REV 7988163 チタン ブレスレット ワイヤーブレスレット シンプル バングル おしゃれ 送料無料 シルバー ゴールド ブラック","ONESIZE","ゴールド","X11","Y12",,"0","8","7","-1",
"2026/09/10 14:07:47","受注取込","7992723","7992723X11Y11","お得！ 送料無料 4枚入り 福袋 Dickies ディッキーズ ボクサーパンツ メンズ かわいい NEK ★REV <br> パンツ ボクサーパンツ セット メンズ下着 メンズボクサーパンツ メンズボクサー 大きいサイズ 大きめ 特大 3L 下着 インナー メンズ usa まとめ買い プレゼント ギフト","M","福袋4枚セット","X11","Y11",,"0","54","53","-1",
"2026/09/10 14:08:41","受注取込","7987076","7987076X11Y18","【超軽量55g】特価 キャップ 帽子 メッシュキャップ ランニングキャップ NEK ★REV 7987076 メンズ レディース 速乾 軽量 ジョギング アウトドア キャンプ スポーツ 釣り 海 プール","アジャスタータイプ","ホワイト","X11","Y18",,"0","29","28","-1",
"2026/09/10 14:12:47","受注取込","7990407","7990407X11Y11","ミニ財布 極小財布 本革 レザー 二つ折り財布 小さい財布 カード収納 定期入れ メンズ レディース 小銭入れ プレゼント 革 サイフ 小銭入れ付き 送料無料 ★REV NEK 7990407 プレゼント ギフト","ONESIZE","ブラック","X11","Y11",,"0","1","0","-1",
"2026/09/10 14:15:18","受注取込","7987802","7987802X15Y13","健康サンダル 足つぼ スリッパ 健康 サンダル 健康スリッパ 天然石 パワーストーン レディース メンズ オフィス ★REV 7987802 リラックス ストーン 足裏 足うら 刺激 ツボ押し つぼ押し 超強力 マッサージ 室内 屋外 野外 リフレクソロジー 足ツボサンダル 石 岩 送料無料","43-44(26.5～27.0cm)","シャンパンゴールド","X15","Y13",,"0","26","25","-1",
"2026/09/10 14:19:47","受注取込","7994812","7994812X12Y33","サファリハット メンズ 釣り 帽子 ハット レディース SUNS(サンズ)  撥水 アウトドア 登山 キャンプ バーベキュー NEK ★REV H-051 H-053 送料無料 大きいサイズあり キッズサイズ 子供 UVカット アドベンチャーハット 父の日 プレゼント ユニセックス 春 夏 夏フェス ギフト","大きいサイズ","GREIGE(H-051)","X12","Y33",,"0","99","96","-3",
"2026/09/10 14:21:18","受注取込","7987626","7987626X11Y11","【お得な5個セット】LEDライト キーホルダー 小型LEDライト NEK ★REV 7987626 キーライト 高輝度 5灯 LR44 ボタン電池 LTG 送料無料","ONESIZE","5本セット","X11","Y11",,"0","316","315","-1",
"2026/09/10 14:24:17","受注取込","7987084","7987084X12Y11","【くすみカラー 10色展開】深め 大きいサイズ 普通サイズ 帽子 キャップ メンズ レディース ★REV 7987084 Vintage 無地 シンプル おしゃれ 送料無料","大きいサイズ","ブラック","X12","Y11",,"0","7","6","-1",
"2026/09/10 14:30:32","受注取込","7994812","7994812X12Y33","サファリハット メンズ 釣り 帽子 ハット レディース SUNS(サンズ)  撥水 アウトドア 登山 キャンプ バーベキュー NEK ★REV H-051 H-053 送料無料 大きいサイズあり キッズサイズ 子供 UVカット アドベンチャーハット 父の日 プレゼント ユニセックス 春 夏 夏フェス ギフト","大きいサイズ","GREIGE(H-051)","X12","Y33",,"0","96","95","-1",
"2026/09/10 14:31:31","受注取込","7987559","7987559X11Y13","ミニ財布 ミニウォレット 短財布 メンズ レディース ウォレット NEK ★REV 7987559 プレゼント ギフト 父の日 母の日 プチギフト 誕プレ 送料無料","ONESIZE","ネイビー","X11","Y13",,"0","14","13","-1",
"2026/09/10 14:31:33","WEB画面","7987626","7987626X11Y11","【お得な5個セット】LEDライト キーホルダー 小型LEDライト NEK ★REV 7987626 キーライト 高輝度 5灯 LR44 ボタン電池 LTG 送料無料","ONESIZE","5本セット","X11","Y11",,"0","315","313","-2","齋藤"
"2026/09/10 14:39:31","受注取込","7987475","7987475X11Y12","【防犯】護身用 タクティカルスティック 防災グッズ 熊対策グッズ クマ対策 タクティカルペン キーホルダー 女性 キーリング NEK ★REVM 7987475 棒 車 ガラス 防災 災害 車内 軽量 不審者 痴漢 痴漢対策 武器 護身グッズ 自己防衛 コンパクト 非常時 バッググリップ","ONESIZE","シルバー","X11","Y12",,"0","66","65","-1",
"2026/09/10 14:42:17","受注取込","7986545","7986545X11Y11","【お得な2枚組】AVIREX アビレックス  アヴィレックス ボクサーパンツ メンズ NEK ★REVL 7986545 アンダーウェア 下着 かっこいい おすすめ 人気 カモフラ 迷彩 カモ柄 ロゴ ブランド 男性 紳士 プレゼント プチギフト 父の日 誕生日 彼氏 父 息子 ギフト 記念日 福袋 送料無料","M","2枚組","X11","Y11",,"0","27","26","-1",
"2026/09/10 14:52:18","受注取込","7990254","7990254X11Y11","【送料無料 速攻配達】AVIREX ニットキャップ ニット帽 帽子 メンズ レディース スウェットキャップ  NEK ★REV 14649300 ルーズ キャップ ブランド アビレックス リバーシブル AX REVERSIBLE SWEAT CAP 送料無料 プレゼント ギフト","ONESIZE","カーキ(35)","X11","Y11",,"0","248","247","-1",
"2026/09/10 14:56:01","受注取込","7987122","7987122X11Y14","【深い ALLメッシュ】ハンチング キャスケット キャスハンチング キャップ 大きいサイズ NEK ★REV 7987122 深い 深め メンズ レディース ハンチング帽子 ハンチング帽 帽子 メンズ帽子 送料無料","ONESIZE","ベージュ","X11","Y14",,"0","10","9","-1",
"2026/09/10 14:58:17","受注取込","7987597","7987597X11Y11","【凄すぎる分厚さ5mm！】日本製 ベルト メンズ レザー 本革 本皮 昭南レザー ★REV SRI-016 ベンズレザー Artisan aging キーホルダー キーケース プレゼント ギフト 父の日 バレンタイン チョコ以外 送料無料","ワンサイズ","ナチュラル","X11","Y11",,"0","4","3","-1",
"2026/09/10 15:07:31","受注取込","7986749","7986749X11Y14","【高見え/きちんと感/2WAY】ミニトート バッグ レディース トートバッグ ショルダーバッグ ★REV 7986749 トート ミニトートバッグ 合皮レザー ランチバッグ マザーズバッグ 収納 かわいい シンプル おしゃれ 便利 無地 通勤 通学 ユニセックス ジッパー付き 防犯 紛失 対策 送料無料","ONESIZE","ベージュ","X11","Y14",,"0","5","4","-1",
"2026/09/10 15:09:01","受注取込","7986572","7986572X11Y40","【新型/IQOS イルマ i ワン用】アイコス イルマiワン ILUMA ケース 保護ケース NEK ★REVL 7986572 iqosイルマワン イルマワンカバー 耐衝撃 おしゃれ iqos iluma one 専用 IQOSイルマワン保護ケース レザー ヒョウ柄 ペイズリー 保護カバー アイコスケース アクセサリー 送料無料","イルマiワン","84","X11","Y40",,"0","14","13","-1",
"2026/09/10 15:12:17","受注取込","7987085","7987085X11Y40","【とにかくデカい！】大きいサイズ キャップ 大きめ 深い 深め ビッグサイズ BIG SIZE ★REV 7987085 メンズキャップ帽子 大きい帽子 メンズ帽子 レディース 春 夏 春夏 プレゼント ギフト 母の日 父の日 送料無料","YA","30","X11","Y40",,"0","7","6","-1",
"2026/09/10 15:13:47","受注取込","7988044","7988044X11Y11","ショルダーバッグ メンズ ワンショルダー 斜め掛け ★REV 7988044 おしゃれバッグ Vintage 斜めがけ メンズボディバック かっこいい ボディバッグ レザー ワンショルダーバッグ カバン 鞄 かばん レザー調 メンズバッグ 斜めがけ メンズショルダーバック 散歩 送料無料","ONESIZE","A_ブラック","X11","Y11",,"0","25","24","-1",
"2026/09/10 15:14:50","受注取込","7988450","7988450X11Y11","【撫でるだけ！】ペット グルーミング グローブ ブラシ 手袋 犬 猫 マッサージ NEK 7988450 ブラシ 抜け毛抜き 毛玉除去 毛取り マッサージ手袋 抜け毛対策 グルーミンググローブ ペット用品 ペットグッズ 換毛期 右手用 プレゼント ギフト","ONESIZE","ブルー","X11","Y11",,"0","39","38","-1",
"2026/09/10 15:14:50","受注取込","7986690","7986690X12Y11","【当店限定/大きいサイズ】LOGOS ロゴス キャップ メッシュキャップ 帽子 大きいサイズ ★REVL 7986690 ブランド メンズ レディース 野球帽 XXLサイズ KING SIZE アウトドア キャンプ シンプル おしゃれ 送料無料","ツイルキャップ","ブラック×ベージュ","X12","Y11",,"0","129","128","-1",
"2026/09/10 15:16:17","受注取込","7990384","7990384X11Y27","【17柄展開】レースマスク マスク 洗える レディース レース 美人マスク エレガント ゴージャス 新作  ★REV NEK 7990384 プレゼント ギフト","ONESIZE","Ｑ","X11","Y27",,"0","14","13","-1",
"2026/09/10 15:16:17","受注取込","7987400","7987400X11Y11","【とにかくデカい！/普通サイズあり！】キャップ メンズ 大きいサイズ 帽子 深め ビッグサイズ ★REVM 7987400 BIG SIZE メンズキャップ帽子 大きめ 大きい帽子 メンズ帽子 レディース 春 夏 春夏 プレゼント ギフト 母の日 父の日 送料無料","大きいサイズ","A-ブラック","X11","Y11",,"0","212","211","-1",
"2026/09/10 15:20:47","受注取込","7994812","7994812X11Y13","サファリハット メンズ 釣り 帽子 ハット レディース SUNS(サンズ)  撥水 アウトドア 登山 キャンプ バーベキュー NEK ★REV H-051 H-053 送料無料 大きいサイズあり キッズサイズ 子供 UVカット アドベンチャーハット 父の日 プレゼント ユニセックス 春 夏 夏フェス ギフト","普通サイズ","NAVY(H_051)","X11","Y13",,"0","21","20","-1",
"2026/09/10 15:20:47","受注取込","7987678","7987678X13Y14","【洗濯可能】トレーニンググローブ 手袋 筋トレ 筋トレグローブ メンズ レディース 指無し NEK ★REV 7987678 ウェイトリフティング 防滑 クッション性 伸びる 洗濯OK バーベル サイクリング ヨガ グリップ","L","B-ブラック","X13","Y14",,"0","35","34","-1",
"2026/09/10 15:23:14","在庫CSV取込","7987852","7987852X11Y18","メッシュキャップ メンズ レディース キャップ 帽子 ★REV 7987852 メンズ レディース アップリケ刺繍 狼 ウルフ","ONESIZE","杢グレー","X11","Y18",,"0","0","-1","-1","星島"
"2026/09/10 15:23:14","在庫CSV取込","7988607","7988607X11Y12","【超絶可愛い】マスク 日本製 フリルマスク レディース 抗菌 防臭 ワイヤー入り UVカット おしゃれ 可愛い 送料無料 エレガント 洗えるマスク NEK 7988607 プレゼント ギフト","ONESIZE","ベージュ","X11","Y12",,"0","5","4","-1","星島"
"2026/09/10 15:23:14","在庫CSV取込","7990381","7990381X11Y13","【15柄展開】マスク 洗えるマスク カラーマスク レース メンズ レディース ペイズリー カモフラ 花柄 レオパード柄 新作 15柄展開 ★REV NEK 7990381 プレゼント ギフト","ONESIZE","C","X11","Y13",,"0","15","14","-1","星島"
"2026/09/10 15:23:14","在庫CSV取込","7990453","7990453X11Y20","【魅せるマスク】マスク カラーマスク ペイズリー 迷彩 カモフラージュ 総柄 おしゃれ かわいい ストレッチ 大人用 14色展開 NEK 7990453 プレゼント ギフト","一般成人用サイズ","迷彩A","X11","Y20",,"0","80","79","-1","星島"
"2026/09/10 15:23:14","在庫CSV取込","7988090","7988090X14Y11","安全靴 スニーカー エアウォーク AIR WALK Y_YU AW-890 ブルー迷彩 アクティブライト ローカット メンズ セーフティシューズ 樹脂先芯 軽量 衝撃吸収 負担軽減 作業靴 オシャレ","26.5cm ","ブルー迷彩","X14","Y11",,"0","130","129","-1","星島"
"2026/09/10 15:23:14","在庫CSV取込","7986850","7986850X11Y12","【耐滑底/おしゃれ】安全靴 スニーカー エアウォーク ミッドカット AIR WALK AW-940 AW-950 Y_YU ★REV 7986850 メンズ おしゃれ 耐滑底 樹脂先芯 ストレッチロック セーフティシューズ 作業靴 送料無料","25.0cm","AW-950_ホワイト","X11","Y12",,"0","133","132","-1","星島"
"2026/09/10 15:23:14","在庫CSV取込","7990413","7990413X11Y21","【超おしゃれ】マスク スカーフマスク 送料無料 感染対策 女性 レディース スカーフ マスクスカーフ 花柄 おしゃれ エレガント 防塵 花粉 UVカット 洗える NEK 7990413","ONESIZE","K","X11","Y21",,"0","19","18","-1","星島"
"2026/09/10 15:23:14","在庫CSV取込","7990413","7990413X11Y13","【超おしゃれ】マスク スカーフマスク 送料無料 感染対策 女性 レディース スカーフ マスクスカーフ 花柄 おしゃれ エレガント 防塵 花粉 UVカット 洗える NEK 7990413","ONESIZE","C","X11","Y13",,"0","1","0","-1","星島"
"2026/09/10 15:23:14","在庫CSV取込","7992250","7992250X19Y12","iPhone XS ケース バンカーリング 付き 落ちない シリコン ケース 透明 スケルトン 輪 送料無料 iphone XR ケース iPhone8 ケース iphone XS MAX  iphone X リング付 iPhone7 Plus スマホケース カバー クリア アイフォン アクセサリー NEK ALI 7992250 190715","iPhone_11_pro_MAX","ブルー","X19","Y12",,"0","3","2","-1","星島"
"2026/09/10 15:23:14","在庫CSV取込","7992495","7992495X11Y21","ブレスレット バングル メンズ レディース サバイバル パラコード 笛付き リフレクター素材 サバゲー ミリタリー アクセサリー プレゼント 送料無料  NEK ALI 7992495 190707","ONESIZE","K","X11","Y21",,"0","9","8","-1","星島"
"2026/09/10 15:23:14","在庫CSV取込","7992495","7992495X11Y13","ブレスレット バングル メンズ レディース サバイバル パラコード 笛付き リフレクター素材 サバゲー ミリタリー アクセサリー プレゼント 送料無料  NEK ALI 7992495 190707","ONESIZE","C","X11","Y13",,"0","19","18","-1","星島"
"2026/09/10 15:23:14","在庫CSV取込","7986688","7986688X14Y13","【竹炭消臭インソール付】サンダル メンズ スポーツサンダル ★REVL 7986688 防滑 水陸両用 レジャー アウトドアサンダル ウォーターシューズ マジックテープ ブラック 歩きやすい 海 ビーチ 夏レジャー 送料無料","26.5cm","ダークブラウン","X14","Y13",,"0","6","5","-1","星島"
"2026/09/10 15:23:14","在庫CSV取込","7987409","7987409X11Y14","【130cm 大きいサイズ対応】本革 床革 ベルト メンズ 130cm NEK ★REV 7987409 大きいサイズ対応 シンセティックレザー ビジネスベルト カジュアルベルト 父の日 送料無料","ONESIZE","ブラウンB","X11","Y14",,"0","21","20","-1","星島"
"2026/09/10 15:23:14","在庫CSV取込","7988248","7988248X11Y12","リュック メンズ レディース 防水 防災リュック 避難 スポーツ 軽量 リュックサック 32L ★REV 7988248 バックパック デイパック アウトドア キャンプ ジム 登山 散歩  送料無料","ONESIZE","ブラック","X11","Y12",,"0","91","90","-1","星島"
"2026/09/10 15:23:14","在庫CSV取込","7987006","7987006X11Y11","【くすみカラー】サファリハット ハット アドベンチャーハット レディース メンズ NEK ★REV 7987006 アウトドア キャンプ 釣り 日焼け止め 速乾 通気性 日よけ 送料無料","ONESIZE","ブラック","X11","Y11",,"0","11","10","-1","星島"
"2026/09/10 15:23:14","在庫CSV取込","7987092","7987092X11Y14","【本革】キーケース スマートキーケース メンズ レディース NEK ★REV 7987092 ポーチ LEATHER 本革 本皮 おしゃれ コスメポーチ 小銭入れ 送料無料","ONESIZE","ブルーグレー","X11","Y14",,"0","1","0","-1","星島"
"2026/09/10 15:23:14","在庫CSV取込","7987077","7987077X14Y13","リカバリーサンダル サンダル メンズ レディース 厚底 スポーツサンダル ★REV 7987077 速乾 軽量 アウトドア キャンプ 水遊び 海 山 川 送料無料","41-42(25.5～26.0cm)","オレンジ","X14","Y13",,"0","1","0","-1","星島"
"2026/09/10 15:23:14","在庫CSV取込","7987681","7987681X11Y11","【超高輝度 500ルーメン】COB LED ライト マルチライト 500ルーメン キーホルダー NEK ★REV 7987681 充電式 栓抜き対応 カラビナ カラナビ 磁石 マグネット ワークライト キャンプ アウトドア 作業灯 防災 現場 Type-c USB プレゼント ギフト 送料無料","ONESIZE","ブラック","X11","Y11",,"0","41","40","-1","星島"
"2026/09/10 15:23:14","在庫CSV取込","7988610","7988610X11Y12","【おまけ付き】タックルボックス ルアーケース 釣り具ケース 収納 防水 タックルケース 釣り ワームケース ケース 釣り針 シンカー フライボックス 7988610 プレゼント ギフト","中","オリーブ","X11","Y12",,"0","35","34","-1","星島"
"2026/09/10 15:23:14","在庫CSV取込","9009978","9009978X16Y2","帽子 メンズ AVIREX アビレックス 送料無料 キャップ 父の日 プレゼント 贈り物 ニットキャップ メッシュキャップ 大きいサイズ レディース ディッキーズ ローキャップ ワークキャップ ハット ハンチング おしゃれ ロゴ 刺繍 プリント アメカジ HYPE 通販 yos ギフト","P","-2","X16","Y2",,"0","5","4","-1","星島"
"2026/09/10 15:23:14","在庫CSV取込","7988047","7988047X11Y11","2WAY ミニ ボストンバッグ メンズ レディース ★REV 7988047 小さめ 小型 ショルダーバッグ ミニバッグ ドラムバッグ 小旅行 アウトドア キャンプ ジム 軽量 送料無料","ONESIZE","ブラック","X11","Y11",,"0","29","28","-1","星島"
"2026/09/10 15:23:14","在庫CSV取込","7987924","7987924X11Y13","【蒸れない 通気性抜群】メッシュキャップ 帽子 キャップ メンズ レディース アウトドア キャンプ ゴルフ ランニング ★REV 7987924","ONESIZE","オリーブ","X11","Y13",,"0","0","-1","-1","星島"
"2026/09/10 15:23:14","在庫CSV取込","7995363","7995363X4Y3","安全靴 鋼鉄先芯 スニーカー ブーツ シューズ メンズ 父の日 贈り物 プレゼント セーフティーシューズ 耐油 防滑 ブラック 黒 7995363 作業用 作業靴 おしゃれ かっこいい ハイカット 釘踏み抜き防止 靴 紐靴 レースアップ ALI プレゼント ギフト","26.5cm","C_7991146","X4","Y3",,"0","11","10","-1","星島"
"2026/09/10 15:23:14","在庫CSV取込","7995363","7995363X7Y3","安全靴 鋼鉄先芯 スニーカー ブーツ シューズ メンズ 父の日 贈り物 プレゼント セーフティーシューズ 耐油 防滑 ブラック 黒 7995363 作業用 作業靴 おしゃれ かっこいい ハイカット 釘踏み抜き防止 靴 紐靴 レースアップ ALI プレゼント ギフト","28.0cm","C_7991146","X7","Y3",,"0","3","2","-1","星島"
"2026/09/10 15:23:14","在庫CSV取込","7995363","7995363X1Y3","安全靴 鋼鉄先芯 スニーカー ブーツ シューズ メンズ 父の日 贈り物 プレゼント セーフティーシューズ 耐油 防滑 ブラック 黒 7995363 作業用 作業靴 おしゃれ かっこいい ハイカット 釘踏み抜き防止 靴 紐靴 レースアップ ALI プレゼント ギフト","25.0cm","C_7991146","X1","Y3",,"0","8","7","-1","星島"
"2026/09/10 15:25:17","受注取込","7987400","7987400X11Y16","【とにかくデカい！/普通サイズあり！】キャップ メンズ 大きいサイズ 帽子 深め ビッグサイズ ★REVM 7987400 BIG SIZE メンズキャップ帽子 大きめ 大きい帽子 メンズ帽子 レディース 春 夏 春夏 プレゼント ギフト 母の日 父の日 送料無料","大きいサイズ","F-ブラック","X11","Y16",,"0","118","117","-1",
"2026/09/10 15:25:17","受注取込","7986465","7986465X11Y11","【とにかくデカい】帽子 キャップ 大きいサイズ 深い 深め 60～65cm ★REVL 7986465 サイドタグ シンプル おしゃれ 野球帽 送料無料","ONESIZE","チャコール","X11","Y11",,"0","14","13","-1",
"2026/09/10 15:26:01","受注取込","7986757","7986757X11Y12","【置くだけで充電】 ワイヤレス充電器 車載 ホルダー 置き型 Type-C充電 USB-A NEK ★REVL 7986757 最大20W 車載ワイヤレス充電パッド 充電 充電器 車載 スマホ ホルダー スタンド 車 携帯ホルダー 急速充電 サイズ調整可能 滑り止め iphone/Android 1M PD充電 スマホアクセサリー Qi規格 送料無料","ONESIZE","TYPE-C(1m)","X11","Y12",,"0","71","70","-1",
"2026/09/10 15:30:01","受注取込","7987221","7987221X12Y11","【ふあモコ秋冬】【大きいサイズあり】ハット ボア レディース メンズ NEK ★REV 7987221 キャップ 帽子 防寒 ムートン FULFFY HAT 送料無料","大きいサイズ","ホワイト","X12","Y11",,"0","1","0","-1",
"2026/09/10 15:30:55","WEB画面","7992250","7992250X19Y12","iPhone XS ケース バンカーリング 付き 落ちない シリコン ケース 透明 スケルトン 輪 送料無料 iphone XR ケース iPhone8 ケース iphone XS MAX  iphone X リング付 iPhone7 Plus スマホケース カバー クリア アイフォン アクセサリー NEK ALI 7992250 190715","iPhone_11_pro_MAX","ブルー","X19","Y12",,"0","2","7","5","星島"
"2026/09/10 15:35:47","受注取込","7987139","7987139X11Y12","【頑丈でタフ】ポーチ 小物入れ メンズ ウエストポーチ スマホケース ミリタリー NEK ★REV 7987139 アイコスケース サバゲー アウトドア キャンプ サバイバルギア MOLLEシステム対応 モール式 バッグ リュック 装備品 送料無料","ONESIZE","オリーブ","X11","Y12",,"0","18","17","-1",
"2026/09/10 15:40:00","受注取込","7986598","7986598X11Y11","【熊対策/大音量】 熊対策！熊避け！大音量アラーム&ライト 120dB 害獣避け 害鳥避け NEK ★REVL 7986598 害獣対策 くま避け 熊よけ べアBEAR クマよけ 熊避け 熊・猪などの野生動物対策に アウトドア キャンプ 登山 ハイキング トレッキング アクセサリー 非常用 緊急用 笛 防犯 防災グッズ 送料無料","ONESIZE","ブラック","X11","Y11",,"0","120","119","-1",
"2026/09/10 15:44:17","受注取込","7986970","7986970X11Y11","【シルバー925】特価 ネックレス レディース チョーカー ジュエリー アクセサリー ★REV 7986970 プレゼント プチギフト シルバー925 S925 入学式 結婚式 ブリリアントネックレス NEK 送料無料","ONESIZE","シルバー","X11","Y11",,"0","10","9","-1",
"2026/09/10 15:46:50","受注取込","7987400","7987400X11Y11","【とにかくデカい！/普通サイズあり！】キャップ メンズ 大きいサイズ 帽子 深め ビッグサイズ ★REVM 7987400 BIG SIZE メンズキャップ帽子 大きめ 大きい帽子 メンズ帽子 レディース 春 夏 春夏 プレゼント ギフト 母の日 父の日 送料無料","大きいサイズ","A-ブラック","X11","Y11",,"0","211","210","-1",
"2026/09/10 15:48:17","受注取込","7988386","7988386X11Y11","【高輝度・省電力】LED 卓上 ライト 間接照明 おしゃれ テーブルランプ 北欧 ベッドライト ★REV 7988386 照明 ランプ 一人暮らし ナイトランプ ムードランプ インテリア 雑貨 スタンドライト フロアライト ベッドサイド ルームライト 寝室 usb 電気スタンド フロアランプ","ONESIZE","アイボリー","X11","Y11",,"0","177","176","-1",
"2026/09/10 15:48:17","受注取込","7987678","7987678X11Y14","【洗濯可能】トレーニンググローブ 手袋 筋トレ 筋トレグローブ メンズ レディース 指無し NEK ★REV 7987678 ウェイトリフティング 防滑 クッション性 伸びる 洗濯OK バーベル サイクリング ヨガ グリップ","S","B-ブラック","X11","Y14",,"0","33","32","-1",
"2026/09/10 15:54:41","WEB画面","7986712","7986712X11Y38","【超協力マグネット/選べる33種】帽子クリップ ハットクリップ キャップクリップ  NEK ★REV 7986712 帽子収納ホルダー 収納フック キーホルダー 強力マグネット レザー調 アクセサリー チャーム キーリング キーケース 送料無料","ONESIZE","28","X11","Y38",,"0","23","18","-5","大木 望"
"2026/09/10 15:54:41","WEB画面","7986712","7986712X11Y13","【超協力マグネット/選べる33種】帽子クリップ ハットクリップ キャップクリップ  NEK ★REV 7986712 帽子収納ホルダー 収納フック キーホルダー 強力マグネット レザー調 アクセサリー チャーム キーリング キーケース 送料無料","ONESIZE","3","X11","Y13",,"0","45","40","-5","大木 望"
"2026/09/10 15:58:43","受注取込","7987643","7987643X11Y12","【多機能】財布 短財布 レザー ミニ 二つ折り メンズ レディース ミニウォレット 本革 NEK ★REV 7987643 RFID スキミング防止 LTG プレゼント ギフト 父の日 母の日 送料無料","ONESIZE","ダークブラウン","X11","Y12",,"0","24","23","-1",
"2026/09/10 16:01:47","受注取込","7992723","7992723X11Y11","お得！ 送料無料 4枚入り 福袋 Dickies ディッキーズ ボクサーパンツ メンズ かわいい NEK ★REV <br> パンツ ボクサーパンツ セット メンズ下着 メンズボクサーパンツ メンズボクサー 大きいサイズ 大きめ 特大 3L 下着 インナー メンズ usa まとめ買い プレゼント ギフト","M","福袋4枚セット","X11","Y11",,"0","53","52","-1",
"2026/09/10 16:03:50","受注取込","7986465","7986465X11Y11","【とにかくデカい】帽子 キャップ 大きいサイズ 深い 深め 60～65cm ★REVL 7986465 サイドタグ シンプル おしゃれ 野球帽 送料無料","ONESIZE","チャコール","X11","Y11",,"0","13","12","-1",
"2026/09/10 16:06:53","受注取込","7986757","7986757X11Y11","【置くだけで充電】 ワイヤレス充電器 車載 ホルダー 置き型 Type-C充電 USB-A NEK ★REVL 7986757 最大20W 車載ワイヤレス充電パッド 充電 充電器 車載 スマホ ホルダー スタンド 車 携帯ホルダー 急速充電 サイズ調整可能 滑り止め iphone/Android 1M PD充電 スマホアクセサリー Qi規格 送料無料","ONESIZE","USB-A(1m)","X11","Y11",,"0","22","21","-1",
"2026/09/10 16:07:30","受注取込","7987400","7987400X11Y16","【とにかくデカい！/普通サイズあり！】キャップ メンズ 大きいサイズ 帽子 深め ビッグサイズ ★REVM 7987400 BIG SIZE メンズキャップ帽子 大きめ 大きい帽子 メンズ帽子 レディース 春 夏 春夏 プレゼント ギフト 母の日 父の日 送料無料","大きいサイズ","F-ブラック","X11","Y16",,"0","117","114","-3",
"2026/09/10 16:10:06","受注取込","7987121","7987121X11Y11","Vintage キャスケット ハンチング メンズ レディース デニム素材 キャスハンチング NEK ★REV 7987121 ハット 鳥打帽 アクセサリー 送料無料","ONESIZE","ネイビー","X11","Y11",,"0","29","27","-2",
"2026/09/10 16:10:26","受注取込","7987061","7987061X11Y11","【お得な2組セット】アームカバー メンズ レディース 2組セット 冷感 NEK ★REV 7987061 ひんやり スポーツ 紫外線カット UVカット 男用 仕事 外 夏 運動 ゴルフ サイクリング 通気性 速乾性 接触冷感 UPF50+ 日焼け防止 送料無料","ONESIZE","ブラック","X11","Y11",,"0","306","302","-4",
"2026/09/10 16:11:17","受注取込","7987074","7987074X12Y16","【くすみカラー 超軽量】サファリハット バケットハット メンズ レディース 普通サイズ 大きいサイズ アドベンチャーハット NEK ★REV 7987074 撥水 速乾 軽量 折り畳める UV カット アウトドア キャンプ 登山 ウォーキング 散歩 日焼け防止 紫外線防止 送料無料","大きいサイズ","オリーブ","X12","Y16",,"0","21","20","-1",
"2026/09/10 16:21:47","受注取込","7986798","7986798X11Y15","【抜け感キャスケット】キャスケット  キャスハンチング キャップ メンズ レディース NEK ★REV 7986798 ハンチング帽子 タクシーハット ニュースボーイキャップ ニュースボーイハット おしゃれ 送料無料","ONESIZE","グレー","X11","Y15",,"0","99","98","-1",
"2026/09/10 16:27:47","受注取込","7987400","7987400X11Y14","【とにかくデカい！/普通サイズあり！】キャップ メンズ 大きいサイズ 帽子 深め ビッグサイズ ★REVM 7987400 BIG SIZE メンズキャップ帽子 大きめ 大きい帽子 メンズ帽子 レディース 春 夏 春夏 プレゼント ギフト 母の日 父の日 送料無料","大きいサイズ","D-ネイビー","X11","Y14",,"0","55","54","-1",
"2026/09/10 16:27:47","受注取込","7987400","7987400X11Y20","【とにかくデカい！/普通サイズあり！】キャップ メンズ 大きいサイズ 帽子 深め ビッグサイズ ★REVM 7987400 BIG SIZE メンズキャップ帽子 大きめ 大きい帽子 メンズ帽子 レディース 春 夏 春夏 プレゼント ギフト 母の日 父の日 送料無料","大きいサイズ","J-グレー","X11","Y20",,"0","39","38","-1",
"2026/09/10 16:32:17","受注取込","7987522","7987522X11Y12","ショルダーバッグ メンズ ワンショルダー サコッシュ 斜め掛け おしゃれバッグ ★REV 7987522 斜めがけ メンズボディバック かっこいい ボディバッグ レザー ワンショルダーバッグ カバン 鞄 かばん レザー調 メンズバッグ 斜めがけ メンズショルダーバック 散歩 父の日","ONESIZE","B柄(ブラック)","X11","Y12",,"0","3","2","-1",
"2026/09/10 16:34:02","受注取込","7987626","7987626X11Y11","【お得な5個セット】LEDライト キーホルダー 小型LEDライト NEK ★REV 7987626 キーライト 高輝度 5灯 LR44 ボタン電池 LTG 送料無料","ONESIZE","5本セット","X11","Y11",,"0","313","312","-1",
"2026/09/10 16:34:02","受注取込","7987170","7987170X11Y11","【万能で役立つ！男ツール】 マルチツール ドライバー 多機能 工具 日曜大工 DIY NEK ★REVL 7987170 防災 アウトドア 用品 キャンプ 雑貨 ペンチ のこぎり 缶切り ボトルオープナー ワイヤーカッター 収納ケース付 庭 ガーデニング 多機能ペンチ ギフト プレゼント","ONESIZE","シルバー","X11","Y11",,"0","8","7","-1",
"2026/09/10 16:34:19","WEB画面","7988088","7988088X11Y11","安全靴 スニーカー エアウォーク AIR WALK Y_YU AW-920 グリーン フレックスフィット ローカット メンズ セーフティシューズ 樹脂先芯 軽量 衝撃吸収 負担軽減 作業靴 オシャレ  かかとが踏める ムレにくい","25.0cm ","グリーン","X11","Y11",,"0","73","74","1","齋藤"
"2026/09/10 16:39:13","受注取込","7986603","7986603X11Y14","【ゆるゴースト♪】 キャップ 帽子 メンズ レディース ユニセックス Vintage ★REVL 7986603 ウォッシュ加工 刺繍 送料無料","ONESIZE","マスタード","X11","Y14",,"0","14","13","-1",
"2026/09/10 16:39:17","受注取込","7990405","7990405X11Y11","リュックチェア 折りたたみ 椅子 リュックサック 保冷バッグ 保温 アウトドア 行列 運動会 キャンプ バーベキュー ミリタリー 送料無料 ★REV 7990405 椅子付き 座れるリュック リュック 持ち運び 保冷リュック 携帯椅子 携帯イス 折りたたみチェア イス 椅子 折り畳みチェア","ONESIZE","ブラック","X11","Y11",,"0","55","54","-1",
"2026/09/10 16:41:47","受注取込","7988466","7988466X11Y12","【速攻配達 送料無料】ゲーミングイヤホン ヘッドセット LTG 落ちない ズレない こもらない 暑くない switch ヘッドホン マイク 付き NEK 7988466 ps4 ps5 ヘッドフォン 有線 USB ニンテンドースイッチ テレワーク zoom ズーム リモート WEB会議 ミーティング","ONESIZE","ブラック/ブラック","X11","Y12",,"0","17","16","-1",
"2026/09/10 16:51:30","受注取込","7986716","7986716X11Y11","【紫外線でプロ級チェック】アニサキスライト UV 紫外線ライト ブラックライト NEK ★REVL 7986716 365nm 充電式 TYPE-C充電  USB 光学レンズ アニサキス検出 生活 食事 釣り 掃除 コンパクト 送料無料","1本","ブラック(TYPE-C)","X11","Y11",,"0","29","28","-1",
"2026/09/10 16:51:35","受注取込","7986572","7986572X11Y12","【新型/IQOS イルマ i ワン用】アイコス イルマiワン ILUMA ケース 保護ケース NEK ★REVL 7986572 iqosイルマワン イルマワンカバー 耐衝撃 おしゃれ iqos iluma one 専用 IQOSイルマワン保護ケース レザー ヒョウ柄 ペイズリー 保護カバー アイコスケース アクセサリー 送料無料","イルマiワン","56","X11","Y12",,"0","3","2","-1",
"2026/09/10 16:51:47","受注取込","7992723","7992723X12Y11","お得！ 送料無料 4枚入り 福袋 Dickies ディッキーズ ボクサーパンツ メンズ かわいい NEK ★REV <br> パンツ ボクサーパンツ セット メンズ下着 メンズボクサーパンツ メンズボクサー 大きいサイズ 大きめ 特大 3L 下着 インナー メンズ usa まとめ買い プレゼント ギフト","L","福袋4枚セット","X12","Y11",,"0","121","120","-1",
"2026/09/10 16:55:47","受注取込","7987102","7987102X11Y11","【4/13より発送 待望の入荷!!売切れ必至】ちいかわ ネクタイ 人気 うさぎ ハチワレ モモンガ くりまんじゅう あのこ 三ツ星 討伐 NEK 7987102 ギフト チェック 格子 ストライプ ドット 星 ビジネス シャツ スーツ オシャレ 誕生日 プレゼント 就職 父の日","ONESIZE","A-流れ星柄 ネイビー系","X11","Y11",,"0","7","6","-1",
"2026/09/10 17:00:17","受注取込","7988466","7988466X11Y12","【速攻配達 送料無料】ゲーミングイヤホン ヘッドセット LTG 落ちない ズレない こもらない 暑くない switch ヘッドホン マイク 付き NEK 7988466 ps4 ps5 ヘッドフォン 有線 USB ニンテンドースイッチ テレワーク zoom ズーム リモート WEB会議 ミーティング","ONESIZE","ブラック/ブラック","X11","Y12",,"0","16","15","-1",
"2026/09/10 17:02:47","受注取込","7986752","7986752X11Y12","収納 サンバイザーホルダー マルチ 車 カーポケット ドライブポケット NEK ★REVL 7986752 おしゃれ サンバイザー ポケット カー用品 収納 カー用品 ペン カードポケット 収納ホルダー サングラスホルダー 車 眼鏡ホルダー カーアクセサリー 送料無料","ONESIZE","グレー","X11","Y12",,"0","18","17","-1",
"2026/09/10 17:10:05","受注取込","7986859","7986859X15Y11","レインブーツ 長靴 DoubleStar Y_KO 49H56 ★REV 7986859 キッズ シューズ ユニコーン メルヘン パステル 可愛い ゆめかわ 男の子 女の子 新学期 雨 雪 子供靴 防水 保育園 幼稚園","19.0cm","パープル","X15","Y11",,"0","1","0","-1",
"2026/09/10 17:15:47","受注取込","7987345","7987345X14Y14","【とにかくデカい！】 大きいサイズ キャップ 送料無料 大きめ ビッグサイズ ★REV 7987345 BIG SIZE 帽子 ハット キャップ キャスケット メンズキャップ 大きいサイズ バケット 大きい帽子 メンズ メンズ帽子 大きい 頭 メッシュキャップ","DDD","4","X14","Y14",,"0","5","4","-1",
"2026/09/10 17:22:47","受注取込","7987400","7987400X11Y15","【とにかくデカい！/普通サイズあり！】キャップ メンズ 大きいサイズ 帽子 深め ビッグサイズ ★REVM 7987400 BIG SIZE メンズキャップ帽子 大きめ 大きい帽子 メンズ帽子 レディース 春 夏 春夏 プレゼント ギフト 母の日 父の日 送料無料","大きいサイズ","E-ベージュ","X11","Y15",,"0","100","99","-1",
"2026/09/10 17:24:31","受注取込","7987490","7987490X11Y11","【手首を太く逞しくする】前腕筋 筋トレ 握力 手首 前腕部の強化 腕相撲 ★REV 7987490 バスケットボール テニス ゴルフ 柔道 剣道 空手 格闘技 プレゼント ギフト 送料無料","ONESIZE","ブラック","X11","Y11",,"0","74","73","-1",
"2026/09/10 17:25:47","受注取込","7994367","7994367X11Y12","ショルダーバッグ メンズ 本革 レザー NATIVE柄 バッグ メンズ Vintage キャンバス生地 ジャカード織り ★REV 7994367","ONESIZE","オリーブ","X11","Y12",,"0","2","1","-1",
"2026/09/10 17:30:23","WEB画面","7987642","7987642X11Y15","【送料無料】ミニ財布 メンズ 本革 レディース 二つ折り 財布 カードケース LTG カード入れ 多い NEK ★REV 7987642 折りたたみ コンパクト 小さい財布 小銭入れ コインスルー お札が折れない スキミング防止 ファスナー コインケース ミニマリスト ラウンドジッパー","ONESIZE","オリーブ","X11","Y15",,"0","38","28","-10","大木 望"
"2026/09/10 17:30:23","WEB画面","7987642","7987642X11Y16","【送料無料】ミニ財布 メンズ 本革 レディース 二つ折り 財布 カードケース LTG カード入れ 多い NEK ★REV 7987642 折りたたみ コンパクト 小さい財布 小銭入れ コインスルー お札が折れない スキミング防止 ファスナー コインケース ミニマリスト ラウンドジッパー","ONESIZE","グリーン","X11","Y16",,"0","30","40","10","大木 望"
"2026/09/10 17:33:17","受注取込","7994812","7994812X12Y33","サファリハット メンズ 釣り 帽子 ハット レディース SUNS(サンズ)  撥水 アウトドア 登山 キャンプ バーベキュー NEK ★REV H-051 H-053 送料無料 大きいサイズあり キッズサイズ 子供 UVカット アドベンチャーハット 父の日 プレゼント ユニセックス 春 夏 夏フェス ギフト","大きいサイズ","GREIGE(H-051)","X12","Y33",,"0","95","94","-1",
"2026/09/10 17:42:31","受注取込","7986970","7986970X11Y11","【シルバー925】特価 ネックレス レディース チョーカー ジュエリー アクセサリー ★REV 7986970 プレゼント プチギフト シルバー925 S925 入学式 結婚式 ブリリアントネックレス NEK 送料無料","ONESIZE","シルバー","X11","Y11",,"0","9","6","-3",
"2026/09/10 17:48:02","受注取込","7987129","7987129X11Y15","【高級 天然木材】長い 靴べら 靴ベラ ロング 天然木 ★REV 7987129 70～75cm 使いやすい おしゃれ アンティーク 北欧 父の日 母の日 プレゼント ギフト 送料無料","ONESIZE","E","X11","Y15",,"0","4","3","-1",
"2026/09/10 17:49:17","受注取込","7988044","7988044X11Y13","ショルダーバッグ メンズ ワンショルダー 斜め掛け ★REV 7988044 おしゃれバッグ Vintage 斜めがけ メンズボディバック かっこいい ボディバッグ レザー ワンショルダーバッグ カバン 鞄 かばん レザー調 メンズバッグ 斜めがけ メンズショルダーバック 散歩 送料無料","ONESIZE","C_ブラウン","X11","Y13",,"0","21","20","-1",
"2026/09/10 17:50:19","受注取込","7988044","7988044X11Y15","ショルダーバッグ メンズ ワンショルダー 斜め掛け ★REV 7988044 おしゃれバッグ Vintage 斜めがけ メンズボディバック かっこいい ボディバッグ レザー ワンショルダーバッグ カバン 鞄 かばん レザー調 メンズバッグ 斜めがけ メンズショルダーバック 散歩 送料無料","ONESIZE","E_ブラウン","X11","Y15",,"0","4","3","-1",
"2026/09/10 17:53:08","受注取込","7987151","7987151X11Y11","【多面カットで綺麗】天然石 ブレスレット パワーストーン レディース NEK ★REV 7987151 アクセサリー プレゼント ギフト 厄除け 運気 アップ 送料無料","ONESIZE","A_ペリドット","X11","Y11",,"0","14","13","-1",
"2026/09/10 17:53:08","受注取込","7987151","7987151X11Y16","【多面カットで綺麗】天然石 ブレスレット パワーストーン レディース NEK ★REV 7987151 アクセサリー プレゼント ギフト 厄除け 運気 アップ 送料無料","ONESIZE","F_ピンク水晶","X11","Y16",,"0","10","9","-1",
"2026/09/10 17:56:47","受注取込","7987400","7987400X11Y16","【とにかくデカい！/普通サイズあり！】キャップ メンズ 大きいサイズ 帽子 深め ビッグサイズ ★REVM 7987400 BIG SIZE メンズキャップ帽子 大きめ 大きい帽子 メンズ帽子 レディース 春 夏 春夏 プレゼント ギフト 母の日 父の日 送料無料","大きいサイズ","F-ブラック","X11","Y16",,"0","114","113","-1",
"2026/09/10 17:56:47","受注取込","7988215","7988215X16Y15","【とにかくデカい！】 大きいサイズ キャップ メッシュキャップ 送料無料 大きめ ビッグサイズ BIG SIZE ★REV 7988215 <br> 帽子 ハット キャップ ワークキャップ メンズキャップ 大きいサイズ バケット 大きい帽子 メンズ バケハ メンズ帽子 大きい 頭 メッシュ 全39カラー","FF","5","X16","Y15",,"0","143","142","-1",
"2026/09/10 18:00:20","受注取込","7987345","7987345X11Y11","【とにかくデカい！】 大きいサイズ キャップ 送料無料 大きめ ビッグサイズ ★REV 7987345 BIG SIZE 帽子 ハット キャップ キャスケット メンズキャップ 大きいサイズ バケット 大きい帽子 メンズ メンズ帽子 大きい 頭 メッシュキャップ","AAA","1","X11","Y11",,"0","2","1","-1",
"2026/09/10 18:01:01","受注取込","7986676","7986676X11Y16","【通気性抜群/薄手コットンニット】ハット 帽子 チューリップハット メンズ レディース NEK ★REVL 7986676 折りたたみ可能  UVカット 春夏ハット おしゃれ 無地 送料無料","ONESIZE","ブラック","X11","Y16",,"0","28","27","-1",
"2026/09/10 18:01:07","WEB画面","8003102","8003102X12Y12","やみつきになる！ ストレッチ AVIREX アビレックス Tシャツ メンズ ★REV NEK 6143501 6143502 Vネック クルーネック 半袖 プレゼント ギフト","Vネック_ブラック_009","Mサイズ","X12","Y12",,"0","2","3","1","齋藤"
"2026/09/10 18:01:10","受注取込","7994702","7994702X11Y11","経年変化を楽しむ！日本製 本革 レザー 130cm 長め ベルト 7994702 メンズ レディース ヌメ革 総革 Artisan aging 送料無料 ナチュラル ギフトBOX付き プレゼント 180618 プレゼント ギフト","ONESIZE","ナチュラル","X11","Y11",,"0","48","47","-1",
"2026/09/10 18:05:19","受注取込","7986553","7986553X11Y11","【重ねるだけで、おしゃれ】指輪 メンズ レディース リング アクセサリー NEK ★REVO 7986553 ファランジリング フリーサイズ ピンキー ブラックマット シルバー ゴールド 半端リング アクセサリー 送料無料","ONESIZE","A","X11","Y11",,"0","11","10","-1",
"2026/09/10 18:06:47","受注取込","7987076","7987076X11Y18","【超軽量55g】特価 キャップ 帽子 メッシュキャップ ランニングキャップ NEK ★REV 7987076 メンズ レディース 速乾 軽量 ジョギング アウトドア キャンプ スポーツ 釣り 海 プール","アジャスタータイプ","ホワイト","X11","Y18",,"0","28","27","-1",
"2026/09/10 18:07:01","受注取込","7986589","7986589X11Y11","【痛みにくく/空間が映える】バナナスタンド バナナツリー バナナハンガー おしゃれ ★REVL 7986589 キーフック  キッチン用品 バナナラック ステンレス製 耐荷重約1kg インテリア プレゼント ギフト 送料無料","ONESIZE","シルバー","X11","Y11",,"0","11","10","-1",
"2026/09/10 18:07:01","受注取込","7988386","7988386X11Y11","【高輝度・省電力】LED 卓上 ライト 間接照明 おしゃれ テーブルランプ 北欧 ベッドライト ★REV 7988386 照明 ランプ 一人暮らし ナイトランプ ムードランプ インテリア 雑貨 スタンドライト フロアライト ベッドサイド ルームライト 寝室 usb 電気スタンド フロアランプ","ONESIZE","アイボリー","X11","Y11",,"0","176","175","-1",
"2026/09/10 18:12:17","受注取込","7987810","7987810X11Y29","数字油絵 DIY 大人の塗り絵 子供の塗り絵 夏休みの宿題 インテリア 絵画 NEK ★REV 7987810 数字塗り絵 数字 油絵 セット 可愛い 塗り絵 大人 ぬり絵 ぬりえ 大人のぬりえ パズル塗り絵 パズルぬりえ インテリア おしゃれ アートパネル 暇つぶし プレゼント ギフト 送料無料","ONESIZE","S","X11","Y29",,"0","12","11","-1",
"2026/09/10 18:20:06","受注取込","7987591","7987591X11Y11","【16色変化 リモコン付】LED ライト テーブルライト 充電式 インテリアライト 電球 クリスタル ダイヤモンド 間接照明 ★REV 7987591 テーブルランプ デスク スタンドライト タッチ Type-c USB デスクライト おしゃれ リビング 寝室 フロアライト ムードライト","ONESIZE","クリア","X11","Y11",,"0","27","17","-10",
"2026/09/10 18:23:47","受注取込","7998075","7998075X12Y12","他店圧倒価格♪最安値に挑戦！ 1点までメール便送料無料 ワッチキャップ ニット帽子 ニットキャップ 7998075 【MB】【ALI】■05161126【wow未販売】 sg追加200125 sg追加200125","大きいサイズ(～65cm)","グレー杢","X12","Y12",,"0","19","18","-1",
"2026/09/10 18:26:18","受注取込","7994812","7994812X12Y33","サファリハット メンズ 釣り 帽子 ハット レディース SUNS(サンズ)  撥水 アウトドア 登山 キャンプ バーベキュー NEK ★REV H-051 H-053 送料無料 大きいサイズあり キッズサイズ 子供 UVカット アドベンチャーハット 父の日 プレゼント ユニセックス 春 夏 夏フェス ギフト","大きいサイズ","GREIGE(H-051)","X12","Y33",,"0","94","93","-1",
"2026/09/10 18:33:17","受注取込","7986530","7986530X11Y13","【ちょうどいい長さの25cm】全7通り Type-C 充電ケーブル スマホケーブル 急速6A NEK ★REVL 7986530 USB A→Type-C Type-C→Type-C Type-C→ライトニング スマホアクセサリー 新型iphone IQOS対応 短いケーブル 送料無料","ONESIZE","C_USB/Type-C【L字型】","X11","Y13",,"0","32","31","-1",
"2026/09/10 18:35:31","受注取込","7988466","7988466X11Y11","【速攻配達 送料無料】ゲーミングイヤホン ヘッドセット LTG 落ちない ズレない こもらない 暑くない switch ヘッドホン マイク 付き NEK 7988466 ps4 ps5 ヘッドフォン 有線 USB ニンテンドースイッチ テレワーク zoom ズーム リモート WEB会議 ミーティング","ONESIZE","ブラック/レッド","X11","Y11",,"0","4","3","-1",
"2026/09/10 18:37:47","受注取込","7986716","7986716X11Y11","【紫外線でプロ級チェック】アニサキスライト UV 紫外線ライト ブラックライト NEK ★REVL 7986716 365nm 充電式 TYPE-C充電  USB 光学レンズ アニサキス検出 生活 食事 釣り 掃除 コンパクト 送料無料","1本","ブラック(TYPE-C)","X11","Y11",,"0","28","26","-2",
"2026/09/10 18:39:17","受注取込","7987475","7987475X11Y12","【防犯】護身用 タクティカルスティック 防災グッズ 熊対策グッズ クマ対策 タクティカルペン キーホルダー 女性 キーリング NEK ★REVM 7987475 棒 車 ガラス 防災 災害 車内 軽量 不審者 痴漢 痴漢対策 武器 護身グッズ 自己防衛 コンパクト 非常時 バッググリップ","ONESIZE","シルバー","X11","Y12",,"0","65","64","-1",
"2026/09/10 18:39:17","受注取込","7987475","7987475X11Y11","【防犯】護身用 タクティカルスティック 防災グッズ 熊対策グッズ クマ対策 タクティカルペン キーホルダー 女性 キーリング NEK ★REVM 7987475 棒 車 ガラス 防災 災害 車内 軽量 不審者 痴漢 痴漢対策 武器 護身グッズ 自己防衛 コンパクト 非常時 バッググリップ","ONESIZE","ブラック","X11","Y11",,"0","56","55","-1",
"2026/09/10 18:39:17","受注取込","7987186","7987186X11Y13","アップルペンシル タッチペン タブレット ケース カバー Apple Pencil NEK ★REV 7987186 第1世代 第2世代 レザー ゴムバンド付き スタイラス ペン ケース アップル ペンシル iPad ペンホルダー 紛失防止 ipad ペンケース apple pencil case Apple Pencil 2nd generation","ONESIZE","ブラック","X11","Y13",,"0","56","55","-1",
"2026/09/10 18:39:17","受注取込","7987591","7987591X11Y11","【16色変化 リモコン付】LED ライト テーブルライト 充電式 インテリアライト 電球 クリスタル ダイヤモンド 間接照明 ★REV 7987591 テーブルランプ デスク スタンドライト タッチ Type-c USB デスクライト おしゃれ リビング 寝室 フロアライト ムードライト","ONESIZE","クリア","X11","Y11",,"0","17","16","-1",
"2026/09/10 18:43:18","受注取込","7986767","7986767X11Y11","【猫背対策、姿勢を変えよう 】ランバーサポート 腰当て シートクッション カークッション ★REV 7986767 スローリバウンド 車 腰痛 運転席 腰が痛くならない 腰痛クッション 椅子 腰 姿勢 人気 おすすめ 座席 低反発 ブラック オフィスチェア 背もたれ おしゃれ 運転席 カーアクセサリー 送料無料","ONESIZE","ブラック","X11","Y11",,"0","19","18","-1",
"2026/09/10 18:47:47","受注取込","7986691","7986691X11Y11","【電池付き】掛け時計 ウォールクロック 壁掛け時計 北欧 シンプル アンティーク レトロ ★REVL 7986691 置時計 PUレザー モダンインテリア 送料無料","ONESIZE","ベージュ","X11","Y11",,"0","3","2","-1",
"2026/09/10 18:49:17","受注取込","7986572","7986572X11Y30","【新型/IQOS イルマ i ワン用】アイコス イルマiワン ILUMA ケース 保護ケース NEK ★REVL 7986572 iqosイルマワン イルマワンカバー 耐衝撃 おしゃれ iqos iluma one 専用 IQOSイルマワン保護ケース レザー ヒョウ柄 ペイズリー 保護カバー アイコスケース アクセサリー 送料無料","イルマiワン","74","X11","Y30",,"0","1","0","-1",
"2026/09/10 18:49:17","受注取込","7986572","7986572X11Y31","【新型/IQOS イルマ i ワン用】アイコス イルマiワン ILUMA ケース 保護ケース NEK ★REVL 7986572 iqosイルマワン イルマワンカバー 耐衝撃 おしゃれ iqos iluma one 専用 IQOSイルマワン保護ケース レザー ヒョウ柄 ペイズリー 保護カバー アイコスケース アクセサリー 送料無料","イルマiワン","75","X11","Y31",,"0","4","3","-1",
"2026/09/10 18:51:01","受注取込","7987093","7987093X12Y11","【新型iphone/IQOS対応】急速5A 3股 Type-C 充電ケーブル スマホケーブル 1.2m 2m 3m typec NEK ★REVL 7987093 新型iphone IQOS対応 USB A→Type-C×3 充電ケーブル 3in1 急速 送料無料","2.0m","ブラック_TypeA/TypeC×3","X12","Y11",,"0","15","14","-1",
"2026/09/10 18:51:47","受注取込","7994812","7994812X12Y33","サファリハット メンズ 釣り 帽子 ハット レディース SUNS(サンズ)  撥水 アウトドア 登山 キャンプ バーベキュー NEK ★REV H-051 H-053 送料無料 大きいサイズあり キッズサイズ 子供 UVカット アドベンチャーハット 父の日 プレゼント ユニセックス 春 夏 夏フェス ギフト","大きいサイズ","GREIGE(H-051)","X12","Y33",,"0","93","92","-1",
"2026/09/10 18:54:31","受注取込","7987706","7987706X11Y12","【～130cm】大きいサイズ対応 ビジネスベルト メンズ 本革 レザー ベルト メンズ ★REV 7987706 本皮 サイズ調整可能 プレゼント ギフト 父の日 送料無料","ONESIZE","シルバー","X11","Y12",,"0","10","9","-1",
"2026/09/10 18:58:31","受注取込","7986477","7986477X11Y11","【和の彩りを手のひらサイズに】豆がま口キーホルダー 6色セット 鈴付き ミニがま口 NEK 7986477 和柄 小銭入れ アクセサリーケース 和雑貨 ギフト 送料無料","ONESIZE","6色セット","X11","Y11",,"0","125","124","-1",
"2026/09/10 18:59:35","受注取込","7988248","7988248X11Y16","リュック メンズ レディース 防水 防災リュック 避難 スポーツ 軽量 リュックサック 32L ★REV 7988248 バックパック デイパック アウトドア キャンプ ジム 登山 散歩  送料無料","ONESIZE","オリーブ","X11","Y16",,"0","6","5","-1",
"2026/09/10 19:02:17","受注取込","7987389","7987389X11Y13","【本革 総革】名刺入れ 名刺ケース 本革 メンズ NEK ★REV 7987389 レディース レザー 本皮 Vintage ヌメ革 プレゼント ギフト 母の日 父の日 送料無料","ONESIZE","ブラック","X11","Y13",,"0","18","17","-1",
"2026/09/10 19:11:17","受注取込","7987400","7987400X11Y26","【とにかくデカい！/普通サイズあり！】キャップ メンズ 大きいサイズ 帽子 深め ビッグサイズ ★REVM 7987400 BIG SIZE メンズキャップ帽子 大きめ 大きい帽子 メンズ帽子 レディース 春 夏 春夏 プレゼント ギフト 母の日 父の日 送料無料","大きいサイズ","P-ブラック","X11","Y26",,"0","61","60","-1",
"2026/09/10 19:12:01","受注取込","7986757","7986757X11Y11","【置くだけで充電】 ワイヤレス充電器 車載 ホルダー 置き型 Type-C充電 USB-A NEK ★REVL 7986757 最大20W 車載ワイヤレス充電パッド 充電 充電器 車載 スマホ ホルダー スタンド 車 携帯ホルダー 急速充電 サイズ調整可能 滑り止め iphone/Android 1M PD充電 スマホアクセサリー Qi規格 送料無料","ONESIZE","USB-A(1m)","X11","Y11",,"0","21","20","-1",
"2026/09/10 19:12:47","受注取込","7992723","7992723X11Y11","お得！ 送料無料 4枚入り 福袋 Dickies ディッキーズ ボクサーパンツ メンズ かわいい NEK ★REV <br> パンツ ボクサーパンツ セット メンズ下着 メンズボクサーパンツ メンズボクサー 大きいサイズ 大きめ 特大 3L 下着 インナー メンズ usa まとめ買い プレゼント ギフト","M","福袋4枚セット","X11","Y11",,"0","52","51","-1",
"2026/09/10 19:14:17","受注取込","7994812","7994812X12Y32","サファリハット メンズ 釣り 帽子 ハット レディース SUNS(サンズ)  撥水 アウトドア 登山 キャンプ バーベキュー NEK ★REV H-051 H-053 送料無料 大きいサイズあり キッズサイズ 子供 UVカット アドベンチャーハット 父の日 プレゼント ユニセックス 春 夏 夏フェス ギフト","大きいサイズ","T.BLUE(H_051)","X12","Y32",,"0","55","54","-1",
"2026/09/10 19:17:17","受注取込","7986547","7986547X11Y11","【お得な5枚10点セット】福袋 おなかぷにぷに3Dキャラクターシール 犬猫アニマル NEK ★REVO 7986547 ピンセット付き ぷにぷに触感 ストレス解消 癒しデコシール プレゼント ギフト 送料無料","ONESIZE","5枚10点アソート","X11","Y11",,"0","399","398","-1",
"2026/09/10 19:17:17","受注取込","7987617","7987617X11Y11","【電気代0円】ソーラーライト 庭 6個セット ガーデンライト ソーラー 屋外 照明 ★REVL 7987617 LTG SUNECO ベランダ センサーライト 防水 防犯 LEDライト IP65 電球色 ガーデニング 庭 かわいい ライト おしゃれ キャンプ アウトドア クリスマス プレゼント 駐車場 送料無料","ワンサイズ","暖色(6個セット)","X11","Y11",,"0","72","71","-1",
"2026/09/10 19:18:47","受注取込","7988124","7988124X11Y13","大きいサイズ キャップ 帽子 メンズ フルキャップ ベースボールキャップ コットンキャップ 野球帽 ワンポイント ★REV 7988124 イーグル 鷲 刺繍 ミリタリー BIGSIZE キングサイズ 送料無料","ONESIZE","グレー","X11","Y13",,"0","34","33","-1",
"2026/09/10 19:23:01","受注取込","7986622","7986622X11Y21","【ゆるダボニット帽/15種】ニットキャップ ニット帽 帽子 ワッチキャップ ビーニー NEK ★REVL 7986622 レディース メンズ Vintage おしゃれ 韓国女子 小顔効果 送料無料","ONESIZE","K","X11","Y21",,"0","17","16","-1",
"2026/09/10 19:25:26","受注取込","7987400","7987400X11Y11","【とにかくデカい！/普通サイズあり！】キャップ メンズ 大きいサイズ 帽子 深め ビッグサイズ ★REVM 7987400 BIG SIZE メンズキャップ帽子 大きめ 大きい帽子 メンズ帽子 レディース 春 夏 春夏 プレゼント ギフト 母の日 父の日 送料無料","大きいサイズ","A-ブラック","X11","Y11",,"0","210","209","-1",
"2026/09/10 19:26:31","受注取込","7988163","7988163X11Y13","【錆びないチタン】メンズブレスレット ブレスレット メンズ つけっぱなし NEK ★REV 7988163 チタン ブレスレット ワイヤーブレスレット シンプル バングル おしゃれ 送料無料 シルバー ゴールド ブラック","ONESIZE","ブラック","X11","Y13",,"0","20","19","-1",
"2026/09/10 19:28:18","受注取込","7987485","7987485X11Y12","【特大】トートバッグ 大きめ メンズ レディース Military バッグ ★REV 7987485 撥水 MA-1 旅行 アウトドア キャンプ ジムバッグ プレゼント プチギフト 送料無料","ONESIZE","オリーブ","X11","Y12",,"0","16","15","-1",
"2026/09/10 19:28:31","受注取込","7986572","7986572X11Y24","【新型/IQOS イルマ i ワン用】アイコス イルマiワン ILUMA ケース 保護ケース NEK ★REVL 7986572 iqosイルマワン イルマワンカバー 耐衝撃 おしゃれ iqos iluma one 専用 IQOSイルマワン保護ケース レザー ヒョウ柄 ペイズリー 保護カバー アイコスケース アクセサリー 送料無料","イルマiワン","68","X11","Y24",,"0","28","27","-1",
"2026/09/10 19:32:47","受注取込","7986572","7986572X11Y31","【新型/IQOS イルマ i ワン用】アイコス イルマiワン ILUMA ケース 保護ケース NEK ★REVL 7986572 iqosイルマワン イルマワンカバー 耐衝撃 おしゃれ iqos iluma one 専用 IQOSイルマワン保護ケース レザー ヒョウ柄 ペイズリー 保護カバー アイコスケース アクセサリー 送料無料","イルマiワン","75","X11","Y31",,"0","3","2","-1",
"2026/09/10 19:34:17","受注取込","7988386","7988386X11Y17","【高輝度・省電力】LED 卓上 ライト 間接照明 おしゃれ テーブルランプ 北欧 ベッドライト ★REV 7988386 照明 ランプ 一人暮らし ナイトランプ ムードランプ インテリア 雑貨 スタンドライト フロアライト ベッドサイド ルームライト 寝室 usb 電気スタンド フロアランプ","ONESIZE","ホワイト","X11","Y17",,"0","76","75","-1",
"2026/09/10 19:39:47","受注取込","7986572","7986572X11Y11","【新型/IQOS イルマ i ワン用】アイコス イルマiワン ILUMA ケース 保護ケース NEK ★REVL 7986572 iqosイルマワン イルマワンカバー 耐衝撃 おしゃれ iqos iluma one 専用 IQOSイルマワン保護ケース レザー ヒョウ柄 ペイズリー 保護カバー アイコスケース アクセサリー 送料無料","イルマiワン","55","X11","Y11",,"0","11","10","-1",
"2026/09/10 19:40:54","受注取込","7986569","7986569X11Y15","【お得な4枚シート/ピンセット付き】シール おしり 立体シール ぷくぷくシール 男の子 女の子 シール帳 3D Puffy Playland Stickers 大人 おもしろ NEK ★REVO 7986569 ミリタリー リアル デコシール 魚 昆虫 水族館 コスメ 可愛いステッカー 福袋 デコ 手帳 知育 送料無料","4枚セット","5.お化粧シール4種類","X11","Y15",,"0","436","435","-1",
"2026/09/10 19:41:17","受注取込","7987400","7987400X11Y11","【とにかくデカい！/普通サイズあり！】キャップ メンズ 大きいサイズ 帽子 深め ビッグサイズ ★REVM 7987400 BIG SIZE メンズキャップ帽子 大きめ 大きい帽子 メンズ帽子 レディース 春 夏 春夏 プレゼント ギフト 母の日 父の日 送料無料","大きいサイズ","A-ブラック","X11","Y11",,"0","209","208","-1",
"2026/09/10 19:41:17","受注取込","7994812","7994812X12Y13","サファリハット メンズ 釣り 帽子 ハット レディース SUNS(サンズ)  撥水 アウトドア 登山 キャンプ バーベキュー NEK ★REV H-051 H-053 送料無料 大きいサイズあり キッズサイズ 子供 UVカット アドベンチャーハット 父の日 プレゼント ユニセックス 春 夏 夏フェス ギフト","大きいサイズ","NAVY(H_051)","X12","Y13",,"0","25","24","-1",
"2026/09/10 19:45:21","受注取込","7986546","7986546X11Y13","【超かわいい】メガネ リング 指輪 レディース 韓国 おもしろ 個性的 フリーサイズ NEK ★REVO 7986546 華奢 ユニーク モチーフリング おしゃれ アクセサリー","ONESIZE","ピンクゴールド","X11","Y13",,"0","85","84","-1",
"2026/09/10 19:46:51","受注取込","7986741","7986741X11Y11","【天然 藍晶石】チョーカー ネックレス 天然石 ブルーカイヤナイト 藍晶石 レディース NEK ★REV 7986741 メンズ ワックスコード パワーストーン アクセサリー プレゼント ギフト ユニセックス ジュエリー ハンドメイド おしゃれ 送料無料","ONESIZE","カイヤナイト(小)","X11","Y11",,"0","29","28","-1",
"2026/09/10 19:50:32","受注取込","7987794","7987794X12Y18","【大きいサイズもあり】キャスハンチング キャップ メンズ レディース CULTURE MART NEK 101294 ★REV 7987794 ハンチング帽子 ハンチング帽 秋冬 帽子 ハンチング キャスケット メンズ帽子 レディース帽子秋冬 秋冬帽子 メンズハンチング おしゃれ カルチャーマート","大きいサイズ","インディゴ×デニム","X12","Y18",,"0","4","3","-1",
"2026/09/10 19:51:17","受注取込","7995056_s","7995056_sX11Y11","≪宅配便送料無料！≫荒野行動 PUBG モバイル コントローラー 荒野行動コントローラー 攻略 武器 透明 ゲームパッド ドン勝 高速射撃ボタン iPhone android 五代目最新改良版 銅シート 左右2個 セット 7995056 sg再追加 sg追加200125","ONESIZE","透明","X11","Y11",,"0","43","42","-1",
"2026/09/10 19:54:01","受注取込","7987172","7987172X11Y11","1TB対応 SDカードリーダー バックアップ USB USBメモリ NEK ★REV 7987172 写真 保存 データ スマホ マイクロSDカードリーダー SDカードカメラリーダー 日本語取説 送料無料","ONESIZE","ゴールド","X11","Y11",,"0","12","11","-1",
"2026/09/10 19:59:18","受注取込","7988386","7988386X11Y13","【高輝度・省電力】LED 卓上 ライト 間接照明 おしゃれ テーブルランプ 北欧 ベッドライト ★REV 7988386 照明 ランプ 一人暮らし ナイトランプ ムードランプ インテリア 雑貨 スタンドライト フロアライト ベッドサイド ルームライト 寝室 usb 電気スタンド フロアランプ","ONESIZE","パープル","X11","Y13",,"0","78","77","-1",
"2026/09/10 19:59:18","受注取込","7994812","7994812X11Y16","サファリハット メンズ 釣り 帽子 ハット レディース SUNS(サンズ)  撥水 アウトドア 登山 キャンプ バーベキュー NEK ★REV H-051 H-053 送料無料 大きいサイズあり キッズサイズ 子供 UVカット アドベンチャーハット 父の日 プレゼント ユニセックス 春 夏 夏フェス ギフト","普通サイズ","GRAY(H_051)","X11","Y16",,"0","25","24","-1",
"2026/09/10 20:00:14","受注取込","7987067","7987067X16Y11","【復刻】安全靴 スニーカー エアウォーク 迷彩デニム ミッドカット ハイカット ミドルカット AIR WALK AW-661 AW-681 Y_YU 7987067 メンズ おしゃれ 耐滑底 樹脂先芯 超軽量 CamoDenim 紐 マジックテープ セーフティシューズ 作業靴","28.0cm","AW-661_BK×YE(紐タイプ)","X16","Y11",,"0","93","92","-1",
"2026/09/10 20:00:47","受注取込","7986752","7986752X11Y12","収納 サンバイザーホルダー マルチ 車 カーポケット ドライブポケット NEK ★REVL 7986752 おしゃれ サンバイザー ポケット カー用品 収納 カー用品 ペン カードポケット 収納ホルダー サングラスホルダー 車 眼鏡ホルダー カーアクセサリー 送料無料","ONESIZE","グレー","X11","Y12",,"0","17","16","-1",
"2026/09/10 20:01:01","受注取込","7986972","7986972X11Y18","【Natural Rabbit】おねしょズボン おねしょパンツ おねしょ ズボン 防水 3歳 4歳 5歳 ウエストゴム 男の子 女の子 綿 コットン ズボン パンツ NEK ★REVH 7986972 トレーニングパンツ トイトレ おねしょ対策 寝冷え 腹巻 ズボン キッズ 小学生","M","H","X11","Y18",,"0","1","0","-1",
"2026/09/10 20:01:01","受注取込","7986972","7986972X11Y20","【Natural Rabbit】おねしょズボン おねしょパンツ おねしょ ズボン 防水 3歳 4歳 5歳 ウエストゴム 男の子 女の子 綿 コットン ズボン パンツ NEK ★REVH 7986972 トレーニングパンツ トイトレ おねしょ対策 寝冷え 腹巻 ズボン キッズ 小学生","M","J","X11","Y20",,"0","3","2","-1",
"2026/09/10 20:01:01","受注取込","7992723","7992723X11Y11","お得！ 送料無料 4枚入り 福袋 Dickies ディッキーズ ボクサーパンツ メンズ かわいい NEK ★REV <br> パンツ ボクサーパンツ セット メンズ下着 メンズボクサーパンツ メンズボクサー 大きいサイズ 大きめ 特大 3L 下着 インナー メンズ usa まとめ買い プレゼント ギフト","M","福袋4枚セット","X11","Y11",,"0","51","50","-1",
"2026/09/10 20:02:30","受注取込","7986849","7986849X11Y11","【ゴージャスに遊ぶ】トランプ プラスチック 54枚 撥水 NEK ★REV 7986849 ブラック ゴールド シルバー ピンクゴールド カードゲーム マジックトランプ パーティーグッズ プレゼント ギフト ポーカー ブラックジャック 手品 送料無料","ONESIZE","A","X11","Y11",,"0","19","18","-1",
"2026/09/10 20:03:01","受注取込","7986716","7986716X11Y11","【紫外線でプロ級チェック】アニサキスライト UV 紫外線ライト ブラックライト NEK ★REVL 7986716 365nm 充電式 TYPE-C充電  USB 光学レンズ アニサキス検出 生活 食事 釣り 掃除 コンパクト 送料無料","1本","ブラック(TYPE-C)","X11","Y11",,"0","26","25","-1",
"2026/09/10 20:03:15","受注取込","7987559","7987559X11Y14","ミニ財布 ミニウォレット 短財布 メンズ レディース ウォレット NEK ★REV 7987559 プレゼント ギフト 父の日 母の日 プチギフト 誕プレ 送料無料","ONESIZE","ブラウン","X11","Y14",,"0","14","13","-1",
"2026/09/10 20:07:47","受注取込","7994226","7994226X11Y12","【大きいサイズもあり 限定モデル】AVIREX メッシュキャップ メンズ 帽子 メンズ キャップ メンズ 14023200 14670200 レディース ★REV 父の日 贈り物 プレゼント ブランド アビレックス 送料無料 正規品 ブラック 黒 ネイビー 紺 グレー 灰 yos プレゼント ギフト","普通サイズ_14023200","80_ブラック","X11","Y12",,"0","23","22","-1",
"2026/09/10 20:08:17","受注取込","7987475","7987475X11Y12","【防犯】護身用 タクティカルスティック 防災グッズ 熊対策グッズ クマ対策 タクティカルペン キーホルダー 女性 キーリング NEK ★REVM 7987475 棒 車 ガラス 防災 災害 車内 軽量 不審者 痴漢 痴漢対策 武器 護身グッズ 自己防衛 コンパクト 非常時 バッググリップ","ONESIZE","シルバー","X11","Y12",,"0","64","63","-1",
"2026/09/10 20:10:12","受注取込","7995525","7995525X1Y2","AVIREX 限定モデル キャップ 帽子 父の日 贈り物 プレゼント メンズ ★REV ブラックシリーズ 黒 アビレックス アヴィレックス メッシュキャップ ハンチング ローキャップ バケット ハット ワークキャップ レディース かっこいい yos プレゼント ギフト","ONESIZE","【B】ハンチング_14911300","X1","Y2",,"0","79","78","-1",
"2026/09/10 20:10:33","受注取込","7995525","7995525X1Y12","AVIREX 限定モデル キャップ 帽子 父の日 贈り物 プレゼント メンズ ★REV ブラックシリーズ 黒 アビレックス アヴィレックス メッシュキャップ ハンチング ローキャップ バケット ハット ワークキャップ レディース かっこいい yos プレゼント ギフト","ONESIZE","【L】ワークキャップ_14787700_80","X1","Y12",,"0","82","81","-1",
"2026/09/10 20:10:33","受注取込","7986752","7986752X11Y12","収納 サンバイザーホルダー マルチ 車 カーポケット ドライブポケット NEK ★REVL 7986752 おしゃれ サンバイザー ポケット カー用品 収納 カー用品 ペン カードポケット 収納ホルダー サングラスホルダー 車 眼鏡ホルダー カーアクセサリー 送料無料","ONESIZE","グレー","X11","Y12",,"0","16","15","-1",
"2026/09/10 20:10:33","受注取込","7987031","7987031X11Y13","【大人気SUNSより当店限定！】ミニトート バッグ レディース メンズ トートバッグ トート NEK ★REVL 7987031 CRB-001 ミニ 仕切り ポケット ランチバッグ マザーズバッグ 収納 ミリタリー MA-1 シンプル おしゃれ 便利 無地 通勤 通学 ユニセックス ジッパー付き 撥水","ONESIZE","ブラウン","X11","Y13",,"0","139","138","-1",
"2026/09/10 20:10:42","受注取込","7986804","7986804X11Y12","【シンプル/おしゃれ/年中大活躍】ワッチキャップ スラウチビーニー ニット帽 ニットキャップ 帽子 NEK ★REV 7986804 無地 ワッチ メンズ レディース ユニセックス 送料無料","ONESIZE","ブラック","X11","Y12",,"0","19","18","-1",
"2026/09/10 20:12:32","受注取込","7987078","7987078X11Y11","【3個の福袋！即出荷】ビーチボール 水遊び ビーチバレー 浮き輪 フロート NEK ★REV 7987078 サッカーボール 30cm アウトドア キャンプ 海 プール 川 リゾート 送料無料","ONESIZE","3個セット","X11","Y11",,"0","7","6","-1",
"2026/09/10 20:15:47","受注取込","7987389","7987389X11Y16","【本革 総革】名刺入れ 名刺ケース 本革 メンズ NEK ★REV 7987389 レディース レザー 本皮 Vintage ヌメ革 プレゼント ギフト 母の日 父の日 送料無料","ONESIZE","チョコ","X11","Y16",,"0","22","21","-1",
"2026/09/10 20:16:32","受注取込","7986713","7986713X11Y19","【お得なオマケ付/すぐに使える】倒流香  倒流香炉 お香 アロマ お香立て コーン ★REVL 7986713incense インテリア オブジェ リラックス ヨガ 雑貨 陶器 おしゃれ プレゼント ギフト 送料無料","ONESIZE","I","X11","Y19",,"0","6","5","-1",
"2026/09/10 20:17:17","受注取込","7986572","7986572X11Y36","【新型/IQOS イルマ i ワン用】アイコス イルマiワン ILUMA ケース 保護ケース NEK ★REVL 7986572 iqosイルマワン イルマワンカバー 耐衝撃 おしゃれ iqos iluma one 専用 IQOSイルマワン保護ケース レザー ヒョウ柄 ペイズリー 保護カバー アイコスケース アクセサリー 送料無料","イルマiワン","80","X11","Y36",,"0","13","12","-1",
"2026/09/10 20:18:16","受注取込","7986519","7986519X11Y11","【ごっそり鼻毛処理！お得な10本セット】鼻毛カッター 鼻毛トリマー  耳かき NEK ★REVL 7986519 男性用 女性用 送料無料","ONESIZE","アイボリー","X11","Y11",,"0","12","11","-1",
"2026/09/10 20:20:31","受注取込","7986509","7986509X11Y11","【使い勝手しやすいベルト】ベルト メンズ レディース 120cm ガチャベルト NEK ★REVL 7986509 フリーサイズ プレゼント 大きいサイズ サバゲー キャンプ アウトドア 登山 作業服 ギフト 送料無料","ONESIZE","ブラック","X11","Y11",,"0","1","0","-1",
"2026/09/10 20:22:47","受注取込","7994702","7994702X11Y11","経年変化を楽しむ！日本製 本革 レザー 130cm 長め ベルト 7994702 メンズ レディース ヌメ革 総革 Artisan aging 送料無料 ナチュラル ギフトBOX付き プレゼント 180618 プレゼント ギフト","ONESIZE","ナチュラル","X11","Y11",,"0","47","46","-1",
"2026/09/10 20:27:17","受注取込","7990405","7990405X11Y13","リュックチェア 折りたたみ 椅子 リュックサック 保冷バッグ 保温 アウトドア 行列 運動会 キャンプ バーベキュー ミリタリー 送料無料 ★REV 7990405 椅子付き 座れるリュック リュック 持ち運び 保冷リュック 携帯椅子 携帯イス 折りたたみチェア イス 椅子 折り畳みチェア","ONESIZE","カモフラ","X11","Y13",,"0","24","23","-1",
"2026/09/10 20:27:17","受注取込","7998075","7998075X12Y11","他店圧倒価格♪最安値に挑戦！ 1点までメール便送料無料 ワッチキャップ ニット帽子 ニットキャップ 7998075 【MB】【ALI】■05161126【wow未販売】 sg追加200125 sg追加200125","大きいサイズ(～65cm)","ブラック杢","X12","Y11",,"0","204","203","-1",
"2026/09/10 20:28:17","受注取込","7987400","7987400X11Y11","【とにかくデカい！/普通サイズあり！】キャップ メンズ 大きいサイズ 帽子 深め ビッグサイズ ★REVM 7987400 BIG SIZE メンズキャップ帽子 大きめ 大きい帽子 メンズ帽子 レディース 春 夏 春夏 プレゼント ギフト 母の日 父の日 送料無料","大きいサイズ","A-ブラック","X11","Y11",,"0","208","207","-1",
"2026/09/10 20:29:47","受注取込","7987560","7987560X11Y11","【機能的】長財布 財布 メンズ レディース ウォレット スマホケース クラッチバッグ NEK ★REV 7987560 プレゼント ギフト 母の日 父の日 プチギフト 誕プレ 送料無料","ワンサイズ","ブラック","X11","Y11",,"0","14","13","-1",
"2026/09/10 20:32:17","受注取込","7986757","7986757X11Y12","【置くだけで充電】 ワイヤレス充電器 車載 ホルダー 置き型 Type-C充電 USB-A NEK ★REVL 7986757 最大20W 車載ワイヤレス充電パッド 充電 充電器 車載 スマホ ホルダー スタンド 車 携帯ホルダー 急速充電 サイズ調整可能 滑り止め iphone/Android 1M PD充電 スマホアクセサリー Qi規格 送料無料","ONESIZE","TYPE-C(1m)","X11","Y12",,"0","70","69","-1",
"2026/09/10 20:33:47","受注取込","7987952","7987952X11Y13","2WAY ボストンバッグ 大容量 メンズ レディース ショルダーバッグ 旅行 ★REV 7987952 アウトドア キャンプ スポーツ ジム ゴルフ 肩掛け シューズ収納 軽量 防水 靴収納 スポーツバッグ ジムバッグ 2wayバック 男 女子 ボストンバック 靴 収納 ボストン メンズ 送料無料","ONESIZE","オリーブ","X11","Y13",,"0","3","2","-1",
"2026/09/10 20:39:32","受注取込","7987026","7987026X11Y12","【大きいサイズあり】キャップ 11cm つば長 帽子 メンズ レディース ★REV 7987026 深め 深い ゴルフ 無地 日焼け止め UVカット 送料無料","普通サイズ","グレー","X11","Y12",,"0","12","11","-1",
"2026/09/10 20:42:17","受注取込","7987400","7987400X11Y14","【とにかくデカい！/普通サイズあり！】キャップ メンズ 大きいサイズ 帽子 深め ビッグサイズ ★REVM 7987400 BIG SIZE メンズキャップ帽子 大きめ 大きい帽子 メンズ帽子 レディース 春 夏 春夏 プレゼント ギフト 母の日 父の日 送料無料","大きいサイズ","D-ネイビー","X11","Y14",,"0","54","53","-1",
"2026/09/10 20:47:03","受注取込","7987408","7987408X11Y14","【2WAY 本革】レディースベルト リバーシブル ビジネス NEK ★REV 7987408 ロゴ フォーマル シンプル カジュアル スーツ レザー 本革 送料無料","ONESIZE","A-モカブラウン","X11","Y14",,"0","16","15","-1",
"2026/09/10 20:48:17","受注取込","7994812","7994812X12Y33","サファリハット メンズ 釣り 帽子 ハット レディース SUNS(サンズ)  撥水 アウトドア 登山 キャンプ バーベキュー NEK ★REV H-051 H-053 送料無料 大きいサイズあり キッズサイズ 子供 UVカット アドベンチャーハット 父の日 プレゼント ユニセックス 春 夏 夏フェス ギフト","大きいサイズ","GREIGE(H-051)","X12","Y33",,"0","92","91","-1",
"2026/09/10 20:49:18","受注取込","7987031","7987031X11Y11","【大人気SUNSより当店限定！】ミニトート バッグ レディース メンズ トートバッグ トート NEK ★REVL 7987031 CRB-001 ミニ 仕切り ポケット ランチバッグ マザーズバッグ 収納 ミリタリー MA-1 シンプル おしゃれ 便利 無地 通勤 通学 ユニセックス ジッパー付き 撥水","ONESIZE","ブラック","X11","Y11",,"0","13","12","-1",
"2026/09/10 20:49:18","受注取込","7997141","7997141X13Y11","特大 スイカ ドーナツ 浮き輪 浮輪 送料無料 プール 大人用 子供用 NEK 7997141 ★REV 120cm 90cm 80cm 70cm 60cm サイズ 大きい 大きめ うきわ ウキワ すいか 海 海水浴 ビックフロート 水上 レジャー かわいい フローティングベッド 西瓜 子供用浮き輪 大人 子供 こども","80cm","スイカ","X13","Y11",,"0","23","22","-1",
"2026/09/10 20:50:06","受注取込","7987087","7987087X11Y14","Cloud 深め 帽子 キャップ メンズ レディース ★REV 7987087 Vintage CRUSH加工 サイド刺繍 おしゃれ 送料無料","ONESIZE","ベージュ","X11","Y14",,"0","28","27","-1",
"2026/09/10 20:50:48","受注取込","7987697","7987697X11Y11","【速攻配達】冷やスマPRO 盛夏用 スマホ熱中症対策 冷却 クーラー ★REV NEK スマートフォン専用常温保冷剤 熱暴走 結露なし スマホ 冷感 冷却 HIYASUMA","ONESIZE","ホワイト","X11","Y11",,"0","405","404","-1",
"2026/09/10 20:54:48","受注取込","7987697","7987697X11Y11","【速攻配達】冷やスマPRO 盛夏用 スマホ熱中症対策 冷却 クーラー ★REV NEK スマートフォン専用常温保冷剤 熱暴走 結露なし スマホ 冷感 冷却 HIYASUMA","ONESIZE","ホワイト","X11","Y11",,"0","404","403","-1",
"2026/09/10 20:54:48","受注取込","7992054","7992054X11Y19","【シンプル/おしゃれ】16mm パワーストーン ネックレス メンズ レディース 瑪瑙 オブシディアン タイガーアイ NEK ★REV 7992054 黒曜石 茶水晶 虎目石 金運 財運 仕事運 恋愛 結婚 家庭円満 癒し 幸運 成功運 勝負運 家族運 厄除祈願 天然石 お守り プレゼント 送料無料","ONESIZE","【I】ブルータイガーアイ","X11","Y19",,"0","14","13","-1",
"2026/09/10 20:56:18","受注取込","7986572","7986572X11Y32","【新型/IQOS イルマ i ワン用】アイコス イルマiワン ILUMA ケース 保護ケース NEK ★REVL 7986572 iqosイルマワン イルマワンカバー 耐衝撃 おしゃれ iqos iluma one 専用 IQOSイルマワン保護ケース レザー ヒョウ柄 ペイズリー 保護カバー アイコスケース アクセサリー 送料無料","イルマiワン","76","X11","Y32",,"0","71","70","-1",
"2026/09/10 21:02:17","受注取込","7988386","7988386X11Y11","【高輝度・省電力】LED 卓上 ライト 間接照明 おしゃれ テーブルランプ 北欧 ベッドライト ★REV 7988386 照明 ランプ 一人暮らし ナイトランプ ムードランプ インテリア 雑貨 スタンドライト フロアライト ベッドサイド ルームライト 寝室 usb 電気スタンド フロアランプ","ONESIZE","アイボリー","X11","Y11",,"0","175","174","-1",
"2026/09/10 21:03:47","受注取込","7990405","7990405X11Y12","リュックチェア 折りたたみ 椅子 リュックサック 保冷バッグ 保温 アウトドア 行列 運動会 キャンプ バーベキュー ミリタリー 送料無料 ★REV 7990405 椅子付き 座れるリュック リュック 持ち運び 保冷リュック 携帯椅子 携帯イス 折りたたみチェア イス 椅子 折り畳みチェア","ONESIZE","オリーブ","X11","Y12",,"0","42","41","-1",
"2026/09/10 21:03:47","受注取込","7990405","7990405X11Y11","リュックチェア 折りたたみ 椅子 リュックサック 保冷バッグ 保温 アウトドア 行列 運動会 キャンプ バーベキュー ミリタリー 送料無料 ★REV 7990405 椅子付き 座れるリュック リュック 持ち運び 保冷リュック 携帯椅子 携帯イス 折りたたみチェア イス 椅子 折り畳みチェア","ONESIZE","ブラック","X11","Y11",,"0","54","53","-1",
"2026/09/10 21:05:17","受注取込","7987616","7987616X11Y11","【バッグを汚さない！お得な2個入】バッグフック バッグハンガー デスク 便利 NEK ★REV 7987616 おしゃれ グッズ アイデア フック 机 テーブル グック ハンガー 防犯 メンズ レディース 荷物かけ カバン掛け プチギフト プレゼント LTG 送料無料","ONESIZE","ブラック/ワイン","X11","Y11",,"0","12","11","-1",
"2026/09/10 21:05:29","受注取込","8003102","8003102X20Y12","やみつきになる！ ストレッチ AVIREX アビレックス Tシャツ メンズ ★REV NEK 6143501 6143502 Vネック クルーネック 半袖 プレゼント ギフト","クルーネック_オリーブ_075","Mサイズ","X20","Y12",,"0","2","1","-1",
"2026/09/10 21:07:51","受注取込","7987653","7987653X13Y11","ドッグウェア 犬服 ネルシャツ チェック 小型犬 犬 ネコ ジャケット ハーネス NEK ★REVG 7987653 お散歩 かっこいい 可愛い オシャレ 大人 綿 フランネル タータン イエロー グリーン 長袖 暖かい ワイシャツ 重ね着 シャツ ペットウェア アウトドア","L","イエロー×ブラウン","X13","Y11",,"0","3","2","-1",
"2026/09/10 21:07:51","受注取込","7986480","7986480X11Y14","3WAY ショルダーバッグ ボトルショルダーバッグ メンズ レディース ペットボトル収納 NEK ★REVL 7986480 撥水 軽量 スマホポーチ ミニバッグ 斜め掛け 手持ち ユニセックス フェス アウトドア 旅行 送料無料","ONESIZE","オリーブ","X11","Y14",,"0","46","45","-1",
"2026/09/10 21:08:49","受注取込","7987151","7987151X11Y18","【多面カットで綺麗】天然石 ブレスレット パワーストーン レディース NEK ★REV 7987151 アクセサリー プレゼント ギフト 厄除け 運気 アップ 送料無料","ONESIZE","H_ラピスラズリ","X11","Y18",,"0","13","12","-1",
"2026/09/10 21:09:17","受注取込","7986716","7986716X11Y11","【紫外線でプロ級チェック】アニサキスライト UV 紫外線ライト ブラックライト NEK ★REVL 7986716 365nm 充電式 TYPE-C充電  USB 光学レンズ アニサキス検出 生活 食事 釣り 掃除 コンパクト 送料無料","1本","ブラック(TYPE-C)","X11","Y11",,"0","25","24","-1",
"2026/09/10 21:11:47","受注取込","7994702","7994702X11Y11","経年変化を楽しむ！日本製 本革 レザー 130cm 長め ベルト 7994702 メンズ レディース ヌメ革 総革 Artisan aging 送料無料 ナチュラル ギフトBOX付き プレゼント 180618 プレゼント ギフト","ONESIZE","ナチュラル","X11","Y11",,"0","46","45","-1",
"2026/09/10 21:13:21","受注取込","7988215","7988215X20Y13","【とにかくデカい！】 大きいサイズ キャップ メッシュキャップ 送料無料 大きめ ビッグサイズ BIG SIZE ★REV 7988215 <br> 帽子 ハット キャップ ワークキャップ メンズキャップ 大きいサイズ バケット 大きい帽子 メンズ バケハ メンズ帽子 大きい 頭 メッシュ 全39カラー","JJ","3","X20","Y13",,"0","57","56","-1",
"2026/09/10 21:13:21","受注取込","7987851","7987851X11Y12","【Vintage加工】 帽子 キャップ メンズ レディース Vintage ヴィンテージ加工 ★REV 7987851 ピグメント加工 こなれ感 ローキャップ シンプル ギフト プレゼント 父の日","ONESIZE","ブラック","X11","Y12",,"0","12","11","-1",
"2026/09/10 21:13:21","受注取込","7987319","7987319X11Y13","LOGOS ロゴス ニットキャップ ニット帽 帽子 NEK ★REV LS6P207Z 7987319 大きい 大きめ 大きいサイズ ニット素材 メンズ レディース ブランド プレゼント ギフト ミリタリー アメカジ ストリート アウトドア プレゼント ギフト 送料無料","ONESIZE","チャコール","X11","Y13",,"0","112","111","-1",
"2026/09/10 21:13:21","受注取込","7987319","7987319X11Y11","LOGOS ロゴス ニットキャップ ニット帽 帽子 NEK ★REV LS6P207Z 7987319 大きい 大きめ 大きいサイズ ニット素材 メンズ レディース ブランド プレゼント ギフト ミリタリー アメカジ ストリート アウトドア プレゼント ギフト 送料無料","ONESIZE","ブラック","X11","Y11",,"0","158","157","-1",
"2026/09/10 21:20:49","受注取込","7986584","7986584X13Y11","Indian Motocycle インディアン パーカー ジップパーカー メンズ レディース IC-2653 7986584  Basic Zip-up Hoodie Headmark Logo ロゴ刺繍 ブランド シンプル 送料無料","L","ブラック","X13","Y11",,"0","2","1","-1",
"2026/09/10 21:21:58","受注取込","7986528","7986528X11Y18","【Ploom AURA】プルーム オーラ カバー ケース レザー調 ストラップ付 保護 耐衝撃 NEK ★REVL 7986528 おしゃれ プルームオーラ 保護ケース 保護カバー アクセサリー 送料無料","ONESIZE","H","X11","Y18",,"0","6","5","-1",
"2026/09/10 21:21:58","受注取込","7986528","7986528X11Y15","【Ploom AURA】プルーム オーラ カバー ケース レザー調 ストラップ付 保護 耐衝撃 NEK ★REVL 7986528 おしゃれ プルームオーラ 保護ケース 保護カバー アクセサリー 送料無料","ONESIZE","E","X11","Y15",,"0","10","9","-1",
"2026/09/10 21:22:18","受注取込","7987667","7987667X11Y27","【もこもこ秋冬】13種類 ハット レディース メンズ バケットハット ★REV NEK 7987667 ボア ムートン ファー もこもこ 秋冬 ヒョウ柄 カモ チェック 無地 おしゃれ プレゼント ギフト クリスマス 送料無料","ONESIZE","Q","X11","Y27",,"0","22","21","-1",
"2026/09/10 21:22:18","受注取込","7987667","7987667X11Y18","【もこもこ秋冬】13種類 ハット レディース メンズ バケットハット ★REV NEK 7987667 ボア ムートン ファー もこもこ 秋冬 ヒョウ柄 カモ チェック 無地 おしゃれ プレゼント ギフト クリスマス 送料無料","ONESIZE","H","X11","Y18",,"0","21","20","-1",
"2026/09/10 21:22:18","受注取込","7987667","7987667X11Y32","【もこもこ秋冬】13種類 ハット レディース メンズ バケットハット ★REV NEK 7987667 ボア ムートン ファー もこもこ 秋冬 ヒョウ柄 カモ チェック 無地 おしゃれ プレゼント ギフト クリスマス 送料無料","ONESIZE","V","X11","Y32",,"0","22","21","-1",
"2026/09/10 21:22:18","受注取込","7987667","7987667X11Y29","【もこもこ秋冬】13種類 ハット レディース メンズ バケットハット ★REV NEK 7987667 ボア ムートン ファー もこもこ 秋冬 ヒョウ柄 カモ チェック 無地 おしゃれ プレゼント ギフト クリスマス 送料無料","ONESIZE","S","X11","Y29",,"0","23","22","-1",
"2026/09/10 21:22:18","受注取込","7987652","7987652X11Y16","ランニングライト led 充電式 ウォーキング 散歩 ライト 夜間 LEDアームバンド NEK ★REVL 7987652 LTG 反射 反射材 リフレクター LED リストバンド サバゲー マーカー 防災 プレゼント ギフト アウトドア キャンプ 母の日 父の日 送料無料","ONESIZE","グリーン","X11","Y16",,"0","85","84","-1",
"2026/09/10 21:23:47","受注取込","7986693","7986693X11Y14","【健康な髪は地肌から】 シャンプーブラシ シャワーブラシ スカルプブラシ ★REV 7986693 レディース メンズ 頭皮マッサージブラシ  ヘッドスパブラシ お風呂 洗浄 ドライ＆ウェット両用 頭皮ケア 毛穴スッキリ 櫛 送料無料","ONESIZE","オリーブ","X11","Y14",,"0","31","30","-1",
"2026/09/10 21:23:47","受注取込","7986669","7986669X11Y12","【12mm小粒/おしゃれ】12mm パワーストーン ネックレス チョーカー メンズ レディース NEK ★REVL 7986669 アメジスト タイガーアイ ラピスラズリ 瑪瑙 メノウ オブシディアン ドラゴンアゲート 金運 財運 仕事運 恋愛 結婚 家庭円満 癒し 厄除祈願 天然石 お守り プレゼント おしゃれ アクセサリー 送料無料","ONESIZE","イエロータイガーアイ","X11","Y12",,"0","29","28","-1",
"2026/09/10 21:27:47","受注取込","7987070","7987070X11Y11","【お得な2枚組】X-LARGE XLARGE エクストララージ ボクサーパンツ メンズ アンダーウェア 下着 NEK ★REVL 7987070 かっこいい ツルツル おすすめ 人気 カモフラ タイダイ 炎 迷彩 カモ柄 ブランド 男性 紳士 プレゼント プチギフト 父の日 誕生日 彼氏 父 息子 ギフト 記念日 大きいサイズ 福袋 送料無料","M","2枚組","X11","Y11",,"0","86","85","-1",
"2026/09/10 21:28:30","受注取込","7987026","7987026X12Y11","【大きいサイズあり】キャップ 11cm つば長 帽子 メンズ レディース ★REV 7987026 深め 深い ゴルフ 無地 日焼け止め UVカット 送料無料","大きいサイズ","ブラック","X12","Y11",,"0","40","39","-1",
"2026/09/10 21:30:14","受注取込","7988215","7988215X23Y14","【とにかくデカい！】 大きいサイズ キャップ メッシュキャップ 送料無料 大きめ ビッグサイズ BIG SIZE ★REV 7988215 <br> 帽子 ハット キャップ ワークキャップ メンズキャップ 大きいサイズ バケット 大きい帽子 メンズ バケハ メンズ帽子 大きい 頭 メッシュ 全39カラー","MM","4","X23","Y14",,"0","3","2","-1",
"2026/09/10 21:31:48","受注取込","7987090","7987090X11Y11","【使い方色々!】ポーチ ベルトポーチ 小物入れ 小銭入れ カードケース NEK ★REV 7987090 短財布 財布 メンズ レディース カラビナ ミリタリー サバゲー キャンプ アウトドア メディカルポーチ 防災グッズ 送料無料","ONESIZE","ブラック","X11","Y11",,"0","61","60","-1",
"2026/09/10 21:31:48","受注取込","7987090","7987090X11Y12","【使い方色々!】ポーチ ベルトポーチ 小物入れ 小銭入れ カードケース NEK ★REV 7987090 短財布 財布 メンズ レディース カラビナ ミリタリー サバゲー キャンプ アウトドア メディカルポーチ 防災グッズ 送料無料","ONESIZE","カーキ","X11","Y12",,"0","26","25","-1",
"2026/09/10 21:33:40","受注取込","7986601","7986601X11Y11","【首元リセット/癒しの深温波】テラハーモニー TeraHarmony 天然 テラヘルツ NEK ★REVL 7986601 健康 リラックス 安眠 天然石 パワーストーン お風呂 テラヘルツ鉱石 温泉 健康グッズ 健康器具 テラヘル マッサージ 肩こり 腰痛 疲労 母の日 父の日送料無料","ONESIZE","ブラック","X11","Y11",,"0","36","35","-1",
"2026/09/10 21:33:40","受注取込","7995363","7995363X3Y3","安全靴 鋼鉄先芯 スニーカー ブーツ シューズ メンズ 父の日 贈り物 プレゼント セーフティーシューズ 耐油 防滑 ブラック 黒 7995363 作業用 作業靴 おしゃれ かっこいい ハイカット 釘踏み抜き防止 靴 紐靴 レースアップ ALI プレゼント ギフト","26.0cm","C_7991146","X3","Y3",,"0","16","15","-1",
"2026/09/10 21:34:48","受注取込","7997141","7997141X15Y11","特大 スイカ ドーナツ 浮き輪 浮輪 送料無料 プール 大人用 子供用 NEK 7997141 ★REV 120cm 90cm 80cm 70cm 60cm サイズ 大きい 大きめ うきわ ウキワ すいか 海 海水浴 ビックフロート 水上 レジャー かわいい フローティングベッド 西瓜 子供用浮き輪 大人 子供 こども","60cm","スイカ","X15","Y11",,"0","69","68","-1",
"2026/09/10 21:34:48","受注取込","7987475","7987475X11Y16","【防犯】護身用 タクティカルスティック 防災グッズ 熊対策グッズ クマ対策 タクティカルペン キーホルダー 女性 キーリング NEK ★REVM 7987475 棒 車 ガラス 防災 災害 車内 軽量 不審者 痴漢 痴漢対策 武器 護身グッズ 自己防衛 コンパクト 非常時 バッググリップ","ONESIZE","ゴールド","X11","Y16",,"0","55","54","-1",
"2026/09/10 21:36:21","受注取込","7986649","7986649X11Y11","【くすみカラー/10個セット】ヘアゴム レディース キッズ メンズ 10本セット 男性 NEK ★REVO 7986649 長髪 ナチュラル ニュアンス 淡色 グレージュ ロングヘア スポーツ まとめ髪 髪ゴム ロープ ブレスレット","ONESIZE","10本セット","X11","Y11",,"0","13","12","-1",
"2026/09/10 21:41:02","受注取込","7995525","7995525X1Y2","AVIREX 限定モデル キャップ 帽子 父の日 贈り物 プレゼント メンズ ★REV ブラックシリーズ 黒 アビレックス アヴィレックス メッシュキャップ ハンチング ローキャップ バケット ハット ワークキャップ レディース かっこいい yos プレゼント ギフト","ONESIZE","【B】ハンチング_14911300","X1","Y2",,"0","78","77","-1",
"2026/09/10 21:41:02","受注取込","7986477","7986477X11Y11","【和の彩りを手のひらサイズに】豆がま口キーホルダー 6色セット 鈴付き ミニがま口 NEK 7986477 和柄 小銭入れ アクセサリーケース 和雑貨 ギフト 送料無料","ONESIZE","6色セット","X11","Y11",,"0","124","123","-1",
"2026/09/10 21:41:48","受注取込","7986547","7986547X11Y11","【お得な5枚10点セット】福袋 おなかぷにぷに3Dキャラクターシール 犬猫アニマル NEK ★REVO 7986547 ピンセット付き ぷにぷに触感 ストレス解消 癒しデコシール プレゼント ギフト 送料無料","ONESIZE","5枚10点アソート","X11","Y11",,"0","398","397","-1",
"2026/09/10 21:41:48","受注取込","7990398","7990398X11Y11","【速攻配達 送料無料】ゲーミングヘッドセット ONIKUMA オニクマ switch ゲーミング ヘッドホン 7990398 マイク 付き ノイズキャンセリング ps4 ps5 ヘッドフォン 有線 USB フォートナイト ニンテンドースイッチ スイッチ RGB Xbox One K19 送料無料 プレゼント ギフト","ONESIZE","グレーカモ","X11","Y11",,"0","13","12","-1",
"2026/09/10 21:45:14","受注取込","7986778","7986778X12Y11","【高純度テラヘルツ/3通りの使い方可能】 テラヘルツ ネックレス アンクレット ブレスレット NEK ★REV 7986778 メンズ レディース 鏡面多面カット 3.0mm 健康 テラヘルツ波 パワーストーン 天然石 アクセサリー プレゼント ギフト プチギフト 母の日 父の日 送料無料","多面カット","テラヘルツ","X12","Y11",,"0","2","1","-1",
"2026/09/10 21:45:47","受注取込","7986601","7986601X11Y11","【首元リセット/癒しの深温波】テラハーモニー TeraHarmony 天然 テラヘルツ NEK ★REVL 7986601 健康 リラックス 安眠 天然石 パワーストーン お風呂 テラヘルツ鉱石 温泉 健康グッズ 健康器具 テラヘル マッサージ 肩こり 腰痛 疲労 母の日 父の日送料無料","ONESIZE","ブラック","X11","Y11",,"0","35","34","-1",
"2026/09/10 21:45:47","受注取込","7986572","7986572X11Y46","【新型/IQOS イルマ i ワン用】アイコス イルマiワン ILUMA ケース 保護ケース NEK ★REVL 7986572 iqosイルマワン イルマワンカバー 耐衝撃 おしゃれ iqos iluma one 専用 IQOSイルマワン保護ケース レザー ヒョウ柄 ペイズリー 保護カバー アイコスケース アクセサリー 送料無料","イルマiワン","90","X11","Y46",,"0","13","12","-1",
"2026/09/10 21:45:47","受注取込","7987400","7987400X11Y11","【とにかくデカい！/普通サイズあり！】キャップ メンズ 大きいサイズ 帽子 深め ビッグサイズ ★REVM 7987400 BIG SIZE メンズキャップ帽子 大きめ 大きい帽子 メンズ帽子 レディース 春 夏 春夏 プレゼント ギフト 母の日 父の日 送料無料","大きいサイズ","A-ブラック","X11","Y11",,"0","207","206","-1",
"2026/09/10 21:45:47","受注取込","7987400","7987400X11Y15","【とにかくデカい！/普通サイズあり！】キャップ メンズ 大きいサイズ 帽子 深め ビッグサイズ ★REVM 7987400 BIG SIZE メンズキャップ帽子 大きめ 大きい帽子 メンズ帽子 レディース 春 夏 春夏 プレゼント ギフト 母の日 父の日 送料無料","大きいサイズ","E-ベージュ","X11","Y15",,"0","99","98","-1",
"2026/09/10 21:45:47","受注取込","7987149","7987149X11Y11","【便利グッズ】キークリップ キーフック お得 6個セット 紛失防止 収納 ★REV NEK 7987149 キーホルダー 鍵 カギ バッグ 鞄 かばん 財布 小物 ポケット 帽子フック","ONESIZE","6色セット","X11","Y11",,"0","152","151","-1",
"2026/09/10 21:45:47","受注取込","7990621","7990621X13Y11","訳あり 使い捨て手袋 PVC手袋 手袋 丈夫なPVC素材 半透明 S/M/L 1箱100枚入り 業務用 送料無料 アウトレット 7990621 プレゼント ギフト","L(大きいサイズ)","半透明","X13","Y11",,"0","215","214","-1",
"2026/09/10 21:47:17","受注取込","7987400","7987400X11Y16","【とにかくデカい！/普通サイズあり！】キャップ メンズ 大きいサイズ 帽子 深め ビッグサイズ ★REVM 7987400 BIG SIZE メンズキャップ帽子 大きめ 大きい帽子 メンズ帽子 レディース 春 夏 春夏 プレゼント ギフト 母の日 父の日 送料無料","大きいサイズ","F-ブラック","X11","Y16",,"0","113","112","-1",
"2026/09/10 21:48:17","受注取込","7988215","7988215X17Y13","【とにかくデカい！】 大きいサイズ キャップ メッシュキャップ 送料無料 大きめ ビッグサイズ BIG SIZE ★REV 7988215 <br> 帽子 ハット キャップ ワークキャップ メンズキャップ 大きいサイズ バケット 大きい帽子 メンズ バケハ メンズ帽子 大きい 頭 メッシュ 全39カラー","GG","3","X17","Y13",,"0","49","48","-1",
"2026/09/10 21:51:18","受注取込","7988215","7988215X14Y12","【とにかくデカい！】 大きいサイズ キャップ メッシュキャップ 送料無料 大きめ ビッグサイズ BIG SIZE ★REV 7988215 <br> 帽子 ハット キャップ ワークキャップ メンズキャップ 大きいサイズ バケット 大きい帽子 メンズ バケハ メンズ帽子 大きい 頭 メッシュ 全39カラー","DD","2","X14","Y12",,"0","28","27","-1",
"2026/09/10 21:55:07","受注取込","7988576","7988576X11Y11","【USBを直挿しで超簡単】パソコン専用イヤホン LTG USB マイク付き zoom 用 イヤホン マイク ステレオイヤホン ノートパソコン ヘッドフォン 高音質で通話可能 音量調整 2.5mの長ケーブル 軽量密閉型ヘッドホン 超重低音 USB接続 2.5m NEK ★REV 7988576 プレゼント ギフト","ONESIZE","ブラック","X11","Y11",,"0","26","25","-1",
"2026/09/10 21:55:07","受注取込","7998075","7998075X12Y11","他店圧倒価格♪最安値に挑戦！ 1点までメール便送料無料 ワッチキャップ ニット帽子 ニットキャップ 7998075 【MB】【ALI】■05161126【wow未販売】 sg追加200125 sg追加200125","大きいサイズ(～65cm)","ブラック杢","X12","Y11",,"0","203","202","-1",
"2026/09/10 21:55:18","受注取込","7992723","7992723X12Y11","お得！ 送料無料 4枚入り 福袋 Dickies ディッキーズ ボクサーパンツ メンズ かわいい NEK ★REV <br> パンツ ボクサーパンツ セット メンズ下着 メンズボクサーパンツ メンズボクサー 大きいサイズ 大きめ 特大 3L 下着 インナー メンズ usa まとめ買い プレゼント ギフト","L","福袋4枚セット","X12","Y11",,"0","120","118","-2",
"2026/09/10 21:55:18","受注取込","7987400","7987400X11Y18","【とにかくデカい！/普通サイズあり！】キャップ メンズ 大きいサイズ 帽子 深め ビッグサイズ ★REVM 7987400 BIG SIZE メンズキャップ帽子 大きめ 大きい帽子 メンズ帽子 レディース 春 夏 春夏 プレゼント ギフト 母の日 父の日 送料無料","大きいサイズ","H-オリーブ","X11","Y18",,"0","41","40","-1",
"2026/09/10 21:56:17","受注取込","7986558","7986558X11Y11"," 【高反発ハンドグリップボール】握力トレーニング 指先 前腕 強化 ストレス解消 ★REVL 7986558 ハンドエクササイズボール 送料無料","ONESIZE","ブラック","X11","Y11",,"0","5","4","-1",
"2026/09/10 21:56:17","受注取込","7992723","7992723X14Y11","お得！ 送料無料 4枚入り 福袋 Dickies ディッキーズ ボクサーパンツ メンズ かわいい NEK ★REV <br> パンツ ボクサーパンツ セット メンズ下着 メンズボクサーパンツ メンズボクサー 大きいサイズ 大きめ 特大 3L 下着 インナー メンズ usa まとめ買い プレゼント ギフト","3L","福袋4枚セット","X14","Y11",,"0","74","73","-1",
"2026/09/10 21:56:47","受注取込","7987093","7987093X12Y11","【新型iphone/IQOS対応】急速5A 3股 Type-C 充電ケーブル スマホケーブル 1.2m 2m 3m typec NEK ★REVL 7987093 新型iphone IQOS対応 USB A→Type-C×3 充電ケーブル 3in1 急速 送料無料","2.0m","ブラック_TypeA/TypeC×3","X12","Y11",,"0","14","11","-3",
"2026/09/10 21:57:04","受注取込","8003102","8003102X17Y12","やみつきになる！ ストレッチ AVIREX アビレックス Tシャツ メンズ ★REV NEK 6143501 6143502 Vネック クルーネック 半袖 プレゼント ギフト","クルーネック_ブラック_009","Mサイズ","X17","Y12",,"0","3","2","-1",
"2026/09/10 21:58:17","受注取込","7987400","7987400X11Y16","【とにかくデカい！/普通サイズあり！】キャップ メンズ 大きいサイズ 帽子 深め ビッグサイズ ★REVM 7987400 BIG SIZE メンズキャップ帽子 大きめ 大きい帽子 メンズ帽子 レディース 春 夏 春夏 プレゼント ギフト 母の日 父の日 送料無料","大きいサイズ","F-ブラック","X11","Y16",,"0","112","110","-2",
"2026/09/10 21:58:46","受注取込","7987409","7987409X11Y11","【130cm 大きいサイズ対応】本革 床革 ベルト メンズ 130cm NEK ★REV 7987409 大きいサイズ対応 シンセティックレザー ビジネスベルト カジュアルベルト 父の日 送料無料","ONESIZE","ブラックA","X11","Y11",,"0","46","45","-1",
"2026/09/10 21:59:47","受注取込","7987678","7987678X11Y16","【洗濯可能】トレーニンググローブ 手袋 筋トレ 筋トレグローブ メンズ レディース 指無し NEK ★REV 7987678 ウェイトリフティング 防滑 クッション性 伸びる 洗濯OK バーベル サイクリング ヨガ グリップ","S","B-ピンク","X11","Y16",,"0","26","25","-1",
"2026/09/10 21:59:47","受注取込","7987345","7987345X11Y14","【とにかくデカい！】 大きいサイズ キャップ 送料無料 大きめ ビッグサイズ ★REV 7987345 BIG SIZE 帽子 ハット キャップ キャスケット メンズキャップ 大きいサイズ バケット 大きい帽子 メンズ メンズ帽子 大きい 頭 メッシュキャップ","AAA","4","X11","Y14",,"0","7","6","-1",
"2026/09/10 21:59:47","受注取込","7986805","7986805X11Y21","【キッズ用の帽子♪全40種類】特価 キッズ 子供用 帽子 キャップ サファリハット ★REVL 7986805 こども用 メッシュキャップ おしゃれ かわいい 送料無料","ONESIZE","KD-11","X11","Y21",,"0","5","4","-1",
"2026/09/10 21:59:47","受注取込","7986752","7986752X11Y12","収納 サンバイザーホルダー マルチ 車 カーポケット ドライブポケット NEK ★REVL 7986752 おしゃれ サンバイザー ポケット カー用品 収納 カー用品 ペン カードポケット 収納ホルダー サングラスホルダー 車 眼鏡ホルダー カーアクセサリー 送料無料","ONESIZE","グレー","X11","Y12",,"0","15","14","-1",
"2026/09/10 22:03:49","受注取込","7986519","7986519X11Y11","【ごっそり鼻毛処理！お得な10本セット】鼻毛カッター 鼻毛トリマー  耳かき NEK ★REVL 7986519 男性用 女性用 送料無料","ONESIZE","アイボリー","X11","Y11",,"0","11","10","-1",
"2026/09/10 22:06:52","受注取込","7986465","7986465X11Y11","【とにかくデカい】帽子 キャップ 大きいサイズ 深い 深め 60～65cm ★REVL 7986465 サイドタグ シンプル おしゃれ 野球帽 送料無料","ONESIZE","チャコール","X11","Y11",,"0","12","11","-1",
"2026/09/10 22:06:52","受注取込","7986531","7986531X11Y22","【新型/IQOS イルマ i ワン用】アイコス イルマiワン ILUMA ケース 保護ケース NEK ★REVL 7986531 iqosイルマワン イルマワンカバー 耐衝撃 おしゃれ iqos iluma one 専用 IQOSイルマワン保護ケース レザー ヒョウ柄 ペイズリー 保護カバー アイコスケース アクセサリー 送料無料","ONESIZE","105","X11","Y22",,"0","12","11","-1",
"2026/09/10 22:08:21","受注取込","7994702","7994702X11Y11","経年変化を楽しむ！日本製 本革 レザー 130cm 長め ベルト 7994702 メンズ レディース ヌメ革 総革 Artisan aging 送料無料 ナチュラル ギフトBOX付き プレゼント 180618 プレゼント ギフト","ONESIZE","ナチュラル","X11","Y11",,"0","45","44","-1",
"2026/09/10 22:09:47","受注取込","7987802","7987802X15Y13","健康サンダル 足つぼ スリッパ 健康 サンダル 健康スリッパ 天然石 パワーストーン レディース メンズ オフィス ★REV 7987802 リラックス ストーン 足裏 足うら 刺激 ツボ押し つぼ押し 超強力 マッサージ 室内 屋外 野外 リフレクソロジー 足ツボサンダル 石 岩 送料無料","43-44(26.5～27.0cm)","シャンパンゴールド","X15","Y13",,"0","25","24","-1",
"2026/09/10 22:09:47","受注取込","7987354","7987354X12Y16","USAブランド 靴下 ソックス NEK ★REV 7987354 メンズ レディース FRUIT OF THE LOOM フルーツオブザルーム プレゼント ギフト 送料無料","レディース","クルーストライプ【長】","X12","Y16",,"0","5","4","-1",
"2026/09/10 22:09:47","受注取込","7986752","7986752X11Y11","収納 サンバイザーホルダー マルチ 車 カーポケット ドライブポケット NEK ★REVL 7986752 おしゃれ サンバイザー ポケット カー用品 収納 カー用品 ペン カードポケット 収納ホルダー サングラスホルダー 車 眼鏡ホルダー カーアクセサリー 送料無料","ONESIZE","ブラック","X11","Y11",,"0","47","45","-2",
"2026/09/10 22:09:47","受注取込","7987400","7987400X11Y11","【とにかくデカい！/普通サイズあり！】キャップ メンズ 大きいサイズ 帽子 深め ビッグサイズ ★REVM 7987400 BIG SIZE メンズキャップ帽子 大きめ 大きい帽子 メンズ帽子 レディース 春 夏 春夏 プレゼント ギフト 母の日 父の日 送料無料","大きいサイズ","A-ブラック","X11","Y11",,"0","206","205","-1",
"2026/09/10 22:10:06","受注取込","7987121","7987121X11Y11","Vintage キャスケット ハンチング メンズ レディース デニム素材 キャスハンチング NEK ★REV 7987121 ハット 鳥打帽 アクセサリー 送料無料","ONESIZE","ネイビー","X11","Y11",,"0","27","26","-1",
"2026/09/10 22:12:53","受注取込","7987625","7987625X11Y11","ヒョウ柄 キャップ 帽子 メンズ レディース レオパード 豹柄 アニマル ファーキャップ ★REV 7987625 送料無料","ONESIZE","ブラウン","X11","Y11",,"0","18","17","-1",
"2026/09/10 22:12:53","受注取込","7987559","7987559X11Y12","ミニ財布 ミニウォレット 短財布 メンズ レディース ウォレット NEK ★REV 7987559 プレゼント ギフト 父の日 母の日 プチギフト 誕プレ 送料無料","ONESIZE","ブラック","X11","Y12",,"0","18","17","-1",
"2026/09/10 22:15:47","受注取込","7992723","7992723X11Y11","お得！ 送料無料 4枚入り 福袋 Dickies ディッキーズ ボクサーパンツ メンズ かわいい NEK ★REV <br> パンツ ボクサーパンツ セット メンズ下着 メンズボクサーパンツ メンズボクサー 大きいサイズ 大きめ 特大 3L 下着 インナー メンズ usa まとめ買い プレゼント ギフト","M","福袋4枚セット","X11","Y11",,"0","50","49","-1",
"2026/09/10 22:15:47","受注取込","7992723","7992723X12Y11","お得！ 送料無料 4枚入り 福袋 Dickies ディッキーズ ボクサーパンツ メンズ かわいい NEK ★REV <br> パンツ ボクサーパンツ セット メンズ下着 メンズボクサーパンツ メンズボクサー 大きいサイズ 大きめ 特大 3L 下着 インナー メンズ usa まとめ買い プレゼント ギフト","L","福袋4枚セット","X12","Y11",,"0","118","117","-1",
"2026/09/10 22:18:46","受注取込","7992054","7992054X11Y13","【シンプル/おしゃれ】16mm パワーストーン ネックレス メンズ レディース 瑪瑙 オブシディアン タイガーアイ NEK ★REV 7992054 黒曜石 茶水晶 虎目石 金運 財運 仕事運 恋愛 結婚 家庭円満 癒し 幸運 成功運 勝負運 家族運 厄除祈願 天然石 お守り プレゼント 送料無料","ONESIZE","【C】ブラウンクオーツ","X11","Y13",,"0","38","37","-1",
"2026/09/10 22:20:00","受注取込","7986611","7986611X13Y11"," 【ふわもこ暖】サンダル スリッパ クロッグ 軽量 ふわもこ メンズ レディース ★REVL 7986611 室内外兼用 あったか おしゃれ ムートンブーツ 秋冬 送料無料","25.0-25.5cm","ブラック","X13","Y11",,"0","18","17","-1",
"2026/09/10 22:20:27","受注取込","7987678","7987678X13Y14","【洗濯可能】トレーニンググローブ 手袋 筋トレ 筋トレグローブ メンズ レディース 指無し NEK ★REV 7987678 ウェイトリフティング 防滑 クッション性 伸びる 洗濯OK バーベル サイクリング ヨガ グリップ","L","B-ブラック","X13","Y14",,"0","34","33","-1",
"2026/09/10 22:20:27","受注取込","7987137","7987137X11Y19","【最安値に挑戦 日本製】GEVAERT ゲバルト ベルト YKK社製 軽量バックル使用 35mm幅 NEK ★REV 7987137 ゴムベルト GVT-1062 1063 1064 1011 1048 無地 カモフラ柄 ベルギー生地使用 日本製 メンズ レディース カジュアル 入学 卒業 通勤 通学 送料無料","ONESIZE","I","X11","Y19",,"0","2","1","-1",
"2026/09/10 22:21:43","受注取込","7987078","7987078X11Y11","【3個の福袋！即出荷】ビーチボール 水遊び ビーチバレー 浮き輪 フロート NEK ★REV 7987078 サッカーボール 30cm アウトドア キャンプ 海 プール 川 リゾート 送料無料","ONESIZE","3個セット","X11","Y11",,"0","6","5","-1",
"2026/09/10 22:21:43","受注取込","7988088","7988088X14Y11","安全靴 スニーカー エアウォーク AIR WALK Y_YU AW-920 グリーン フレックスフィット ローカット メンズ セーフティシューズ 樹脂先芯 軽量 衝撃吸収 負担軽減 作業靴 オシャレ  かかとが踏める ムレにくい","26.5cm ","グリーン","X14","Y11",,"0","141","140","-1",
"2026/09/10 22:21:43","受注取込","7986651","7986651X11Y11","【銅×グラフェンの力で、スマホを瞬冷！】スマホ熱中症対策 冷却 クーラー NEK ★REVL 7986651 スマートフォン 保冷 結露なし スマホ 冷感 冷却 iphone アクセサリー 送料無料","ONESIZE","ブラック","X11","Y11",,"0","455","453","-2",
"2026/09/10 22:21:43","受注取込","7986643","7986643X13Y11"," 【ヒョウ柄 ふわふわ毛布 おしゃれ】毛布 ふわとろ毛布 もこもこ毛布 ブランケット ★REVL 7986643 モコモコ とろとろ ふわふわ 毛布 シングル セミダブル ダブル ひざ掛け 送料無料","130X160","ブラウン","X13","Y11",,"0","19","18","-1",
"2026/09/10 22:22:47","受注取込","7986527","7986527X13Y11","【シリコン製/つけっぱなし】シリコンリング 指輪 メンズ レディース 軽量 耐水 NEK ★REVL 7986527 ユニセックス プレゼント ギフト ミニマル アクセサリー 送料無料","19号","ブラック","X13","Y11",,"0","2","1","-1",
"2026/09/10 22:24:18","受注取込","9009978","9009978X2Y8","帽子 メンズ AVIREX アビレックス 送料無料 キャップ 父の日 プレゼント 贈り物 ニットキャップ メッシュキャップ 大きいサイズ レディース ディッキーズ ローキャップ ワークキャップ ハット ハンチング おしゃれ ロゴ 刺繍 プリント アメカジ HYPE 通販 yos ギフト","B","-8","X2","Y8",,"0","15","14","-1",
"2026/09/10 22:27:17","受注取込","7987674","7987674X11Y11","【ヒョウ柄】リュックサック リュック レディース メンズ デイパック バックパック ★REV 7987674 ヒョウ柄 レオパード プレゼント ギフト クリスマス 送料無料","ONESIZE","レオパード","X11","Y11",,"0","27","26","-1",
"2026/09/10 22:28:20","受注取込","7987559","7987559X11Y12","ミニ財布 ミニウォレット 短財布 メンズ レディース ウォレット NEK ★REV 7987559 プレゼント ギフト 父の日 母の日 プチギフト 誕プレ 送料無料","ONESIZE","ブラック","X11","Y12",,"0","17","16","-1",
"2026/09/10 22:31:19","受注取込","7988386","7988386X11Y11","【高輝度・省電力】LED 卓上 ライト 間接照明 おしゃれ テーブルランプ 北欧 ベッドライト ★REV 7988386 照明 ランプ 一人暮らし ナイトランプ ムードランプ インテリア 雑貨 スタンドライト フロアライト ベッドサイド ルームライト 寝室 usb 電気スタンド フロアランプ","ONESIZE","アイボリー","X11","Y11",,"0","174","173","-1",
"2026/09/10 22:31:19","受注取込","7986608","7986608X11Y13","【変則ケーブル編み】バケットハット ニットキャップ ニット帽  メンズ レディース 帽子 NEK ★REVL 7986608 おしゃれ ケーブル編み ケーブルニット 送料無料","ONESIZE","アイボリー","X11","Y13",,"0","12","11","-1",
"2026/09/10 22:35:47","受注取込","7987952","7987952X11Y15","2WAY ボストンバッグ 大容量 メンズ レディース ショルダーバッグ 旅行 ★REV 7987952 アウトドア キャンプ スポーツ ジム ゴルフ 肩掛け シューズ収納 軽量 防水 靴収納 スポーツバッグ ジムバッグ 2wayバック 男 女子 ボストンバック 靴 収納 ボストン メンズ 送料無料","ONESIZE","ブラック","X11","Y15",,"0","49","48","-1",
"2026/09/10 22:35:47","受注取込","7987678","7987678X12Y14","【洗濯可能】トレーニンググローブ 手袋 筋トレ 筋トレグローブ メンズ レディース 指無し NEK ★REV 7987678 ウェイトリフティング 防滑 クッション性 伸びる 洗濯OK バーベル サイクリング ヨガ グリップ","M","B-ブラック","X12","Y14",,"0","34","33","-1",
"2026/09/10 22:38:24","受注取込","7988124","7988124X11Y12","大きいサイズ キャップ 帽子 メンズ フルキャップ ベースボールキャップ コットンキャップ 野球帽 ワンポイント ★REV 7988124 イーグル 鷲 刺繍 ミリタリー BIGSIZE キングサイズ 送料無料","ONESIZE","ネイビー","X11","Y12",,"0","24","23","-1",
"2026/09/10 22:39:47","受注取込","7987400","7987400X11Y16","【とにかくデカい！/普通サイズあり！】キャップ メンズ 大きいサイズ 帽子 深め ビッグサイズ ★REVM 7987400 BIG SIZE メンズキャップ帽子 大きめ 大きい帽子 メンズ帽子 レディース 春 夏 春夏 プレゼント ギフト 母の日 父の日 送料無料","大きいサイズ","F-ブラック","X11","Y16",,"0","110","109","-1",
"2026/09/10 22:41:17","受注取込","7994812","7994812X13Y33","サファリハット メンズ 釣り 帽子 ハット レディース SUNS(サンズ)  撥水 アウトドア 登山 キャンプ バーベキュー NEK ★REV H-051 H-053 送料無料 大きいサイズあり キッズサイズ 子供 UVカット アドベンチャーハット 父の日 プレゼント ユニセックス 春 夏 夏フェス ギフト","キッズサイズ","GREIGE(H-051)","X13","Y33",,"0","1","0","-1",
"2026/09/10 22:42:18","受注取込","7987074","7987074X12Y11","【くすみカラー 超軽量】サファリハット バケットハット メンズ レディース 普通サイズ 大きいサイズ アドベンチャーハット NEK ★REV 7987074 撥水 速乾 軽量 折り畳める UV カット アウトドア キャンプ 登山 ウォーキング 散歩 日焼け防止 紫外線防止 送料無料","大きいサイズ","ブラック","X12","Y11",,"0","24","23","-1",
"2026/09/10 22:43:53","受注取込","7987078","7987078X11Y11","【3個の福袋！即出荷】ビーチボール 水遊び ビーチバレー 浮き輪 フロート NEK ★REV 7987078 サッカーボール 30cm アウトドア キャンプ 海 プール 川 リゾート 送料無料","ONESIZE","3個セット","X11","Y11",,"0","5","4","-1",
"2026/09/10 22:45:25","受注取込","7997141","7997141X11Y11","特大 スイカ ドーナツ 浮き輪 浮輪 送料無料 プール 大人用 子供用 NEK 7997141 ★REV 120cm 90cm 80cm 70cm 60cm サイズ 大きい 大きめ うきわ ウキワ すいか 海 海水浴 ビックフロート 水上 レジャー かわいい フローティングベッド 西瓜 子供用浮き輪 大人 子供 こども","120cm","スイカ","X11","Y11",,"0","601","600","-1",
"2026/09/10 22:46:22","受注取込","7987626","7987626X11Y11","【お得な5個セット】LEDライト キーホルダー 小型LEDライト NEK ★REV 7987626 キーライト 高輝度 5灯 LR44 ボタン電池 LTG 送料無料","ONESIZE","5本セット","X11","Y11",,"0","312","311","-1",
"2026/09/10 22:49:20","受注取込","7987400","7987400X11Y17","【とにかくデカい！/普通サイズあり！】キャップ メンズ 大きいサイズ 帽子 深め ビッグサイズ ★REVM 7987400 BIG SIZE メンズキャップ帽子 大きめ 大きい帽子 メンズ帽子 レディース 春 夏 春夏 プレゼント ギフト 母の日 父の日 送料無料","大きいサイズ","G-オレンジ","X11","Y17",,"0","25","24","-1",
"2026/09/10 22:49:20","受注取込","7987400","7987400X11Y15","【とにかくデカい！/普通サイズあり！】キャップ メンズ 大きいサイズ 帽子 深め ビッグサイズ ★REVM 7987400 BIG SIZE メンズキャップ帽子 大きめ 大きい帽子 メンズ帽子 レディース 春 夏 春夏 プレゼント ギフト 母の日 父の日 送料無料","大きいサイズ","E-ベージュ","X11","Y15",,"0","98","97","-1",
"2026/09/10 22:52:39","受注取込","7986558","7986558X11Y11"," 【高反発ハンドグリップボール】握力トレーニング 指先 前腕 強化 ストレス解消 ★REVL 7986558 ハンドエクササイズボール 送料無料","ONESIZE","ブラック","X11","Y11",,"0","4","3","-1",
"2026/09/10 22:52:52","受注取込","7992723","7992723X14Y11","お得！ 送料無料 4枚入り 福袋 Dickies ディッキーズ ボクサーパンツ メンズ かわいい NEK ★REV <br> パンツ ボクサーパンツ セット メンズ下着 メンズボクサーパンツ メンズボクサー 大きいサイズ 大きめ 特大 3L 下着 インナー メンズ usa まとめ買い プレゼント ギフト","3L","福袋4枚セット","X14","Y11",,"0","73","72","-1",
"2026/09/10 22:54:20","受注取込","7986572","7986572X11Y38","【新型/IQOS イルマ i ワン用】アイコス イルマiワン ILUMA ケース 保護ケース NEK ★REVL 7986572 iqosイルマワン イルマワンカバー 耐衝撃 おしゃれ iqos iluma one 専用 IQOSイルマワン保護ケース レザー ヒョウ柄 ペイズリー 保護カバー アイコスケース アクセサリー 送料無料","イルマiワン","82","X11","Y38",,"0","14","13","-1",
"2026/09/10 22:59:48","受注取込","7987678","7987678X12Y14","【洗濯可能】トレーニンググローブ 手袋 筋トレ 筋トレグローブ メンズ レディース 指無し NEK ★REV 7987678 ウェイトリフティング 防滑 クッション性 伸びる 洗濯OK バーベル サイクリング ヨガ グリップ","M","B-ブラック","X12","Y14",,"0","33","32","-1",
"2026/09/10 23:00:02","受注取込","7992723","7992723X14Y11","お得！ 送料無料 4枚入り 福袋 Dickies ディッキーズ ボクサーパンツ メンズ かわいい NEK ★REV <br> パンツ ボクサーパンツ セット メンズ下着 メンズボクサーパンツ メンズボクサー 大きいサイズ 大きめ 特大 3L 下着 インナー メンズ usa まとめ買い プレゼント ギフト","3L","福袋4枚セット","X14","Y11",,"0","72","71","-1",
"2026/09/10 23:00:02","受注取込","8003112","8003112X13Y13","AVIREX アビレックス タンクトップ メンズ 無地 アヴィレックス メンズアメカジトップス ★REV NEK 6143503 全10色 プレゼント ギフト","L","グレー(14)","X13","Y13",,"0","3","2","-1",
"2026/09/10 23:01:21","受注取込","7987187","7987187X11Y34","【イルマ アイ対応！】アイコス イルマ アイ ILUMA i ケース 保護ケース イルマ NEK ★REV 7987187 イルマカバー 耐衝撃 おしゃれ iluma 専用 イルマ 保護ケース レザー 迷彩 ヒョウ柄 ペイズリー 保護カバー アクセサリー アイコスケース 送料無料","イルマスタンダード","X","X11","Y34",,"0","3","2","-1",
"2026/09/10 23:02:47","受注取込","7987140","7987140X11Y18","【COOLにマナーを】携帯灰皿 カラビナ付き 吸い殻入れ 金属製 フタ付き 小型 軽量 NEK ★REVL 7987140 喫煙グッズ アッシュトレイ 持ち運び便利 男性 メンズ レディース 送料無料","ONESIZE","H.シルバーペイズリー","X11","Y18",,"0","62","61","-1",
"2026/09/10 23:03:19","受注取込","7986466","7986466X11Y12","【大きいサイズ】 キャップ 帽子 メッシュキャップ ランニングキャップ NEK ★REVL 7986466 メンズ レディース 速乾 軽量 ジョギング アウトドア キャンプ スポーツ 釣り 海 プール 送料無料","ONESIZE","ネイビー","X11","Y12",,"0","17","16","-1",
"2026/09/10 23:03:19","受注取込","7986466","7986466X11Y11","【大きいサイズ】 キャップ 帽子 メッシュキャップ ランニングキャップ NEK ★REVL 7986466 メンズ レディース 速乾 軽量 ジョギング アウトドア キャンプ スポーツ 釣り 海 プール 送料無料","ONESIZE","ブラック","X11","Y11",,"0","14","13","-1",
"2026/09/10 23:03:19","受注取込","7987093","7987093X12Y13","【新型iphone/IQOS対応】急速5A 3股 Type-C 充電ケーブル スマホケーブル 1.2m 2m 3m typec NEK ★REVL 7987093 新型iphone IQOS対応 USB A→Type-C×3 充電ケーブル 3in1 急速 送料無料","2.0m","ブラック_TypeC/TypeC×3","X12","Y13",,"0","63","62","-1",
"2026/09/10 23:03:58","受注取込","7994812","7994812X13Y12","サファリハット メンズ 釣り 帽子 ハット レディース SUNS(サンズ)  撥水 アウトドア 登山 キャンプ バーベキュー NEK ★REV H-051 H-053 送料無料 大きいサイズあり キッズサイズ 子供 UVカット アドベンチャーハット 父の日 プレゼント ユニセックス 春 夏 夏フェス ギフト","キッズサイズ","BLACK(H_051)","X13","Y12",,"0","11","10","-1",
"2026/09/10 23:03:58","受注取込","7994812","7994812X13Y32","サファリハット メンズ 釣り 帽子 ハット レディース SUNS(サンズ)  撥水 アウトドア 登山 キャンプ バーベキュー NEK ★REV H-051 H-053 送料無料 大きいサイズあり キッズサイズ 子供 UVカット アドベンチャーハット 父の日 プレゼント ユニセックス 春 夏 夏フェス ギフト","キッズサイズ","T.BLUE(H_051)","X13","Y32",,"0","23","22","-1",
"2026/09/10 23:03:58","受注取込","7994812","7994812X11Y31","サファリハット メンズ 釣り 帽子 ハット レディース SUNS(サンズ)  撥水 アウトドア 登山 キャンプ バーベキュー NEK ★REV H-051 H-053 送料無料 大きいサイズあり キッズサイズ 子供 UVカット アドベンチャーハット 父の日 プレゼント ユニセックス 春 夏 夏フェス ギフト","普通サイズ","RENGA(H_051)","X11","Y31",,"0","47","46","-1",
"2026/09/10 23:03:58","受注取込","7994812","7994812X11Y13","サファリハット メンズ 釣り 帽子 ハット レディース SUNS(サンズ)  撥水 アウトドア 登山 キャンプ バーベキュー NEK ★REV H-051 H-053 送料無料 大きいサイズあり キッズサイズ 子供 UVカット アドベンチャーハット 父の日 プレゼント ユニセックス 春 夏 夏フェス ギフト","普通サイズ","NAVY(H_051)","X11","Y13",,"0","20","19","-1",
"2026/09/10 23:03:58","受注取込","7987697","7987697X11Y11","【速攻配達】冷やスマPRO 盛夏用 スマホ熱中症対策 冷却 クーラー ★REV NEK スマートフォン専用常温保冷剤 熱暴走 結露なし スマホ 冷感 冷却 HIYASUMA","ONESIZE","ホワイト","X11","Y11",,"0","403","402","-1",
"2026/09/10 23:05:19","受注取込","7987961","7987961X11Y14","【ボーダーがおしゃれ】犬服 ドッグウェア 送料無料 パーカー ボーダー ストライプ NEK ★REVG 7987961 春 夏 秋 春用 夏用 秋用 プレゼント ギフト インスタ映え 送料無料","XS","ベージュ×ブラウン","X11","Y14",,"0","8","7","-1",
"2026/09/10 23:06:47","受注取込","7994812","7994812X11Y12","サファリハット メンズ 釣り 帽子 ハット レディース SUNS(サンズ)  撥水 アウトドア 登山 キャンプ バーベキュー NEK ★REV H-051 H-053 送料無料 大きいサイズあり キッズサイズ 子供 UVカット アドベンチャーハット 父の日 プレゼント ユニセックス 春 夏 夏フェス ギフト","普通サイズ","BLACK(H_051)","X11","Y12",,"0","37","36","-1",
"2026/09/10 23:10:57","受注取込","7994812","7994812X11Y13","サファリハット メンズ 釣り 帽子 ハット レディース SUNS(サンズ)  撥水 アウトドア 登山 キャンプ バーベキュー NEK ★REV H-051 H-053 送料無料 大きいサイズあり キッズサイズ 子供 UVカット アドベンチャーハット 父の日 プレゼント ユニセックス 春 夏 夏フェス ギフト","普通サイズ","NAVY(H_051)","X11","Y13",,"0","19","18","-1",
"2026/09/10 23:10:57","受注取込","7986693","7986693X11Y12","【健康な髪は地肌から】 シャンプーブラシ シャワーブラシ スカルプブラシ ★REV 7986693 レディース メンズ 頭皮マッサージブラシ  ヘッドスパブラシ お風呂 洗浄 ドライ＆ウェット両用 頭皮ケア 毛穴スッキリ 櫛 送料無料","ONESIZE","ホワイト","X11","Y12",,"0","18","17","-1",
"2026/09/10 23:11:02","受注取込","7987516","7987516X14Y14","【選べる2色×4サイズ】ネックレス ワックスコード チョーカー メンズ レディース 41cm 50cm 60cm 70cm NEK ★REV 7987516 シンプル おしゃれ プレゼント プチギフト バレンタイン クリスマス 送料無料","70cm","ダークブラウン3mm","X14","Y14",,"0","15","14","-1",
"2026/09/10 23:11:02","受注取込","7987516","7987516X14Y13","【選べる2色×4サイズ】ネックレス ワックスコード チョーカー メンズ レディース 41cm 50cm 60cm 70cm NEK ★REV 7987516 シンプル おしゃれ プレゼント プチギフト バレンタイン クリスマス 送料無料","70cm","ブラック3mm","X14","Y13",,"0","16","15","-1",
"2026/09/10 23:12:18","受注取込","7986465","7986465X11Y13","【とにかくデカい】帽子 キャップ 大きいサイズ 深い 深め 60～65cm ★REVL 7986465 サイドタグ シンプル おしゃれ 野球帽 送料無料","ONESIZE","カーキ","X11","Y13",,"0","13","12","-1",
"2026/09/10 23:12:18","受注取込","7994812","7994812X11Y19","サファリハット メンズ 釣り 帽子 ハット レディース SUNS(サンズ)  撥水 アウトドア 登山 キャンプ バーベキュー NEK ★REV H-051 H-053 送料無料 大きいサイズあり キッズサイズ 子供 UVカット アドベンチャーハット 父の日 プレゼント ユニセックス 春 夏 夏フェス ギフト","普通サイズ","TORICO(H_051)","X11","Y19",,"0","11","10","-1",
"2026/09/10 23:12:18","受注取込","7988466","7988466X11Y11","【速攻配達 送料無料】ゲーミングイヤホン ヘッドセット LTG 落ちない ズレない こもらない 暑くない switch ヘッドホン マイク 付き NEK 7988466 ps4 ps5 ヘッドフォン 有線 USB ニンテンドースイッチ テレワーク zoom ズーム リモート WEB会議 ミーティング","ONESIZE","ブラック/レッド","X11","Y11",,"0","3","2","-1",
"2026/09/10 23:14:01","受注取込","7988124","7988124X11Y12","大きいサイズ キャップ 帽子 メンズ フルキャップ ベースボールキャップ コットンキャップ 野球帽 ワンポイント ★REV 7988124 イーグル 鷲 刺繍 ミリタリー BIGSIZE キングサイズ 送料無料","ONESIZE","ネイビー","X11","Y12",,"0","23","22","-1",
"2026/09/10 23:16:18","受注取込","7986584","7986584X13Y12","Indian Motocycle インディアン パーカー ジップパーカー メンズ レディース IC-2653 7986584  Basic Zip-up Hoodie Headmark Logo ロゴ刺繍 ブランド シンプル 送料無料","L","バーガンディ","X13","Y12",,"0","6","5","-1",
"2026/09/10 23:17:47","受注取込","7986572","7986572X11Y39","【新型/IQOS イルマ i ワン用】アイコス イルマiワン ILUMA ケース 保護ケース NEK ★REVL 7986572 iqosイルマワン イルマワンカバー 耐衝撃 おしゃれ iqos iluma one 専用 IQOSイルマワン保護ケース レザー ヒョウ柄 ペイズリー 保護カバー アイコスケース アクセサリー 送料無料","イルマiワン","83","X11","Y39",,"0","30","29","-1",
"2026/09/10 23:21:03","受注取込","7988466","7988466X11Y11","【速攻配達 送料無料】ゲーミングイヤホン ヘッドセット LTG 落ちない ズレない こもらない 暑くない switch ヘッドホン マイク 付き NEK 7988466 ps4 ps5 ヘッドフォン 有線 USB ニンテンドースイッチ テレワーク zoom ズーム リモート WEB会議 ミーティング","ONESIZE","ブラック/レッド","X11","Y11",,"0","2","1","-1",
"2026/09/10 23:23:18","受注取込","7988106","7988106X11Y11","【もりもり育つ】植物育成ライト LED クリップ スタンド 植物育成 観葉植物 ★REV 7988106 多肉植物育成 育成ライト 植物 ライト 80LED 40W 室内栽培 水耕栽培 野菜工場 ledライト 3モード調色 9段階調光 360度調整 タイマー機能 梅雨時期 冬 日照不足解消 省エネ USB電源式","ONESIZE","ブラック","X11","Y11",,"0","18","17","-1",
"2026/09/10 23:23:18","受注取込","7990254","7990254X11Y12","【送料無料 速攻配達】AVIREX ニットキャップ ニット帽 帽子 メンズ レディース スウェットキャップ  NEK ★REV 14649300 ルーズ キャップ ブランド アビレックス リバーシブル AX REVERSIBLE SWEAT CAP 送料無料 プレゼント ギフト","ONESIZE","ブラック(80)","X11","Y12",,"0","343","342","-1",
"2026/09/10 23:26:31","受注取込","7990619","7990619X11Y11","アルコール ジェル 除菌 消毒 500ml 62% 【50mlのミニボトル2本付き あす楽】 エタノール ハンドジェル アルコール 消毒 アルコール 除菌 アルコール消毒液 500ml アメリカFDA 認証商品 ウイルス対策  7990619 プレゼント ギフト","500ml","ジェルタイプ","X11","Y11",,"0","771","755","-16",
"2026/09/10 23:30:24","受注取込","7988097","7988097X15Y11","【羊ムートン付】 防寒ブーツ スノーブーツ ウインターブーツ ブーツ ★REV 7988097 <br> 冬 ムートンブーツ メンズ ムートン メンズブーツ 防寒靴 メンズ冬靴 サイドジップ 靴 シューズ 防滑 撥水 アウトドア キャンプ スノボ 登山 プレゼント ギフト 送料無料","27.0cm","ブラック","X15","Y11",,"0","154","153","-1",
"2026/09/10 23:30:24","受注取込","7994812","7994812X12Y11","サファリハット メンズ 釣り 帽子 ハット レディース SUNS(サンズ)  撥水 アウトドア 登山 キャンプ バーベキュー NEK ★REV H-051 H-053 送料無料 大きいサイズあり キッズサイズ 子供 UVカット アドベンチャーハット 父の日 プレゼント ユニセックス 春 夏 夏フェス ギフト","大きいサイズ","BK/BLACK(H_051)","X12","Y11",,"0","178","177","-1",
"2026/09/10 23:31:19","受注取込","7987400","7987400X11Y11","【とにかくデカい！/普通サイズあり！】キャップ メンズ 大きいサイズ 帽子 深め ビッグサイズ ★REVM 7987400 BIG SIZE メンズキャップ帽子 大きめ 大きい帽子 メンズ帽子 レディース 春 夏 春夏 プレゼント ギフト 母の日 父の日 送料無料","大きいサイズ","A-ブラック","X11","Y11",,"0","205","204","-1",
"2026/09/10 23:32:48","受注取込","7988044","7988044X11Y13","ショルダーバッグ メンズ ワンショルダー 斜め掛け ★REV 7988044 おしゃれバッグ Vintage 斜めがけ メンズボディバック かっこいい ボディバッグ レザー ワンショルダーバッグ カバン 鞄 かばん レザー調 メンズバッグ 斜めがけ メンズショルダーバック 散歩 送料無料","ONESIZE","C_ブラウン","X11","Y13",,"0","20","19","-1",
"2026/09/10 23:34:18","受注取込","7990405","7990405X11Y11","リュックチェア 折りたたみ 椅子 リュックサック 保冷バッグ 保温 アウトドア 行列 運動会 キャンプ バーベキュー ミリタリー 送料無料 ★REV 7990405 椅子付き 座れるリュック リュック 持ち運び 保冷リュック 携帯椅子 携帯イス 折りたたみチェア イス 椅子 折り畳みチェア","ONESIZE","ブラック","X11","Y11",,"0","53","52","-1",
"2026/09/10 23:34:18","受注取込","7994812","7994812X12Y12","サファリハット メンズ 釣り 帽子 ハット レディース SUNS(サンズ)  撥水 アウトドア 登山 キャンプ バーベキュー NEK ★REV H-051 H-053 送料無料 大きいサイズあり キッズサイズ 子供 UVカット アドベンチャーハット 父の日 プレゼント ユニセックス 春 夏 夏フェス ギフト","大きいサイズ","BLACK(H_051)","X12","Y12",,"0","51","50","-1",
"2026/09/10 23:35:47","受注取込","7987078","7987078X11Y11","【3個の福袋！即出荷】ビーチボール 水遊び ビーチバレー 浮き輪 フロート NEK ★REV 7987078 サッカーボール 30cm アウトドア キャンプ 海 プール 川 リゾート 送料無料","ONESIZE","3個セット","X11","Y11",,"0","4","3","-1",
"2026/09/10 23:35:47","受注取込","7994812","7994812X11Y31","サファリハット メンズ 釣り 帽子 ハット レディース SUNS(サンズ)  撥水 アウトドア 登山 キャンプ バーベキュー NEK ★REV H-051 H-053 送料無料 大きいサイズあり キッズサイズ 子供 UVカット アドベンチャーハット 父の日 プレゼント ユニセックス 春 夏 夏フェス ギフト","普通サイズ","RENGA(H_051)","X11","Y31",,"0","46","45","-1",
"2026/09/10 23:36:48","受注取込","7986547","7986547X11Y11","【お得な5枚10点セット】福袋 おなかぷにぷに3Dキャラクターシール 犬猫アニマル NEK ★REVO 7986547 ピンセット付き ぷにぷに触感 ストレス解消 癒しデコシール プレゼント ギフト 送料無料","ONESIZE","5枚10点アソート","X11","Y11",,"0","397","396","-1",
"2026/09/10 23:38:32","受注取込","7986516","7986516X11Y12","【当店限定モデル/深め】 AVIREX キャップ メンズ レディース 深め 刺繍 シンプル 81747500 ★REVL 7986516 ブランド コットン100％ サイズ調整可能 ブラック グレージュ 送料無料","ONESIZE","グレージュ","X11","Y12",,"0","72","71","-1",
"2026/09/10 23:39:49","受注取込","7986752","7986752X11Y11","収納 サンバイザーホルダー マルチ 車 カーポケット ドライブポケット NEK ★REVL 7986752 おしゃれ サンバイザー ポケット カー用品 収納 カー用品 ペン カードポケット 収納ホルダー サングラスホルダー 車 眼鏡ホルダー カーアクセサリー 送料無料","ONESIZE","ブラック","X11","Y11",,"0","45","44","-1",
"2026/09/10 23:41:18","受注取込","7993221","7993221X11Y15","訳あり キーホルダー メンズ 車 スマートキー キーチェーン キーリング レザー NEK ★REV 7993221 家 鍵 カギ 送料無料 ステンレス レザー 男性 おしゃれ シンプル カラビナフック プレゼント","ONESIZE","ブラック_B","X11","Y15",,"0","1","0","-1",
"2026/09/10 23:44:47","受注取込","7986654","7986654X11Y11","【お得な100枚セット】宅配ビニール袋 100枚 お得 安い 宅配袋 宅配ポリ袋 ポリ袋 強テープ付き 17cm 20cm 25cm 30cm 32cm 40cm 45cm 50cm 60cm 梱包 袋 梱包材 ビニール 宅配 7986654 プレゼント ギフト","17cm×30cm","ワンカラー","X11","Y11",,"0","20","17","-3",
"2026/09/10 23:44:47","受注取込","7986654","7986654X12Y11","【お得な100枚セット】宅配ビニール袋 100枚 お得 安い 宅配袋 宅配ポリ袋 ポリ袋 強テープ付き 17cm 20cm 25cm 30cm 32cm 40cm 45cm 50cm 60cm 梱包 袋 梱包材 ビニール 宅配 7986654 プレゼント ギフト","20cm×35cm","ワンカラー","X12","Y11",,"0","13","8","-5",
"2026/09/10 23:45:26","受注取込","7986716","7986716X11Y11","【紫外線でプロ級チェック】アニサキスライト UV 紫外線ライト ブラックライト NEK ★REVL 7986716 365nm 充電式 TYPE-C充電  USB 光学レンズ アニサキス検出 生活 食事 釣り 掃除 コンパクト 送料無料","1本","ブラック(TYPE-C)","X11","Y11",,"0","24","23","-1",
"2026/09/10 23:45:49","受注取込","7999490","7999490X11Y20","スマホケース 全機種対応 小物入れ ベルト ポーチ サバゲー Military NEK ★REV 7999490 iPhone アイコス イルマ ケース ケース 送料無料","ONESIZE","蛍光オレンジ","X11","Y20",,"0","16","15","-1",
"2026/09/10 23:46:48","受注取込","7992723","7992723X12Y11","お得！ 送料無料 4枚入り 福袋 Dickies ディッキーズ ボクサーパンツ メンズ かわいい NEK ★REV <br> パンツ ボクサーパンツ セット メンズ下着 メンズボクサーパンツ メンズボクサー 大きいサイズ 大きめ 特大 3L 下着 インナー メンズ usa まとめ買い プレゼント ギフト","L","福袋4枚セット","X12","Y11",,"0","117","116","-1",
"2026/09/10 23:46:48","受注取込","7988215","7988215X14Y12","【とにかくデカい！】 大きいサイズ キャップ メッシュキャップ 送料無料 大きめ ビッグサイズ BIG SIZE ★REV 7988215 <br> 帽子 ハット キャップ ワークキャップ メンズキャップ 大きいサイズ バケット 大きい帽子 メンズ バケハ メンズ帽子 大きい 頭 メッシュ 全39カラー","DD","2","X14","Y12",,"0","27","26","-1",
"2026/09/10 23:49:48","受注取込","7987400","7987400X11Y11","【とにかくデカい！/普通サイズあり！】キャップ メンズ 大きいサイズ 帽子 深め ビッグサイズ ★REVM 7987400 BIG SIZE メンズキャップ帽子 大きめ 大きい帽子 メンズ帽子 レディース 春 夏 春夏 プレゼント ギフト 母の日 父の日 送料無料","大きいサイズ","A-ブラック","X11","Y11",,"0","204","203","-1",
"2026/09/10 23:50:03","受注取込","7986855","7986855X11Y11","【潜在能力を引き出す】ラブラドライト パワーストーン ネックレス NEK ★REV 7986855 チョーカー メンズ レディース 天然石 お守り プレゼント 送料無料 アクセサリー","ONESIZE","オーロラ","X11","Y11",,"0","19","18","-1",
"2026/09/10 23:50:03","受注取込","7987400","7987400X11Y16","【とにかくデカい！/普通サイズあり！】キャップ メンズ 大きいサイズ 帽子 深め ビッグサイズ ★REVM 7987400 BIG SIZE メンズキャップ帽子 大きめ 大きい帽子 メンズ帽子 レディース 春 夏 春夏 プレゼント ギフト 母の日 父の日 送料無料","大きいサイズ","F-ブラック","X11","Y16",,"0","109","108","-1",
"2026/09/10 23:51:10","受注取込","7986651","7986651X11Y11","【銅×グラフェンの力で、スマホを瞬冷！】スマホ熱中症対策 冷却 クーラー NEK ★REVL 7986651 スマートフォン 保冷 結露なし スマホ 冷感 冷却 iphone アクセサリー 送料無料","ONESIZE","ブラック","X11","Y11",,"0","453","452","-1",
"2026/09/10 23:51:49","受注取込","7986761","7986761X11Y14","【5桁ダイヤル/堅牢】ワイヤーロック ダイヤルロック 自転車 鍵 ダイヤル ロック NEK ★REVL 7986761 ワイヤー ロードバイク コンパクト ロードバイク 電動自転車 クロスバイク マウンテンバイク バイク 折りたたみ自転車 盗難防止 取付簡単 セキュリティ 盗難 盗難防止 防犯 日本語取説付き 送料無料","ONESIZE","ピンク","X11","Y14",,"0","23","22","-1",
"2026/09/10 23:53:17","受注取込","7987031","7987031X11Y16","【大人気SUNSより当店限定！】ミニトート バッグ レディース メンズ トートバッグ トート NEK ★REVL 7987031 CRB-001 ミニ 仕切り ポケット ランチバッグ マザーズバッグ 収納 ミリタリー MA-1 シンプル おしゃれ 便利 無地 通勤 通学 ユニセックス ジッパー付き 撥水","ONESIZE","ネイビー","X11","Y16",,"0","34","33","-1",
"2026/09/10 23:54:19","受注取込","7987186","7987186X11Y11","アップルペンシル タッチペン タブレット ケース カバー Apple Pencil NEK ★REV 7987186 第1世代 第2世代 レザー ゴムバンド付き スタイラス ペン ケース アップル ペンシル iPad ペンホルダー 紛失防止 ipad ペンケース apple pencil case Apple Pencil 2nd generation","ONESIZE","ブラウン","X11","Y11",,"0","23","22","-1",
"2026/09/10 23:54:19","受注取込","7987490","7987490X11Y11","【手首を太く逞しくする】前腕筋 筋トレ 握力 手首 前腕部の強化 腕相撲 ★REV 7987490 バスケットボール テニス ゴルフ 柔道 剣道 空手 格闘技 プレゼント ギフト 送料無料","ONESIZE","ブラック","X11","Y11",,"0","73","72","-1",
"2026/09/10 23:56:54","受注取込","7987559","7987559X11Y14","ミニ財布 ミニウォレット 短財布 メンズ レディース ウォレット NEK ★REV 7987559 プレゼント ギフト 父の日 母の日 プチギフト 誕プレ 送料無料","ONESIZE","ブラウン","X11","Y14",,"0","13","12","-1",
"2026/09/10 23:58:19","受注取込","7986761","7986761X11Y14","【5桁ダイヤル/堅牢】ワイヤーロック ダイヤルロック 自転車 鍵 ダイヤル ロック NEK ★REVL 7986761 ワイヤー ロードバイク コンパクト ロードバイク 電動自転車 クロスバイク マウンテンバイク バイク 折りたたみ自転車 盗難防止 取付簡単 セキュリティ 盗難 盗難防止 防犯 日本語取説付き 送料無料","ONESIZE","ピンク","X11","Y14",,"0","22","21","-1",
"2026/09/10 23:58:19","受注取込","7994812","7994812X12Y11","サファリハット メンズ 釣り 帽子 ハット レディース SUNS(サンズ)  撥水 アウトドア 登山 キャンプ バーベキュー NEK ★REV H-051 H-053 送料無料 大きいサイズあり キッズサイズ 子供 UVカット アドベンチャーハット 父の日 プレゼント ユニセックス 春 夏 夏フェス ギフト","大きいサイズ","BK/BLACK(H_051)","X12","Y11",,"0","177","176","-1",
"2026/09/10 23:58:19","受注取込","7987400","7987400X11Y18","【とにかくデカい！/普通サイズあり！】キャップ メンズ 大きいサイズ 帽子 深め ビッグサイズ ★REVM 7987400 BIG SIZE メンズキャップ帽子 大きめ 大きい帽子 メンズ帽子 レディース 春 夏 春夏 プレゼント ギフト 母の日 父の日 送料無料","大きいサイズ","H-オリーブ","X11","Y18",,"0","40","39","-1",
"2026/09/10 23:58:19","受注取込","7987400","7987400X11Y13","【とにかくデカい！/普通サイズあり！】キャップ メンズ 大きいサイズ 帽子 深め ビッグサイズ ★REVM 7987400 BIG SIZE メンズキャップ帽子 大きめ 大きい帽子 メンズ帽子 レディース 春 夏 春夏 プレゼント ギフト 母の日 父の日 送料無料","大きいサイズ","C-グレー","X11","Y13",,"0","66","65","-1",
