"更新日時","更新理由","商品基本コード","商品コード","商品名","属性1名","属性2名","属性1コード","属性2コード","倉庫名","実在庫区分","変動前","変動後","増減値","ユーザー"
"2026/08/18 00:00:12","受注取込","7987626","7987626X11Y11","【お得な5個セット】LEDライト キーホルダー 小型LEDライト NEK ★REV 7987626 キーライト 高輝度 5灯 LR44 ボタン電池 LTG 送料無料","ONESIZE","5本セット","X11","Y11",,"0","53","52","-1",
"2026/08/18 00:00:20","受注取込","7987400","7987400X11Y11","【とにかくデカい！/普通サイズあり！】キャップ メンズ 大きいサイズ 帽子 深め ビッグサイズ ★REVM 7987400 BIG SIZE メンズキャップ帽子 大きめ 大きい帽子 メンズ帽子 レディース 春 夏 春夏 プレゼント ギフト 母の日 父の日 送料無料","大きいサイズ","A-ブラック","X11","Y11",,"0","48","47","-1",
"2026/08/18 00:01:00","受注取込","8003112","8003112X11Y12","AVIREX アビレックス タンクトップ メンズ 無地 アヴィレックス メンズアメカジトップス ★REV NEK 6143503 全10色 プレゼント ギフト","S","ブラック(09)","X11","Y12",,"0","3","2","-1",
"2026/08/18 00:06:15","受注取込","7987794","7987794X12Y13","【大きいサイズもあり】キャスハンチング キャップ メンズ レディース CULTURE MART NEK 101294 ★REV 7987794 ハンチング帽子 ハンチング帽 秋冬 帽子 ハンチング キャスケット メンズ帽子 レディース帽子秋冬 秋冬帽子 メンズハンチング おしゃれ カルチャーマート","大きいサイズ","ブラック(3)","X12","Y13",,"0","27","26","-1",
"2026/08/18 00:10:18","受注取込","7995525","7995525X1Y14","AVIREX 限定モデル キャップ 帽子 父の日 贈り物 プレゼント メンズ ★REV ブラックシリーズ 黒 アビレックス アヴィレックス メッシュキャップ ハンチング ローキャップ バケット ハット ワークキャップ レディース かっこいい yos プレゼント ギフト","ONESIZE","【N】サファリハット_17158300","X1","Y14",,"0","117","116","-1",
"2026/08/18 00:12:15","受注取込","7994812","7994812X11Y33","サファリハット メンズ 釣り 帽子 ハット レディース SUNS(サンズ)  撥水 アウトドア 登山 キャンプ バーベキュー NEK ★REV H-051 H-053 送料無料 大きいサイズあり キッズサイズ 子供 UVカット アドベンチャーハット 父の日 プレゼント ユニセックス 春 夏 夏フェス ギフト","普通サイズ","GREIGE(H-051)","X11","Y33",,"0","15","14","-1",
"2026/08/18 00:15:31","受注取込","7986721","7986721X11Y18","【ダメージ加工がCOOL】帽子 キャップ Vintage メンズ レディース くすみカラー ★REVL 7986721 こなれ感 深め しっかり素材 送料無料","ONESIZE","ライトブラウン","X11","Y18",,"0","16","15","-1",
"2026/08/18 00:33:45","受注取込","7987400","7987400X11Y11","【とにかくデカい！/普通サイズあり！】キャップ メンズ 大きいサイズ 帽子 深め ビッグサイズ ★REVM 7987400 BIG SIZE メンズキャップ帽子 大きめ 大きい帽子 メンズ帽子 レディース 春 夏 春夏 プレゼント ギフト 母の日 父の日 送料無料","大きいサイズ","A-ブラック","X11","Y11",,"0","47","46","-1",
"2026/08/18 00:50:14","受注取込","7987782","7987782X11Y11","【お得なMilitaryショルダー】ショルダーバッグ サコッシュ ポーチ ★REV 7987782 メンズ レディース ミリタリー MA-1 プレゼント ギフト 送料無料","ONESIZE","オリーブ","X11","Y11",,"0","7","6","-1",
"2026/08/18 01:00:06","受注取込","7986722","7986722X11Y12","【本革仕様】パワーグリップ 筋トレグローブ トレーニンググローブ リストラップ 本革 NEK ★REVL 7986722 本皮 ジム トレーニング デッドリフト ベンチプレス 手袋 グローブ 握力補助 ラットプルダウン 筋トレ バーベル 懸垂 左右セット ウェイトリフティング 滑り止め加工 送料無料","ONESIZE","ブルー","X11","Y12",,"0","22","21","-1",
"2026/08/18 01:00:06","受注取込","7986706","7986706X12Y11","【特大！すっぽりかぶって、小顔見せ】バケットハット チューリップハット 帽子 NEK ★REVL 7986706 メンズ レディース 大きいサイズ 普通サイズ  デニム素材 コットン100％ おしゃれ フリンジ 送料無料","大きいサイズ","ブラック","X12","Y11",,"0","124","123","-1",
"2026/08/18 01:03:15","受注取込","7997141","7997141X11Y11","特大 スイカ ドーナツ 浮き輪 浮輪 送料無料 プール 大人用 子供用 NEK 7997141 ★REV 120cm 90cm 80cm 70cm 60cm サイズ 大きい 大きめ うきわ ウキワ すいか 海 海水浴 ビックフロート 水上 レジャー かわいい フローティングベッド 西瓜 子供用浮き輪 大人 子供 こども","120cm","スイカ","X11","Y11",,"0","685","684","-1",
"2026/08/18 01:10:23","受注取込","7987683","7987683X11Y13","3WAY ボストンバッグ リュック ジムバッグ メンズ レディース ショルダーバッグ ★REV  7987683 旅行 リュックサック 軽量 アウトドア キャンプ スポーツ ジム ゴルフ シューズ収納 防水 おしゃれ かわいい 男 女子 ボストン 高校生メンズ ショルダー 送料無料","ONESIZE","ブラック×ホワイト","X11","Y13",,"0","29","28","-1",
"2026/08/18 01:19:45","受注取込","8003102","8003102X16Y11","やみつきになる！ ストレッチ AVIREX アビレックス Tシャツ メンズ ★REV NEK 6143501 6143502 Vネック クルーネック 半袖 プレゼント ギフト","クルーネック_ホワイト_001","Sサイズ","X16","Y11",,"0","2","1","-1",
"2026/08/18 02:20:27","受注取込","7988215","7988215X16Y15","【とにかくデカい！】 大きいサイズ キャップ メッシュキャップ 送料無料 大きめ ビッグサイズ BIG SIZE ★REV 7988215 <br> 帽子 ハット キャップ ワークキャップ メンズキャップ 大きいサイズ バケット 大きい帽子 メンズ バケハ メンズ帽子 大きい 頭 メッシュ 全39カラー","FF","5","X16","Y15",,"0","132","131","-1",
"2026/08/18 02:50:04","受注取込","7986622","7986622X11Y11","【ゆるダボニット帽/15種】ニットキャップ ニット帽 帽子 ワッチキャップ ビーニー NEK ★REVL 7986622 レディース メンズ Vintage おしゃれ 韓国女子 小顔効果 送料無料","ONESIZE","A","X11","Y11",,"0","9","8","-1",
"2026/08/18 03:19:15","受注取込","7987692","7987692X11Y12","【イタリア製GAPO】イタリア製 ベルト メンズ レディース GAPO ブランド 本革 本皮 イタリアンレザー ★REV Y_KO 40044 3.5cm幅 35mm ビジネスベルト カジュアルベルト 送料無料 プレゼント ギフト 父の日","ONESIZE","キャメル","X11","Y12",,"0","19","18","-1",
"2026/08/18 03:20:45","受注取込","7987400","7987400X11Y15","【とにかくデカい！/普通サイズあり！】キャップ メンズ 大きいサイズ 帽子 深め ビッグサイズ ★REVM 7987400 BIG SIZE メンズキャップ帽子 大きめ 大きい帽子 メンズ帽子 レディース 春 夏 春夏 プレゼント ギフト 母の日 父の日 送料無料","大きいサイズ","E-ベージュ","X11","Y15",,"0","66","65","-1",
"2026/08/18 03:31:45","受注取込","7988215","7988215X14Y12","【とにかくデカい！】 大きいサイズ キャップ メッシュキャップ 送料無料 大きめ ビッグサイズ BIG SIZE ★REV 7988215 <br> 帽子 ハット キャップ ワークキャップ メンズキャップ 大きいサイズ バケット 大きい帽子 メンズ バケハ メンズ帽子 大きい 頭 メッシュ 全39カラー","DD","2","X14","Y12",,"0","33","32","-1",
"2026/08/18 05:03:15","受注取込","7992723","7992723X14Y11","お得！ 送料無料 4枚入り 福袋 Dickies ディッキーズ ボクサーパンツ メンズ かわいい NEK ★REV <br> パンツ ボクサーパンツ セット メンズ下着 メンズボクサーパンツ メンズボクサー 大きいサイズ 大きめ 特大 3L 下着 インナー メンズ usa まとめ買い プレゼント ギフト","3L","福袋4枚セット","X14","Y11",,"0","168","167","-1",
"2026/08/18 05:21:15","受注取込","7987400","7987400X11Y16","【とにかくデカい！/普通サイズあり！】キャップ メンズ 大きいサイズ 帽子 深め ビッグサイズ ★REVM 7987400 BIG SIZE メンズキャップ帽子 大きめ 大きい帽子 メンズ帽子 レディース 春 夏 春夏 プレゼント ギフト 母の日 父の日 送料無料","大きいサイズ","F-ブラック","X11","Y16",,"0","158","157","-1",
"2026/08/18 05:23:45","受注取込","7986562","7986562X11Y22","IQOS アイコス イルマiワン イルマアイ TEREA テリア ケース ヒートスティックケース NEK ★REVL 7986562 カバー 加熱式たばこ用ハードケース SENTIA（センティア) HEETS プレゼント ギフト 送料無料","ONESIZE","L","X11","Y22",,"0","4","3","-1",
"2026/08/18 05:29:31","受注取込","7986720","7986720X11Y11","【ダメージ加工がCOOL】帽子 キャップ Vintage メンズ レディース くすみカラー ★REVL 7986720 こなれ感 深め しっかり素材 送料無料","ONESIZE","ブラック","X11","Y11",,"0","8","7","-1",
"2026/08/18 05:35:45","受注取込","7994812","7994812X11Y13","サファリハット メンズ 釣り 帽子 ハット レディース SUNS(サンズ)  撥水 アウトドア 登山 キャンプ バーベキュー NEK ★REV H-051 H-053 送料無料 大きいサイズあり キッズサイズ 子供 UVカット アドベンチャーハット 父の日 プレゼント ユニセックス 春 夏 夏フェス ギフト","普通サイズ","NAVY(H_051)","X11","Y13",,"0","49","48","-1",
"2026/08/18 05:52:45","受注取込","7994812","7994812X12Y11","サファリハット メンズ 釣り 帽子 ハット レディース SUNS(サンズ)  撥水 アウトドア 登山 キャンプ バーベキュー NEK ★REV H-051 H-053 送料無料 大きいサイズあり キッズサイズ 子供 UVカット アドベンチャーハット 父の日 プレゼント ユニセックス 春 夏 夏フェス ギフト","大きいサイズ","BK/BLACK(H_051)","X12","Y11",,"0","266","265","-1",
"2026/08/18 06:28:30","受注取込","7992540","7992540X11Y13","AVIREX ワークキャップ メンズ 大きいサイズ 大きめ キャップ ブランド 帽子 アメカジ アビレックス 春 夏 秋 冬 綿100％ ★REV 18490000 14787700 80264100 7992540 ネイビー/ベージュ/ブラック/カーキ プレゼント ギフト","ONESIZE","【C】ブラック","X11","Y13",,"0","249","248","-1",
"2026/08/18 06:34:45","受注取込","7987062","7987062X12Y17","【直射日光をはね返す】コカゲル サファリハット 洗濯機洗いOK 体感マイナス10℃ アドベンチャー NEK CC2R501 ★REV 7987062 ブッシュハット UV アウトドア SEK サイズ調整 大きいサイズ ユニセックス アウトドア 夏 対策 熱中症 木陰 日よけ 日焼け 送料無料","L(58.5～60.0)","グレージュ","X12","Y17",,"0","44","43","-1",
"2026/08/18 06:47:31","受注取込","7994812","7994812X12Y33","サファリハット メンズ 釣り 帽子 ハット レディース SUNS(サンズ)  撥水 アウトドア 登山 キャンプ バーベキュー NEK ★REV H-051 H-053 送料無料 大きいサイズあり キッズサイズ 子供 UVカット アドベンチャーハット 父の日 プレゼント ユニセックス 春 夏 夏フェス ギフト","大きいサイズ","GREIGE(H-051)","X12","Y33",,"0","58","57","-1",
"2026/08/18 06:50:45","受注取込","7987400","7987400X11Y11","【とにかくデカい！/普通サイズあり！】キャップ メンズ 大きいサイズ 帽子 深め ビッグサイズ ★REVM 7987400 BIG SIZE メンズキャップ帽子 大きめ 大きい帽子 メンズ帽子 レディース 春 夏 春夏 プレゼント ギフト 母の日 父の日 送料無料","大きいサイズ","A-ブラック","X11","Y11",,"0","46","45","-1",
"2026/08/18 06:55:45","受注取込","7987988","7987988X12Y15","【AVIREX 限定】サファリハット メンズ 大きいサイズ BIGサイズ アドベンチャーハット 17158300 17158400 釣り 帽子 ハット ★REV NEK 7987988 大きめ 普通サイズ AVIREX 限定 かっこいい アウトドア ブラックシリーズ アビレックス 帽子 キャップ ブランド 撥水加工","大きいサイズ_17158400","グレージュ(73)","X12","Y15",,"0","9","8","-1",
"2026/08/18 07:00:05","受注取込","7986654","7986654X17Y11","【お得な100枚セット】宅配ビニール袋 100枚 お得 安い 宅配袋 宅配ポリ袋 ポリ袋 強テープ付き 17cm 20cm 25cm 30cm 32cm 40cm 45cm 50cm 60cm 梱包 袋 梱包材 ビニール 宅配 7986654 プレゼント ギフト","45cm×55cm","ワンカラー","X17","Y11",,"0","58","57","-1",
"2026/08/18 07:01:45","受注取込","7987395","7987395X11Y11","【中折れ対策】ILUMA TEREA イルマ テリア アイコス IQOS グロー プルーム 電子タバコ お掃除 NEK ★REV 7987395 LTG クリーニングフィルター クリーナー プレゼント ギフト 母の日 父の日 送料無料","ONESIZE","ホワイト","X11","Y11",,"0","78","76","-2",
"2026/08/18 07:13:45","受注取込","7986706","7986706X12Y11","【特大！すっぽりかぶって、小顔見せ】バケットハット チューリップハット 帽子 NEK ★REVL 7986706 メンズ レディース 大きいサイズ 普通サイズ  デニム素材 コットン100％ おしゃれ フリンジ 送料無料","大きいサイズ","ブラック","X12","Y11",,"0","123","122","-1",
"2026/08/18 07:15:15","受注取込","7987475","7987475X11Y16","【防犯】護身用 タクティカルスティック 防災グッズ 熊対策グッズ クマ対策 タクティカルペン キーホルダー 女性 キーリング NEK ★REVM 7987475 棒 車 ガラス 防災 災害 車内 軽量 不審者 痴漢 痴漢対策 武器 護身グッズ 自己防衛 コンパクト 非常時 バッググリップ","ONESIZE","ゴールド","X11","Y16",,"0","62","61","-1",
"2026/08/18 07:15:15","受注取込","7987475","7987475X11Y14","【防犯】護身用 タクティカルスティック 防災グッズ 熊対策グッズ クマ対策 タクティカルペン キーホルダー 女性 キーリング NEK ★REVM 7987475 棒 車 ガラス 防災 災害 車内 軽量 不審者 痴漢 痴漢対策 武器 護身グッズ 自己防衛 コンパクト 非常時 バッググリップ","ONESIZE","パープル","X11","Y14",,"0","13","12","-1",
"2026/08/18 07:15:15","受注取込","7987475","7987475X11Y12","【防犯】護身用 タクティカルスティック 防災グッズ 熊対策グッズ クマ対策 タクティカルペン キーホルダー 女性 キーリング NEK ★REVM 7987475 棒 車 ガラス 防災 災害 車内 軽量 不審者 痴漢 痴漢対策 武器 護身グッズ 自己防衛 コンパクト 非常時 バッググリップ","ONESIZE","シルバー","X11","Y12",,"0","106","104","-2",
"2026/08/18 07:16:45","受注取込","7987892","7987892X11Y17","【深めのシルエット】メッシュキャップ キャップ 帽子 メンズ レディース 大きいサイズ 普通サイズ ★REV 7987892","普通サイズ","G","X11","Y17",,"0","10","9","-1",
"2026/08/18 07:16:45","受注取込","7987892","7987892X11Y13","【深めのシルエット】メッシュキャップ キャップ 帽子 メンズ レディース 大きいサイズ 普通サイズ ★REV 7987892","普通サイズ","C","X11","Y13",,"0","8","7","-1",
"2026/08/18 07:16:45","受注取込","7987892","7987892X11Y16","【深めのシルエット】メッシュキャップ キャップ 帽子 メンズ レディース 大きいサイズ 普通サイズ ★REV 7987892","普通サイズ","F","X11","Y16",,"0","10","9","-1",
"2026/08/18 07:26:15","受注取込","7986572","7986572X11Y40","【新型/IQOS イルマ i ワン用】アイコス イルマiワン ILUMA ケース 保護ケース NEK ★REVL 7986572 iqosイルマワン イルマワンカバー 耐衝撃 おしゃれ iqos iluma one 専用 IQOSイルマワン保護ケース レザー ヒョウ柄 ペイズリー 保護カバー アイコスケース アクセサリー 送料無料","イルマiワン","84","X11","Y40",,"0","4","3","-1",
"2026/08/18 07:52:15","受注取込","7987475","7987475X11Y15","【防犯】護身用 タクティカルスティック 防災グッズ 熊対策グッズ クマ対策 タクティカルペン キーホルダー 女性 キーリング NEK ★REVM 7987475 棒 車 ガラス 防災 災害 車内 軽量 不審者 痴漢 痴漢対策 武器 護身グッズ 自己防衛 コンパクト 非常時 バッググリップ","ONESIZE","ピンク","X11","Y15",,"0","45","43","-2",
"2026/08/18 07:57:45","受注取込","7994812","7994812X11Y33","サファリハット メンズ 釣り 帽子 ハット レディース SUNS(サンズ)  撥水 アウトドア 登山 キャンプ バーベキュー NEK ★REV H-051 H-053 送料無料 大きいサイズあり キッズサイズ 子供 UVカット アドベンチャーハット 父の日 プレゼント ユニセックス 春 夏 夏フェス ギフト","普通サイズ","GREIGE(H-051)","X11","Y33",,"0","14","13","-1",
"2026/08/18 08:12:15","受注取込","7987026","7987026X12Y13","【大きいサイズあり】キャップ 11cm つば長 帽子 メンズ レディース ★REV 7987026 深め 深い ゴルフ 無地 日焼け止め UVカット 送料無料","大きいサイズ","ベージュ","X12","Y13",,"0","21","20","-1",
"2026/08/18 08:17:16","受注取込","7987560","7987560X11Y13","【機能的】長財布 財布 メンズ レディース ウォレット スマホケース クラッチバッグ NEK ★REV 7987560 プレゼント ギフト 母の日 父の日 プチギフト 誕プレ 送料無料","ワンサイズ","ネイビー","X11","Y13",,"0","14","13","-1",
"2026/08/18 08:32:01","受注取込","7987473","7987473X12Y16","【USAブランド】DICKIES ディッキーズ 靴下 メンズ レディース 同色3足セット NEK ★REV 7987473 DK ワンポイント刺繍 アンクル/クウォーター/クルー 3Pソックス くるぶし ブランド くつした 足首 ブラック ホワイト 白 黒 スクール 学校 送料無料 プレゼント プチギフト","ブラック","レディース/クルー【長】","X12","Y16",,"0","8","7","-1",
"2026/08/18 08:32:16","受注取込","7994812","7994812X11Y17","サファリハット メンズ 釣り 帽子 ハット レディース SUNS(サンズ)  撥水 アウトドア 登山 キャンプ バーベキュー NEK ★REV H-051 H-053 送料無料 大きいサイズあり キッズサイズ 子供 UVカット アドベンチャーハット 父の日 プレゼント ユニセックス 春 夏 夏フェス ギフト","普通サイズ","YELLOW(H_051)","X11","Y17",,"0","19","18","-1",
"2026/08/18 08:39:01","受注取込","7986712","7986712X11Y35","【超協力マグネット/選べる33種】帽子クリップ ハットクリップ キャップクリップ  NEK ★REV 7986712 帽子収納ホルダー 収納フック キーホルダー 強力マグネット レザー調 アクセサリー チャーム キーリング キーケース 送料無料","ONESIZE","25","X11","Y35",,"0","22","21","-1",
"2026/08/18 08:42:16","受注取込","7987213","7987213X11Y38","【イルマワン アイ対応】アイコス イルマワン ILUMA i ケース 保護ケース iqosイルマワン イルマワンカバー NEK ★REV 7987213 耐衝撃 おしゃれ iqos iluma one 専用 IQOSイルマワン保護ケース レザー ヒョウ柄 ペイズリー 保護カバー アクセサリー アイコスケース 送料無料","イルマワン","BB","X11","Y38",,"0","11","10","-1",
"2026/08/18 08:48:16","受注取込","7986654","7986654X17Y11","【お得な100枚セット】宅配ビニール袋 100枚 お得 安い 宅配袋 宅配ポリ袋 ポリ袋 強テープ付き 17cm 20cm 25cm 30cm 32cm 40cm 45cm 50cm 60cm 梱包 袋 梱包材 ビニール 宅配 7986654 プレゼント ギフト","45cm×55cm","ワンカラー","X17","Y11",,"0","57","54","-3",
"2026/08/18 08:48:33","受注取込","7992723","7992723X13Y11","お得！ 送料無料 4枚入り 福袋 Dickies ディッキーズ ボクサーパンツ メンズ かわいい NEK ★REV <br> パンツ ボクサーパンツ セット メンズ下着 メンズボクサーパンツ メンズボクサー 大きいサイズ 大きめ 特大 3L 下着 インナー メンズ usa まとめ買い プレゼント ギフト","LL","福袋4枚セット","X13","Y11",,"0","4","3","-1",
"2026/08/18 09:00:30","受注取込","7987437","7987437X12Y11","【のびーーる 楽々ストレッチ】カジュアルベルト メッシュベルト メンズ レディース 大きいサイズ 普通サイズ 7987437 ★REVM NEK 35mm 115cm 125cm 伸縮 カジュアル シンプル おしゃれ プレゼント ギフト 父の日 母の日 送料無料","125cm","ブラック","X12","Y11",,"0","60","59","-1",
"2026/08/18 09:00:30","受注取込","7987076","7987076X11Y15","【超軽量55g】特価 キャップ 帽子 メッシュキャップ ランニングキャップ NEK ★REV 7987076 メンズ レディース 速乾 軽量 ジョギング アウトドア キャンプ スポーツ 釣り 海 プール","アジャスタータイプ","ベージュ","X11","Y15",,"0","22","21","-1",
"2026/08/18 09:04:46","受注取込","7986747","7986747X12Y11","【日焼けシェード付き】サファリハット シェード メンズ 釣り 帽子 ハット レディース SUNS(サンズ) 撥水 アウトドア 登山 キャンプ バーベキュー NEK ★REVL H-051 送料無料 大きいサイズあり キッズサイズ 子供 UVカット アドベンチャーハット 父の日 プレゼント ユニセックス 春 夏 夏フェス ギフト","大きいサイズ","SHADE_BK/BLACK(H_051)","X12","Y11",,"0","80","79","-1",
"2026/08/18 09:07:19","受注取込","7994812","7994812X13Y33","サファリハット メンズ 釣り 帽子 ハット レディース SUNS(サンズ)  撥水 アウトドア 登山 キャンプ バーベキュー NEK ★REV H-051 H-053 送料無料 大きいサイズあり キッズサイズ 子供 UVカット アドベンチャーハット 父の日 プレゼント ユニセックス 春 夏 夏フェス ギフト","キッズサイズ","GREIGE(H-051)","X13","Y33",,"0","2","1","-1",
"2026/08/18 09:08:46","受注取込","7987121","7987121X11Y12","Vintage キャスケット ハンチング メンズ レディース デニム素材 キャスハンチング NEK ★REV 7987121 ハット 鳥打帽 アクセサリー 送料無料","ONESIZE","ブルー","X11","Y12",,"0","3","2","-1",
"2026/08/18 09:08:46","受注取込","7986778","7986778X12Y11","【高純度テラヘルツ/3通りの使い方可能】 テラヘルツ ネックレス アンクレット ブレスレット NEK ★REV 7986778 メンズ レディース 鏡面多面カット 3.0mm 健康 テラヘルツ波 パワーストーン 天然石 アクセサリー プレゼント ギフト プチギフト 母の日 父の日 送料無料","多面カット","テラヘルツ","X12","Y11",,"0","17","16","-1",
"2026/08/18 09:08:46","受注取込","7986606","7986606X11Y13","【ウール混】キャスケット ハンチング キャップ 帽子 レディース メンズ キッズ NEK ★REVH 7986606 秋冬 おしゃれ 送料無料","ONESIZE","オリーブ","X11","Y13",,"0","16","15","-1",
"2026/08/18 09:08:46","受注取込","7986596","7986596X11Y11","【繰り返し使える！高純度テラヘルツ】高純度 テラヘルツ フェイスマスク NEK ★REVL 7986596 重さ608g・包み込む美容ケア・リラクゼーション用 健康 テラヘルツ波 パワーストーン 天然石 アクセサリー プレゼント ギフト プチギフト 母の日 父の日 送料無料","フェイスマスク","メタリッククローム","X11","Y11",,"0","35","34","-1",
"2026/08/18 09:11:16","受注取込","7988215","7988215X16Y15","【とにかくデカい！】 大きいサイズ キャップ メッシュキャップ 送料無料 大きめ ビッグサイズ BIG SIZE ★REV 7988215 <br> 帽子 ハット キャップ ワークキャップ メンズキャップ 大きいサイズ バケット 大きい帽子 メンズ バケハ メンズ帽子 大きい 頭 メッシュ 全39カラー","FF","5","X16","Y15",,"0","131","130","-1",
"2026/08/18 09:37:17","受注取込","7987475","7987475X11Y16","【防犯】護身用 タクティカルスティック 防災グッズ 熊対策グッズ クマ対策 タクティカルペン キーホルダー 女性 キーリング NEK ★REVM 7987475 棒 車 ガラス 防災 災害 車内 軽量 不審者 痴漢 痴漢対策 武器 護身グッズ 自己防衛 コンパクト 非常時 バッググリップ","ONESIZE","ゴールド","X11","Y16",,"0","61","60","-1",
"2026/08/18 09:37:17","受注取込","7987475","7987475X11Y14","【防犯】護身用 タクティカルスティック 防災グッズ 熊対策グッズ クマ対策 タクティカルペン キーホルダー 女性 キーリング NEK ★REVM 7987475 棒 車 ガラス 防災 災害 車内 軽量 不審者 痴漢 痴漢対策 武器 護身グッズ 自己防衛 コンパクト 非常時 バッググリップ","ONESIZE","パープル","X11","Y14",,"0","12","11","-1",
"2026/08/18 09:38:46","受注取込","7987345","7987345X20Y14","【とにかくデカい！】 大きいサイズ キャップ 送料無料 大きめ ビッグサイズ ★REV 7987345 BIG SIZE 帽子 ハット キャップ キャスケット メンズキャップ 大きいサイズ バケット 大きい帽子 メンズ メンズ帽子 大きい 頭 メッシュキャップ","JJJ","4","X20","Y14",,"0","8","7","-1",
"2026/08/18 09:38:46","受注取込","7987345","7987345X16Y12","【とにかくデカい！】 大きいサイズ キャップ 送料無料 大きめ ビッグサイズ ★REV 7987345 BIG SIZE 帽子 ハット キャップ キャスケット メンズキャップ 大きいサイズ バケット 大きい帽子 メンズ メンズ帽子 大きい 頭 メッシュキャップ","FFF","2","X16","Y12",,"0","15","14","-1",
"2026/08/18 09:42:46","受注取込","7994812","7994812X12Y13","サファリハット メンズ 釣り 帽子 ハット レディース SUNS(サンズ)  撥水 アウトドア 登山 キャンプ バーベキュー NEK ★REV H-051 H-053 送料無料 大きいサイズあり キッズサイズ 子供 UVカット アドベンチャーハット 父の日 プレゼント ユニセックス 春 夏 夏フェス ギフト","大きいサイズ","NAVY(H_051)","X12","Y13",,"0","54","53","-1",
"2026/08/18 09:56:32","受注取込","7986676","7986676X11Y11","【通気性抜群/薄手コットンニット】ハット 帽子 チューリップハット メンズ レディース NEK ★REVL 7986676 折りたたみ可能  UVカット 春夏ハット おしゃれ 無地 送料無料","ONESIZE","グレー杢","X11","Y11",,"0","15","14","-1",
"2026/08/18 10:00:20","WEB画面","8003102","8003102X16Y13","やみつきになる！ ストレッチ AVIREX アビレックス Tシャツ メンズ ★REV NEK 6143501 6143502 Vネック クルーネック 半袖 プレゼント ギフト","クルーネック_ホワイト_001","Lサイズ","X16","Y13",,"0","2","3","1","星島"
"2026/08/18 10:03:45","受注取込","7994812","7994812X11Y12","サファリハット メンズ 釣り 帽子 ハット レディース SUNS(サンズ)  撥水 アウトドア 登山 キャンプ バーベキュー NEK ★REV H-051 H-053 送料無料 大きいサイズあり キッズサイズ 子供 UVカット アドベンチャーハット 父の日 プレゼント ユニセックス 春 夏 夏フェス ギフト","普通サイズ","BLACK(H_051)","X11","Y12",,"0","78","77","-1",
"2026/08/18 10:07:45","受注取込","7994812","7994812X11Y14","サファリハット メンズ 釣り 帽子 ハット レディース SUNS(サンズ)  撥水 アウトドア 登山 キャンプ バーベキュー NEK ★REV H-051 H-053 送料無料 大きいサイズあり キッズサイズ 子供 UVカット アドベンチャーハット 父の日 プレゼント ユニセックス 春 夏 夏フェス ギフト","普通サイズ","KHAKI(H_051)","X11","Y14",,"0","52","51","-1",
"2026/08/18 10:07:45","受注取込","7994812","7994812X11Y24","サファリハット メンズ 釣り 帽子 ハット レディース SUNS(サンズ)  撥水 アウトドア 登山 キャンプ バーベキュー NEK ★REV H-051 H-053 送料無料 大きいサイズあり キッズサイズ 子供 UVカット アドベンチャーハット 父の日 プレゼント ユニセックス 春 夏 夏フェス ギフト","普通サイズ","BEIGE(H_051)","X11","Y24",,"0","25","24","-1",
"2026/08/18 10:18:37","WEB画面","7987697","7987697X11Y11","【速攻配達】冷やスマPRO 盛夏用 スマホ熱中症対策 冷却 クーラー ★REV NEK スマートフォン専用常温保冷剤 熱暴走 結露なし スマホ 冷感 冷却 HIYASUMA","ONESIZE","ホワイト","X11","Y11",,"0","412","212","-200","大木 望"
"2026/08/18 10:20:50","WEB画面","7987521","7987521X12Y11","【お得な100枚×24面】FBA対応 アマゾン Amazon ラベルシール 24面 100シート 100枚 2400枚 NEK ★REV 7987521 インクジェット・レーザープリンタ対応 A4 余白なし LTG 送料無料","40面","100枚","X12","Y11",,"0","49","48","-1","大木 望"
"2026/08/18 10:25:42","在庫CSV取込","FBA-7987400","FBA-7987400X11Y11","【FBA専用】帽子 7987400","ONESIZE","A-ブラック","X11","Y11",,"0","190","175","-15","植野"
"2026/08/18 10:25:42","在庫CSV取込","FBA-7987400","FBA-7987400X11Y16","【FBA専用】帽子 7987400","ONESIZE","F-ブラック","X11","Y16",,"0","102","87","-15","植野"
"2026/08/18 10:25:42","在庫CSV取込","7997141","7997141X14Y11","特大 スイカ ドーナツ 浮き輪 浮輪 送料無料 プール 大人用 子供用 NEK 7997141 ★REV 120cm 90cm 80cm 70cm 60cm サイズ 大きい 大きめ うきわ ウキワ すいか 海 海水浴 ビックフロート 水上 レジャー かわいい フローティングベッド 西瓜 子供用浮き輪 大人 子供 こども","70cm","スイカ","X14","Y11",,"0","75","70","-5","植野"
"2026/08/18 10:25:42","在庫CSV取込","7987073","7987073X12Y12","【くすみカラー 超軽量】バケットハット サファリハット メンズ レディース 普通サイズ 大きいサイズ NEK ★REV 7987073 アドベンチャーハット 撥水 速乾 軽量 折り畳める UV カット アウトドア キャンプ 登山 ウォーキング 散歩 日焼け防止 紫外線防止 送料無料","大きいサイズ","グレー","X12","Y12",,"0","64","49","-15","植野"
"2026/08/18 10:25:42","在庫CSV取込","7986524","7986524X11Y14","【ミニマル】スマホショルダー サコッシュ ミニバッグ 軽量 撥水 コンパクト 収納力抜群 NEK ★REVL 7986524 レディース メンズ ユニセックス 斜めがけ ポーチ アウトドア 旅行 サブバッグ 送料無料","ONESIZE","ブラック","X11","Y14",,"0","101","86","-15","植野"
"2026/08/18 10:25:42","在庫CSV取込","7986822","7986822X11Y16","【耐強風/12本骨】 折りたたみ傘 大きいサイズ メンズ レディース 117cm 自動開閉 ★REV 7986822 遮蔽率99.9% UVカット UPF50+ 日傘 晴雨兼用 収納袋 紫外線遮断 雨傘 丈夫 頑丈 傘 完全遮光 ワンタッチ かさ 送料無料","ONESIZE","パープル","X11","Y16",,"0","7","4","-3","植野"
"2026/08/18 10:25:42","在庫CSV取込","7986507","7986507X11Y11","【本革】リュックサック リュック メンズ レディース バックパック デイパック 本革 ★REVL 7986507 本皮 牛革 GENUINE LEATHER おしゃれ 高級 送料無料","ONESIZE","ブラック","X11","Y11",,"0","5","3","-2","植野"
"2026/08/18 10:29:08","WEB画面","7986712","7986712X11Y20","【超協力マグネット/選べる33種】帽子クリップ ハットクリップ キャップクリップ  NEK ★REV 7986712 帽子収納ホルダー 収納フック キーホルダー 強力マグネット レザー調 アクセサリー チャーム キーリング キーケース 送料無料","ONESIZE","10","X11","Y20",,"0","42","32","-10","大木 望"
"2026/08/18 10:29:08","WEB画面","7986712","7986712X11Y30","【超協力マグネット/選べる33種】帽子クリップ ハットクリップ キャップクリップ  NEK ★REV 7986712 帽子収納ホルダー 収納フック キーホルダー 強力マグネット レザー調 アクセサリー チャーム キーリング キーケース 送料無料","ONESIZE","20","X11","Y30",,"0","18","15","-3","大木 望"
"2026/08/18 10:29:08","WEB画面","7986712","7986712X11Y34","【超協力マグネット/選べる33種】帽子クリップ ハットクリップ キャップクリップ  NEK ★REV 7986712 帽子収納ホルダー 収納フック キーホルダー 強力マグネット レザー調 アクセサリー チャーム キーリング キーケース 送料無料","ONESIZE","24","X11","Y34",,"0","17","7","-10","大木 望"
"2026/08/18 10:29:08","WEB画面","7986712","7986712X11Y11","【超協力マグネット/選べる33種】帽子クリップ ハットクリップ キャップクリップ  NEK ★REV 7986712 帽子収納ホルダー 収納フック キーホルダー 強力マグネット レザー調 アクセサリー チャーム キーリング キーケース 送料無料","ONESIZE","1","X11","Y11",,"0","71","46","-25","大木 望"
"2026/08/18 10:29:08","WEB画面","7986712","7986712X11Y17","【超協力マグネット/選べる33種】帽子クリップ ハットクリップ キャップクリップ  NEK ★REV 7986712 帽子収納ホルダー 収納フック キーホルダー 強力マグネット レザー調 アクセサリー チャーム キーリング キーケース 送料無料","ONESIZE","7","X11","Y17",,"0","72","37","-35","大木 望"
"2026/08/18 10:29:08","WEB画面","7986712","7986712X11Y19","【超協力マグネット/選べる33種】帽子クリップ ハットクリップ キャップクリップ  NEK ★REV 7986712 帽子収納ホルダー 収納フック キーホルダー 強力マグネット レザー調 アクセサリー チャーム キーリング キーケース 送料無料","ONESIZE","9","X11","Y19",,"0","25","15","-10","大木 望"
"2026/08/18 10:31:02","WEB画面","7987070","7987070X11Y11","【お得な2枚組】X-LARGE XLARGE エクストララージ ボクサーパンツ メンズ アンダーウェア 下着 NEK ★REVL 7987070 かっこいい ツルツル おすすめ 人気 カモフラ タイダイ 炎 迷彩 カモ柄 ブランド 男性 紳士 プレゼント プチギフト 父の日 誕生日 彼氏 父 息子 ギフト 記念日 大きいサイズ 福袋 送料無料","M","2枚組","X11","Y11",,"0","26","11","-15","大木 望"
"2026/08/18 10:31:02","WEB画面","7987070","7987070X12Y11","【お得な2枚組】X-LARGE XLARGE エクストララージ ボクサーパンツ メンズ アンダーウェア 下着 NEK ★REVL 7987070 かっこいい ツルツル おすすめ 人気 カモフラ タイダイ 炎 迷彩 カモ柄 ブランド 男性 紳士 プレゼント プチギフト 父の日 誕生日 彼氏 父 息子 ギフト 記念日 大きいサイズ 福袋 送料無料","L","2枚組","X12","Y11",,"0","17","7","-10","大木 望"
"2026/08/18 10:31:02","WEB画面","7987070","7987070X13Y11","【お得な2枚組】X-LARGE XLARGE エクストララージ ボクサーパンツ メンズ アンダーウェア 下着 NEK ★REVL 7987070 かっこいい ツルツル おすすめ 人気 カモフラ タイダイ 炎 迷彩 カモ柄 ブランド 男性 紳士 プレゼント プチギフト 父の日 誕生日 彼氏 父 息子 ギフト 記念日 大きいサイズ 福袋 送料無料","XL","2枚組","X13","Y11",,"0","20","10","-10","大木 望"
"2026/08/18 10:31:15","受注取込","7986654","7986654X17Y11","【お得な100枚セット】宅配ビニール袋 100枚 お得 安い 宅配袋 宅配ポリ袋 ポリ袋 強テープ付き 17cm 20cm 25cm 30cm 32cm 40cm 45cm 50cm 60cm 梱包 袋 梱包材 ビニール 宅配 7986654 プレゼント ギフト","45cm×55cm","ワンカラー","X17","Y11",,"0","54","53","-1",
"2026/08/18 10:32:45","受注取込","7988215","7988215X16Y15","【とにかくデカい！】 大きいサイズ キャップ メッシュキャップ 送料無料 大きめ ビッグサイズ BIG SIZE ★REV 7988215 <br> 帽子 ハット キャップ ワークキャップ メンズキャップ 大きいサイズ バケット 大きい帽子 メンズ バケハ メンズ帽子 大きい 頭 メッシュ 全39カラー","FF","5","X16","Y15",,"0","130","129","-1",
"2026/08/18 10:37:22","WEB画面","7986545","7986545X12Y11","【お得な2枚組】AVIREX アビレックス  アヴィレックス ボクサーパンツ メンズ NEK ★REVL 7986545 アンダーウェア 下着 かっこいい おすすめ 人気 カモフラ 迷彩 カモ柄 ロゴ ブランド 男性 紳士 プレゼント プチギフト 父の日 誕生日 彼氏 父 息子 ギフト 記念日 福袋 送料無料","L","2枚組","X12","Y11",,"0","104","74","-30","大木 望"
"2026/08/18 10:39:15","受注取込","7987642","7987642X11Y18","【送料無料】ミニ財布 メンズ 本革 レディース 二つ折り 財布 カードケース LTG カード入れ 多い NEK ★REV 7987642 折りたたみ コンパクト 小さい財布 小銭入れ コインスルー お札が折れない スキミング防止 ファスナー コインケース ミニマリスト ラウンドジッパー","ONESIZE","スモーキグリーン","X11","Y18",,"0","20","19","-1",
"2026/08/18 10:43:15","受注取込","7994812","7994812X11Y33","サファリハット メンズ 釣り 帽子 ハット レディース SUNS(サンズ)  撥水 アウトドア 登山 キャンプ バーベキュー NEK ★REV H-051 H-053 送料無料 大きいサイズあり キッズサイズ 子供 UVカット アドベンチャーハット 父の日 プレゼント ユニセックス 春 夏 夏フェス ギフト","普通サイズ","GREIGE(H-051)","X11","Y33",,"0","13","12","-1",
"2026/08/18 10:43:15","受注取込","7994812","7994812X11Y13","サファリハット メンズ 釣り 帽子 ハット レディース SUNS(サンズ)  撥水 アウトドア 登山 キャンプ バーベキュー NEK ★REV H-051 H-053 送料無料 大きいサイズあり キッズサイズ 子供 UVカット アドベンチャーハット 父の日 プレゼント ユニセックス 春 夏 夏フェス ギフト","普通サイズ","NAVY(H_051)","X11","Y13",,"0","48","47","-1",
"2026/08/18 10:49:45","受注取込","7987687","7987687X11Y11","【長沢ベルト工業】日本製 ベルト メンズ レディース 本革 本皮 イタリアンレザー ★REV Y_KO NKB-001 3.0cm幅 30mm ビジネスベルト カジュアルベルト 長沢ベルト工業 ブランド プレゼント ギフト クリスマス 父の日 バケッタ製法 送料無料","ONESIZE","ブラック","X11","Y11",,"0","18","17","-1",
"2026/08/18 10:50:46","受注取込","7986752","7986752X11Y11","収納 サンバイザーホルダー マルチ 車 カーポケット ドライブポケット NEK ★REVL 7986752 おしゃれ サンバイザー ポケット カー用品 収納 カー用品 ペン カードポケット 収納ホルダー サングラスホルダー 車 眼鏡ホルダー カーアクセサリー 送料無料","ONESIZE","ブラック","X11","Y11",,"0","68","67","-1",
"2026/08/18 10:54:44","WEB画面","FBA-7988215","FBA-7988215X12Y15","【FBA専用】 とにかくデカい！ 大きいサイズ キャップ 7988215","BB","5","X12","Y15",,"0","25","22","-3","大木 望"
"2026/08/18 10:54:44","WEB画面","FBA-7988215","FBA-7988215X13Y12","【FBA専用】 とにかくデカい！ 大きいサイズ キャップ 7988215","CC","2","X13","Y12",,"0","15","5","-10","大木 望"
"2026/08/18 10:54:44","WEB画面","FBA-7988215","FBA-7988215X13Y15","【FBA専用】 とにかくデカい！ 大きいサイズ キャップ 7988215","CC","5","X13","Y15",,"0","35","25","-10","大木 望"
"2026/08/18 10:54:44","WEB画面","FBA-7988215","FBA-7988215X14Y15","【FBA専用】 とにかくデカい！ 大きいサイズ キャップ 7988215","DD","5","X14","Y15",,"0","25","23","-2","大木 望"
"2026/08/18 10:54:44","WEB画面","FBA-7988215","FBA-7988215X15Y11","【FBA専用】 とにかくデカい！ 大きいサイズ キャップ 7988215","EE","1","X15","Y11",,"0","10","8","-2","大木 望"
"2026/08/18 10:54:44","WEB画面","FBA-7988215","FBA-7988215X17Y14","【FBA専用】 とにかくデカい！ 大きいサイズ キャップ 7988215","GG","4","X17","Y14",,"0","40","20","-20","大木 望"
"2026/08/18 10:54:44","WEB画面","FBA-7988215","FBA-7988215X17Y15","【FBA専用】 とにかくデカい！ 大きいサイズ キャップ 7988215","GG","5","X17","Y15",,"0","38","18","-20","大木 望"
"2026/08/18 10:54:44","WEB画面","FBA-7988215","FBA-7988215X18Y11","【FBA専用】 とにかくデカい！ 大きいサイズ キャップ 7988215","HH","1","X18","Y11",,"0","25","15","-10","大木 望"
"2026/08/18 10:54:44","WEB画面","FBA-7988215","FBA-7988215X18Y12","【FBA専用】 とにかくデカい！ 大きいサイズ キャップ 7988215","HH","2","X18","Y12",,"0","50","20","-30","大木 望"
"2026/08/18 10:54:44","WEB画面","FBA-7988215","FBA-7988215X18Y14","【FBA専用】 とにかくデカい！ 大きいサイズ キャップ 7988215","HH","4","X18","Y14",,"0","100","70","-30","大木 望"
"2026/08/18 10:54:44","WEB画面","FBA-7988215","FBA-7988215X19Y14","【FBA専用】 とにかくデカい！ 大きいサイズ キャップ 7988215","II","4","X19","Y14",,"0","25","0","-25","大木 望"
"2026/08/18 10:54:44","WEB画面","FBA-7988215","FBA-7988215X19Y15","【FBA専用】 とにかくデカい！ 大きいサイズ キャップ 7988215","II","5","X19","Y15",,"0","30","20","-10","大木 望"
"2026/08/18 11:01:02","受注取込","7997141","7997141X11Y11","特大 スイカ ドーナツ 浮き輪 浮輪 送料無料 プール 大人用 子供用 NEK 7997141 ★REV 120cm 90cm 80cm 70cm 60cm サイズ 大きい 大きめ うきわ ウキワ すいか 海 海水浴 ビックフロート 水上 レジャー かわいい フローティングベッド 西瓜 子供用浮き輪 大人 子供 こども","120cm","スイカ","X11","Y11",,"0","684","683","-1",
"2026/08/18 11:01:02","受注取込","7997141","7997141X12Y12","特大 スイカ ドーナツ 浮き輪 浮輪 送料無料 プール 大人用 子供用 NEK 7997141 ★REV 120cm 90cm 80cm 70cm 60cm サイズ 大きい 大きめ うきわ ウキワ すいか 海 海水浴 ビックフロート 水上 レジャー かわいい フローティングベッド 西瓜 子供用浮き輪 大人 子供 こども","90cm","ドーナツイチゴ","X12","Y12",,"0","9","8","-1",
"2026/08/18 11:03:21","受注取込","7986804","7986804X11Y12","【シンプル/おしゃれ/年中大活躍】ワッチキャップ スラウチビーニー ニット帽 ニットキャップ 帽子 NEK ★REV 7986804 無地 ワッチ メンズ レディース ユニセックス 送料無料","ONESIZE","ブラック","X11","Y12",,"0","24","23","-1",
"2026/08/18 11:04:00","受注取込","7997141","7997141X11Y11","特大 スイカ ドーナツ 浮き輪 浮輪 送料無料 プール 大人用 子供用 NEK 7997141 ★REV 120cm 90cm 80cm 70cm 60cm サイズ 大きい 大きめ うきわ ウキワ すいか 海 海水浴 ビックフロート 水上 レジャー かわいい フローティングベッド 西瓜 子供用浮き輪 大人 子供 こども","120cm","スイカ","X11","Y11",,"0","683","682","-1",
"2026/08/18 11:19:45","受注取込","7987678","7987678X11Y14","【洗濯可能】トレーニンググローブ 手袋 筋トレ 筋トレグローブ メンズ レディース 指無し NEK ★REV 7987678 ウェイトリフティング 防滑 クッション性 伸びる 洗濯OK バーベル サイクリング ヨガ グリップ","S","B-ブラック","X11","Y14",,"0","1","0","-1",
"2026/08/18 11:23:30","受注取込","7986747","7986747X11Y11","【日焼けシェード付き】サファリハット シェード メンズ 釣り 帽子 ハット レディース SUNS(サンズ) 撥水 アウトドア 登山 キャンプ バーベキュー NEK ★REVL H-051 送料無料 大きいサイズあり キッズサイズ 子供 UVカット アドベンチャーハット 父の日 プレゼント ユニセックス 春 夏 夏フェス ギフト","普通サイズ","SHADE_BK/BLACK(H_051)","X11","Y11",,"0","62","61","-1",
"2026/08/18 11:24:11","WEB画面","7987782","7987782X11Y11","【お得なMilitaryショルダー】ショルダーバッグ サコッシュ ポーチ ★REV 7987782 メンズ レディース ミリタリー MA-1 プレゼント ギフト 送料無料","ONESIZE","オリーブ","X11","Y11",,"0","6","3","-3","大木 望"
"2026/08/18 11:24:11","WEB画面","7987782","7987782X11Y12","【お得なMilitaryショルダー】ショルダーバッグ サコッシュ ポーチ ★REV 7987782 メンズ レディース ミリタリー MA-1 プレゼント ギフト 送料無料","ONESIZE","ブラック","X11","Y12",,"0","6","3","-3","大木 望"
"2026/08/18 11:24:11","WEB画面","7987782","7987782X11Y13","【お得なMilitaryショルダー】ショルダーバッグ サコッシュ ポーチ ★REV 7987782 メンズ レディース ミリタリー MA-1 プレゼント ギフト 送料無料","ONESIZE","グレー","X11","Y13",,"0","21","16","-5","大木 望"
"2026/08/18 11:25:48","WEB画面","7987379","7987379X11Y12","ボストンバッグ メンズ レディース ★REV 7987379 ダッフルバッグ シンセティックレザー ビジネスバッグ 撥水 防傷 プレゼント ギフト 父の日 母の日 旅行 出張 送料無料","ONESIZE","ダークブラウン","X11","Y12",,"0","3","1","-2","大木 望"
"2026/08/18 11:35:15","受注取込","7988047","7988047X11Y11","2WAY ミニ ボストンバッグ メンズ レディース ★REV 7988047 小さめ 小型 ショルダーバッグ ミニバッグ ドラムバッグ 小旅行 アウトドア キャンプ ジム 軽量 送料無料","ONESIZE","ブラック","X11","Y11",,"0","46","45","-1",
"2026/08/18 11:40:32","受注取込","7986562","7986562X11Y25","IQOS アイコス イルマiワン イルマアイ TEREA テリア ケース ヒートスティックケース NEK ★REVL 7986562 カバー 加熱式たばこ用ハードケース SENTIA（センティア) HEETS プレゼント ギフト 送料無料","ONESIZE","O","X11","Y25",,"0","3","2","-1",
"2026/08/18 11:45:03","WEB画面","7987085","7987085X11Y29","【とにかくデカい！】大きいサイズ キャップ 大きめ 深い 深め ビッグサイズ BIG SIZE ★REV 7987085 メンズキャップ帽子 大きい帽子 メンズ帽子 レディース 春 夏 春夏 プレゼント ギフト 母の日 父の日 送料無料","YA","19","X11","Y29",,"0","15","12","-3","大木 望"
"2026/08/18 11:45:03","WEB画面","7987085","7987085X11Y40","【とにかくデカい！】大きいサイズ キャップ 大きめ 深い 深め ビッグサイズ BIG SIZE ★REV 7987085 メンズキャップ帽子 大きい帽子 メンズ帽子 レディース 春 夏 春夏 プレゼント ギフト 母の日 父の日 送料無料","YA","30","X11","Y40",,"0","9","6","-3","大木 望"
"2026/08/18 11:45:03","WEB画面","7987085","7987085X11Y41","【とにかくデカい！】大きいサイズ キャップ 大きめ 深い 深め ビッグサイズ BIG SIZE ★REV 7987085 メンズキャップ帽子 大きい帽子 メンズ帽子 レディース 春 夏 春夏 プレゼント ギフト 母の日 父の日 送料無料","YA","31","X11","Y41",,"0","7","4","-3","大木 望"
"2026/08/18 11:45:03","WEB画面","7987085","7987085X11Y44","【とにかくデカい！】大きいサイズ キャップ 大きめ 深い 深め ビッグサイズ BIG SIZE ★REV 7987085 メンズキャップ帽子 大きい帽子 メンズ帽子 レディース 春 夏 春夏 プレゼント ギフト 母の日 父の日 送料無料","YA","34","X11","Y44",,"0","9","8","-1","大木 望"
"2026/08/18 11:45:03","WEB画面","7987085","7987085X12Y24","【とにかくデカい！】大きいサイズ キャップ 大きめ 深い 深め ビッグサイズ BIG SIZE ★REV 7987085 メンズキャップ帽子 大きい帽子 メンズ帽子 レディース 春 夏 春夏 プレゼント ギフト 母の日 父の日 送料無料","SU","14","X12","Y24",,"0","9","8","-1","大木 望"
"2026/08/18 11:46:41","WEB画面","7987667","7987667X11Y14","【もこもこ秋冬】13種類 ハット レディース メンズ バケットハット ★REV NEK 7987667 ボア ムートン ファー もこもこ 秋冬 ヒョウ柄 カモ チェック 無地 おしゃれ プレゼント ギフト クリスマス 送料無料","ONESIZE","D","X11","Y14",,"0","22","21","-1","大木 望"
"2026/08/18 11:46:41","WEB画面","7987667","7987667X11Y20","【もこもこ秋冬】13種類 ハット レディース メンズ バケットハット ★REV NEK 7987667 ボア ムートン ファー もこもこ 秋冬 ヒョウ柄 カモ チェック 無地 おしゃれ プレゼント ギフト クリスマス 送料無料","ONESIZE","J","X11","Y20",,"0","6","5","-1","大木 望"
"2026/08/18 11:46:41","WEB画面","7987667","7987667X11Y21","【もこもこ秋冬】13種類 ハット レディース メンズ バケットハット ★REV NEK 7987667 ボア ムートン ファー もこもこ 秋冬 ヒョウ柄 カモ チェック 無地 おしゃれ プレゼント ギフト クリスマス 送料無料","ONESIZE","K","X11","Y21",,"0","22","21","-1","大木 望"
"2026/08/18 11:46:41","WEB画面","7987667","7987667X11Y31","【もこもこ秋冬】13種類 ハット レディース メンズ バケットハット ★REV NEK 7987667 ボア ムートン ファー もこもこ 秋冬 ヒョウ柄 カモ チェック 無地 おしゃれ プレゼント ギフト クリスマス 送料無料","ONESIZE","U","X11","Y31",,"0","21","20","-1","大木 望"
"2026/08/18 11:48:02","受注取込","7986519","7986519X11Y11","【ごっそり鼻毛処理！お得な10本セット】鼻毛カッター 鼻毛トリマー  耳かき NEK ★REVL 7986519 男性用 女性用 送料無料","ONESIZE","アイボリー","X11","Y11",,"0","3","2","-1",
"2026/08/18 11:54:01","受注取込","8003102","8003102X16Y11","やみつきになる！ ストレッチ AVIREX アビレックス Tシャツ メンズ ★REV NEK 6143501 6143502 Vネック クルーネック 半袖 プレゼント ギフト","クルーネック_ホワイト_001","Sサイズ","X16","Y11",,"0","1","0","-1",
"2026/08/18 11:54:15","受注取込","7987892","7987892X11Y17","【深めのシルエット】メッシュキャップ キャップ 帽子 メンズ レディース 大きいサイズ 普通サイズ ★REV 7987892","普通サイズ","G","X11","Y17",,"0","9","8","-1",
"2026/08/18 11:55:20","WEB画面","7987743","7987743X11Y11","【仕切り上手】ミニトート バッグ レディース メンズ トートバッグ トート ミニ 仕切り NEK ★REV 7987743 ポケット キャンバス ランチバッグ マザーズバッグ 収納 かわいい シンプル おしゃれ 便利 無地 通勤 通学 ユニセックス ジッパー付き 防犯 紛失 対策 送料無料","ONESIZE","ベージュ","X11","Y11",,"0","23","20","-3","村垣 文香"
"2026/08/18 11:55:36","WEB画面","7987743","7987743X11Y13","【仕切り上手】ミニトート バッグ レディース メンズ トートバッグ トート ミニ 仕切り NEK ★REV 7987743 ポケット キャンバス ランチバッグ マザーズバッグ 収納 かわいい シンプル おしゃれ 便利 無地 通勤 通学 ユニセックス ジッパー付き 防犯 紛失 対策 送料無料","ONESIZE","ネイビー","X11","Y13",,"0","0","3","3","村垣 文香"
"2026/08/18 11:55:36","WEB画面","7987743","7987743X11Y14","【仕切り上手】ミニトート バッグ レディース メンズ トートバッグ トート ミニ 仕切り NEK ★REV 7987743 ポケット キャンバス ランチバッグ マザーズバッグ 収納 かわいい シンプル おしゃれ 便利 無地 通勤 通学 ユニセックス ジッパー付き 防犯 紛失 対策 送料無料","ONESIZE","ブラック","X11","Y14",,"0","0","8","8","村垣 文香"
"2026/08/18 11:55:36","WEB画面","7987743","7987743X11Y16","【仕切り上手】ミニトート バッグ レディース メンズ トートバッグ トート ミニ 仕切り NEK ★REV 7987743 ポケット キャンバス ランチバッグ マザーズバッグ 収納 かわいい シンプル おしゃれ 便利 無地 通勤 通学 ユニセックス ジッパー付き 防犯 紛失 対策 送料無料","ONESIZE","サーモンピンク","X11","Y16",,"0","9","14","5","村垣 文香"
"2026/08/18 11:59:03","WEB画面","7987743","7987743X11Y13","【仕切り上手】ミニトート バッグ レディース メンズ トートバッグ トート ミニ 仕切り NEK ★REV 7987743 ポケット キャンバス ランチバッグ マザーズバッグ 収納 かわいい シンプル おしゃれ 便利 無地 通勤 通学 ユニセックス ジッパー付き 防犯 紛失 対策 送料無料","ONESIZE","ネイビー","X11","Y13",,"0","3","1","-2","植野"
"2026/08/18 11:59:03","WEB画面","7987743","7987743X11Y14","【仕切り上手】ミニトート バッグ レディース メンズ トートバッグ トート ミニ 仕切り NEK ★REV 7987743 ポケット キャンバス ランチバッグ マザーズバッグ 収納 かわいい シンプル おしゃれ 便利 無地 通勤 通学 ユニセックス ジッパー付き 防犯 紛失 対策 送料無料","ONESIZE","ブラック","X11","Y14",,"0","8","3","-5","植野"
"2026/08/18 12:02:31","受注取込","7986757","7986757X11Y11","【置くだけで充電】 ワイヤレス充電器 車載 ホルダー 置き型 Type-C充電 USB-A NEK ★REVL 7986757 最大20W 車載ワイヤレス充電パッド 充電 充電器 車載 スマホ ホルダー スタンド 車 携帯ホルダー 急速充電 サイズ調整可能 滑り止め iphone/Android 1M PD充電 スマホアクセサリー Qi規格 送料無料","ONESIZE","USB-A(1m)","X11","Y11",,"0","50","49","-1",
"2026/08/18 12:03:00","受注取込","7987409","7987409X11Y14","【130cm 大きいサイズ対応】本革 床革 ベルト メンズ 130cm NEK ★REV 7987409 大きいサイズ対応 シンセティックレザー ビジネスベルト カジュアルベルト 父の日 送料無料","ONESIZE","ブラウンB","X11","Y14",,"0","31","30","-1",
"2026/08/18 12:05:33","受注取込","7986716","7986716X11Y11","【紫外線でプロ級チェック】アニサキスライト UV 紫外線ライト ブラックライト NEK ★REVL 7986716 365nm 充電式 TYPE-C充電  USB 光学レンズ アニサキス検出 生活 食事 釣り 掃除 コンパクト 送料無料","1本","ブラック(TYPE-C)","X11","Y11",,"0","66","65","-1",
"2026/08/18 12:14:15","受注取込","7988386","7988386X11Y11","【高輝度・省電力】LED 卓上 ライト 間接照明 おしゃれ テーブルランプ 北欧 ベッドライト ★REV 7988386 照明 ランプ 一人暮らし ナイトランプ ムードランプ インテリア 雑貨 スタンドライト フロアライト ベッドサイド ルームライト 寝室 usb 電気スタンド フロアランプ","ONESIZE","アイボリー","X11","Y11",,"0","233","232","-1",
"2026/08/18 12:19:45","受注取込","7997141","7997141X12Y13","特大 スイカ ドーナツ 浮き輪 浮輪 送料無料 プール 大人用 子供用 NEK 7997141 ★REV 120cm 90cm 80cm 70cm 60cm サイズ 大きい 大きめ うきわ ウキワ すいか 海 海水浴 ビックフロート 水上 レジャー かわいい フローティングベッド 西瓜 子供用浮き輪 大人 子供 こども","90cm","ドーナツチョコ","X12","Y13",,"0","16","15","-1",
"2026/08/18 12:20:11","受注取込","7988125","7988125X11Y12","【カーボンスタイル 大きいサイズ】メッシュキャップ キャップ 帽子 ★REV 7988125 大きいサイズ 大きめ ビッグサイズ BIGサイズ シンプル 無地 カーボン調 プレゼント ギフト 送料無料","ONESIZE","カーキ","X11","Y12",,"0","2","1","-1",
"2026/08/18 12:23:46","受注取込","7992723","7992723X14Y11","お得！ 送料無料 4枚入り 福袋 Dickies ディッキーズ ボクサーパンツ メンズ かわいい NEK ★REV <br> パンツ ボクサーパンツ セット メンズ下着 メンズボクサーパンツ メンズボクサー 大きいサイズ 大きめ 特大 3L 下着 インナー メンズ usa まとめ買い プレゼント ギフト","3L","福袋4枚セット","X14","Y11",,"0","167","166","-1",
"2026/08/18 12:24:19","受注取込","7986751","7986751X11Y14","【グリップ力効果/洗濯可能】トレーニンググローブ 手袋 筋トレ 筋トレグローブ NEK ★REV 7986751 レディース メンズ ジム手袋 指無し ウェイトリフティング 防滑 クッション性 伸びる 洗濯OK バーベル サイクリング ヨガ グリップ 衝撃吸収 通気性 送料無料","S","パステル","X11","Y14",,"0","2","1","-1",
"2026/08/18 12:28:41","在庫CSV取込","9009978","9009978X11Y8","帽子 メンズ AVIREX アビレックス 送料無料 キャップ 父の日 プレゼント 贈り物 ニットキャップ メッシュキャップ 大きいサイズ レディース ディッキーズ ローキャップ ワークキャップ ハット ハンチング おしゃれ ロゴ 刺繍 プリント アメカジ HYPE 通販 yos ギフト","K","-8","X11","Y8",,"0","20","19","-1","星島"
"2026/08/18 12:28:41","在庫CSV取込","7986467","7986467X11Y12","【スタイルに合わせて使える2WAY仕様】ゴムベルト レディース 伸縮 ストライプ ACRHT042 NEK 7986467 2cm幅 フック式 ベルトループ対応 ウエストマーク 選べる4カラー","ONESIZE","グレージュ","X11","Y12",,"0","97","96","-1","星島"
"2026/08/18 12:28:41","在庫CSV取込","7988614","7988614X11Y13","【超絶おしゃれ】マスク デコマスク レディース ビーズマスク デコレーションマスク 新作 6色展開 NEK 7988614 プレゼント ギフト","ONESIZE","ネイビー","X11","Y13",,"0","14","13","-1","星島"
"2026/08/18 12:28:41","在庫CSV取込","7988607","7988607X11Y13","【超絶可愛い】マスク 日本製 フリルマスク レディース 抗菌 防臭 ワイヤー入り UVカット おしゃれ 可愛い 送料無料 エレガント 洗えるマスク NEK 7988607 プレゼント ギフト","ONESIZE","ブラック","X11","Y13",,"0","4","3","-1","星島"
"2026/08/18 12:28:41","在庫CSV取込","7990381","7990381X11Y23","【15柄展開】マスク 洗えるマスク カラーマスク レース メンズ レディース ペイズリー カモフラ 花柄 レオパード柄 新作 15柄展開 ★REV NEK 7990381 プレゼント ギフト","ONESIZE","M","X11","Y23",,"0","140","139","-1","星島"
"2026/08/18 12:28:41","在庫CSV取込","7990381","7990381X11Y14","【15柄展開】マスク 洗えるマスク カラーマスク レース メンズ レディース ペイズリー カモフラ 花柄 レオパード柄 新作 15柄展開 ★REV NEK 7990381 プレゼント ギフト","ONESIZE","D","X11","Y14",,"0","150","149","-1","星島"
"2026/08/18 12:28:41","在庫CSV取込","7990453","7990453X11Y24","【魅せるマスク】マスク カラーマスク ペイズリー 迷彩 カモフラージュ 総柄 おしゃれ かわいい ストレッチ 大人用 14色展開 NEK 7990453 プレゼント ギフト","一般成人用サイズ","迷彩E","X11","Y24",,"0","268","267","-1","星島"
"2026/08/18 12:28:41","在庫CSV取込","7990453","7990453X11Y14","【魅せるマスク】マスク カラーマスク ペイズリー 迷彩 カモフラージュ 総柄 おしゃれ かわいい ストレッチ 大人用 14色展開 NEK 7990453 プレゼント ギフト","一般成人用サイズ","ペイズリーD","X11","Y14",,"0","5","4","-1","星島"
"2026/08/18 12:28:41","在庫CSV取込","7988088","7988088X14Y11","安全靴 スニーカー エアウォーク AIR WALK Y_YU AW-920 グリーン フレックスフィット ローカット メンズ セーフティシューズ 樹脂先芯 軽量 衝撃吸収 負担軽減 作業靴 オシャレ  かかとが踏める ムレにくい","26.5cm ","グリーン","X14","Y11",,"0","152","151","-1","星島"
"2026/08/18 12:28:41","在庫CSV取込","7988088","7988088X11Y11","安全靴 スニーカー エアウォーク AIR WALK Y_YU AW-920 グリーン フレックスフィット ローカット メンズ セーフティシューズ 樹脂先芯 軽量 衝撃吸収 負担軽減 作業靴 オシャレ  かかとが踏める ムレにくい","25.0cm ","グリーン","X11","Y11",,"0","79","78","-1","星島"
"2026/08/18 12:28:41","在庫CSV取込","7986648","7986648X11Y12","【孔雀石】パワーストーン ブレスレット 孔雀石 マラカイト メンズ レディース NEK ★REVL 7986648 バングル スピリチュアル 天然石 エネルギーアクセサリー プレゼント ギフト 送料無料","ONESIZE","オリーブ","X11","Y12",,"0","28","27","-1","星島"
"2026/08/18 12:28:41","在庫CSV取込","7986663","7986663X11Y11","【最強！溶岩石とオニキス】パワーストーン ブレスレット メンズ レディース バングル NEK ★REVL 7986663 スピリチュアル 天然石 エネルギーアクセサリー プレゼント ギフト 送料無料","ONESIZE","ブラック","X11","Y11",,"0","47","46","-1","星島"
"2026/08/18 12:28:41","在庫CSV取込","7990700","7990700X11Y12","マスク マスク在庫あり マスク 日本製 洗えるマスク 布マスク 送料無料 洗えるマスク日本製 手作りマスク NEK 7990700","一般成人用サイズ","ピンク","X11","Y12",,"0","4","3","-1","星島"
"2026/08/18 12:28:41","在庫CSV取込","7992250","7992250X18Y13","iPhone XS ケース バンカーリング 付き 落ちない シリコン ケース 透明 スケルトン 輪 送料無料 iphone XR ケース iPhone8 ケース iphone XS MAX  iphone X リング付 iPhone7 Plus スマホケース カバー クリア アイフォン アクセサリー NEK ALI 7992250 190715","iPhone_11_pro","ブラック","X18","Y13",,"0","3","2","-1","星島"
"2026/08/18 12:28:41","在庫CSV取込","7987082","7987082X11Y13","【超冷感】アームカバー UPF50＋ UVカット レディース uvカット アームカバー NEK ★REVA 7987082 指先まで 日焼け止め 腕カバー アームカバー uv 冷感 日焼け止め 手袋 アームカバー 日焼け対策 アームカバー 日焼け 冷感 夏 アウトドア 運転 自転車 ゴルフ 送料無料","ONESIZE","ベージュ","X11","Y13",,"0","9","8","-1","星島"
"2026/08/18 12:28:41","在庫CSV取込","7987071","7987071X11Y13","【UV冷感】アームカバー UPF50＋ UVカット レディース uvカット アームカバー NEK ★REVA 7987071 指先まで 日焼け止め 腕カバー アームカバー uv 冷感 日焼け止め 手袋 アームカバー 日焼け対策 アームカバー 日焼け 冷感 夏 アウトドア 運転 自転車 ゴルフ 送料無料","ONESIZE","ブルー","X11","Y13",,"0","11","10","-1","星島"
"2026/08/18 12:28:41","在庫CSV取込","7992495","7992495X11Y22","ブレスレット バングル メンズ レディース サバイバル パラコード 笛付き リフレクター素材 サバゲー ミリタリー アクセサリー プレゼント 送料無料  NEK ALI 7992495 190707","ONESIZE","L","X11","Y22",,"0","10","9","-1","星島"
"2026/08/18 12:28:41","在庫CSV取込","7992495","7992495X11Y14","ブレスレット バングル メンズ レディース サバイバル パラコード 笛付き リフレクター素材 サバゲー ミリタリー アクセサリー プレゼント 送料無料  NEK ALI 7992495 190707","ONESIZE","D","X11","Y14",,"0","14","13","-1","星島"
"2026/08/18 12:28:41","在庫CSV取込","7986688","7986688X12Y11","【竹炭消臭インソール付】サンダル メンズ スポーツサンダル ★REVL 7986688 防滑 水陸両用 レジャー アウトドアサンダル ウォーターシューズ マジックテープ ブラック 歩きやすい 海 ビーチ 夏レジャー 送料無料","25.5cm","ブラック","X12","Y11",,"0","2","1","-1","星島"
"2026/08/18 12:28:41","在庫CSV取込","7987006","7987006X11Y15","【くすみカラー】サファリハット ハット アドベンチャーハット レディース メンズ NEK ★REV 7987006 アウトドア キャンプ 釣り 日焼け止め 速乾 通気性 日よけ 送料無料","ONESIZE","ブラウン","X11","Y15",,"0","3","2","-1","星島"
"2026/08/18 12:28:41","在庫CSV取込","7987080","7987080X11Y12","【防災 災害 アウトドア】収納ボックス コンテナボックス ソフトコンテナ バッグ ★REV 7987080 メンズ レディース ミリタリー Military タクティカルバッグ 防災 防災リュックのサブ キャンプ アウトドア サバゲー 釣り カメラ撮影 鞄 カバン ツールボックス 送料無料","ONESIZE","カーキ","X11","Y12",,"0","16","15","-1","星島"
"2026/08/18 12:28:41","在庫CSV取込","7987031","7987031X11Y13","【大人気SUNSより当店限定！】ミニトート バッグ レディース メンズ トートバッグ トート NEK ★REVL 7987031 CRB-001 ミニ 仕切り ポケット ランチバッグ マザーズバッグ 収納 ミリタリー MA-1 シンプル おしゃれ 便利 無地 通勤 通学 ユニセックス ジッパー付き 撥水","ONESIZE","ブラウン","X11","Y13",,"0","154","153","-1","星島"
"2026/08/18 12:28:41","在庫CSV取込","7987493","7987493X11Y12","【楽あけくん】 瓶オープナー 缶オープナー キャップオープナー 蓋開け ジャーオープナー NEK ★REV 7987493 ツイスト 力節約 びん蓋開け ジャムのフタや缶 滑り止め 安全 らくらく 力の弱い 女性 お年寄り お子様 キッチンツール キッチン用品 送料無料","ONESIZE","グリーン","X11","Y12",,"0","32","31","-1","星島"
"2026/08/18 12:28:41","在庫CSV取込","9009978","9009978X16Y8","帽子 メンズ AVIREX アビレックス 送料無料 キャップ 父の日 プレゼント 贈り物 ニットキャップ メッシュキャップ 大きいサイズ レディース ディッキーズ ローキャップ ワークキャップ ハット ハンチング おしゃれ ロゴ 刺繍 プリント アメカジ HYPE 通販 yos ギフト","P","-8","X16","Y8",,"0","9","8","-1","星島"
"2026/08/18 12:28:41","在庫CSV取込","7988498","7988498X11Y11","【速攻配達 2個セット】LED ソーラーライト 人感センサー ガーデンライト 防犯ライト 3つ点灯モード 太陽光発電 IP65防水 自動点灯 消灯 屋外ウォールライト ガーデン 玄関 駐車場 停電 防災ライト 地震 津波 台風 防災対応 2個セット セキュリティーライト ★REV 7988498","ONESIZE","ブラック","X11","Y11",,"0","27","26","-1","星島"
"2026/08/18 12:28:41","在庫CSV取込","9009978","9009978X16Y6","帽子 メンズ AVIREX アビレックス 送料無料 キャップ 父の日 プレゼント 贈り物 ニットキャップ メッシュキャップ 大きいサイズ レディース ディッキーズ ローキャップ ワークキャップ ハット ハンチング おしゃれ ロゴ 刺繍 プリント アメカジ HYPE 通販 yos ギフト","P","-6","X16","Y6",,"0","9","8","-1","星島"
"2026/08/18 12:28:41","在庫CSV取込","7999489","7999489X11Y11","5WAY ボディバッグ メンズ 鞄 ショルダーバッグ ウエストバッグ ★REV 7999489 アウトドア キャンプ ミリタリー 無地 迷彩 カモフラージュ 多機能 小さめ 小さい 小型 斜め掛け Military プレゼント ギフト","ONESIZE","ベージュカモ","X11","Y11",,"0","1","0","-1","星島"
"2026/08/18 12:28:41","在庫CSV取込","7995525","7995525X1Y9","AVIREX 限定モデル キャップ 帽子 父の日 贈り物 プレゼント メンズ ★REV ブラックシリーズ 黒 アビレックス アヴィレックス メッシュキャップ ハンチング ローキャップ バケット ハット ワークキャップ レディース かっこいい yos プレゼント ギフト","ONESIZE","【I】ワークキャップ_14587800_80","X1","Y9",,"0","151","150","-1","星島"
"2026/08/18 12:28:41","在庫CSV取込","7988248","7988248X11Y13","リュック メンズ レディース 防水 防災リュック 避難 スポーツ 軽量 リュックサック 32L ★REV 7988248 バックパック デイパック アウトドア キャンプ ジム 登山 散歩  送料無料","ONESIZE","レッド","X11","Y13",,"0","0","-1","-1","星島"
"2026/08/18 12:28:41","在庫CSV取込","7987852","7987852X11Y13","メッシュキャップ メンズ レディース キャップ 帽子 ★REV 7987852 メンズ レディース アップリケ刺繍 狼 ウルフ","ONESIZE","ブラック","X11","Y13",,"0","0","-1","-1","星島"
"2026/08/18 12:28:41","在庫CSV取込","7990623","7990623X11Y13","ドアオープナー リールキーホルダー付 アシストフック NEK 7990623 触らない 外出時 ボタン押し スイッチ類押し 便利グッズ ウィルス対策 接触防止 エレベーター ノータッチ キーホルダー プレゼント ギフト 送料無料","A","ブロンズ","X11","Y13",,"0","1","0","-1","星島"
"2026/08/18 12:28:41","在庫CSV取込","9009978","9009978X3Y1","帽子 メンズ AVIREX アビレックス 送料無料 キャップ 父の日 プレゼント 贈り物 ニットキャップ メッシュキャップ 大きいサイズ レディース ディッキーズ ローキャップ ワークキャップ ハット ハンチング おしゃれ ロゴ 刺繍 プリント アメカジ HYPE 通販 yos ギフト","C","-1","X3","Y1",,"0","22","21","-1","星島"
"2026/08/18 12:28:41","在庫CSV取込","7993671","7993671X11Y11","ブラック メッシュキャップ キャップ 帽子 メンズ レディース ブラック 黒 7993671 ALI 181217","ONESIZE","ブラック","X11","Y11",,"0","10","9","-1","星島"
"2026/08/18 12:30:17","受注取込","7988044","7988044X11Y13","ショルダーバッグ メンズ ワンショルダー 斜め掛け ★REV 7988044 おしゃれバッグ Vintage 斜めがけ メンズボディバック かっこいい ボディバッグ レザー ワンショルダーバッグ カバン 鞄 かばん レザー調 メンズバッグ 斜めがけ メンズショルダーバック 散歩 送料無料","ONESIZE","C_ブラウン","X11","Y13",,"0","28","27","-1",
"2026/08/18 12:31:16","受注取込","7987400","7987400X11Y13","【とにかくデカい！/普通サイズあり！】キャップ メンズ 大きいサイズ 帽子 深め ビッグサイズ ★REVM 7987400 BIG SIZE メンズキャップ帽子 大きめ 大きい帽子 メンズ帽子 レディース 春 夏 春夏 プレゼント ギフト 母の日 父の日 送料無料","大きいサイズ","C-グレー","X11","Y13",,"0","50","49","-1",
"2026/08/18 12:35:48","WEB画面","7992250","7992250X18Y13","iPhone XS ケース バンカーリング 付き 落ちない シリコン ケース 透明 スケルトン 輪 送料無料 iphone XR ケース iPhone8 ケース iphone XS MAX  iphone X リング付 iPhone7 Plus スマホケース カバー クリア アイフォン アクセサリー NEK ALI 7992250 190715","iPhone_11_pro","ブラック","X18","Y13",,"0","2","5","3","星島"
"2026/08/18 12:36:41","WEB画面","7990623","7990623X11Y13","ドアオープナー リールキーホルダー付 アシストフック NEK 7990623 触らない 外出時 ボタン押し スイッチ類押し 便利グッズ ウィルス対策 接触防止 エレベーター ノータッチ キーホルダー プレゼント ギフト 送料無料","A","ブロンズ","X11","Y13",,"0","0","2","2","星島"
"2026/08/18 12:40:12","受注取込","7992540","7992540X11Y14","AVIREX ワークキャップ メンズ 大きいサイズ 大きめ キャップ ブランド 帽子 アメカジ アビレックス 春 夏 秋 冬 綿100％ ★REV 18490000 14787700 80264100 7992540 ネイビー/ベージュ/ブラック/カーキ プレゼント ギフト","ONESIZE","【D】カーキ","X11","Y14",,"0","47","46","-1",
"2026/08/18 12:43:04","在庫CSV取込","9009978","9009978X13Y1","帽子 メンズ AVIREX アビレックス 送料無料 キャップ 父の日 プレゼント 贈り物 ニットキャップ メッシュキャップ 大きいサイズ レディース ディッキーズ ローキャップ ワークキャップ ハット ハンチング おしゃれ ロゴ 刺繍 プリント アメカジ HYPE 通販 yos ギフト","M","-1","X13","Y1",,"0","24","23","-1","星島"
"2026/08/18 12:43:04","在庫CSV取込","9009978","9009978X3Y5","帽子 メンズ AVIREX アビレックス 送料無料 キャップ 父の日 プレゼント 贈り物 ニットキャップ メッシュキャップ 大きいサイズ レディース ディッキーズ ローキャップ ワークキャップ ハット ハンチング おしゃれ ロゴ 刺繍 プリント アメカジ HYPE 通販 yos ギフト","C","-5","X3","Y5",,"0","4","3","-1","星島"
"2026/08/18 12:43:04","在庫CSV取込","7992776","7992776X11Y12","ロングネックレス ネックレス レディース メンズ チョーカー フェザー 羽 羽根 長め 送料無料 シルバー ゴールド 巾着付き アクセサリー プレゼント つけっぱなし MB ALI 7992776 190518","ONESIZE","シルバー","X11","Y12",,"0","13","12","-1","星島"
"2026/08/18 12:43:04","在庫CSV取込","7990381","7990381X11Y15","【15柄展開】マスク 洗えるマスク カラーマスク レース メンズ レディース ペイズリー カモフラ 花柄 レオパード柄 新作 15柄展開 ★REV NEK 7990381 プレゼント ギフト","ONESIZE","E","X11","Y15",,"0","28","27","-1","星島"
"2026/08/18 12:43:04","在庫CSV取込","7990453","7990453X11Y17","【魅せるマスク】マスク カラーマスク ペイズリー 迷彩 カモフラージュ 総柄 おしゃれ かわいい ストレッチ 大人用 14色展開 NEK 7990453 プレゼント ギフト","一般成人用サイズ","モザイクB","X11","Y17",,"0","134","133","-1","星島"
"2026/08/18 12:43:04","在庫CSV取込","7988089","7988089X16Y11","安全靴 スニーカー エアウォーク AIR WALK Y_YU AW-880 レッド迷彩 アクティブライト ローカット メンズ セーフティシューズ 樹脂先芯 軽量 衝撃吸収 負担軽減 作業靴 オシャレ","28.0cm","レッド迷彩","X16","Y11",,"0","185","184","-1","星島"
"2026/08/18 12:43:04","在庫CSV取込","7988089","7988089X11Y11","安全靴 スニーカー エアウォーク AIR WALK Y_YU AW-880 レッド迷彩 アクティブライト ローカット メンズ セーフティシューズ 樹脂先芯 軽量 衝撃吸収 負担軽減 作業靴 オシャレ","25.0cm ","レッド迷彩","X11","Y11",,"0","289","288","-1","星島"
"2026/08/18 12:43:04","在庫CSV取込","7990413","7990413X11Y15","【超おしゃれ】マスク スカーフマスク 送料無料 感染対策 女性 レディース スカーフ マスクスカーフ 花柄 おしゃれ エレガント 防塵 花粉 UVカット 洗える NEK 7990413","ONESIZE","E","X11","Y15",,"0","79","78","-1","星島"
"2026/08/18 12:43:04","在庫CSV取込","7992250","7992250X19Y11","iPhone XS ケース バンカーリング 付き 落ちない シリコン ケース 透明 スケルトン 輪 送料無料 iphone XR ケース iPhone8 ケース iphone XS MAX  iphone X リング付 iPhone7 Plus スマホケース カバー クリア アイフォン アクセサリー NEK ALI 7992250 190715","iPhone_11_pro_MAX","レッド","X19","Y11",,"0","4","3","-1","星島"
"2026/08/18 12:43:04","在庫CSV取込","7987082","7987082X11Y11","【超冷感】アームカバー UPF50＋ UVカット レディース uvカット アームカバー NEK ★REVA 7987082 指先まで 日焼け止め 腕カバー アームカバー uv 冷感 日焼け止め 手袋 アームカバー 日焼け対策 アームカバー 日焼け 冷感 夏 アウトドア 運転 自転車 ゴルフ 送料無料","ONESIZE","ブラック","X11","Y11",,"0","115","114","-1","星島"
"2026/08/18 12:43:04","在庫CSV取込","7992495","7992495X11Y23","ブレスレット バングル メンズ レディース サバイバル パラコード 笛付き リフレクター素材 サバゲー ミリタリー アクセサリー プレゼント 送料無料  NEK ALI 7992495 190707","ONESIZE","M","X11","Y23",,"0","8","7","-1","星島"
"2026/08/18 12:43:04","在庫CSV取込","7992495","7992495X11Y15","ブレスレット バングル メンズ レディース サバイバル パラコード 笛付き リフレクター素材 サバゲー ミリタリー アクセサリー プレゼント 送料無料  NEK ALI 7992495 190707","ONESIZE","E","X11","Y15",,"0","17","16","-1","星島"
"2026/08/18 12:43:04","在庫CSV取込","7986677","7986677X11Y15","【深め/美シルエット】Vintage ダメージ加工 メッシュキャップ キャップ 帽子 メンズ レディース ★REVL 7986677 野球帽 ウォッシュ加工 A-Frame Trucker アメカジ 無地 おしゃれ 送料無料","ONESIZE","グレー","X11","Y15",,"0","8","7","-1","星島"
"2026/08/18 12:43:04","在庫CSV取込","7986688","7986688X15Y11","【竹炭消臭インソール付】サンダル メンズ スポーツサンダル ★REVL 7986688 防滑 水陸両用 レジャー アウトドアサンダル ウォーターシューズ マジックテープ ブラック 歩きやすい 海 ビーチ 夏レジャー 送料無料","27.0cm","ブラック","X15","Y11",,"0","2","1","-1","星島"
"2026/08/18 12:43:04","在庫CSV取込","7986688","7986688X13Y13","【竹炭消臭インソール付】サンダル メンズ スポーツサンダル ★REVL 7986688 防滑 水陸両用 レジャー アウトドアサンダル ウォーターシューズ マジックテープ ブラック 歩きやすい 海 ビーチ 夏レジャー 送料無料","26.0cm","ダークブラウン","X13","Y13",,"0","9","8","-1","星島"
"2026/08/18 12:43:04","在庫CSV取込","7987409","7987409X11Y13","【130cm 大きいサイズ対応】本革 床革 ベルト メンズ 130cm NEK ★REV 7987409 大きいサイズ対応 シンセティックレザー ビジネスベルト カジュアルベルト 父の日 送料無料","ONESIZE","ブラックB","X11","Y13",,"0","43","42","-1","星島"
"2026/08/18 12:43:04","在庫CSV取込","7986802","7986802X11Y11","【お得な7個セット】LEDライト カラビナ キーホルダー 小型LEDライト 避難 防災 災害 NKE ★REV 7986802 キーライト 高輝度 LR41 ボタン電池 LTG 送料無料","ONESIZE","7色セット","X11","Y11",,"0","7","6","-1","星島"
"2026/08/18 12:43:04","在庫CSV取込","7987092","7987092X11Y13","【本革】キーケース スマートキーケース メンズ レディース NEK ★REV 7987092 ポーチ LEATHER 本革 本皮 おしゃれ コスメポーチ 小銭入れ 送料無料","ONESIZE","オリーブ","X11","Y13",,"0","2","1","-1","星島"
"2026/08/18 12:43:04","在庫CSV取込","7987175","7987175X11Y14","LA ロサンゼルス LOS ANGELESS キャップ 帽子 野球帽 アウトドア ★REV 7987175 メンズ レディース 野球 ローキャップ Vintage プレゼント ギフト","ONESIZE","ネイビー","X11","Y14",,"0","16","15","-1","星島"
"2026/08/18 12:43:04","在庫CSV取込","7987598","7987598X11Y12","【8bits】ペン型 ドライバー 精密ドライバー ドライバーセット NEK ★REV 7987598 工具 DIY プラス マイナス 8in1 送料無料","ワンサイズ","レッド","X11","Y12",,"0","45","44","-1","星島"
"2026/08/18 12:43:04","在庫CSV取込","9009978","9009978X12Y7","帽子 メンズ AVIREX アビレックス 送料無料 キャップ 父の日 プレゼント 贈り物 ニットキャップ メッシュキャップ 大きいサイズ レディース ディッキーズ ローキャップ ワークキャップ ハット ハンチング おしゃれ ロゴ 刺繍 プリント アメカジ HYPE 通販 yos ギフト","L","-7","X12","Y7",,"0","9","8","-1","星島"
"2026/08/18 12:43:04","在庫CSV取込","7999489","7999489X11Y16","5WAY ボディバッグ メンズ 鞄 ショルダーバッグ ウエストバッグ ★REV 7999489 アウトドア キャンプ ミリタリー 無地 迷彩 カモフラージュ 多機能 小さめ 小さい 小型 斜め掛け Military プレゼント ギフト","ONESIZE","ブラック","X11","Y16",,"0","0","-1","-1","星島"
"2026/08/18 12:43:04","在庫CSV取込","7988525","7988525X11Y13","【速攻配達】イヤホン イヤフォン 3.5mm ハイレゾ 高音質 マイク付き NEK ★REV 7988525 重低音 hi-res 有線 ノイズキャンセリング 遮音 通勤 ゲーミング 携帯 スマホ イヤホンマイク Android アクセサリー 送料無料 プレゼント ギフト","ONESIZE","ブルー","X11","Y13",,"0","12","11","-1","星島"
"2026/08/18 12:43:04","在庫CSV取込","9009978","9009978X20Y4","帽子 メンズ AVIREX アビレックス 送料無料 キャップ 父の日 プレゼント 贈り物 ニットキャップ メッシュキャップ 大きいサイズ レディース ディッキーズ ローキャップ ワークキャップ ハット ハンチング おしゃれ ロゴ 刺繍 プリント アメカジ HYPE 通販 yos ギフト","T","-4","X20","Y4",,"0","8","7","-1","星島"
"2026/08/18 12:43:04","在庫CSV取込","7998477","7998477X11Y12","2WAY ビジネスバッグ メンズ 鞄 バッグ 通勤 ポケット多 書類カバン ★REV 7998477 プレゼント ギフト","ONESIZE","ブラック×ブラック","X11","Y12",,"0","29","28","-1","星島"
"2026/08/18 12:43:04","在庫CSV取込","9009978","9009978X9Y6","帽子 メンズ AVIREX アビレックス 送料無料 キャップ 父の日 プレゼント 贈り物 ニットキャップ メッシュキャップ 大きいサイズ レディース ディッキーズ ローキャップ ワークキャップ ハット ハンチング おしゃれ ロゴ 刺繍 プリント アメカジ HYPE 通販 yos ギフト","I","-6","X9","Y6",,"0","0","-1","-1","星島"
"2026/08/18 12:43:04","在庫CSV取込","9009978","9009978X15Y5","帽子 メンズ AVIREX アビレックス 送料無料 キャップ 父の日 プレゼント 贈り物 ニットキャップ メッシュキャップ 大きいサイズ レディース ディッキーズ ローキャップ ワークキャップ ハット ハンチング おしゃれ ロゴ 刺繍 プリント アメカジ HYPE 通販 yos ギフト","O","-5","X15","Y5",,"0","4","3","-1","星島"
"2026/08/18 12:43:04","在庫CSV取込","7990243","7990243X11Y12","多機能 ドアオープナー フック アシスト つり革 触らない ボタン押し ウィルス対策 接触防止 ハンドルフック 吊り革グリップ 便利グッズ タッチペン NEK 7990243 プレゼント ギフト","ONESIZE","シルバー","X11","Y12",,"0","4","3","-1","星島"
"2026/08/18 12:48:31","受注取込","7994702","7994702X11Y11","経年変化を楽しむ！日本製 本革 レザー 130cm 長め ベルト 7994702 メンズ レディース ヌメ革 総革 Artisan aging 送料無料 ナチュラル ギフトBOX付き プレゼント 180618 プレゼント ギフト","ONESIZE","ナチュラル","X11","Y11",,"0","65","64","-1",
"2026/08/18 12:48:31","受注取込","7987026","7987026X12Y11","【大きいサイズあり】キャップ 11cm つば長 帽子 メンズ レディース ★REV 7987026 深め 深い ゴルフ 無地 日焼け止め UVカット 送料無料","大きいサイズ","ブラック","X12","Y11",,"0","70","69","-1",
"2026/08/18 12:52:18","受注取込","7988047","7988047X11Y11","2WAY ミニ ボストンバッグ メンズ レディース ★REV 7988047 小さめ 小型 ショルダーバッグ ミニバッグ ドラムバッグ 小旅行 アウトドア キャンプ ジム 軽量 送料無料","ONESIZE","ブラック","X11","Y11",,"0","45","44","-1",
"2026/08/18 12:54:30","受注取込","7986572","7986572X11Y23","【新型/IQOS イルマ i ワン用】アイコス イルマiワン ILUMA ケース 保護ケース NEK ★REVL 7986572 iqosイルマワン イルマワンカバー 耐衝撃 おしゃれ iqos iluma one 専用 IQOSイルマワン保護ケース レザー ヒョウ柄 ペイズリー 保護カバー アイコスケース アクセサリー 送料無料","イルマiワン","67","X11","Y23",,"0","11","10","-1",
"2026/08/18 12:55:31","WEB画面","7986710","7986710X11Y19","【春夏秋冬対応/くすみカラー】トートバッグ クロシェバッグ エコバッグ レディース NEK ★REVO 7986710 メッシュ クロシェ編み ナチュラル ニット A4 軽量 かぎ編み おしゃれ 大容量 リゾート 通勤 通学 学生 送料無料","ONESIZE","チャコール","X11","Y19",,"0","2","32","30","庄司 泰久"
"2026/08/18 12:55:31","WEB画面","7986710","7986710X11Y21","【春夏秋冬対応/くすみカラー】トートバッグ クロシェバッグ エコバッグ レディース NEK ★REVO 7986710 メッシュ クロシェ編み ナチュラル ニット A4 軽量 かぎ編み おしゃれ 大容量 リゾート 通勤 通学 学生 送料無料","ONESIZE","ブルー","X11","Y21",,"0","6","26","20","庄司 泰久"
"2026/08/18 12:55:55","WEB画面","7986855","7986855X11Y11","【潜在能力を引き出す】ラブラドライト パワーストーン ネックレス NEK ★REV 7986855 チョーカー メンズ レディース 天然石 お守り プレゼント 送料無料 アクセサリー","ONESIZE","オーロラ","X11","Y11",,"0","0","30","30","庄司 泰久"
"2026/08/18 13:00:36","WEB画面","7986572","7986572X11Y11","【新型/IQOS イルマ i ワン用】アイコス イルマiワン ILUMA ケース 保護ケース NEK ★REVL 7986572 iqosイルマワン イルマワンカバー 耐衝撃 おしゃれ iqos iluma one 専用 IQOSイルマワン保護ケース レザー ヒョウ柄 ペイズリー 保護カバー アイコスケース アクセサリー 送料無料","イルマiワン","55","X11","Y11",,"0","0","15","15","庄司 泰久"
"2026/08/18 13:00:36","WEB画面","7986572","7986572X11Y13","【新型/IQOS イルマ i ワン用】アイコス イルマiワン ILUMA ケース 保護ケース NEK ★REVL 7986572 iqosイルマワン イルマワンカバー 耐衝撃 おしゃれ iqos iluma one 専用 IQOSイルマワン保護ケース レザー ヒョウ柄 ペイズリー 保護カバー アイコスケース アクセサリー 送料無料","イルマiワン","57","X11","Y13",,"0","3","13","10","庄司 泰久"
"2026/08/18 13:00:36","WEB画面","7986572","7986572X11Y14","【新型/IQOS イルマ i ワン用】アイコス イルマiワン ILUMA ケース 保護ケース NEK ★REVL 7986572 iqosイルマワン イルマワンカバー 耐衝撃 おしゃれ iqos iluma one 専用 IQOSイルマワン保護ケース レザー ヒョウ柄 ペイズリー 保護カバー アイコスケース アクセサリー 送料無料","イルマiワン","58","X11","Y14",,"0","3","8","5","庄司 泰久"
"2026/08/18 13:00:36","WEB画面","7986572","7986572X11Y15","【新型/IQOS イルマ i ワン用】アイコス イルマiワン ILUMA ケース 保護ケース NEK ★REVL 7986572 iqosイルマワン イルマワンカバー 耐衝撃 おしゃれ iqos iluma one 専用 IQOSイルマワン保護ケース レザー ヒョウ柄 ペイズリー 保護カバー アイコスケース アクセサリー 送料無料","イルマiワン","59","X11","Y15",,"0","1","11","10","庄司 泰久"
"2026/08/18 13:00:36","WEB画面","7986572","7986572X11Y16","【新型/IQOS イルマ i ワン用】アイコス イルマiワン ILUMA ケース 保護ケース NEK ★REVL 7986572 iqosイルマワン イルマワンカバー 耐衝撃 おしゃれ iqos iluma one 専用 IQOSイルマワン保護ケース レザー ヒョウ柄 ペイズリー 保護カバー アイコスケース アクセサリー 送料無料","イルマiワン","60","X11","Y16",,"0","7","12","5","庄司 泰久"
"2026/08/18 13:00:36","WEB画面","7986572","7986572X11Y17","【新型/IQOS イルマ i ワン用】アイコス イルマiワン ILUMA ケース 保護ケース NEK ★REVL 7986572 iqosイルマワン イルマワンカバー 耐衝撃 おしゃれ iqos iluma one 専用 IQOSイルマワン保護ケース レザー ヒョウ柄 ペイズリー 保護カバー アイコスケース アクセサリー 送料無料","イルマiワン","61","X11","Y17",,"0","2","12","10","庄司 泰久"
"2026/08/18 13:00:36","WEB画面","7986572","7986572X11Y18","【新型/IQOS イルマ i ワン用】アイコス イルマiワン ILUMA ケース 保護ケース NEK ★REVL 7986572 iqosイルマワン イルマワンカバー 耐衝撃 おしゃれ iqos iluma one 専用 IQOSイルマワン保護ケース レザー ヒョウ柄 ペイズリー 保護カバー アイコスケース アクセサリー 送料無料","イルマiワン","62","X11","Y18",,"0","0","10","10","庄司 泰久"
"2026/08/18 13:00:36","WEB画面","7986572","7986572X11Y19","【新型/IQOS イルマ i ワン用】アイコス イルマiワン ILUMA ケース 保護ケース NEK ★REVL 7986572 iqosイルマワン イルマワンカバー 耐衝撃 おしゃれ iqos iluma one 専用 IQOSイルマワン保護ケース レザー ヒョウ柄 ペイズリー 保護カバー アイコスケース アクセサリー 送料無料","イルマiワン","63","X11","Y19",,"0","0","10","10","庄司 泰久"
"2026/08/18 13:00:36","WEB画面","7986572","7986572X11Y20","【新型/IQOS イルマ i ワン用】アイコス イルマiワン ILUMA ケース 保護ケース NEK ★REVL 7986572 iqosイルマワン イルマワンカバー 耐衝撃 おしゃれ iqos iluma one 専用 IQOSイルマワン保護ケース レザー ヒョウ柄 ペイズリー 保護カバー アイコスケース アクセサリー 送料無料","イルマiワン","64","X11","Y20",,"0","0","20","20","庄司 泰久"
"2026/08/18 13:00:36","WEB画面","7986572","7986572X11Y21","【新型/IQOS イルマ i ワン用】アイコス イルマiワン ILUMA ケース 保護ケース NEK ★REVL 7986572 iqosイルマワン イルマワンカバー 耐衝撃 おしゃれ iqos iluma one 専用 IQOSイルマワン保護ケース レザー ヒョウ柄 ペイズリー 保護カバー アイコスケース アクセサリー 送料無料","イルマiワン","65","X11","Y21",,"0","0","15","15","庄司 泰久"
"2026/08/18 13:00:36","WEB画面","7986572","7986572X11Y22","【新型/IQOS イルマ i ワン用】アイコス イルマiワン ILUMA ケース 保護ケース NEK ★REVL 7986572 iqosイルマワン イルマワンカバー 耐衝撃 おしゃれ iqos iluma one 専用 IQOSイルマワン保護ケース レザー ヒョウ柄 ペイズリー 保護カバー アイコスケース アクセサリー 送料無料","イルマiワン","66","X11","Y22",,"0","1","11","10","庄司 泰久"
"2026/08/18 13:00:36","WEB画面","7986572","7986572X11Y23","【新型/IQOS イルマ i ワン用】アイコス イルマiワン ILUMA ケース 保護ケース NEK ★REVL 7986572 iqosイルマワン イルマワンカバー 耐衝撃 おしゃれ iqos iluma one 専用 IQOSイルマワン保護ケース レザー ヒョウ柄 ペイズリー 保護カバー アイコスケース アクセサリー 送料無料","イルマiワン","67","X11","Y23",,"0","10","40","30","庄司 泰久"
"2026/08/18 13:00:36","WEB画面","7986572","7986572X11Y24","【新型/IQOS イルマ i ワン用】アイコス イルマiワン ILUMA ケース 保護ケース NEK ★REVL 7986572 iqosイルマワン イルマワンカバー 耐衝撃 おしゃれ iqos iluma one 専用 IQOSイルマワン保護ケース レザー ヒョウ柄 ペイズリー 保護カバー アイコスケース アクセサリー 送料無料","イルマiワン","68","X11","Y24",,"0","0","35","35","庄司 泰久"
"2026/08/18 13:00:36","WEB画面","7986572","7986572X11Y26","【新型/IQOS イルマ i ワン用】アイコス イルマiワン ILUMA ケース 保護ケース NEK ★REVL 7986572 iqosイルマワン イルマワンカバー 耐衝撃 おしゃれ iqos iluma one 専用 IQOSイルマワン保護ケース レザー ヒョウ柄 ペイズリー 保護カバー アイコスケース アクセサリー 送料無料","イルマiワン","70","X11","Y26",,"0","2","12","10","庄司 泰久"
"2026/08/18 13:00:36","WEB画面","7986572","7986572X11Y27","【新型/IQOS イルマ i ワン用】アイコス イルマiワン ILUMA ケース 保護ケース NEK ★REVL 7986572 iqosイルマワン イルマワンカバー 耐衝撃 おしゃれ iqos iluma one 専用 IQOSイルマワン保護ケース レザー ヒョウ柄 ペイズリー 保護カバー アイコスケース アクセサリー 送料無料","イルマiワン","71","X11","Y27",,"0","5","10","5","庄司 泰久"
"2026/08/18 13:00:36","WEB画面","7986572","7986572X11Y29","【新型/IQOS イルマ i ワン用】アイコス イルマiワン ILUMA ケース 保護ケース NEK ★REVL 7986572 iqosイルマワン イルマワンカバー 耐衝撃 おしゃれ iqos iluma one 専用 IQOSイルマワン保護ケース レザー ヒョウ柄 ペイズリー 保護カバー アイコスケース アクセサリー 送料無料","イルマiワン","73","X11","Y29",,"0","0","30","30","庄司 泰久"
"2026/08/18 13:00:36","WEB画面","7986572","7986572X11Y30","【新型/IQOS イルマ i ワン用】アイコス イルマiワン ILUMA ケース 保護ケース NEK ★REVL 7986572 iqosイルマワン イルマワンカバー 耐衝撃 おしゃれ iqos iluma one 専用 IQOSイルマワン保護ケース レザー ヒョウ柄 ペイズリー 保護カバー アイコスケース アクセサリー 送料無料","イルマiワン","74","X11","Y30",,"0","0","25","25","庄司 泰久"
"2026/08/18 13:00:36","WEB画面","7986572","7986572X11Y31","【新型/IQOS イルマ i ワン用】アイコス イルマiワン ILUMA ケース 保護ケース NEK ★REVL 7986572 iqosイルマワン イルマワンカバー 耐衝撃 おしゃれ iqos iluma one 専用 IQOSイルマワン保護ケース レザー ヒョウ柄 ペイズリー 保護カバー アイコスケース アクセサリー 送料無料","イルマiワン","75","X11","Y31",,"0","0","25","25","庄司 泰久"
"2026/08/18 13:00:36","WEB画面","7986572","7986572X11Y33","【新型/IQOS イルマ i ワン用】アイコス イルマiワン ILUMA ケース 保護ケース NEK ★REVL 7986572 iqosイルマワン イルマワンカバー 耐衝撃 おしゃれ iqos iluma one 専用 IQOSイルマワン保護ケース レザー ヒョウ柄 ペイズリー 保護カバー アイコスケース アクセサリー 送料無料","イルマiワン","77","X11","Y33",,"0","0","20","20","庄司 泰久"
"2026/08/18 13:00:36","WEB画面","7986572","7986572X11Y34","【新型/IQOS イルマ i ワン用】アイコス イルマiワン ILUMA ケース 保護ケース NEK ★REVL 7986572 iqosイルマワン イルマワンカバー 耐衝撃 おしゃれ iqos iluma one 専用 IQOSイルマワン保護ケース レザー ヒョウ柄 ペイズリー 保護カバー アイコスケース アクセサリー 送料無料","イルマiワン","78","X11","Y34",,"0","9","19","10","庄司 泰久"
"2026/08/18 13:00:36","WEB画面","7986572","7986572X11Y35","【新型/IQOS イルマ i ワン用】アイコス イルマiワン ILUMA ケース 保護ケース NEK ★REVL 7986572 iqosイルマワン イルマワンカバー 耐衝撃 おしゃれ iqos iluma one 専用 IQOSイルマワン保護ケース レザー ヒョウ柄 ペイズリー 保護カバー アイコスケース アクセサリー 送料無料","イルマiワン","79","X11","Y35",,"0","0","30","30","庄司 泰久"
"2026/08/18 13:00:36","WEB画面","7986572","7986572X11Y36","【新型/IQOS イルマ i ワン用】アイコス イルマiワン ILUMA ケース 保護ケース NEK ★REVL 7986572 iqosイルマワン イルマワンカバー 耐衝撃 おしゃれ iqos iluma one 専用 IQOSイルマワン保護ケース レザー ヒョウ柄 ペイズリー 保護カバー アイコスケース アクセサリー 送料無料","イルマiワン","80","X11","Y36",,"0","4","24","20","庄司 泰久"
"2026/08/18 13:00:36","WEB画面","7986572","7986572X11Y37","【新型/IQOS イルマ i ワン用】アイコス イルマiワン ILUMA ケース 保護ケース NEK ★REVL 7986572 iqosイルマワン イルマワンカバー 耐衝撃 おしゃれ iqos iluma one 専用 IQOSイルマワン保護ケース レザー ヒョウ柄 ペイズリー 保護カバー アイコスケース アクセサリー 送料無料","イルマiワン","81","X11","Y37",,"0","5","25","20","庄司 泰久"
"2026/08/18 13:00:36","WEB画面","7986572","7986572X11Y38","【新型/IQOS イルマ i ワン用】アイコス イルマiワン ILUMA ケース 保護ケース NEK ★REVL 7986572 iqosイルマワン イルマワンカバー 耐衝撃 おしゃれ iqos iluma one 専用 IQOSイルマワン保護ケース レザー ヒョウ柄 ペイズリー 保護カバー アイコスケース アクセサリー 送料無料","イルマiワン","82","X11","Y38",,"0","5","20","15","庄司 泰久"
"2026/08/18 13:00:36","WEB画面","7986572","7986572X11Y39","【新型/IQOS イルマ i ワン用】アイコス イルマiワン ILUMA ケース 保護ケース NEK ★REVL 7986572 iqosイルマワン イルマワンカバー 耐衝撃 おしゃれ iqos iluma one 専用 IQOSイルマワン保護ケース レザー ヒョウ柄 ペイズリー 保護カバー アイコスケース アクセサリー 送料無料","イルマiワン","83","X11","Y39",,"0","25","35","10","庄司 泰久"
"2026/08/18 13:00:36","WEB画面","7986572","7986572X11Y40","【新型/IQOS イルマ i ワン用】アイコス イルマiワン ILUMA ケース 保護ケース NEK ★REVL 7986572 iqosイルマワン イルマワンカバー 耐衝撃 おしゃれ iqos iluma one 専用 IQOSイルマワン保護ケース レザー ヒョウ柄 ペイズリー 保護カバー アイコスケース アクセサリー 送料無料","イルマiワン","84","X11","Y40",,"0","3","18","15","庄司 泰久"
"2026/08/18 13:00:36","WEB画面","7986572","7986572X11Y41","【新型/IQOS イルマ i ワン用】アイコス イルマiワン ILUMA ケース 保護ケース NEK ★REVL 7986572 iqosイルマワン イルマワンカバー 耐衝撃 おしゃれ iqos iluma one 専用 IQOSイルマワン保護ケース レザー ヒョウ柄 ペイズリー 保護カバー アイコスケース アクセサリー 送料無料","イルマiワン","85","X11","Y41",,"0","0","35","35","庄司 泰久"
"2026/08/18 13:00:36","WEB画面","7986572","7986572X11Y42","【新型/IQOS イルマ i ワン用】アイコス イルマiワン ILUMA ケース 保護ケース NEK ★REVL 7986572 iqosイルマワン イルマワンカバー 耐衝撃 おしゃれ iqos iluma one 専用 IQOSイルマワン保護ケース レザー ヒョウ柄 ペイズリー 保護カバー アイコスケース アクセサリー 送料無料","イルマiワン","86","X11","Y42",,"0","15","25","10","庄司 泰久"
"2026/08/18 13:00:36","WEB画面","7986572","7986572X11Y43","【新型/IQOS イルマ i ワン用】アイコス イルマiワン ILUMA ケース 保護ケース NEK ★REVL 7986572 iqosイルマワン イルマワンカバー 耐衝撃 おしゃれ iqos iluma one 専用 IQOSイルマワン保護ケース レザー ヒョウ柄 ペイズリー 保護カバー アイコスケース アクセサリー 送料無料","イルマiワン","87","X11","Y43",,"0","1","16","15","庄司 泰久"
"2026/08/18 13:00:36","WEB画面","7986572","7986572X11Y44","【新型/IQOS イルマ i ワン用】アイコス イルマiワン ILUMA ケース 保護ケース NEK ★REVL 7986572 iqosイルマワン イルマワンカバー 耐衝撃 おしゃれ iqos iluma one 専用 IQOSイルマワン保護ケース レザー ヒョウ柄 ペイズリー 保護カバー アイコスケース アクセサリー 送料無料","イルマiワン","88","X11","Y44",,"0","4","9","5","庄司 泰久"
"2026/08/18 13:00:36","WEB画面","7986572","7986572X11Y45","【新型/IQOS イルマ i ワン用】アイコス イルマiワン ILUMA ケース 保護ケース NEK ★REVL 7986572 iqosイルマワン イルマワンカバー 耐衝撃 おしゃれ iqos iluma one 専用 IQOSイルマワン保護ケース レザー ヒョウ柄 ペイズリー 保護カバー アイコスケース アクセサリー 送料無料","イルマiワン","89","X11","Y45",,"0","0","35","35","庄司 泰久"
"2026/08/18 13:01:10","WEB画面","7986789","7986789X11Y11","【小さな笛が身を守る/お得な2個セット】キーホルダー 防犯ホイッスル 防災ホイッスル 口笛 防犯グッズ NEK ★REV 7986789 護身用 女性 災害 大音量 ランドセル 子ども 男の子 女の子 大人 小学生 中学生 卒園 入学 キャンプ 登山 アウトドア プレゼント ギフト アクセサリー 送料無料","ONESIZE","ゴールド×シルバー(2個セット)","X11","Y11",,"0","0","50","50","庄司 泰久"
"2026/08/18 13:01:52","WEB画面","7986601","7986601X11Y11","【首元リセット/癒しの深温波】テラハーモニー TeraHarmony 天然 テラヘルツ NEK ★REVL 7986601 健康 リラックス 安眠 天然石 パワーストーン お風呂 テラヘルツ鉱石 温泉 健康グッズ 健康器具 テラヘル マッサージ 肩こり 腰痛 疲労 母の日 父の日送料無料","ONESIZE","ブラック","X11","Y11",,"0","5","40","35","庄司 泰久"
"2026/08/18 13:02:26","WEB画面","7986711","7986711X11Y11","【高速充電/45W/PD対応】シガーソケット 充電器 USB TYPE-C タイプC PD充電器 NEK ★REVL 7986711 高速 急速充電 車載 コンパクト カーチャージャー 車載充電器  iPhone android ipad スマホ アクセサリー 2ポート 車載ガジェット 送料無料","ONESIZE","TYPE-A×TYPE-C","X11","Y11",,"0","0","35","35","庄司 泰久"
"2026/08/18 13:02:26","WEB画面","7986711","7986711X11Y12","【高速充電/45W/PD対応】シガーソケット 充電器 USB TYPE-C タイプC PD充電器 NEK ★REVL 7986711 高速 急速充電 車載 コンパクト カーチャージャー 車載充電器  iPhone android ipad スマホ アクセサリー 2ポート 車載ガジェット 送料無料","ONESIZE","TYPE-C×TYPE-C","X11","Y12",,"0","4","34","30","庄司 泰久"
"2026/08/18 13:04:10","WEB画面","7987073","7987073X11Y12","【くすみカラー 超軽量】バケットハット サファリハット メンズ レディース 普通サイズ 大きいサイズ NEK ★REV 7987073 アドベンチャーハット 撥水 速乾 軽量 折り畳める UV カット アウトドア キャンプ 登山 ウォーキング 散歩 日焼け防止 紫外線防止 送料無料","普通サイズ","グレー","X11","Y12",,"0","7","22","15","庄司 泰久"
"2026/08/18 13:04:10","WEB画面","7987073","7987073X11Y17","【くすみカラー 超軽量】バケットハット サファリハット メンズ レディース 普通サイズ 大きいサイズ NEK ★REV 7987073 アドベンチャーハット 撥水 速乾 軽量 折り畳める UV カット アウトドア キャンプ 登山 ウォーキング 散歩 日焼け防止 紫外線防止 送料無料","普通サイズ","レンガ","X11","Y17",,"0","6","21","15","庄司 泰久"
"2026/08/18 13:04:10","WEB画面","7987073","7987073X11Y18","【くすみカラー 超軽量】バケットハット サファリハット メンズ レディース 普通サイズ 大きいサイズ NEK ★REV 7987073 アドベンチャーハット 撥水 速乾 軽量 折り畳める UV カット アウトドア キャンプ 登山 ウォーキング 散歩 日焼け防止 紫外線防止 送料無料","普通サイズ","カーキ","X11","Y18",,"0","4","29","25","庄司 泰久"
"2026/08/18 13:05:42","WEB画面","7987559","7987559X11Y11","ミニ財布 ミニウォレット 短財布 メンズ レディース ウォレット NEK ★REV 7987559 プレゼント ギフト 父の日 母の日 プチギフト 誕プレ 送料無料","ONESIZE","グレー","X11","Y11",,"0","5","30","25","庄司 泰久"
"2026/08/18 13:05:42","WEB画面","7987559","7987559X11Y12","ミニ財布 ミニウォレット 短財布 メンズ レディース ウォレット NEK ★REV 7987559 プレゼント ギフト 父の日 母の日 プチギフト 誕プレ 送料無料","ONESIZE","ブラック","X11","Y12",,"0","0","30","30","庄司 泰久"
"2026/08/18 13:05:42","WEB画面","7987559","7987559X11Y13","ミニ財布 ミニウォレット 短財布 メンズ レディース ウォレット NEK ★REV 7987559 プレゼント ギフト 父の日 母の日 プチギフト 誕プレ 送料無料","ONESIZE","ネイビー","X11","Y13",,"0","0","30","30","庄司 泰久"
"2026/08/18 13:05:42","WEB画面","7987559","7987559X11Y14","ミニ財布 ミニウォレット 短財布 メンズ レディース ウォレット NEK ★REV 7987559 プレゼント ギフト 父の日 母の日 プチギフト 誕プレ 送料無料","ONESIZE","ブラウン","X11","Y14",,"0","8","18","10","庄司 泰久"
"2026/08/18 13:06:46","WEB画面","7986849","7986849X11Y11","【ゴージャスに遊ぶ】トランプ プラスチック 54枚 撥水 NEK ★REV 7986849 ブラック ゴールド シルバー ピンクゴールド カードゲーム マジックトランプ パーティーグッズ プレゼント ギフト ポーカー ブラックジャック 手品 送料無料","ONESIZE","A","X11","Y11",,"0","4","54","50","庄司 泰久"
"2026/08/18 13:06:46","WEB画面","7986849","7986849X11Y12","【ゴージャスに遊ぶ】トランプ プラスチック 54枚 撥水 NEK ★REV 7986849 ブラック ゴールド シルバー ピンクゴールド カードゲーム マジックトランプ パーティーグッズ プレゼント ギフト ポーカー ブラックジャック 手品 送料無料","ONESIZE","B","X11","Y12",,"0","9","34","25","庄司 泰久"
"2026/08/18 13:06:46","WEB画面","7986849","7986849X11Y13","【ゴージャスに遊ぶ】トランプ プラスチック 54枚 撥水 NEK ★REV 7986849 ブラック ゴールド シルバー ピンクゴールド カードゲーム マジックトランプ パーティーグッズ プレゼント ギフト ポーカー ブラックジャック 手品 送料無料","ONESIZE","C","X11","Y13",,"0","6","26","20","庄司 泰久"
"2026/08/18 13:06:46","WEB画面","7986849","7986849X11Y14","【ゴージャスに遊ぶ】トランプ プラスチック 54枚 撥水 NEK ★REV 7986849 ブラック ゴールド シルバー ピンクゴールド カードゲーム マジックトランプ パーティーグッズ プレゼント ギフト ポーカー ブラックジャック 手品 送料無料","ONESIZE","D","X11","Y14",,"0","2","42","40","庄司 泰久"
"2026/08/18 13:06:46","WEB画面","7986849","7986849X11Y15","【ゴージャスに遊ぶ】トランプ プラスチック 54枚 撥水 NEK ★REV 7986849 ブラック ゴールド シルバー ピンクゴールド カードゲーム マジックトランプ パーティーグッズ プレゼント ギフト ポーカー ブラックジャック 手品 送料無料","ONESIZE","E","X11","Y15",,"0","9","24","15","庄司 泰久"
"2026/08/18 13:14:45","受注取込","7997141","7997141X16Y15","特大 スイカ ドーナツ 浮き輪 浮輪 送料無料 プール 大人用 子供用 NEK 7997141 ★REV 120cm 90cm 80cm 70cm 60cm サイズ 大きい 大きめ うきわ ウキワ すいか 海 海水浴 ビックフロート 水上 レジャー かわいい フローティングベッド 西瓜 子供用浮き輪 大人 子供 こども","ONESIZE","グリーンストライプ","X16","Y15",,"0","51","50","-1",
"2026/08/18 13:31:45","受注取込","7997141","7997141X12Y12","特大 スイカ ドーナツ 浮き輪 浮輪 送料無料 プール 大人用 子供用 NEK 7997141 ★REV 120cm 90cm 80cm 70cm 60cm サイズ 大きい 大きめ うきわ ウキワ すいか 海 海水浴 ビックフロート 水上 レジャー かわいい フローティングベッド 西瓜 子供用浮き輪 大人 子供 こども","90cm","ドーナツイチゴ","X12","Y12",,"0","8","7","-1",
"2026/08/18 13:31:45","受注取込","8003102","8003102X21Y11","やみつきになる！ ストレッチ AVIREX アビレックス Tシャツ メンズ ★REV NEK 6143501 6143502 Vネック クルーネック 半袖 プレゼント ギフト","Vネック_ネイビー(ロイヤル)_086","Sサイズ","X21","Y11",,"0","3","2","-1",
"2026/08/18 13:32:31","受注取込","7986572","7986572X11Y26","【新型/IQOS イルマ i ワン用】アイコス イルマiワン ILUMA ケース 保護ケース NEK ★REVL 7986572 iqosイルマワン イルマワンカバー 耐衝撃 おしゃれ iqos iluma one 専用 IQOSイルマワン保護ケース レザー ヒョウ柄 ペイズリー 保護カバー アイコスケース アクセサリー 送料無料","イルマiワン","70","X11","Y26",,"0","12","11","-1",
"2026/08/18 13:56:45","受注取込","7997141","7997141X13Y11","特大 スイカ ドーナツ 浮き輪 浮輪 送料無料 プール 大人用 子供用 NEK 7997141 ★REV 120cm 90cm 80cm 70cm 60cm サイズ 大きい 大きめ うきわ ウキワ すいか 海 海水浴 ビックフロート 水上 レジャー かわいい フローティングベッド 西瓜 子供用浮き輪 大人 子供 こども","80cm","スイカ","X13","Y11",,"0","26","25","-1",
"2026/08/18 14:00:00","受注取込","7987026","7987026X12Y13","【大きいサイズあり】キャップ 11cm つば長 帽子 メンズ レディース ★REV 7987026 深め 深い ゴルフ 無地 日焼け止め UVカット 送料無料","大きいサイズ","ベージュ","X12","Y13",,"0","20","19","-1",
"2026/08/18 14:06:45","受注取込","7997141","7997141X12Y11","特大 スイカ ドーナツ 浮き輪 浮輪 送料無料 プール 大人用 子供用 NEK 7997141 ★REV 120cm 90cm 80cm 70cm 60cm サイズ 大きい 大きめ うきわ ウキワ すいか 海 海水浴 ビックフロート 水上 レジャー かわいい フローティングベッド 西瓜 子供用浮き輪 大人 子供 こども","90cm","スイカ","X12","Y11",,"0","31","30","-1",
"2026/08/18 14:08:48","受注取込","7998075","7998075X12Y11","他店圧倒価格♪最安値に挑戦！ 1点までメール便送料無料 ワッチキャップ ニット帽子 ニットキャップ 7998075 【MB】【ALI】■05161126【wow未販売】 sg追加200125 sg追加200125","大きいサイズ(～65cm)","ブラック杢","X12","Y11",,"0","231","230","-1",
"2026/08/18 14:08:48","受注取込","7998075","7998075X12Y13","他店圧倒価格♪最安値に挑戦！ 1点までメール便送料無料 ワッチキャップ ニット帽子 ニットキャップ 7998075 【MB】【ALI】■05161126【wow未販売】 sg追加200125 sg追加200125","大きいサイズ(～65cm)","ブラウン杢","X12","Y13",,"0","82","81","-1",
"2026/08/18 14:12:01","受注取込","7986572","7986572X11Y37","【新型/IQOS イルマ i ワン用】アイコス イルマiワン ILUMA ケース 保護ケース NEK ★REVL 7986572 iqosイルマワン イルマワンカバー 耐衝撃 おしゃれ iqos iluma one 専用 IQOSイルマワン保護ケース レザー ヒョウ柄 ペイズリー 保護カバー アイコスケース アクセサリー 送料無料","イルマiワン","81","X11","Y37",,"0","25","24","-1",
"2026/08/18 14:15:30","受注取込","7988215","7988215X17Y11","【とにかくデカい！】 大きいサイズ キャップ メッシュキャップ 送料無料 大きめ ビッグサイズ BIG SIZE ★REV 7988215 <br> 帽子 ハット キャップ ワークキャップ メンズキャップ 大きいサイズ バケット 大きい帽子 メンズ バケハ メンズ帽子 大きい 頭 メッシュ 全39カラー","GG","1","X17","Y11",,"0","18","17","-1",
"2026/08/18 14:15:30","受注取込","7988215","7988215X16Y15","【とにかくデカい！】 大きいサイズ キャップ メッシュキャップ 送料無料 大きめ ビッグサイズ BIG SIZE ★REV 7988215 <br> 帽子 ハット キャップ ワークキャップ メンズキャップ 大きいサイズ バケット 大きい帽子 メンズ バケハ メンズ帽子 大きい 頭 メッシュ 全39カラー","FF","5","X16","Y15",,"0","129","128","-1",
"2026/08/18 14:24:01","受注取込","7986572","7986572X11Y38","【新型/IQOS イルマ i ワン用】アイコス イルマiワン ILUMA ケース 保護ケース NEK ★REVL 7986572 iqosイルマワン イルマワンカバー 耐衝撃 おしゃれ iqos iluma one 専用 IQOSイルマワン保護ケース レザー ヒョウ柄 ペイズリー 保護カバー アイコスケース アクセサリー 送料無料","イルマiワン","82","X11","Y38",,"0","20","19","-1",
"2026/08/18 14:26:22","受注取込","7986680","7986680X11Y11","【電池付き/ドミノ260個/すぐに遊べる】ドミノ ドミノ倒し ブロック 積み木 ドミノトレイン ★REVL 7986680 知育玩具 3歳～ おもちゃ 玩具 プレゼント ギフト 送料無料","ONESIZE","ピンク","X11","Y11",,"0","11","10","-1",
"2026/08/18 14:29:15","受注取込","7992723","7992723X12Y11","お得！ 送料無料 4枚入り 福袋 Dickies ディッキーズ ボクサーパンツ メンズ かわいい NEK ★REV <br> パンツ ボクサーパンツ セット メンズ下着 メンズボクサーパンツ メンズボクサー 大きいサイズ 大きめ 特大 3L 下着 インナー メンズ usa まとめ買い プレゼント ギフト","L","福袋4枚セット","X12","Y11",,"0","239","238","-1",
"2026/08/18 14:29:15","受注取込","7997141","7997141X11Y11","特大 スイカ ドーナツ 浮き輪 浮輪 送料無料 プール 大人用 子供用 NEK 7997141 ★REV 120cm 90cm 80cm 70cm 60cm サイズ 大きい 大きめ うきわ ウキワ すいか 海 海水浴 ビックフロート 水上 レジャー かわいい フローティングベッド 西瓜 子供用浮き輪 大人 子供 こども","120cm","スイカ","X11","Y11",,"0","682","681","-1",
"2026/08/18 14:29:15","受注取込","7997141","7997141X16Y16","特大 スイカ ドーナツ 浮き輪 浮輪 送料無料 プール 大人用 子供用 NEK 7997141 ★REV 120cm 90cm 80cm 70cm 60cm サイズ 大きい 大きめ うきわ ウキワ すいか 海 海水浴 ビックフロート 水上 レジャー かわいい フローティングベッド 西瓜 子供用浮き輪 大人 子供 こども","ONESIZE","イエローストライプ","X16","Y16",,"0","46","45","-1",
"2026/08/18 14:33:54","WEB画面","7987093","7987093X12Y12","【新型iphone/IQOS対応】急速5A 3股 Type-C 充電ケーブル スマホケーブル 1.2m 2m 3m typec NEK ★REVL 7987093 新型iphone IQOS対応 USB A→Type-C×3 充電ケーブル 3in1 急速 送料無料","2.0m","ゴールド_TypeA/TypeC×3","X12","Y12",,"0","0","2","2","植野"
"2026/08/18 14:34:39","WEB画面","7986524","7986524X11Y14","【ミニマル】スマホショルダー サコッシュ ミニバッグ 軽量 撥水 コンパクト 収納力抜群 NEK ★REVL 7986524 レディース メンズ ユニセックス 斜めがけ ポーチ アウトドア 旅行 サブバッグ 送料無料","ONESIZE","ブラック","X11","Y14",,"0","86","84","-2","植野"
"2026/08/18 14:35:01","受注取込","7986572","7986572X11Y29","【新型/IQOS イルマ i ワン用】アイコス イルマiワン ILUMA ケース 保護ケース NEK ★REVL 7986572 iqosイルマワン イルマワンカバー 耐衝撃 おしゃれ iqos iluma one 専用 IQOSイルマワン保護ケース レザー ヒョウ柄 ペイズリー 保護カバー アイコスケース アクセサリー 送料無料","イルマiワン","73","X11","Y29",,"0","30","29","-1",
"2026/08/18 14:37:15","受注取込","7986531","7986531X11Y17","【新型/IQOS イルマ i ワン用】アイコス イルマiワン ILUMA ケース 保護ケース NEK ★REVL 7986531 iqosイルマワン イルマワンカバー 耐衝撃 おしゃれ iqos iluma one 専用 IQOSイルマワン保護ケース レザー ヒョウ柄 ペイズリー 保護カバー アイコスケース アクセサリー 送料無料","ONESIZE","100","X11","Y17",,"0","5","4","-1",
"2026/08/18 14:37:15","受注取込","7987078","7987078X11Y11","【3個の福袋！即出荷】ビーチボール 水遊び ビーチバレー 浮き輪 フロート NEK ★REV 7987078 サッカーボール 30cm アウトドア キャンプ 海 プール 川 リゾート 送料無料","ONESIZE","3個セット","X11","Y11",,"0","40","39","-1",
"2026/08/18 14:40:11","受注取込","7987493","7987493X11Y13","【楽あけくん】 瓶オープナー 缶オープナー キャップオープナー 蓋開け ジャーオープナー NEK ★REV 7987493 ツイスト 力節約 びん蓋開け ジャムのフタや缶 滑り止め 安全 らくらく 力の弱い 女性 お年寄り お子様 キッチンツール キッチン用品 送料無料","ONESIZE","ブルー","X11","Y13",,"0","34","33","-1",
"2026/08/18 15:09:45","受注取込","7988215","7988215X25Y11","【とにかくデカい！】 大きいサイズ キャップ メッシュキャップ 送料無料 大きめ ビッグサイズ BIG SIZE ★REV 7988215 <br> 帽子 ハット キャップ ワークキャップ メンズキャップ 大きいサイズ バケット 大きい帽子 メンズ バケハ メンズ帽子 大きい 頭 メッシュ 全39カラー","OO","1","X25","Y11",,"0","12","11","-1",
"2026/08/18 15:33:30","受注取込","7987400","7987400X11Y14","【とにかくデカい！/普通サイズあり！】キャップ メンズ 大きいサイズ 帽子 深め ビッグサイズ ★REVM 7987400 BIG SIZE メンズキャップ帽子 大きめ 大きい帽子 メンズ帽子 レディース 春 夏 春夏 プレゼント ギフト 母の日 父の日 送料無料","大きいサイズ","D-ネイビー","X11","Y14",,"0","43","42","-1",
"2026/08/18 15:35:45","受注取込","7994812","7994812X13Y12","サファリハット メンズ 釣り 帽子 ハット レディース SUNS(サンズ)  撥水 アウトドア 登山 キャンプ バーベキュー NEK ★REV H-051 H-053 送料無料 大きいサイズあり キッズサイズ 子供 UVカット アドベンチャーハット 父の日 プレゼント ユニセックス 春 夏 夏フェス ギフト","キッズサイズ","BLACK(H_051)","X13","Y12",,"0","13","12","-1",
"2026/08/18 15:35:45","受注取込","7994812","7994812X11Y27","サファリハット メンズ 釣り 帽子 ハット レディース SUNS(サンズ)  撥水 アウトドア 登山 キャンプ バーベキュー NEK ★REV H-051 H-053 送料無料 大きいサイズあり キッズサイズ 子供 UVカット アドベンチャーハット 父の日 プレゼント ユニセックス 春 夏 夏フェス ギフト","普通サイズ","CAMO(H_051)","X11","Y27",,"0","37","36","-1",
"2026/08/18 15:40:37","受注取込","7988090","7988090X15Y11","安全靴 スニーカー エアウォーク AIR WALK Y_YU AW-890 ブルー迷彩 アクティブライト ローカット メンズ セーフティシューズ 樹脂先芯 軽量 衝撃吸収 負担軽減 作業靴 オシャレ","27.0cm ","ブルー迷彩","X15","Y11",,"0","135","134","-1",
"2026/08/18 15:44:15","受注取込","7997141","7997141X11Y11","特大 スイカ ドーナツ 浮き輪 浮輪 送料無料 プール 大人用 子供用 NEK 7997141 ★REV 120cm 90cm 80cm 70cm 60cm サイズ 大きい 大きめ うきわ ウキワ すいか 海 海水浴 ビックフロート 水上 レジャー かわいい フローティングベッド 西瓜 子供用浮き輪 大人 子供 こども","120cm","スイカ","X11","Y11",,"0","681","680","-1",
"2026/08/18 15:44:24","WEB画面","7987782","7987782X11Y13","【お得なMilitaryショルダー】ショルダーバッグ サコッシュ ポーチ ★REV 7987782 メンズ レディース ミリタリー MA-1 プレゼント ギフト 送料無料","ONESIZE","グレー","X11","Y13",,"0","16","18","2","大木 望"
"2026/08/18 15:47:45","受注取込","7986676","7986676X11Y11","【通気性抜群/薄手コットンニット】ハット 帽子 チューリップハット メンズ レディース NEK ★REVL 7986676 折りたたみ可能  UVカット 春夏ハット おしゃれ 無地 送料無料","ONESIZE","グレー杢","X11","Y11",,"0","14","13","-1",
"2026/08/18 15:56:26","受注取込","7988215","7988215X11Y13","【とにかくデカい！】 大きいサイズ キャップ メッシュキャップ 送料無料 大きめ ビッグサイズ BIG SIZE ★REV 7988215 <br> 帽子 ハット キャップ ワークキャップ メンズキャップ 大きいサイズ バケット 大きい帽子 メンズ バケハ メンズ帽子 大きい 頭 メッシュ 全39カラー","AA","3","X11","Y13",,"0","29","28","-1",
"2026/08/18 16:09:15","受注取込","7986531","7986531X11Y21","【新型/IQOS イルマ i ワン用】アイコス イルマiワン ILUMA ケース 保護ケース NEK ★REVL 7986531 iqosイルマワン イルマワンカバー 耐衝撃 おしゃれ iqos iluma one 専用 IQOSイルマワン保護ケース レザー ヒョウ柄 ペイズリー 保護カバー アイコスケース アクセサリー 送料無料","ONESIZE","104","X11","Y21",,"0","12","11","-1",
"2026/08/18 16:10:06","受注取込","7986564","7986564X11Y16","【当店限定/大きいサイズ】BlackRebel 帽子 キャップ メンズ レディース 大きいサイズ ★REVL 7986564 深め Vintage クラッシュ 加工 こなれ感 おしゃれ 送料無料","ONESIZE","ワイン","X11","Y16",,"0","1","0","-1",
"2026/08/18 16:11:45","受注取込","7994812","7994812X12Y11","サファリハット メンズ 釣り 帽子 ハット レディース SUNS(サンズ)  撥水 アウトドア 登山 キャンプ バーベキュー NEK ★REV H-051 H-053 送料無料 大きいサイズあり キッズサイズ 子供 UVカット アドベンチャーハット 父の日 プレゼント ユニセックス 春 夏 夏フェス ギフト","大きいサイズ","BK/BLACK(H_051)","X12","Y11",,"0","265","264","-1",
"2026/08/18 16:15:59","WEB画面","7986778","7986778X12Y11","【高純度テラヘルツ/3通りの使い方可能】 テラヘルツ ネックレス アンクレット ブレスレット NEK ★REV 7986778 メンズ レディース 鏡面多面カット 3.0mm 健康 テラヘルツ波 パワーストーン 天然石 アクセサリー プレゼント ギフト プチギフト 母の日 父の日 送料無料","多面カット","テラヘルツ","X12","Y11",,"0","16","15","-1","齋藤"
"2026/08/18 16:18:15","受注取込","7987892","7987892X11Y17","【深めのシルエット】メッシュキャップ キャップ 帽子 メンズ レディース 大きいサイズ 普通サイズ ★REV 7987892","普通サイズ","G","X11","Y17",,"0","8","7","-1",
"2026/08/18 16:21:15","受注取込","7987400","7987400X11Y26","【とにかくデカい！/普通サイズあり！】キャップ メンズ 大きいサイズ 帽子 深め ビッグサイズ ★REVM 7987400 BIG SIZE メンズキャップ帽子 大きめ 大きい帽子 メンズ帽子 レディース 春 夏 春夏 プレゼント ギフト 母の日 父の日 送料無料","大きいサイズ","P-ブラック","X11","Y26",,"0","55","54","-1",
"2026/08/18 16:21:15","受注取込","7987085","7987085X11Y29","【とにかくデカい！】大きいサイズ キャップ 大きめ 深い 深め ビッグサイズ BIG SIZE ★REV 7987085 メンズキャップ帽子 大きい帽子 メンズ帽子 レディース 春 夏 春夏 プレゼント ギフト 母の日 父の日 送料無料","YA","19","X11","Y29",,"0","12","11","-1",
"2026/08/18 16:26:45","受注取込","7994812","7994812X11Y16","サファリハット メンズ 釣り 帽子 ハット レディース SUNS(サンズ)  撥水 アウトドア 登山 キャンプ バーベキュー NEK ★REV H-051 H-053 送料無料 大きいサイズあり キッズサイズ 子供 UVカット アドベンチャーハット 父の日 プレゼント ユニセックス 春 夏 夏フェス ギフト","普通サイズ","GRAY(H_051)","X11","Y16",,"0","31","30","-1",
"2026/08/18 16:30:20","受注取込","7987439","7987439X12Y15","【通気性◎】メッシュキャップ メンズ 帽子 7987439 ★REV 野球帽 普通サイズ 56cm～59cm 大きいサイズ ビッグサイズ 59cm～63cm BIG 刺繍 プレゼント ギフト 送料無料","大きいサイズ","グレー","X12","Y15",,"0","14","13","-1",
"2026/08/18 16:31:45","受注取込","7986590","7986590X11Y11","【新型 アイコス イルマ i ワン 対応】日本製 本革レザー アイコスイルマワンケース NEK ★REVL 7986590 本革 レザー 新型 ILUMA Artisan aging 保護ケース AA-020 iqosイルマワン イルマワンカバー 経年変化 総革 ヌメ革 おしゃれ iqos iluma one IQOSイルマワン レザー 保護カバー アイコスケース Made in Japan 送料無料","ONESIZE","ナチュラル","X11","Y11",,"0","15","14","-1",
"2026/08/18 16:38:30","受注取込","7986712","7986712X11Y28","【超協力マグネット/選べる33種】帽子クリップ ハットクリップ キャップクリップ  NEK ★REV 7986712 帽子収納ホルダー 収納フック キーホルダー 強力マグネット レザー調 アクセサリー チャーム キーリング キーケース 送料無料","ONESIZE","18","X11","Y28",,"0","29","28","-1",
"2026/08/18 16:47:45","受注取込","7987400","7987400X11Y11","【とにかくデカい！/普通サイズあり！】キャップ メンズ 大きいサイズ 帽子 深め ビッグサイズ ★REVM 7987400 BIG SIZE メンズキャップ帽子 大きめ 大きい帽子 メンズ帽子 レディース 春 夏 春夏 プレゼント ギフト 母の日 父の日 送料無料","大きいサイズ","A-ブラック","X11","Y11",,"0","45","44","-1",
"2026/08/18 16:47:45","受注取込","7987345","7987345X16Y12","【とにかくデカい！】 大きいサイズ キャップ 送料無料 大きめ ビッグサイズ ★REV 7987345 BIG SIZE 帽子 ハット キャップ キャスケット メンズキャップ 大きいサイズ バケット 大きい帽子 メンズ メンズ帽子 大きい 頭 メッシュキャップ","FFF","2","X16","Y12",,"0","14","13","-1",
"2026/08/18 16:50:05","受注取込","7987591","7987591X11Y11","【16色変化 リモコン付】LED ライト テーブルライト 充電式 インテリアライト 電球 クリスタル ダイヤモンド 間接照明 ★REV 7987591 テーブルランプ デスク スタンドライト タッチ Type-c USB デスクライト おしゃれ リビング 寝室 フロアライト ムードライト","ONESIZE","クリア","X11","Y11",,"0","31","30","-1",
"2026/08/18 16:52:11","受注取込","7986572","7986572X11Y47","【新型/IQOS イルマ i ワン用】アイコス イルマiワン ILUMA ケース 保護ケース NEK ★REVL 7986572 iqosイルマワン イルマワンカバー 耐衝撃 おしゃれ iqos iluma one 専用 IQOSイルマワン保護ケース レザー ヒョウ柄 ペイズリー 保護カバー アイコスケース アクセサリー 送料無料","イルマiワン","91","X11","Y47",,"0","9","8","-1",
"2026/08/18 16:53:01","受注取込","7988215","7988215X13Y12","【とにかくデカい！】 大きいサイズ キャップ メッシュキャップ 送料無料 大きめ ビッグサイズ BIG SIZE ★REV 7988215 <br> 帽子 ハット キャップ ワークキャップ メンズキャップ 大きいサイズ バケット 大きい帽子 メンズ バケハ メンズ帽子 大きい 頭 メッシュ 全39カラー","CC","2","X13","Y12",,"0","21","20","-1",
"2026/08/18 17:06:01","受注取込","7988610","7988610X12Y13","【おまけ付き】タックルボックス ルアーケース 釣り具ケース 収納 防水 タックルケース 釣り ワームケース ケース 釣り針 シンカー フライボックス 7988610 プレゼント ギフト","大","グレー","X12","Y13",,"0","3","2","-1",
"2026/08/18 17:06:01","受注取込","7988610","7988610X12Y12","【おまけ付き】タックルボックス ルアーケース 釣り具ケース 収納 防水 タックルケース 釣り ワームケース ケース 釣り針 シンカー フライボックス 7988610 プレゼント ギフト","大","オリーブ","X12","Y12",,"0","7","6","-1",
"2026/08/18 17:06:01","受注取込","7986466","7986466X11Y12","【大きいサイズ】 キャップ 帽子 メッシュキャップ ランニングキャップ NEK ★REVL 7986466 メンズ レディース 速乾 軽量 ジョギング アウトドア キャンプ スポーツ 釣り 海 プール 送料無料","ONESIZE","ネイビー","X11","Y12",,"0","20","19","-1",
"2026/08/18 17:07:01","受注取込","7987515","7987515X13Y15","【選べる6柄×3サイズ】ネックレス チェーン メンズ レディース NEK ★REV 7987515 サージカルステンレス316L 50cm 60cm 70cm シンプル おしゃれ プレゼント プチギフト バレンタイン クリスマス 送料無料","70cm","E","X13","Y15",,"0","13","12","-1",
"2026/08/18 17:07:01","受注取込","7987515","7987515X13Y16","【選べる6柄×3サイズ】ネックレス チェーン メンズ レディース NEK ★REV 7987515 サージカルステンレス316L 50cm 60cm 70cm シンプル おしゃれ プレゼント プチギフト バレンタイン クリスマス 送料無料","70cm","F","X13","Y16",,"0","2","1","-1",
"2026/08/18 17:07:08","WEB画面","7986475","7986475X11Y11","【一生モノ/経年変化を愉しむ】栃木レザー 日本製 トートバッグ ミニトートバッグ 本革 ★REVL SRI-030 7986475 本皮  フルベジタブルタンニンレザー プレゼント ギフト 送料無料","ONESIZE","ブラック","X11","Y11",,"0","2","6","4","塩谷 満里子"
"2026/08/18 17:25:00","受注取込","8003102","8003102X11Y13","やみつきになる！ ストレッチ AVIREX アビレックス Tシャツ メンズ ★REV NEK 6143501 6143502 Vネック クルーネック 半袖 プレゼント ギフト","Vネック_ホワイト_001","Lサイズ","X11","Y13",,"0","6","5","-1",
"2026/08/18 17:31:45","受注取込","7994812","7994812X12Y33","サファリハット メンズ 釣り 帽子 ハット レディース SUNS(サンズ)  撥水 アウトドア 登山 キャンプ バーベキュー NEK ★REV H-051 H-053 送料無料 大きいサイズあり キッズサイズ 子供 UVカット アドベンチャーハット 父の日 プレゼント ユニセックス 春 夏 夏フェス ギフト","大きいサイズ","GREIGE(H-051)","X12","Y33",,"0","57","56","-1",
"2026/08/18 17:42:15","受注取込","7987554","7987554X11Y13","【速攻配達！電池付き！大音量で撃退】防犯ブザー 防犯アラーム 防犯ベル 防犯グッズ 大音量 生活防水 NEK ★REVF 7987554 ランドセル 子ども 男の子 女の子 大人 女性 小学生 中学生 卒園 入学 LEDライト付 キャンプ 登山 アウトドア プレゼント ギフト 送料無料","ONESIZE","パープル","X11","Y13",,"0","45","44","-1",
"2026/08/18 17:57:14","受注取込","7987829","7987829X11Y11","【ハーモニカ吹けますw】ネックレス メンズ レディース アクセサリー ハーモニカ NEK ★REV 7987829 Vintage チョーカー レディース おしゃれ かっこいい ペンダント シルバー ミニサイズ 送料無料","ONESIZE","シルバー","X11","Y11",,"0","20","19","-1",
"2026/08/18 18:00:12","受注取込","7987354","7987354X11Y14","USAブランド 靴下 ソックス NEK ★REV 7987354 メンズ レディース FRUIT OF THE LOOM フルーツオブザルーム プレゼント ギフト 送料無料","メンズ","クォーターストライプ【中】","X11","Y14",,"0","3","2","-1",
"2026/08/18 18:02:24","受注取込","7988215","7988215X20Y14","【とにかくデカい！】 大きいサイズ キャップ メッシュキャップ 送料無料 大きめ ビッグサイズ BIG SIZE ★REV 7988215 <br> 帽子 ハット キャップ ワークキャップ メンズキャップ 大きいサイズ バケット 大きい帽子 メンズ バケハ メンズ帽子 大きい 頭 メッシュ 全39カラー","JJ","4","X20","Y14",,"0","38","37","-1",
"2026/08/18 18:04:45","受注取込","7988163","7988163X11Y12","【錆びないチタン】メンズブレスレット ブレスレット メンズ つけっぱなし NEK ★REV 7988163 チタン ブレスレット ワイヤーブレスレット シンプル バングル おしゃれ 送料無料 シルバー ゴールド ブラック","ONESIZE","ゴールド","X11","Y12",,"0","10","9","-1",
"2026/08/18 18:06:49","WEB画面","7986728","7986728X14Y11","【お子様大喜び】パウパトロール パウパト サンダル クロッグ 男の子 女の子 子ども Y_KO 701H67 701H68 ★REV 7986728 こども 靴 くつ 子供靴 シューズ 男児 女児 クツ キッズ キャラクター 15cm 16cm 17cm 18cm 19.0cm グッズ チェイス マーシャル スカイ ラブル ロッキー ズーマ エベレスト","18.0cm","701H67-ブルー","X14","Y11",,"0","29","0","-29","塩谷 満里子"
"2026/08/18 18:10:05","受注取込","7988044","7988044X11Y19","ショルダーバッグ メンズ ワンショルダー 斜め掛け ★REV 7988044 おしゃれバッグ Vintage 斜めがけ メンズボディバック かっこいい ボディバッグ レザー ワンショルダーバッグ カバン 鞄 かばん レザー調 メンズバッグ 斜めがけ メンズショルダーバック 散歩 送料無料","ONESIZE","I_ブラウン","X11","Y19",,"0","9","8","-1",
"2026/08/18 18:10:15","受注取込","7988163","7988163X11Y11","【錆びないチタン】メンズブレスレット ブレスレット メンズ つけっぱなし NEK ★REV 7988163 チタン ブレスレット ワイヤーブレスレット シンプル バングル おしゃれ 送料無料 シルバー ゴールド ブラック","ONESIZE","シルバー","X11","Y11",,"0","11","10","-1",
"2026/08/18 18:20:05","受注取込","7988215","7988215X22Y13","【とにかくデカい！】 大きいサイズ キャップ メッシュキャップ 送料無料 大きめ ビッグサイズ BIG SIZE ★REV 7988215 <br> 帽子 ハット キャップ ワークキャップ メンズキャップ 大きいサイズ バケット 大きい帽子 メンズ バケハ メンズ帽子 大きい 頭 メッシュ 全39カラー","LL","3","X22","Y13",,"0","1","0","-1",
"2026/08/18 18:23:45","受注取込","7992723","7992723X14Y11","お得！ 送料無料 4枚入り 福袋 Dickies ディッキーズ ボクサーパンツ メンズ かわいい NEK ★REV <br> パンツ ボクサーパンツ セット メンズ下着 メンズボクサーパンツ メンズボクサー 大きいサイズ 大きめ 特大 3L 下着 インナー メンズ usa まとめ買い プレゼント ギフト","3L","福袋4枚セット","X14","Y11",,"0","166","165","-1",
"2026/08/18 18:23:45","受注取込","7987400","7987400X11Y15","【とにかくデカい！/普通サイズあり！】キャップ メンズ 大きいサイズ 帽子 深め ビッグサイズ ★REVM 7987400 BIG SIZE メンズキャップ帽子 大きめ 大きい帽子 メンズ帽子 レディース 春 夏 春夏 プレゼント ギフト 母の日 父の日 送料無料","大きいサイズ","E-ベージュ","X11","Y15",,"0","65","64","-1",
"2026/08/18 18:29:15","受注取込","7987400","7987400X11Y18","【とにかくデカい！/普通サイズあり！】キャップ メンズ 大きいサイズ 帽子 深め ビッグサイズ ★REVM 7987400 BIG SIZE メンズキャップ帽子 大きめ 大きい帽子 メンズ帽子 レディース 春 夏 春夏 プレゼント ギフト 母の日 父の日 送料無料","大きいサイズ","H-オリーブ","X11","Y18",,"0","14","13","-1",
"2026/08/18 18:30:45","受注取込","7987400","7987400X11Y16","【とにかくデカい！/普通サイズあり！】キャップ メンズ 大きいサイズ 帽子 深め ビッグサイズ ★REVM 7987400 BIG SIZE メンズキャップ帽子 大きめ 大きい帽子 メンズ帽子 レディース 春 夏 春夏 プレゼント ギフト 母の日 父の日 送料無料","大きいサイズ","F-ブラック","X11","Y16",,"0","157","156","-1",
"2026/08/18 18:38:15","受注取込","7988215","7988215X16Y13","【とにかくデカい！】 大きいサイズ キャップ メッシュキャップ 送料無料 大きめ ビッグサイズ BIG SIZE ★REV 7988215 <br> 帽子 ハット キャップ ワークキャップ メンズキャップ 大きいサイズ バケット 大きい帽子 メンズ バケハ メンズ帽子 大きい 頭 メッシュ 全39カラー","FF","3","X16","Y13",,"0","15","14","-1",
"2026/08/18 18:39:01","受注取込","7994812","7994812X11Y32","サファリハット メンズ 釣り 帽子 ハット レディース SUNS(サンズ)  撥水 アウトドア 登山 キャンプ バーベキュー NEK ★REV H-051 H-053 送料無料 大きいサイズあり キッズサイズ 子供 UVカット アドベンチャーハット 父の日 プレゼント ユニセックス 春 夏 夏フェス ギフト","普通サイズ","T.BLUE(H_051)","X11","Y32",,"0","10","9","-1",
"2026/08/18 18:39:45","受注取込","7994812","7994812X12Y33","サファリハット メンズ 釣り 帽子 ハット レディース SUNS(サンズ)  撥水 アウトドア 登山 キャンプ バーベキュー NEK ★REV H-051 H-053 送料無料 大きいサイズあり キッズサイズ 子供 UVカット アドベンチャーハット 父の日 プレゼント ユニセックス 春 夏 夏フェス ギフト","大きいサイズ","GREIGE(H-051)","X12","Y33",,"0","56","55","-1",
"2026/08/18 18:48:00","受注取込","7994812","7994812X11Y17","サファリハット メンズ 釣り 帽子 ハット レディース SUNS(サンズ)  撥水 アウトドア 登山 キャンプ バーベキュー NEK ★REV H-051 H-053 送料無料 大きいサイズあり キッズサイズ 子供 UVカット アドベンチャーハット 父の日 プレゼント ユニセックス 春 夏 夏フェス ギフト","普通サイズ","YELLOW(H_051)","X11","Y17",,"0","18","17","-1",
"2026/08/18 18:51:15","受注取込","7994812","7994812X12Y11","サファリハット メンズ 釣り 帽子 ハット レディース SUNS(サンズ)  撥水 アウトドア 登山 キャンプ バーベキュー NEK ★REV H-051 H-053 送料無料 大きいサイズあり キッズサイズ 子供 UVカット アドベンチャーハット 父の日 プレゼント ユニセックス 春 夏 夏フェス ギフト","大きいサイズ","BK/BLACK(H_051)","X12","Y11",,"0","264","263","-1",
"2026/08/18 19:05:19","受注取込","7997141","7997141X11Y11","特大 スイカ ドーナツ 浮き輪 浮輪 送料無料 プール 大人用 子供用 NEK 7997141 ★REV 120cm 90cm 80cm 70cm 60cm サイズ 大きい 大きめ うきわ ウキワ すいか 海 海水浴 ビックフロート 水上 レジャー かわいい フローティングベッド 西瓜 子供用浮き輪 大人 子供 こども","120cm","スイカ","X11","Y11",,"0","680","679","-1",
"2026/08/18 19:06:15","受注取込","7986572","7986572X11Y38","【新型/IQOS イルマ i ワン用】アイコス イルマiワン ILUMA ケース 保護ケース NEK ★REVL 7986572 iqosイルマワン イルマワンカバー 耐衝撃 おしゃれ iqos iluma one 専用 IQOSイルマワン保護ケース レザー ヒョウ柄 ペイズリー 保護カバー アイコスケース アクセサリー 送料無料","イルマiワン","82","X11","Y38",,"0","19","18","-1",
"2026/08/18 19:07:00","受注取込","7994812","7994812X12Y13","サファリハット メンズ 釣り 帽子 ハット レディース SUNS(サンズ)  撥水 アウトドア 登山 キャンプ バーベキュー NEK ★REV H-051 H-053 送料無料 大きいサイズあり キッズサイズ 子供 UVカット アドベンチャーハット 父の日 プレゼント ユニセックス 春 夏 夏フェス ギフト","大きいサイズ","NAVY(H_051)","X12","Y13",,"0","53","52","-1",
"2026/08/18 19:09:15","受注取込","7987678","7987678X12Y14","【洗濯可能】トレーニンググローブ 手袋 筋トレ 筋トレグローブ メンズ レディース 指無し NEK ★REV 7987678 ウェイトリフティング 防滑 クッション性 伸びる 洗濯OK バーベル サイクリング ヨガ グリップ","M","B-ブラック","X12","Y14",,"0","19","18","-1",
"2026/08/18 19:13:36","受注取込","7986516","7986516X11Y11","【当店限定モデル/深め】 AVIREX キャップ メンズ レディース 深め 刺繍 シンプル 81747500 ★REVL 7986516 ブランド コットン100％ サイズ調整可能 ブラック グレージュ 送料無料","ONESIZE","ブラック","X11","Y11",,"0","24","23","-1",
"2026/08/18 19:16:15","受注取込","7988106","7988106X11Y11","【もりもり育つ】植物育成ライト LED クリップ スタンド 植物育成 観葉植物 ★REV 7988106 多肉植物育成 育成ライト 植物 ライト 80LED 40W 室内栽培 水耕栽培 野菜工場 ledライト 3モード調色 9段階調光 360度調整 タイマー機能 梅雨時期 冬 日照不足解消 省エネ USB電源式","ONESIZE","ブラック","X11","Y11",,"0","31","30","-1",
"2026/08/18 19:17:45","受注取込","7987794","7987794X11Y11","【大きいサイズもあり】キャスハンチング キャップ メンズ レディース CULTURE MART NEK 101294 ★REV 7987794 ハンチング帽子 ハンチング帽 秋冬 帽子 ハンチング キャスケット メンズ帽子 レディース帽子秋冬 秋冬帽子 メンズハンチング おしゃれ カルチャーマート","普通サイズ","ベージュ(1)","X11","Y11",,"0","212","211","-1",
"2026/08/18 19:19:15","受注取込","7994812","7994812X11Y24","サファリハット メンズ 釣り 帽子 ハット レディース SUNS(サンズ)  撥水 アウトドア 登山 キャンプ バーベキュー NEK ★REV H-051 H-053 送料無料 大きいサイズあり キッズサイズ 子供 UVカット アドベンチャーハット 父の日 プレゼント ユニセックス 春 夏 夏フェス ギフト","普通サイズ","BEIGE(H_051)","X11","Y24",,"0","24","23","-1",
"2026/08/18 19:20:05","受注取込","7987379","7987379X11Y12","ボストンバッグ メンズ レディース ★REV 7987379 ダッフルバッグ シンセティックレザー ビジネスバッグ 撥水 防傷 プレゼント ギフト 父の日 母の日 旅行 出張 送料無料","ONESIZE","ダークブラウン","X11","Y12",,"0","1","0","-1",
"2026/08/18 19:20:06","受注取込","7987743","7987743X11Y13","【仕切り上手】ミニトート バッグ レディース メンズ トートバッグ トート ミニ 仕切り NEK ★REV 7987743 ポケット キャンバス ランチバッグ マザーズバッグ 収納 かわいい シンプル おしゃれ 便利 無地 通勤 通学 ユニセックス ジッパー付き 防犯 紛失 対策 送料無料","ONESIZE","ネイビー","X11","Y13",,"0","1","0","-1",
"2026/08/18 19:28:45","受注取込","7997141","7997141X12Y12","特大 スイカ ドーナツ 浮き輪 浮輪 送料無料 プール 大人用 子供用 NEK 7997141 ★REV 120cm 90cm 80cm 70cm 60cm サイズ 大きい 大きめ うきわ ウキワ すいか 海 海水浴 ビックフロート 水上 レジャー かわいい フローティングベッド 西瓜 子供用浮き輪 大人 子供 こども","90cm","ドーナツイチゴ","X12","Y12",,"0","7","6","-1",
"2026/08/18 19:28:45","受注取込","7997141","7997141X11Y11","特大 スイカ ドーナツ 浮き輪 浮輪 送料無料 プール 大人用 子供用 NEK 7997141 ★REV 120cm 90cm 80cm 70cm 60cm サイズ 大きい 大きめ うきわ ウキワ すいか 海 海水浴 ビックフロート 水上 レジャー かわいい フローティングベッド 西瓜 子供用浮き輪 大人 子供 こども","120cm","スイカ","X11","Y11",,"0","679","678","-1",
"2026/08/18 19:34:30","受注取込","7987400","7987400X11Y18","【とにかくデカい！/普通サイズあり！】キャップ メンズ 大きいサイズ 帽子 深め ビッグサイズ ★REVM 7987400 BIG SIZE メンズキャップ帽子 大きめ 大きい帽子 メンズ帽子 レディース 春 夏 春夏 プレゼント ギフト 母の日 父の日 送料無料","大きいサイズ","H-オリーブ","X11","Y18",,"0","13","12","-1",
"2026/08/18 19:47:45","受注取込","7986572","7986572X11Y15","【新型/IQOS イルマ i ワン用】アイコス イルマiワン ILUMA ケース 保護ケース NEK ★REVL 7986572 iqosイルマワン イルマワンカバー 耐衝撃 おしゃれ iqos iluma one 専用 IQOSイルマワン保護ケース レザー ヒョウ柄 ペイズリー 保護カバー アイコスケース アクセサリー 送料無料","イルマiワン","59","X11","Y15",,"0","11","10","-1",
"2026/08/18 19:48:20","受注取込","7988215","7988215X15Y12","【とにかくデカい！】 大きいサイズ キャップ メッシュキャップ 送料無料 大きめ ビッグサイズ BIG SIZE ★REV 7988215 <br> 帽子 ハット キャップ ワークキャップ メンズキャップ 大きいサイズ バケット 大きい帽子 メンズ バケハ メンズ帽子 大きい 頭 メッシュ 全39カラー","EE","2","X15","Y12",,"0","18","17","-1",
"2026/08/18 19:53:15","受注取込","7987988","7987988X12Y15","【AVIREX 限定】サファリハット メンズ 大きいサイズ BIGサイズ アドベンチャーハット 17158300 17158400 釣り 帽子 ハット ★REV NEK 7987988 大きめ 普通サイズ AVIREX 限定 かっこいい アウトドア ブラックシリーズ アビレックス 帽子 キャップ ブランド 撥水加工","大きいサイズ_17158400","グレージュ(73)","X12","Y15",,"0","8","7","-1",
"2026/08/18 20:00:06","受注取込","7988208","7988208X11Y12","【旅行にピッタリ】ボストンバッグ ボストン メンズ レディース ★REV 7988208 小旅行 大容量 2泊 大きい ゴルフ ビジネス 出張 修学旅行 収納ポケット多数 シンプル 送料無料","ONESIZE","ブラック","X11","Y12",,"0","23","22","-1",
"2026/08/18 20:01:25","受注取込","7987439","7987439X12Y14","【通気性◎】メッシュキャップ メンズ 帽子 7987439 ★REV 野球帽 普通サイズ 56cm～59cm 大きいサイズ ビッグサイズ 59cm～63cm BIG 刺繍 プレゼント ギフト 送料無料","大きいサイズ","ネイビー","X12","Y14",,"0","7","6","-1",
"2026/08/18 20:03:15","受注取込","7994812","7994812X13Y17","サファリハット メンズ 釣り 帽子 ハット レディース SUNS(サンズ)  撥水 アウトドア 登山 キャンプ バーベキュー NEK ★REV H-051 H-053 送料無料 大きいサイズあり キッズサイズ 子供 UVカット アドベンチャーハット 父の日 プレゼント ユニセックス 春 夏 夏フェス ギフト","キッズサイズ","YELLOW(H_051)","X13","Y17",,"0","17","16","-1",
"2026/08/18 20:03:15","受注取込","7994812","7994812X11Y32","サファリハット メンズ 釣り 帽子 ハット レディース SUNS(サンズ)  撥水 アウトドア 登山 キャンプ バーベキュー NEK ★REV H-051 H-053 送料無料 大きいサイズあり キッズサイズ 子供 UVカット アドベンチャーハット 父の日 プレゼント ユニセックス 春 夏 夏フェス ギフト","普通サイズ","T.BLUE(H_051)","X11","Y32",,"0","9","8","-1",
"2026/08/18 20:03:15","受注取込","7994812","7994812X11Y33","サファリハット メンズ 釣り 帽子 ハット レディース SUNS(サンズ)  撥水 アウトドア 登山 キャンプ バーベキュー NEK ★REV H-051 H-053 送料無料 大きいサイズあり キッズサイズ 子供 UVカット アドベンチャーハット 父の日 プレゼント ユニセックス 春 夏 夏フェス ギフト","普通サイズ","GREIGE(H-051)","X11","Y33",,"0","12","11","-1",
"2026/08/18 20:03:15","受注取込","7994812","7994812X13Y21","サファリハット メンズ 釣り 帽子 ハット レディース SUNS(サンズ)  撥水 アウトドア 登山 キャンプ バーベキュー NEK ★REV H-051 H-053 送料無料 大きいサイズあり キッズサイズ 子供 UVカット アドベンチャーハット 父の日 プレゼント ユニセックス 春 夏 夏フェス ギフト","キッズサイズ","PINK(H_051)","X13","Y21",,"0","6","5","-1",
"2026/08/18 20:08:45","受注取込","7988459","7988459X12Y16","【速攻配達】ドッグウェア 犬 服 犬服 暖かい 冬 冬服 男の子 女の子 アディドッグ adidog ★REVG NEK 7988459 7988345 ペット服 小型犬 つなぎ パーカー お散歩 かっこいい かわいい サロペット ロンパース オーバーオール 裏起毛","S","adidog_レッド","X12","Y16",,"0","1","0","-1",
"2026/08/18 20:08:45","受注取込","7988459","7988459X12Y15","【速攻配達】ドッグウェア 犬 服 犬服 暖かい 冬 冬服 男の子 女の子 アディドッグ adidog ★REVG NEK 7988459 7988345 ペット服 小型犬 つなぎ パーカー お散歩 かっこいい かわいい サロペット ロンパース オーバーオール 裏起毛","S","adidog_ピンク","X12","Y15",,"0","9","8","-1",
"2026/08/18 20:10:04","受注取込","7987626","7987626X11Y11","【お得な5個セット】LEDライト キーホルダー 小型LEDライト NEK ★REV 7987626 キーライト 高輝度 5灯 LR44 ボタン電池 LTG 送料無料","ONESIZE","5本セット","X11","Y11",,"0","52","51","-1",
"2026/08/18 20:18:00","受注取込","7987400","7987400X11Y11","【とにかくデカい！/普通サイズあり！】キャップ メンズ 大きいサイズ 帽子 深め ビッグサイズ ★REVM 7987400 BIG SIZE メンズキャップ帽子 大きめ 大きい帽子 メンズ帽子 レディース 春 夏 春夏 プレゼント ギフト 母の日 父の日 送料無料","大きいサイズ","A-ブラック","X11","Y11",,"0","44","43","-1",
"2026/08/18 20:18:00","受注取込","7988215","7988215X17Y12","【とにかくデカい！】 大きいサイズ キャップ メッシュキャップ 送料無料 大きめ ビッグサイズ BIG SIZE ★REV 7988215 <br> 帽子 ハット キャップ ワークキャップ メンズキャップ 大きいサイズ バケット 大きい帽子 メンズ バケハ メンズ帽子 大きい 頭 メッシュ 全39カラー","GG","2","X17","Y12",,"0","58","57","-1",
"2026/08/18 20:18:45","受注取込","7988466","7988466X11Y11","【速攻配達 送料無料】ゲーミングイヤホン ヘッドセット LTG 落ちない ズレない こもらない 暑くない switch ヘッドホン マイク 付き NEK 7988466 ps4 ps5 ヘッドフォン 有線 USB ニンテンドースイッチ テレワーク zoom ズーム リモート WEB会議 ミーティング","ONESIZE","ブラック/レッド","X11","Y11",,"0","13","12","-1",
"2026/08/18 20:20:18","受注取込","7987070","7987070X11Y11","【お得な2枚組】X-LARGE XLARGE エクストララージ ボクサーパンツ メンズ アンダーウェア 下着 NEK ★REVL 7987070 かっこいい ツルツル おすすめ 人気 カモフラ タイダイ 炎 迷彩 カモ柄 ブランド 男性 紳士 プレゼント プチギフト 父の日 誕生日 彼氏 父 息子 ギフト 記念日 大きいサイズ 福袋 送料無料","M","2枚組","X11","Y11",,"0","11","10","-1",
"2026/08/18 20:47:15","受注取込","7994812","7994812X12Y16","サファリハット メンズ 釣り 帽子 ハット レディース SUNS(サンズ)  撥水 アウトドア 登山 キャンプ バーベキュー NEK ★REV H-051 H-053 送料無料 大きいサイズあり キッズサイズ 子供 UVカット アドベンチャーハット 父の日 プレゼント ユニセックス 春 夏 夏フェス ギフト","大きいサイズ","GRAY(H_051)","X12","Y16",,"0","51","50","-1",
"2026/08/18 20:47:15","受注取込","7992723","7992723X14Y11","お得！ 送料無料 4枚入り 福袋 Dickies ディッキーズ ボクサーパンツ メンズ かわいい NEK ★REV <br> パンツ ボクサーパンツ セット メンズ下着 メンズボクサーパンツ メンズボクサー 大きいサイズ 大きめ 特大 3L 下着 インナー メンズ usa まとめ買い プレゼント ギフト","3L","福袋4枚セット","X14","Y11",,"0","165","164","-1",
"2026/08/18 20:50:30","受注取込","7994812","7994812X12Y33","サファリハット メンズ 釣り 帽子 ハット レディース SUNS(サンズ)  撥水 アウトドア 登山 キャンプ バーベキュー NEK ★REV H-051 H-053 送料無料 大きいサイズあり キッズサイズ 子供 UVカット アドベンチャーハット 父の日 プレゼント ユニセックス 春 夏 夏フェス ギフト","大きいサイズ","GREIGE(H-051)","X12","Y33",,"0","55","54","-1",
"2026/08/18 20:51:45","受注取込","7988215","7988215X16Y15","【とにかくデカい！】 大きいサイズ キャップ メッシュキャップ 送料無料 大きめ ビッグサイズ BIG SIZE ★REV 7988215 <br> 帽子 ハット キャップ ワークキャップ メンズキャップ 大きいサイズ バケット 大きい帽子 メンズ バケハ メンズ帽子 大きい 頭 メッシュ 全39カラー","FF","5","X16","Y15",,"0","128","127","-1",
"2026/08/18 20:53:15","受注取込","7994812","7994812X11Y12","サファリハット メンズ 釣り 帽子 ハット レディース SUNS(サンズ)  撥水 アウトドア 登山 キャンプ バーベキュー NEK ★REV H-051 H-053 送料無料 大きいサイズあり キッズサイズ 子供 UVカット アドベンチャーハット 父の日 プレゼント ユニセックス 春 夏 夏フェス ギフト","普通サイズ","BLACK(H_051)","X11","Y12",,"0","77","76","-1",
"2026/08/18 20:54:15","受注取込","7992723","7992723X13Y11","お得！ 送料無料 4枚入り 福袋 Dickies ディッキーズ ボクサーパンツ メンズ かわいい NEK ★REV <br> パンツ ボクサーパンツ セット メンズ下着 メンズボクサーパンツ メンズボクサー 大きいサイズ 大きめ 特大 3L 下着 インナー メンズ usa まとめ買い プレゼント ギフト","LL","福袋4枚セット","X13","Y11",,"0","3","2","-1",
"2026/08/18 20:56:15","受注取込","7994812","7994812X11Y12","サファリハット メンズ 釣り 帽子 ハット レディース SUNS(サンズ)  撥水 アウトドア 登山 キャンプ バーベキュー NEK ★REV H-051 H-053 送料無料 大きいサイズあり キッズサイズ 子供 UVカット アドベンチャーハット 父の日 プレゼント ユニセックス 春 夏 夏フェス ギフト","普通サイズ","BLACK(H_051)","X11","Y12",,"0","76","75","-1",
"2026/08/18 21:00:06","受注取込","7987988","7987988X12Y15","【AVIREX 限定】サファリハット メンズ 大きいサイズ BIGサイズ アドベンチャーハット 17158300 17158400 釣り 帽子 ハット ★REV NEK 7987988 大きめ 普通サイズ AVIREX 限定 かっこいい アウトドア ブラックシリーズ アビレックス 帽子 キャップ ブランド 撥水加工","大きいサイズ_17158400","グレージュ(73)","X12","Y15",,"0","7","6","-1",
"2026/08/18 21:08:46","受注取込","7986747","7986747X12Y11","【日焼けシェード付き】サファリハット シェード メンズ 釣り 帽子 ハット レディース SUNS(サンズ) 撥水 アウトドア 登山 キャンプ バーベキュー NEK ★REVL H-051 送料無料 大きいサイズあり キッズサイズ 子供 UVカット アドベンチャーハット 父の日 プレゼント ユニセックス 春 夏 夏フェス ギフト","大きいサイズ","SHADE_BK/BLACK(H_051)","X12","Y11",,"0","79","78","-1",
"2026/08/18 21:09:15","受注取込","7992723","7992723X12Y11","お得！ 送料無料 4枚入り 福袋 Dickies ディッキーズ ボクサーパンツ メンズ かわいい NEK ★REV <br> パンツ ボクサーパンツ セット メンズ下着 メンズボクサーパンツ メンズボクサー 大きいサイズ 大きめ 特大 3L 下着 インナー メンズ usa まとめ買い プレゼント ギフト","L","福袋4枚セット","X12","Y11",,"0","238","237","-1",
"2026/08/18 21:12:48","受注取込","7987400","7987400X11Y15","【とにかくデカい！/普通サイズあり！】キャップ メンズ 大きいサイズ 帽子 深め ビッグサイズ ★REVM 7987400 BIG SIZE メンズキャップ帽子 大きめ 大きい帽子 メンズ帽子 レディース 春 夏 春夏 プレゼント ギフト 母の日 父の日 送料無料","大きいサイズ","E-ベージュ","X11","Y15",,"0","64","63","-1",
"2026/08/18 21:12:48","受注取込","7994812","7994812X11Y32","サファリハット メンズ 釣り 帽子 ハット レディース SUNS(サンズ)  撥水 アウトドア 登山 キャンプ バーベキュー NEK ★REV H-051 H-053 送料無料 大きいサイズあり キッズサイズ 子供 UVカット アドベンチャーハット 父の日 プレゼント ユニセックス 春 夏 夏フェス ギフト","普通サイズ","T.BLUE(H_051)","X11","Y32",,"0","8","7","-1",
"2026/08/18 21:15:45","受注取込","7997141","7997141X11Y11","特大 スイカ ドーナツ 浮き輪 浮輪 送料無料 プール 大人用 子供用 NEK 7997141 ★REV 120cm 90cm 80cm 70cm 60cm サイズ 大きい 大きめ うきわ ウキワ すいか 海 海水浴 ビックフロート 水上 レジャー かわいい フローティングベッド 西瓜 子供用浮き輪 大人 子供 こども","120cm","スイカ","X11","Y11",,"0","678","677","-1",
"2026/08/18 21:17:01","受注取込","7987070","7987070X12Y11","【お得な2枚組】X-LARGE XLARGE エクストララージ ボクサーパンツ メンズ アンダーウェア 下着 NEK ★REVL 7987070 かっこいい ツルツル おすすめ 人気 カモフラ タイダイ 炎 迷彩 カモ柄 ブランド 男性 紳士 プレゼント プチギフト 父の日 誕生日 彼氏 父 息子 ギフト 記念日 大きいサイズ 福袋 送料無料","L","2枚組","X12","Y11",,"0","7","6","-1",
"2026/08/18 21:18:45","受注取込","7987400","7987400X11Y15","【とにかくデカい！/普通サイズあり！】キャップ メンズ 大きいサイズ 帽子 深め ビッグサイズ ★REVM 7987400 BIG SIZE メンズキャップ帽子 大きめ 大きい帽子 メンズ帽子 レディース 春 夏 春夏 プレゼント ギフト 母の日 父の日 送料無料","大きいサイズ","E-ベージュ","X11","Y15",,"0","63","62","-1",
"2026/08/18 21:21:15","受注取込","7986572","7986572X11Y31","【新型/IQOS イルマ i ワン用】アイコス イルマiワン ILUMA ケース 保護ケース NEK ★REVL 7986572 iqosイルマワン イルマワンカバー 耐衝撃 おしゃれ iqos iluma one 専用 IQOSイルマワン保護ケース レザー ヒョウ柄 ペイズリー 保護カバー アイコスケース アクセサリー 送料無料","イルマiワン","75","X11","Y31",,"0","25","24","-1",
"2026/08/18 21:21:15","受注取込","7994812","7994812X11Y33","サファリハット メンズ 釣り 帽子 ハット レディース SUNS(サンズ)  撥水 アウトドア 登山 キャンプ バーベキュー NEK ★REV H-051 H-053 送料無料 大きいサイズあり キッズサイズ 子供 UVカット アドベンチャーハット 父の日 プレゼント ユニセックス 春 夏 夏フェス ギフト","普通サイズ","GREIGE(H-051)","X11","Y33",,"0","11","10","-1",
"2026/08/18 21:32:45","受注取込","7986572","7986572X11Y12","【新型/IQOS イルマ i ワン用】アイコス イルマiワン ILUMA ケース 保護ケース NEK ★REVL 7986572 iqosイルマワン イルマワンカバー 耐衝撃 おしゃれ iqos iluma one 専用 IQOSイルマワン保護ケース レザー ヒョウ柄 ペイズリー 保護カバー アイコスケース アクセサリー 送料無料","イルマiワン","56","X11","Y12",,"0","11","10","-1",
"2026/08/18 21:34:23","受注取込","7995525","7995525X1Y14","AVIREX 限定モデル キャップ 帽子 父の日 贈り物 プレゼント メンズ ★REV ブラックシリーズ 黒 アビレックス アヴィレックス メッシュキャップ ハンチング ローキャップ バケット ハット ワークキャップ レディース かっこいい yos プレゼント ギフト","ONESIZE","【N】サファリハット_17158300","X1","Y14",,"0","116","115","-1",
"2026/08/18 21:34:52","受注取込","7986646","7986646X11Y12","大判 レジャーシート 厚手 200cm×200cm 6～8人用 アウトドア キャンプ ★REVL 7986646 お花見 バーベキュー BBQ ピクニック キャンプマット ビーチシート テントシート 送料無料","ONESIZE","B-オレンジ","X11","Y12",,"0","14","13","-1",
"2026/08/18 21:38:45","受注取込","7986598","7986598X11Y11","【熊対策/大音量】 熊対策！熊避け！大音量アラーム&ライト 120dB 害獣避け 害鳥避け NEK ★REVL 7986598 害獣対策 くま避け 熊よけ べアBEAR クマよけ 熊避け 熊・猪などの野生動物対策に アウトドア キャンプ 登山 ハイキング トレッキング アクセサリー 非常用 緊急用 笛 防犯 防災グッズ 送料無料","ONESIZE","ブラック","X11","Y11",,"0","129","128","-1",
"2026/08/18 21:40:15","受注取込","7986647","7986647X11Y18","【多機能バッグインバッグ】大容量 軽量 バッグインバッグ 収納ポーチ レディース NEK ★REVL 7986647 メンズ 化粧ポーチ インナーバッグ トラベルオーガナイザー マザーズバッグ トラベルポーチ 整理整頓 送料無料","ONESIZE","オレンジ","X11","Y18",,"0","2","1","-1",
"2026/08/18 21:46:15","受注取込","7995525","7995525X1Y5","AVIREX 限定モデル キャップ 帽子 父の日 贈り物 プレゼント メンズ ★REV ブラックシリーズ 黒 アビレックス アヴィレックス メッシュキャップ ハンチング ローキャップ バケット ハット ワークキャップ レディース かっこいい yos プレゼント ギフト","ONESIZE","【E】メッシュキャップ_14910900","X1","Y5",,"0","5","4","-1",
"2026/08/18 22:04:46","受注取込","7988172","7988172X11Y12","【栃木レザー 日本製 】ベルト ビジネスベルト メンズ 本革 本皮 レザー 栃木レザー ★REV TDBT-1006 日本製 カジュアルベルト プレゼント ギフト MADE IN JAPAN クリスマス 父の日 誕生日プレゼント 送料無料","ONESIZE","ダークブラウン","X11","Y12",,"0","4","3","-1",
"2026/08/18 22:04:46","受注取込","7988172","7988172X11Y11","【栃木レザー 日本製 】ベルト ビジネスベルト メンズ 本革 本皮 レザー 栃木レザー ★REV TDBT-1006 日本製 カジュアルベルト プレゼント ギフト MADE IN JAPAN クリスマス 父の日 誕生日プレゼント 送料無料","ONESIZE","ブラック","X11","Y11",,"0","6","5","-1",
"2026/08/18 22:09:15","受注取込","7987345","7987345X20Y13","【とにかくデカい！】 大きいサイズ キャップ 送料無料 大きめ ビッグサイズ ★REV 7987345 BIG SIZE 帽子 ハット キャップ キャスケット メンズキャップ 大きいサイズ バケット 大きい帽子 メンズ メンズ帽子 大きい 頭 メッシュキャップ","JJJ","3","X20","Y13",,"0","22","21","-1",
"2026/08/18 22:10:04","受注取込","7988215","7988215X23Y15","【とにかくデカい！】 大きいサイズ キャップ メッシュキャップ 送料無料 大きめ ビッグサイズ BIG SIZE ★REV 7988215 <br> 帽子 ハット キャップ ワークキャップ メンズキャップ 大きいサイズ バケット 大きい帽子 メンズ バケハ メンズ帽子 大きい 頭 メッシュ 全39カラー","MM","5","X23","Y15",,"0","10","9","-1",
"2026/08/18 22:10:45","受注取込","7986531","7986531X11Y11","【新型/IQOS イルマ i ワン用】アイコス イルマiワン ILUMA ケース 保護ケース NEK ★REVL 7986531 iqosイルマワン イルマワンカバー 耐衝撃 おしゃれ iqos iluma one 専用 IQOSイルマワン保護ケース レザー ヒョウ柄 ペイズリー 保護カバー アイコスケース アクセサリー 送料無料","ONESIZE","94","X11","Y11",,"0","6","5","-1",
"2026/08/18 22:15:01","受注取込","7987400","7987400X11Y18","【とにかくデカい！/普通サイズあり！】キャップ メンズ 大きいサイズ 帽子 深め ビッグサイズ ★REVM 7987400 BIG SIZE メンズキャップ帽子 大きめ 大きい帽子 メンズ帽子 レディース 春 夏 春夏 プレゼント ギフト 母の日 父の日 送料無料","大きいサイズ","H-オリーブ","X11","Y18",,"0","12","11","-1",
"2026/08/18 22:18:15","受注取込","7987796","7987796X11Y15","【足首おしゃれ】アンクレット レディース メンズ お守り アンク ブレスレット NEK ★REV 7987796 ANKLET アクセサリー 幸運 クローバー 星 スクエア 7種 シルバー 2連 鈴 送料無料","ONESIZE","E","X11","Y15",,"0","2","1","-1",
"2026/08/18 22:19:15","受注取込","7988215","7988215X14Y14","【とにかくデカい！】 大きいサイズ キャップ メッシュキャップ 送料無料 大きめ ビッグサイズ BIG SIZE ★REV 7988215 <br> 帽子 ハット キャップ ワークキャップ メンズキャップ 大きいサイズ バケット 大きい帽子 メンズ バケハ メンズ帽子 大きい 頭 メッシュ 全39カラー","DD","4","X14","Y14",,"0","27","26","-1",
"2026/08/18 22:30:20","受注取込","7992054","7992054X11Y18","【シンプル/おしゃれ】16mm パワーストーン ネックレス メンズ レディース 瑪瑙 オブシディアン タイガーアイ NEK ★REV 7992054 黒曜石 茶水晶 虎目石 金運 財運 仕事運 恋愛 結婚 家庭円満 癒し 幸運 成功運 勝負運 家族運 厄除祈願 天然石 お守り プレゼント 送料無料","ONESIZE","【H】アメジスト","X11","Y18",,"0","35","34","-1",
"2026/08/18 22:31:45","受注取込","7987345","7987345X14Y13","【とにかくデカい！】 大きいサイズ キャップ 送料無料 大きめ ビッグサイズ ★REV 7987345 BIG SIZE 帽子 ハット キャップ キャスケット メンズキャップ 大きいサイズ バケット 大きい帽子 メンズ メンズ帽子 大きい 頭 メッシュキャップ","DDD","3","X14","Y13",,"0","14","13","-1",
"2026/08/18 22:35:15","受注取込","7997141","7997141X16Y16","特大 スイカ ドーナツ 浮き輪 浮輪 送料無料 プール 大人用 子供用 NEK 7997141 ★REV 120cm 90cm 80cm 70cm 60cm サイズ 大きい 大きめ うきわ ウキワ すいか 海 海水浴 ビックフロート 水上 レジャー かわいい フローティングベッド 西瓜 子供用浮き輪 大人 子供 こども","ONESIZE","イエローストライプ","X16","Y16",,"0","45","44","-1",
"2026/08/18 22:39:15","受注取込","7986770","7986770X11Y36","【新型 アイコス イルマ i ワン 対応】アイコス イルマワン ILUMA i ケース 保護ケース iqosイルマワン イルマワンカバー NEK ★REV 7986770 耐衝撃 おしゃれ iqos iluma one 専用 IQOSイルマワン保護ケース レザー ヒョウ柄 ペイズリー 保護カバー アクセサリー アイコスケース 送料無料","イルマワン","26","X11","Y36",,"0","4","3","-1",
"2026/08/18 22:40:12","受注取込","7987401","7987401X11Y11","大きいサイズ キャップ メッシュキャップ 帽子 ★REV 7987401 メンズ 野球帽 迷彩 カモフラ シャドーカモ 刺繍 送料無料","ONESIZE","ブラックシャドーカモ","X11","Y11",,"0","17","16","-1",
"2026/08/18 22:40:12","受注取込","7987401","7987401X11Y12","大きいサイズ キャップ メッシュキャップ 帽子 ★REV 7987401 メンズ 野球帽 迷彩 カモフラ シャドーカモ 刺繍 送料無料","ONESIZE","グレーシャードカモ","X11","Y12",,"0","13","12","-1",
"2026/08/18 22:41:45","受注取込","7987475","7987475X11Y11","【防犯】護身用 タクティカルスティック 防災グッズ 熊対策グッズ クマ対策 タクティカルペン キーホルダー 女性 キーリング NEK ★REVM 7987475 棒 車 ガラス 防災 災害 車内 軽量 不審者 痴漢 痴漢対策 武器 護身グッズ 自己防衛 コンパクト 非常時 バッググリップ","ONESIZE","ブラック","X11","Y11",,"0","86","84","-2",
"2026/08/18 22:45:59","受注取込","7986688","7986688X12Y12","【竹炭消臭インソール付】サンダル メンズ スポーツサンダル ★REVL 7986688 防滑 水陸両用 レジャー アウトドアサンダル ウォーターシューズ マジックテープ ブラック 歩きやすい 海 ビーチ 夏レジャー 送料無料","25.5cm","ブラウン","X12","Y12",,"0","1","0","-1",
"2026/08/18 22:51:06","受注取込","7987475","7987475X11Y11","【防犯】護身用 タクティカルスティック 防災グッズ 熊対策グッズ クマ対策 タクティカルペン キーホルダー 女性 キーリング NEK ★REVM 7987475 棒 車 ガラス 防災 災害 車内 軽量 不審者 痴漢 痴漢対策 武器 護身グッズ 自己防衛 コンパクト 非常時 バッググリップ","ONESIZE","ブラック","X11","Y11",,"0","84","83","-1",
"2026/08/18 22:53:14","受注取込","7987559","7987559X11Y12","ミニ財布 ミニウォレット 短財布 メンズ レディース ウォレット NEK ★REV 7987559 プレゼント ギフト 父の日 母の日 プチギフト 誕プレ 送料無料","ONESIZE","ブラック","X11","Y12",,"0","30","29","-1",
"2026/08/18 22:56:15","受注取込","7987026","7987026X11Y11","【大きいサイズあり】キャップ 11cm つば長 帽子 メンズ レディース ★REV 7987026 深め 深い ゴルフ 無地 日焼け止め UVカット 送料無料","普通サイズ","ブラック","X11","Y11",,"0","46","45","-1",
"2026/08/18 23:00:42","受注取込","7986989","7986989X11Y21","【本革/特価/16色展開】本革 ショルダーバッグ ポーチ レディース ミニショルダーバッグ NEK ★REV 7986989 斜めがけ お財布 ショルダー お財布バッグ 送料無料","ONESIZE","ターコイズ","X11","Y21",,"0","23","22","-1",
"2026/08/18 23:13:15","受注取込","7987794","7987794X12Y13","【大きいサイズもあり】キャスハンチング キャップ メンズ レディース CULTURE MART NEK 101294 ★REV 7987794 ハンチング帽子 ハンチング帽 秋冬 帽子 ハンチング キャスケット メンズ帽子 レディース帽子秋冬 秋冬帽子 メンズハンチング おしゃれ カルチャーマート","大きいサイズ","ブラック(3)","X12","Y13",,"0","26","25","-1",
"2026/08/18 23:13:15","受注取込","7987794","7987794X12Y11","【大きいサイズもあり】キャスハンチング キャップ メンズ レディース CULTURE MART NEK 101294 ★REV 7987794 ハンチング帽子 ハンチング帽 秋冬 帽子 ハンチング キャスケット メンズ帽子 レディース帽子秋冬 秋冬帽子 メンズハンチング おしゃれ カルチャーマート","大きいサイズ","ベージュ(1)","X12","Y11",,"0","135","134","-1",
"2026/08/18 23:30:45","受注取込","7997141","7997141X12Y11","特大 スイカ ドーナツ 浮き輪 浮輪 送料無料 プール 大人用 子供用 NEK 7997141 ★REV 120cm 90cm 80cm 70cm 60cm サイズ 大きい 大きめ うきわ ウキワ すいか 海 海水浴 ビックフロート 水上 レジャー かわいい フローティングベッド 西瓜 子供用浮き輪 大人 子供 こども","90cm","スイカ","X12","Y11",,"0","30","29","-1",
"2026/08/18 23:31:00","受注取込","7986751","7986751X12Y13","【グリップ力効果/洗濯可能】トレーニンググローブ 手袋 筋トレ 筋トレグローブ NEK ★REV 7986751 レディース メンズ ジム手袋 指無し ウェイトリフティング 防滑 クッション性 伸びる 洗濯OK バーベル サイクリング ヨガ グリップ 衝撃吸収 通気性 送料無料","M","ブラック","X12","Y13",,"0","24","23","-1",
"2026/08/18 23:37:45","受注取込","7986651","7986651X11Y11","【銅×グラフェンの力で、スマホを瞬冷！】スマホ熱中症対策 冷却 クーラー NEK ★REVL 7986651 スマートフォン 保冷 結露なし スマホ 冷感 冷却 iphone アクセサリー 送料無料","ONESIZE","ブラック","X11","Y11",,"0","33","32","-1",
"2026/08/18 23:46:31","受注取込","7987642","7987642X11Y13","【送料無料】ミニ財布 メンズ 本革 レディース 二つ折り 財布 カードケース LTG カード入れ 多い NEK ★REV 7987642 折りたたみ コンパクト 小さい財布 小銭入れ コインスルー お札が折れない スキミング防止 ファスナー コインケース ミニマリスト ラウンドジッパー","ONESIZE","オレンジ","X11","Y13",,"0","17","16","-1",
"2026/08/18 23:46:31","受注取込","7987642","7987642X11Y11","【送料無料】ミニ財布 メンズ 本革 レディース 二つ折り 財布 カードケース LTG カード入れ 多い NEK ★REV 7987642 折りたたみ コンパクト 小さい財布 小銭入れ コインスルー お札が折れない スキミング防止 ファスナー コインケース ミニマリスト ラウンドジッパー","ONESIZE","ブラック","X11","Y11",,"0","22","21","-1",
"2026/08/18 23:47:45","受注取込","7987678","7987678X12Y16","【洗濯可能】トレーニンググローブ 手袋 筋トレ 筋トレグローブ メンズ レディース 指無し NEK ★REV 7987678 ウェイトリフティング 防滑 クッション性 伸びる 洗濯OK バーベル サイクリング ヨガ グリップ","M","B-ピンク","X12","Y16",,"0","7","6","-1",
"2026/08/18 23:47:45","受注取込","7994812","7994812X12Y11","サファリハット メンズ 釣り 帽子 ハット レディース SUNS(サンズ)  撥水 アウトドア 登山 キャンプ バーベキュー NEK ★REV H-051 H-053 送料無料 大きいサイズあり キッズサイズ 子供 UVカット アドベンチャーハット 父の日 プレゼント ユニセックス 春 夏 夏フェス ギフト","大きいサイズ","BK/BLACK(H_051)","X12","Y11",,"0","263","262","-1",
"2026/08/18 23:52:00","受注取込","7987081","7987081X11Y11","【豊富なポケット数】ショルダーバッグ メンズ レディース ミリタリー Military タクティカルバッグ ★REV 7987081 サコッシュ キャンプ アウトドア サバゲー 斜め掛け 鞄 バッグ カバン ipad OK 送料無料","ONESIZE","ブラック","X11","Y11",,"0","20","19","-1",
"2026/08/18 23:57:45","受注取込","7986528","7986528X11Y13","【Ploom AURA】プルーム オーラ カバー ケース レザー調 ストラップ付 保護 耐衝撃 NEK ★REVL 7986528 おしゃれ プルームオーラ 保護ケース 保護カバー アクセサリー 送料無料","ONESIZE","C","X11","Y13",,"0","8","7","-1",
"2026/08/18 23:58:46","受注取込","7994812","7994812X12Y12","サファリハット メンズ 釣り 帽子 ハット レディース SUNS(サンズ)  撥水 アウトドア 登山 キャンプ バーベキュー NEK ★REV H-051 H-053 送料無料 大きいサイズあり キッズサイズ 子供 UVカット アドベンチャーハット 父の日 プレゼント ユニセックス 春 夏 夏フェス ギフト","大きいサイズ","BLACK(H_051)","X12","Y12",,"0","74","73","-1",
"2026/08/18 23:58:46","受注取込","7987140","7987140X11Y18","【COOLにマナーを】携帯灰皿 カラビナ付き 吸い殻入れ 金属製 フタ付き 小型 軽量 NEK ★REVL 7987140 喫煙グッズ アッシュトレイ 持ち運び便利 男性 メンズ レディース 送料無料","ONESIZE","H.シルバーペイズリー","X11","Y18",,"0","71","70","-1",
