"更新日時","更新理由","商品基本コード","商品コード","商品名","属性1名","属性2名","属性1コード","属性2コード","倉庫名","実在庫区分","変動前","変動後","増減値","ユーザー"
"2026/09/05 00:01:47","受注取込","7987626","7987626X11Y11","【お得な5個セット】LEDライト キーホルダー 小型LEDライト NEK ★REV 7987626 キーライト 高輝度 5灯 LR44 ボタン電池 LTG 送料無料","ONESIZE","5本セット","X11","Y11",,"0","479","478","-1",
"2026/09/05 00:02:31","受注取込","7987409","7987409X11Y12","【130cm 大きいサイズ対応】本革 床革 ベルト メンズ 130cm NEK ★REV 7987409 大きいサイズ対応 シンセティックレザー ビジネスベルト カジュアルベルト 父の日 送料無料","ONESIZE","ブラウンA","X11","Y12",,"0","6","5","-1",
"2026/09/05 00:02:31","受注取込","7986720","7986720X11Y11","【ダメージ加工がCOOL】帽子 キャップ Vintage メンズ レディース くすみカラー ★REVL 7986720 こなれ感 深め しっかり素材 送料無料","ONESIZE","ブラック","X11","Y11",,"0","7","6","-1",
"2026/09/05 00:04:18","受注取込","7987475","7987475X11Y12","【防犯】護身用 タクティカルスティック 防災グッズ 熊対策グッズ クマ対策 タクティカルペン キーホルダー 女性 キーリング NEK ★REVM 7987475 棒 車 ガラス 防災 災害 車内 軽量 不審者 痴漢 痴漢対策 武器 護身グッズ 自己防衛 コンパクト 非常時 バッググリップ","ONESIZE","シルバー","X11","Y12",,"0","78","77","-1",
"2026/09/05 00:09:49","受注取込","7988381","7988381X11Y11","【圧巻の180色 プロ仕様】油性色鉛筆 色鉛筆 180色 塗り絵 絵具 マンガ 漫画 デッサン スケッチ 学生 美大生 絵画 葉書 7988381 ぬり絵 色鉛筆 セット 画材 美術 アート ポスター 色鉛筆セット 色えんぴつ プレゼント 小学生 中学生 油性 誕生日 ギフト 速攻配達＆送料無料","ONESIZE","180本セット","X11","Y11",,"0","19","18","-1",
"2026/09/05 00:11:50","受注取込","7986531","7986531X11Y18","【新型/IQOS イルマ i ワン用】アイコス イルマiワン ILUMA ケース 保護ケース NEK ★REVL 7986531 iqosイルマワン イルマワンカバー 耐衝撃 おしゃれ iqos iluma one 専用 IQOSイルマワン保護ケース レザー ヒョウ柄 ペイズリー 保護カバー アイコスケース アクセサリー 送料無料","ONESIZE","101","X11","Y18",,"0","10","9","-1",
"2026/09/05 00:12:18","受注取込","8003102","8003102X17Y14","やみつきになる！ ストレッチ AVIREX アビレックス Tシャツ メンズ ★REV NEK 6143501 6143502 Vネック クルーネック 半袖 プレゼント ギフト","クルーネック_ブラック_009","XLサイズ","X17","Y14",,"0","3","2","-1",
"2026/09/05 00:12:18","受注取込","8003102","8003102X22Y14","やみつきになる！ ストレッチ AVIREX アビレックス Tシャツ メンズ ★REV NEK 6143501 6143502 Vネック クルーネック 半袖 プレゼント ギフト","クルーネック_ネイビー(ロイヤル)_086","XLサイズ","X22","Y14",,"0","3","2","-1",
"2026/09/05 00:13:01","受注取込","7987660","7987660X11Y11","【家トレ お得な5点セット】腹筋ローラー 腹筋 筋トレ アブローラー ★REV 7987660 プッシュアップバー 縄跳び 腕立て 器具 ハンドグリップ 握力 コロコロ ヨガマット トレーニング 自重トレ 初心者 中級者 上級者 エクササイズ 送料無料","ONESIZE","ブルー×ブラック","X11","Y11",,"0","52","51","-1",
"2026/09/05 00:13:48","受注取込","7988070","7988070X11Y20","【カシミヤタッチ！】マフラー レディース メンズ 大判 バイカラー NEK ★REV 7988070 リバーシブル 大きいマフラー あたたかい 無地 大判ストール 厚手マフラー ソフトタッチ カシミヤタッチ カシミアタッチ カジュアル 無地 暖かい 秋冬 小物 防寒 ショール 送料無料","ONESIZE","マスタード","X11","Y20",,"0","1","0","-1",
"2026/09/05 00:13:48","受注取込","7988070","7988070X11Y21","【カシミヤタッチ！】マフラー レディース メンズ 大判 バイカラー NEK ★REV 7988070 リバーシブル 大きいマフラー あたたかい 無地 大判ストール 厚手マフラー ソフトタッチ カシミヤタッチ カシミアタッチ カジュアル 無地 暖かい 秋冬 小物 防寒 ショール 送料無料","ONESIZE","モスグリーン","X11","Y21",,"0","11","10","-1",
"2026/09/05 00:14:30","受注取込","7988525","7988525X11Y12","【速攻配達】イヤホン イヤフォン 3.5mm ハイレゾ 高音質 マイク付き NEK ★REV 7988525 重低音 hi-res 有線 ノイズキャンセリング 遮音 通勤 ゲーミング 携帯 スマホ イヤホンマイク Android アクセサリー 送料無料 プレゼント ギフト","ONESIZE","レッド","X11","Y12",,"0","9","8","-1",
"2026/09/05 00:15:17","受注取込","7994812","7994812X11Y12","サファリハット メンズ 釣り 帽子 ハット レディース SUNS(サンズ)  撥水 アウトドア 登山 キャンプ バーベキュー NEK ★REV H-051 H-053 送料無料 大きいサイズあり キッズサイズ 子供 UVカット アドベンチャーハット 父の日 プレゼント ユニセックス 春 夏 夏フェス ギフト","普通サイズ","BLACK(H_051)","X11","Y12",,"0","46","45","-1",
"2026/09/05 00:15:31","受注取込","7986850","7986850X15Y11","【耐滑底/おしゃれ】安全靴 スニーカー エアウォーク ミッドカット AIR WALK AW-940 AW-950 Y_YU ★REV 7986850 メンズ おしゃれ 耐滑底 樹脂先芯 ストレッチロック セーフティシューズ 作業靴 送料無料","27.0cm","AW-940_オレンジ","X15","Y11",,"0","7","6","-1",
"2026/09/05 00:15:31","受注取込","7986690","7986690X12Y14","【当店限定/大きいサイズ】LOGOS ロゴス キャップ メッシュキャップ 帽子 大きいサイズ ★REVL 7986690 ブランド メンズ レディース 野球帽 XXLサイズ KING SIZE アウトドア キャンプ シンプル おしゃれ 送料無料","ツイルキャップ","ネイビー","X12","Y14",,"0","129","128","-1",
"2026/09/05 00:17:47","受注取込","7986564","7986564X11Y11","【当店限定/大きいサイズ】BlackRebel 帽子 キャップ メンズ レディース 大きいサイズ ★REVL 7986564 深め Vintage クラッシュ 加工 こなれ感 おしゃれ 送料無料","ONESIZE","ブラック","X11","Y11",,"0","117","116","-1",
"2026/09/05 00:17:47","受注取込","7987168","7987168X11Y11","バーベキューコンロ 一人用 簡易式 焚き火台 グリル LTG 小型 コンパクト 小さい 小さめ 収納ケース付き 軽量 NEK ★REVL 7987168 少人数 七輪 しちりん 炭火焼 網焼き ソロキャンプ キャンプ ソロキャン 釣り ツーリング アウトドア BBQ コンパクト 送料無料","ONESIZE","シルバー","X11","Y11",,"0","59","58","-1",
"2026/09/05 00:18:48","受注取込","7987891","7987891X11Y11","【ヤシの木】麦わら帽子 メンズ レディース ストローハット 中折れハット ★REV 7987891 帽子 麦わらハット 夏 ペーパー ハット おしゃれ プレゼント プチギフト","ONESIZE","ブラウン","X11","Y11",,"0","12","11","-1",
"2026/09/05 00:19:30","受注取込","7987090","7987090X11Y11","【使い方色々!】ポーチ ベルトポーチ 小物入れ 小銭入れ カードケース NEK ★REV 7987090 短財布 財布 メンズ レディース カラビナ ミリタリー サバゲー キャンプ アウトドア メディカルポーチ 防災グッズ 送料無料","ONESIZE","ブラック","X11","Y11",,"0","65","64","-1",
"2026/09/05 00:20:36","受注取込","7998075","7998075X12Y12","他店圧倒価格♪最安値に挑戦！ 1点までメール便送料無料 ワッチキャップ ニット帽子 ニットキャップ 7998075 【MB】【ALI】■05161126【wow未販売】 sg追加200125 sg追加200125","大きいサイズ(～65cm)","グレー杢","X12","Y12",,"0","26","25","-1",
"2026/09/05 00:20:36","受注取込","7987319","7987319X11Y13","LOGOS ロゴス ニットキャップ ニット帽 帽子 NEK ★REV LS6P207Z 7987319 大きい 大きめ 大きいサイズ ニット素材 メンズ レディース ブランド プレゼント ギフト ミリタリー アメカジ ストリート アウトドア プレゼント ギフト 送料無料","ONESIZE","チャコール","X11","Y13",,"0","116","115","-1",
"2026/09/05 00:21:47","受注取込","7986528","7986528X11Y17","【Ploom AURA】プルーム オーラ カバー ケース レザー調 ストラップ付 保護 耐衝撃 NEK ★REVL 7986528 おしゃれ プルームオーラ 保護ケース 保護カバー アクセサリー 送料無料","ONESIZE","G","X11","Y17",,"0","9","8","-1",
"2026/09/05 00:22:48","受注取込","7994812","7994812X12Y11","サファリハット メンズ 釣り 帽子 ハット レディース SUNS(サンズ)  撥水 アウトドア 登山 キャンプ バーベキュー NEK ★REV H-051 H-053 送料無料 大きいサイズあり キッズサイズ 子供 UVカット アドベンチャーハット 父の日 プレゼント ユニセックス 春 夏 夏フェス ギフト","大きいサイズ","BK/BLACK(H_051)","X12","Y11",,"0","194","193","-1",
"2026/09/05 00:22:48","受注取込","7988125","7988125X11Y11","【カーボンスタイル 大きいサイズ】メッシュキャップ キャップ 帽子 ★REV 7988125 大きいサイズ 大きめ ビッグサイズ BIGサイズ シンプル 無地 カーボン調 プレゼント ギフト 送料無料","ONESIZE","ブラック","X11","Y11",,"0","22","21","-1",
"2026/09/05 00:22:48","受注取込","7987400","7987400X11Y11","【とにかくデカい！/普通サイズあり！】キャップ メンズ 大きいサイズ 帽子 深め ビッグサイズ ★REVM 7987400 BIG SIZE メンズキャップ帽子 大きめ 大きい帽子 メンズ帽子 レディース 春 夏 春夏 プレゼント ギフト 母の日 父の日 送料無料","大きいサイズ","A-ブラック","X11","Y11",,"0","249","248","-1",
"2026/09/05 00:24:18","受注取込","7987031","7987031X11Y16","【大人気SUNSより当店限定！】ミニトート バッグ レディース メンズ トートバッグ トート NEK ★REVL 7987031 CRB-001 ミニ 仕切り ポケット ランチバッグ マザーズバッグ 収納 ミリタリー MA-1 シンプル おしゃれ 便利 無地 通勤 通学 ユニセックス ジッパー付き 撥水","ONESIZE","ネイビー","X11","Y16",,"0","37","36","-1",
"2026/09/05 00:28:17","受注取込","7987626","7987626X11Y11","【お得な5個セット】LEDライト キーホルダー 小型LEDライト NEK ★REV 7987626 キーライト 高輝度 5灯 LR44 ボタン電池 LTG 送料無料","ONESIZE","5本セット","X11","Y11",,"0","478","477","-1",
"2026/09/05 00:29:18","受注取込","7986712","7986712X11Y33","【超協力マグネット/選べる33種】帽子クリップ ハットクリップ キャップクリップ  NEK ★REV 7986712 帽子収納ホルダー 収納フック キーホルダー 強力マグネット レザー調 アクセサリー チャーム キーリング キーケース 送料無料","ONESIZE","23","X11","Y33",,"0","23","22","-1",
"2026/09/05 00:29:18","受注取込","7987560","7987560X11Y11","【機能的】長財布 財布 メンズ レディース ウォレット スマホケース クラッチバッグ NEK ★REV 7987560 プレゼント ギフト 母の日 父の日 プチギフト 誕プレ 送料無料","ワンサイズ","ブラック","X11","Y11",,"0","25","24","-1",
"2026/09/05 00:29:18","受注取込","7987560","7987560X11Y12","【機能的】長財布 財布 メンズ レディース ウォレット スマホケース クラッチバッグ NEK ★REV 7987560 プレゼント ギフト 母の日 父の日 プチギフト 誕プレ 送料無料","ワンサイズ","ブラウン","X11","Y12",,"0","35","34","-1",
"2026/09/05 00:32:18","受注取込","7999490","7999490X11Y11","スマホケース 全機種対応 小物入れ ベルト ポーチ サバゲー Military NEK ★REV 7999490 iPhone アイコス イルマ ケース ケース 送料無料","ONESIZE","ブラック","X11","Y11",,"0","23","22","-1",
"2026/09/05 00:32:18","受注取込","7987400","7987400X11Y29","【とにかくデカい！/普通サイズあり！】キャップ メンズ 大きいサイズ 帽子 深め ビッグサイズ ★REVM 7987400 BIG SIZE メンズキャップ帽子 大きめ 大きい帽子 メンズ帽子 レディース 春 夏 春夏 プレゼント ギフト 母の日 父の日 送料無料","大きいサイズ","S-ネイビー","X11","Y29",,"0","24","22","-2",
"2026/09/05 00:33:00","受注取込","7998075","7998075X12Y11","他店圧倒価格♪最安値に挑戦！ 1点までメール便送料無料 ワッチキャップ ニット帽子 ニットキャップ 7998075 【MB】【ALI】■05161126【wow未販売】 sg追加200125 sg追加200125","大きいサイズ(～65cm)","ブラック杢","X12","Y11",,"0","222","221","-1",
"2026/09/05 00:33:47","受注取込","7987475","7987475X11Y12","【防犯】護身用 タクティカルスティック 防災グッズ 熊対策グッズ クマ対策 タクティカルペン キーホルダー 女性 キーリング NEK ★REVM 7987475 棒 車 ガラス 防災 災害 車内 軽量 不審者 痴漢 痴漢対策 武器 護身グッズ 自己防衛 コンパクト 非常時 バッググリップ","ONESIZE","シルバー","X11","Y12",,"0","77","75","-2",
"2026/09/05 00:39:47","受注取込","7990619","7990619X11Y11","アルコール ジェル 除菌 消毒 500ml 62% 【50mlのミニボトル2本付き あす楽】 エタノール ハンドジェル アルコール 消毒 アルコール 除菌 アルコール消毒液 500ml アメリカFDA 認証商品 ウイルス対策  7990619 プレゼント ギフト","500ml","ジェルタイプ","X11","Y11",,"0","865","817","-48",
"2026/09/05 00:41:17","受注取込","7987345","7987345X17Y12","【とにかくデカい！】 大きいサイズ キャップ 送料無料 大きめ ビッグサイズ ★REV 7987345 BIG SIZE 帽子 ハット キャップ キャスケット メンズキャップ 大きいサイズ バケット 大きい帽子 メンズ メンズ帽子 大きい 頭 メッシュキャップ","GGG","2","X17","Y12",,"0","1","0","-1",
"2026/09/05 00:41:17","受注取込","7988215","7988215X13Y12","【とにかくデカい！】 大きいサイズ キャップ メッシュキャップ 送料無料 大きめ ビッグサイズ BIG SIZE ★REV 7988215 <br> 帽子 ハット キャップ ワークキャップ メンズキャップ 大きいサイズ バケット 大きい帽子 メンズ バケハ メンズ帽子 大きい 頭 メッシュ 全39カラー","CC","2","X13","Y12",,"0","10","9","-1",
"2026/09/05 00:42:31","受注取込","7987802","7987802X12Y12","健康サンダル 足つぼ スリッパ 健康 サンダル 健康スリッパ 天然石 パワーストーン レディース メンズ オフィス ★REV 7987802 リラックス ストーン 足裏 足うら 刺激 ツボ押し つぼ押し 超強力 マッサージ 室内 屋外 野外 リフレクソロジー 足ツボサンダル 石 岩 送料無料","37-38(23.5～24.0cm)","レッド","X12","Y12",,"0","39","38","-1",
"2026/09/05 00:43:47","受注取込","7988215","7988215X16Y15","【とにかくデカい！】 大きいサイズ キャップ メッシュキャップ 送料無料 大きめ ビッグサイズ BIG SIZE ★REV 7988215 <br> 帽子 ハット キャップ ワークキャップ メンズキャップ 大きいサイズ バケット 大きい帽子 メンズ バケハ メンズ帽子 大きい 頭 メッシュ 全39カラー","FF","5","X16","Y15",,"0","159","158","-1",
"2026/09/05 00:45:19","受注取込","7990692","7990692X11Y11","当店在庫有り 速攻配達 あす楽 アルコール ハンドジェル アルコール消毒 アルコール除菌 アルコール消毒液 500ml ウイルス対策 7990692 プレゼント ギフト","500ml","ジェルタイプ","X11","Y11",,"0","146","145","-1",
"2026/09/05 00:46:47","受注取込","7986598","7986598X11Y11","【熊対策/大音量】 熊対策！熊避け！大音量アラーム&ライト 120dB 害獣避け 害鳥避け NEK ★REVL 7986598 害獣対策 くま避け 熊よけ べアBEAR クマよけ 熊避け 熊・猪などの野生動物対策に アウトドア キャンプ 登山 ハイキング トレッキング アクセサリー 非常用 緊急用 笛 防犯 防災グッズ 送料無料","ONESIZE","ブラック","X11","Y11",,"0","122","121","-1",
"2026/09/05 00:46:47","受注取込","7987083","7987083X12Y13","LOGOS サファリハット メンズ レディース LS3Q600Q NEK ★REV 7987083 パッチワーク アドベンチャーハット サファリハット 帽子 アウトドア 超軽量 バケットハット ヒモつき キャンプ お洒落 ブランド","大きいサイズ","マルチC-ピンク","X12","Y13",,"0","2","1","-1",
"2026/09/05 00:47:36","受注取込","7987345","7987345X22Y13","【とにかくデカい！】 大きいサイズ キャップ 送料無料 大きめ ビッグサイズ ★REV 7987345 BIG SIZE 帽子 ハット キャップ キャスケット メンズキャップ 大きいサイズ バケット 大きい帽子 メンズ メンズ帽子 大きい 頭 メッシュキャップ","LLL","3","X22","Y13",,"0","8","7","-1",
"2026/09/05 00:51:17","受注取込","7988466","7988466X11Y12","【速攻配達 送料無料】ゲーミングイヤホン ヘッドセット LTG 落ちない ズレない こもらない 暑くない switch ヘッドホン マイク 付き NEK 7988466 ps4 ps5 ヘッドフォン 有線 USB ニンテンドースイッチ テレワーク zoom ズーム リモート WEB会議 ミーティング","ONESIZE","ブラック/ブラック","X11","Y12",,"0","20","19","-1",
"2026/09/05 01:02:17","受注取込","7988215","7988215X24Y13","【とにかくデカい！】 大きいサイズ キャップ メッシュキャップ 送料無料 大きめ ビッグサイズ BIG SIZE ★REV 7988215 <br> 帽子 ハット キャップ ワークキャップ メンズキャップ 大きいサイズ バケット 大きい帽子 メンズ バケハ メンズ帽子 大きい 頭 メッシュ 全39カラー","NN","3","X24","Y13",,"0","9","8","-1",
"2026/09/05 01:02:17","受注取込","7988215","7988215X24Y15","【とにかくデカい！】 大きいサイズ キャップ メッシュキャップ 送料無料 大きめ ビッグサイズ BIG SIZE ★REV 7988215 <br> 帽子 ハット キャップ ワークキャップ メンズキャップ 大きいサイズ バケット 大きい帽子 メンズ バケハ メンズ帽子 大きい 頭 メッシュ 全39カラー","NN","5","X24","Y15",,"0","4","3","-1",
"2026/09/05 01:02:17","受注取込","7988215","7988215X16Y15","【とにかくデカい！】 大きいサイズ キャップ メッシュキャップ 送料無料 大きめ ビッグサイズ BIG SIZE ★REV 7988215 <br> 帽子 ハット キャップ ワークキャップ メンズキャップ 大きいサイズ バケット 大きい帽子 メンズ バケハ メンズ帽子 大きい 頭 メッシュ 全39カラー","FF","5","X16","Y15",,"0","158","157","-1",
"2026/09/05 01:06:31","受注取込","7987642","7987642X11Y11","【送料無料】ミニ財布 メンズ 本革 レディース 二つ折り 財布 カードケース LTG カード入れ 多い NEK ★REV 7987642 折りたたみ コンパクト 小さい財布 小銭入れ コインスルー お札が折れない スキミング防止 ファスナー コインケース ミニマリスト ラウンドジッパー","ONESIZE","ブラック","X11","Y11",,"0","2","1","-1",
"2026/09/05 01:10:07","受注取込","7988097","7988097X12Y12","【羊ムートン付】 防寒ブーツ スノーブーツ ウインターブーツ ブーツ ★REV 7988097 <br> 冬 ムートンブーツ メンズ ムートン メンズブーツ 防寒靴 メンズ冬靴 サイドジップ 靴 シューズ 防滑 撥水 アウトドア キャンプ スノボ 登山 プレゼント ギフト 送料無料","25.5cm","ネイビー","X12","Y12",,"0","14","13","-1",
"2026/09/05 01:11:47","受注取込","7986528","7986528X11Y21","【Ploom AURA】プルーム オーラ カバー ケース レザー調 ストラップ付 保護 耐衝撃 NEK ★REVL 7986528 おしゃれ プルームオーラ 保護ケース 保護カバー アクセサリー 送料無料","ONESIZE","K","X11","Y21",,"0","7","6","-1",
"2026/09/05 01:18:01","受注取込","7990856","7990856X11Y13","テーラードジャケット メンズ 春 ブレザー ジャケット ポンチ 2ボタン 秋 冬 ライトアウター 大人 カジュアル ゆるカジ コーデ きれいめ ラフ ビジカジ  スーツ メンズファッション ブラック グレー ネイビー 黒 灰 紺 245H70 ","M","ブラック","X11","Y13",,"0","2","1","-1",
"2026/09/05 01:18:01","受注取込","7990856","7990856X11Y12","テーラードジャケット メンズ 春 ブレザー ジャケット ポンチ 2ボタン 秋 冬 ライトアウター 大人 カジュアル ゆるカジ コーデ きれいめ ラフ ビジカジ  スーツ メンズファッション ブラック グレー ネイビー 黒 灰 紺 245H70 ","M","チャコール","X11","Y12",,"0","1","0","-1",
"2026/09/05 01:18:01","受注取込","7987560","7987560X11Y11","【機能的】長財布 財布 メンズ レディース ウォレット スマホケース クラッチバッグ NEK ★REV 7987560 プレゼント ギフト 母の日 父の日 プチギフト 誕プレ 送料無料","ワンサイズ","ブラック","X11","Y11",,"0","24","23","-1",
"2026/09/05 01:18:47","受注取込","7986542","7986542X11Y12","【選べる6タイプ】モチーフ ブレスレット 猫 ダックスフンド 馬 肉球 アボカド NEK ★REVL 7986542 コードブレスレット レディース メンズ ペア アクセサリー サイズ調整可能 ステンレスチャーム シンプル おしゃれ プレゼント ギフト 送料無料","ONESIZE","B(肉球)","X11","Y12",,"0","20","19","-1",
"2026/09/05 01:21:47","受注取込","7995799","7995799X2Y1","送料無料 Vintage ジーンズ ストレッチ メンズ ストレート テーパード スキニー スリム デニム DM-000■171123 sg再追加 sg追加200125","M【ストレート】DM_0001","ブルー","X2","Y1",,"0","1","0","-1",
"2026/09/05 01:25:47","受注取込","7986527","7986527X12Y11","【シリコン製/つけっぱなし】シリコンリング 指輪 メンズ レディース 軽量 耐水 NEK ★REVL 7986527 ユニセックス プレゼント ギフト ミニマル アクセサリー 送料無料","16号","ブラック","X12","Y11",,"0","29","28","-1",
"2026/09/05 01:28:17","受注取込","7988525","7988525X11Y11","【速攻配達】イヤホン イヤフォン 3.5mm ハイレゾ 高音質 マイク付き NEK ★REV 7988525 重低音 hi-res 有線 ノイズキャンセリング 遮音 通勤 ゲーミング 携帯 スマホ イヤホンマイク Android アクセサリー 送料無料 プレゼント ギフト","ONESIZE","ブラック","X11","Y11",,"0","15","14","-1",
"2026/09/05 01:30:05","受注取込","7987169","7987169X11Y12","【本革 コンパクト】財布 レディース メンズ ミニ財布 短財布 ミニウォレット NEK ★REVH 7987169 エンボス レザー 革 本革 牛革 ショートウォレット さいふ ウォレット 多機能 大容量 男性 ギフト 紳士用 プレゼント 薄い スリム 収納 ラウンドファスナー 送料無料","ONESIZE","ブラック×ブラウン","X11","Y12",,"0","11","10","-1",
"2026/09/05 01:38:47","受注取込","7992723","7992723X13Y11","お得！ 送料無料 4枚入り 福袋 Dickies ディッキーズ ボクサーパンツ メンズ かわいい NEK ★REV <br> パンツ ボクサーパンツ セット メンズ下着 メンズボクサーパンツ メンズボクサー 大きいサイズ 大きめ 特大 3L 下着 インナー メンズ usa まとめ買い プレゼント ギフト","LL","福袋4枚セット","X13","Y11",,"0","2","0","-2",
"2026/09/05 01:39:31","受注取込","7988124","7988124X11Y13","大きいサイズ キャップ 帽子 メンズ フルキャップ ベースボールキャップ コットンキャップ 野球帽 ワンポイント ★REV 7988124 イーグル 鷲 刺繍 ミリタリー BIGSIZE キングサイズ 送料無料","ONESIZE","グレー","X11","Y13",,"0","39","38","-1",
"2026/09/05 01:46:47","受注取込","7986719","7986719X11Y18","【お買い得3個セット】ブレスレット メンズ レディース 天然石 パワーストーン オニキス NEK ★REVL 7986719 8mm アクセサリー 3連 プレゼント ギフト 厄除け 運気 アップ","ONESIZE","8","X11","Y18",,"0","8","7","-1",
"2026/09/05 01:49:01","受注取込","7986974","7986974X11Y12","【くすみカラー/Natural Rabbit】 キッズ 上履き キッズ 上靴 ベビー こども うわばき シューズ ★REV 7986974 靴 Natural Rabbit うさぎ 可愛い マジックテープ 子供靴 室内履き 屋外兼用 フォーマル ストラップ付 女の子 軽量 小学生 幼稚園 保育園","16.0cm(27)","A-ピンク","X11","Y12",,"0","4","3","-1",
"2026/09/05 01:50:20","受注取込","7987683","7987683X11Y16","3WAY ボストンバッグ リュック ジムバッグ メンズ レディース ショルダーバッグ ★REV  7987683 旅行 リュックサック 軽量 アウトドア キャンプ スポーツ ジム ゴルフ シューズ収納 防水 おしゃれ かわいい 男 女子 ボストン 高校生メンズ ショルダー 送料無料","ONESIZE","レッド","X11","Y16",,"0","11","10","-1",
"2026/09/05 01:50:28","受注取込","7986516","7986516X11Y11","【当店限定モデル/深め】 AVIREX キャップ メンズ レディース 深め 刺繍 シンプル 81747500 ★REVL 7986516 ブランド コットン100％ サイズ調整可能 ブラック グレージュ 送料無料","ONESIZE","ブラック","X11","Y11",,"0","1","0","-1",
"2026/09/05 01:50:38","受注取込","7986925","7986925X11Y14","【本革】Indian Motocycle インディアンモトサイクル サコッシュ ショルダーバッグ IA-992 7986925 本革 レザー ブランド おしゃれ メンズ レディース ショルダー カウハイド ネイティブアメリカン","ONESIZE","ホワイト","X11","Y14",,"0","10","9","-1",
"2026/09/05 01:50:38","受注取込","7986583","7986583X14Y11","Indian Motocycle インディアン スウェット トレーナー メンズ レディース IC-2657 7986583  背面刺繍 Basic sweat embroidery ロゴ刺繍 ブランド シンプル 送料無料","XL","ブラック","X14","Y11",,"0","4","3","-1",
"2026/09/05 01:53:17","受注取込","7986547","7986547X11Y11","【お得な5枚10点セット】福袋 おなかぷにぷに3Dキャラクターシール 犬猫アニマル NEK ★REVO 7986547 ピンセット付き ぷにぷに触感 ストレス解消 癒しデコシール プレゼント ギフト 送料無料","ONESIZE","5枚10点アソート","X11","Y11",,"0","409","408","-1",
"2026/09/05 01:58:01","受注取込","7987642","7987642X11Y20","【送料無料】ミニ財布 メンズ 本革 レディース 二つ折り 財布 カードケース LTG カード入れ 多い NEK ★REV 7987642 折りたたみ コンパクト 小さい財布 小銭入れ コインスルー お札が折れない スキミング防止 ファスナー コインケース ミニマリスト ラウンドジッパー","ONESIZE","チョコ","X11","Y20",,"0","17","16","-1",
"2026/09/05 02:13:25","受注取込","7988215","7988215X31Y13","【とにかくデカい！】 大きいサイズ キャップ メッシュキャップ 送料無料 大きめ ビッグサイズ BIG SIZE ★REV 7988215 <br> 帽子 ハット キャップ ワークキャップ メンズキャップ 大きいサイズ バケット 大きい帽子 メンズ バケハ メンズ帽子 大きい 頭 メッシュ 全39カラー","UU","3","X31","Y13",,"0","6","5","-1",
"2026/09/05 02:17:47","受注取込","7987610","7987610X11Y11","【お得3本セット】ピンセット イルマ ワン テリア ILUMA TEREA アイコス NEK ★REV 7987610 IQOS グロー プルーム 電子タバコ お掃除 DIY LTG プラモデル 模型 工作 クリーニングフィルター クリーナー プレゼント ギフト 母の日 父の日 送料無料","ONESIZE","3本セット","X11","Y11",,"0","203","202","-1",
"2026/09/05 02:19:17","受注取込","7994702","7994702X11Y11","経年変化を楽しむ！日本製 本革 レザー 130cm 長め ベルト 7994702 メンズ レディース ヌメ革 総革 Artisan aging 送料無料 ナチュラル ギフトBOX付き プレゼント 180618 プレゼント ギフト","ONESIZE","ナチュラル","X11","Y11",,"0","55","54","-1",
"2026/09/05 02:27:31","受注取込","7987490","7987490X11Y11","【手首を太く逞しくする】前腕筋 筋トレ 握力 手首 前腕部の強化 腕相撲 ★REV 7987490 バスケットボール テニス ゴルフ 柔道 剣道 空手 格闘技 プレゼント ギフト 送料無料","ONESIZE","ブラック","X11","Y11",,"0","81","80","-1",
"2026/09/05 02:31:47","受注取込","7998075","7998075X11Y11","他店圧倒価格♪最安値に挑戦！ 1点までメール便送料無料 ワッチキャップ ニット帽子 ニットキャップ 7998075 【MB】【ALI】■05161126【wow未販売】 sg追加200125 sg追加200125","普通サイズ(～60cm)","ブラック杢","X11","Y11",,"0","62","61","-1",
"2026/09/05 02:42:47","受注取込","7992099","7992099X11Y12","アンクレット メンズ レディース 手作り 送料無料 つけっぱなし お守り アンク アクセサリー シルバー ターコイズ NEK ALI ★REV 7992099 190813 プレゼント ギフト","ONESIZE","イカリ","X11","Y12",,"0","2","1","-1",
"2026/09/05 02:42:47","受注取込","7992099","7992099X11Y19","アンクレット メンズ レディース 手作り 送料無料 つけっぱなし お守り アンク アクセサリー シルバー ターコイズ NEK ALI ★REV 7992099 190813 プレゼント ギフト","ONESIZE","カメ/ヒトデ","X11","Y19",,"0","17","16","-1",
"2026/09/05 02:42:47","受注取込","7987098","7987098X11Y11","【お得な2個セット COOLにマナーを】携帯灰皿 吸い殻入れ 金属製 フタ付き 小型 軽量 NEK ★REVL 7987098 喫煙グッズ アッシュトレイ 持ち運び便利 男性 メンズ レディース アイコス イルマ テリア IQOS ILUMA TEREA 送料無料","ONESIZE","2個セット","X11","Y11",,"0","12","11","-1",
"2026/09/05 02:42:53","受注取込","7987093","7987093X12Y11","【新型iphone/IQOS対応】急速5A 3股 Type-C 充電ケーブル スマホケーブル 1.2m 2m 3m typec NEK ★REVL 7987093 新型iphone IQOS対応 USB A→Type-C×3 充電ケーブル 3in1 急速 送料無料","2.0m","ブラック_TypeA/TypeC×3","X12","Y11",,"0","24","23","-1",
"2026/09/05 03:07:31","受注取込","7987093","7987093X11Y11","【新型iphone/IQOS対応】急速5A 3股 Type-C 充電ケーブル スマホケーブル 1.2m 2m 3m typec NEK ★REVL 7987093 新型iphone IQOS対応 USB A→Type-C×3 充電ケーブル 3in1 急速 送料無料","1.2m","ブラック_TypeA/TypeC×3","X11","Y11",,"0","7","6","-1",
"2026/09/05 03:17:17","受注取込","7988386","7988386X11Y14","【高輝度・省電力】LED 卓上 ライト 間接照明 おしゃれ テーブルランプ 北欧 ベッドライト ★REV 7988386 照明 ランプ 一人暮らし ナイトランプ ムードランプ インテリア 雑貨 スタンドライト フロアライト ベッドサイド ルームライト 寝室 usb 電気スタンド フロアランプ","ONESIZE","キャメル","X11","Y14",,"0","130","129","-1",
"2026/09/05 03:21:17","受注取込","7987400","7987400X11Y19","【とにかくデカい！/普通サイズあり！】キャップ メンズ 大きいサイズ 帽子 深め ビッグサイズ ★REVM 7987400 BIG SIZE メンズキャップ帽子 大きめ 大きい帽子 メンズ帽子 レディース 春 夏 春夏 プレゼント ギフト 母の日 父の日 送料無料","大きいサイズ","I-ネイビー","X11","Y19",,"0","42","41","-1",
"2026/09/05 03:23:01","受注取込","7988215","7988215X31Y13","【とにかくデカい！】 大きいサイズ キャップ メッシュキャップ 送料無料 大きめ ビッグサイズ BIG SIZE ★REV 7988215 <br> 帽子 ハット キャップ ワークキャップ メンズキャップ 大きいサイズ バケット 大きい帽子 メンズ バケハ メンズ帽子 大きい 頭 メッシュ 全39カラー","UU","3","X31","Y13",,"0","5","4","-1",
"2026/09/05 03:24:01","受注取込","7991009","7991009X11Y11","本革 レザー バケットハット 帽子 ハット メンズ レディース 羊革 シープレザー 送料無料 ★REVL 7991009 ブラック 黒","ONESIZE","ブラック","X11","Y11",,"0","4","3","-1",
"2026/09/05 03:24:01","受注取込","7986654","7986654X13Y11","【お得な100枚セット】宅配ビニール袋 100枚 お得 安い 宅配袋 宅配ポリ袋 ポリ袋 強テープ付き 17cm 20cm 25cm 30cm 32cm 40cm 45cm 50cm 60cm 梱包 袋 梱包材 ビニール 宅配 7986654 プレゼント ギフト","25cm×35cm","ワンカラー","X13","Y11",,"0","42","41","-1",
"2026/09/05 03:28:19","受注取込","7988215","7988215X31Y13","【とにかくデカい！】 大きいサイズ キャップ メッシュキャップ 送料無料 大きめ ビッグサイズ BIG SIZE ★REV 7988215 <br> 帽子 ハット キャップ ワークキャップ メンズキャップ 大きいサイズ バケット 大きい帽子 メンズ バケハ メンズ帽子 大きい 頭 メッシュ 全39カラー","UU","3","X31","Y13",,"0","4","3","-1",
"2026/09/05 04:13:17","受注取込","7986572","7986572X11Y19","【新型/IQOS イルマ i ワン用】アイコス イルマiワン ILUMA ケース 保護ケース NEK ★REVL 7986572 iqosイルマワン イルマワンカバー 耐衝撃 おしゃれ iqos iluma one 専用 IQOSイルマワン保護ケース レザー ヒョウ柄 ペイズリー 保護カバー アイコスケース アクセサリー 送料無料","イルマiワン","63","X11","Y19",,"0","4","3","-1",
"2026/09/05 04:47:17","受注取込","7987517","7987517X11Y12","キーケース メンズ レディース 本革 レザー スマートキー キーホルダー AirTag エアタグ NEK ★REV 7987517 鍵 キーチェーン 小銭入れ 自転車の鍵 独立式 財布 ポケット カラビナ 電子マネー キャッシュレス","ワンサイズ","レッド","X11","Y12",,"0","5","4","-1",
"2026/09/05 04:55:01","受注取込","7990381","7990381X11Y12","【15柄展開】マスク 洗えるマスク カラーマスク レース メンズ レディース ペイズリー カモフラ 花柄 レオパード柄 新作 15柄展開 ★REV NEK 7990381 プレゼント ギフト","ONESIZE","B","X11","Y12",,"0","143","128","-15",
"2026/09/05 04:55:01","受注取込","7990381","7990381X11Y24","【15柄展開】マスク 洗えるマスク カラーマスク レース メンズ レディース ペイズリー カモフラ 花柄 レオパード柄 新作 15柄展開 ★REV NEK 7990381 プレゼント ギフト","ONESIZE","N","X11","Y24",,"0","199","183","-16",
"2026/09/05 04:55:01","受注取込","7990381","7990381X11Y18","【15柄展開】マスク 洗えるマスク カラーマスク レース メンズ レディース ペイズリー カモフラ 花柄 レオパード柄 新作 15柄展開 ★REV NEK 7990381 プレゼント ギフト","ONESIZE","H","X11","Y18",,"0","183","175","-8",
"2026/09/05 04:55:01","受注取込","7990381","7990381X11Y23","【15柄展開】マスク 洗えるマスク カラーマスク レース メンズ レディース ペイズリー カモフラ 花柄 レオパード柄 新作 15柄展開 ★REV NEK 7990381 プレゼント ギフト","ONESIZE","M","X11","Y23",,"0","137","135","-2",
"2026/09/05 04:55:17","受注取込","7986706","7986706X12Y11","【特大！すっぽりかぶって、小顔見せ】バケットハット チューリップハット 帽子 NEK ★REVL 7986706 メンズ レディース 大きいサイズ 普通サイズ  デニム素材 コットン100％ おしゃれ フリンジ 送料無料","大きいサイズ","ブラック","X12","Y11",,"0","115","114","-1",
"2026/09/05 04:55:17","受注取込","7987400","7987400X11Y11","【とにかくデカい！/普通サイズあり！】キャップ メンズ 大きいサイズ 帽子 深め ビッグサイズ ★REVM 7987400 BIG SIZE メンズキャップ帽子 大きめ 大きい帽子 メンズ帽子 レディース 春 夏 春夏 プレゼント ギフト 母の日 父の日 送料無料","大きいサイズ","A-ブラック","X11","Y11",,"0","248","247","-1",
"2026/09/05 05:08:17","受注取込","7987400","7987400X11Y11","【とにかくデカい！/普通サイズあり！】キャップ メンズ 大きいサイズ 帽子 深め ビッグサイズ ★REVM 7987400 BIG SIZE メンズキャップ帽子 大きめ 大きい帽子 メンズ帽子 レディース 春 夏 春夏 プレゼント ギフト 母の日 父の日 送料無料","大きいサイズ","A-ブラック","X11","Y11",,"0","247","246","-1",
"2026/09/05 05:16:20","受注取込","7992723","7992723X14Y11","お得！ 送料無料 4枚入り 福袋 Dickies ディッキーズ ボクサーパンツ メンズ かわいい NEK ★REV <br> パンツ ボクサーパンツ セット メンズ下着 メンズボクサーパンツ メンズボクサー 大きいサイズ 大きめ 特大 3L 下着 インナー メンズ usa まとめ買い プレゼント ギフト","3L","福袋4枚セット","X14","Y11",,"0","90","89","-1",
"2026/09/05 05:25:01","受注取込","7986757","7986757X11Y11","【置くだけで充電】 ワイヤレス充電器 車載 ホルダー 置き型 Type-C充電 USB-A NEK ★REVL 7986757 最大20W 車載ワイヤレス充電パッド 充電 充電器 車載 スマホ ホルダー スタンド 車 携帯ホルダー 急速充電 サイズ調整可能 滑り止め iphone/Android 1M PD充電 スマホアクセサリー Qi規格 送料無料","ONESIZE","USB-A(1m)","X11","Y11",,"0","30","29","-1",
"2026/09/05 05:36:01","受注取込","7987610","7987610X11Y11","【お得3本セット】ピンセット イルマ ワン テリア ILUMA TEREA アイコス NEK ★REV 7987610 IQOS グロー プルーム 電子タバコ お掃除 DIY LTG プラモデル 模型 工作 クリーニングフィルター クリーナー プレゼント ギフト 母の日 父の日 送料無料","ONESIZE","3本セット","X11","Y11",,"0","202","201","-1",
"2026/09/05 05:44:30","受注取込","7987794","7987794X12Y11","【大きいサイズもあり】キャスハンチング キャップ メンズ レディース CULTURE MART NEK 101294 ★REV 7987794 ハンチング帽子 ハンチング帽 秋冬 帽子 ハンチング キャスケット メンズ帽子 レディース帽子秋冬 秋冬帽子 メンズハンチング おしゃれ カルチャーマート","大きいサイズ","ベージュ(1)","X12","Y11",,"0","116","115","-1",
"2026/09/05 05:54:31","受注取込","7987093","7987093X11Y11","【新型iphone/IQOS対応】急速5A 3股 Type-C 充電ケーブル スマホケーブル 1.2m 2m 3m typec NEK ★REVL 7987093 新型iphone IQOS対応 USB A→Type-C×3 充電ケーブル 3in1 急速 送料無料","1.2m","ブラック_TypeA/TypeC×3","X11","Y11",,"0","6","5","-1",
"2026/09/05 06:06:17","受注取込","7987554","7987554X11Y15","【速攻配達！電池付き！大音量で撃退】防犯ブザー 防犯アラーム 防犯ベル 防犯グッズ 大音量 生活防水 NEK ★REVF 7987554 ランドセル 子ども 男の子 女の子 大人 女性 小学生 中学生 卒園 入学 LEDライト付 キャンプ 登山 アウトドア プレゼント ギフト 送料無料","ONESIZE","ブルー","X11","Y15",,"0","37","36","-1",
"2026/09/05 06:07:47","受注取込","8001146","8001146X12Y11","【お得な2枚組 ブランド福袋】LATESHOW BOKU HA TANOSII ボクサーパンツ メンズ アンダーウェア 下着 NEK ★REVL 8001146 おしゃれ 柄 メンズ下着 かっこいい ツルツル おすすめ 人気 ブランド 男性 プレゼント 父の日 誕生日 父 ギフト 記念日 大きいサイズ 福袋 送料無料","L","福袋2枚セット","X12","Y11",,"0","86","85","-1",
"2026/09/05 06:09:17","受注取込","7987074","7987074X11Y12","【くすみカラー 超軽量】サファリハット バケットハット メンズ レディース 普通サイズ 大きいサイズ アドベンチャーハット NEK ★REV 7987074 撥水 速乾 軽量 折り畳める UV カット アウトドア キャンプ 登山 ウォーキング 散歩 日焼け防止 紫外線防止 送料無料","普通サイズ","ネイビー","X11","Y12",,"0","16","15","-1",
"2026/09/05 06:12:17","受注取込","7993077","7993077X11Y15","栃木レザー 短財布 財布 メンズ レディース 本革 レザー 日本製  送料無料 職人技 無地 6色展開 ヌメ革 総革 フルベジタブルタンニング TDSG-1019 190320","ONESIZE","ORANGE","X11","Y15",,"0","3","2","-1",
"2026/09/05 06:18:46","受注取込","7986461","7986461X11Y13","【ジムも旅行もこれ一つ】ジムバッグ シューズ収納付き 多機能 スポーツバッグ NEK ★REVL 7986461 撥水 大容量 ボストンバッグ 旅行バッグ メンズ レディース 濡れ物分離 2WAY 送料無料","ONESIZE","ピンク","X11","Y13",,"0","30","29","-1",
"2026/09/05 06:29:17","受注取込","7993221","7993221X11Y15","訳あり キーホルダー メンズ 車 スマートキー キーチェーン キーリング レザー NEK ★REV 7993221 家 鍵 カギ 送料無料 ステンレス レザー 男性 おしゃれ シンプル カラビナフック プレゼント","ONESIZE","ブラック_B","X11","Y15",,"0","5","4","-1",
"2026/09/05 06:30:13","受注取込","7987065","7987065X14Y12","【衝撃に強い】安全靴 スニーカー エアウォーク ミッドカット ハイカット ミドルカット AIR WALK AW-970 AW-980 Y_YU ★REV 7987065 メンズ おしゃれ 耐滑底 樹脂先芯 超軽量 マジックテープ セーフティシューズ 作業靴","26.5cm","AW-980_WHITE","X14","Y12",,"0","66","65","-1",
"2026/09/05 06:30:13","受注取込","7986751","7986751X12Y11","【グリップ力効果/洗濯可能】トレーニンググローブ 手袋 筋トレ 筋トレグローブ NEK ★REV 7986751 レディース メンズ ジム手袋 指無し ウェイトリフティング 防滑 クッション性 伸びる 洗濯OK バーベル サイクリング ヨガ グリップ 衝撃吸収 通気性 送料無料","M","ピンク","X12","Y11",,"0","12","11","-1",
"2026/09/05 06:33:17","受注取込","7987389","7987389X11Y16","【本革 総革】名刺入れ 名刺ケース 本革 メンズ NEK ★REV 7987389 レディース レザー 本皮 Vintage ヌメ革 プレゼント ギフト 母の日 父の日 送料無料","ONESIZE","チョコ","X11","Y16",,"0","25","24","-1",
"2026/09/05 06:37:47","受注取込","7988029","7988029X13Y11","【裏ボアで暖か】パーカー ジャケット メンズ ★REV 7988029 着る毛布 杢カラー 裏ボア フリース セーター 送料無料","XL","ブラック","X13","Y11",,"0","2","1","-1",
"2026/09/05 06:43:40","受注取込","7986514","7986514X11Y12","歯間爽快ジェットEX Pro ジェットウォッシャー ウォーターフロス 5モード搭載 ★REVL 7986514 口腔洗浄器 TYPE-C充電式 防水 携帯型 歯間ケア 送料無料","ONESIZE","ブラック","X11","Y12",,"0","13","12","-1",
"2026/09/05 06:46:17","受注取込","7994367","7994367X11Y15","ショルダーバッグ メンズ 本革 レザー NATIVE柄 バッグ メンズ Vintage キャンバス生地 ジャカード織り ★REV 7994367","ONESIZE","カーキ","X11","Y15",,"0","26","25","-1",
"2026/09/05 06:49:48","受注取込","7986647","7986647X11Y12","【多機能バッグインバッグ】大容量 軽量 バッグインバッグ 収納ポーチ レディース NEK ★REVL 7986647 メンズ 化粧ポーチ インナーバッグ トラベルオーガナイザー マザーズバッグ トラベルポーチ 整理整頓 送料無料","ONESIZE","グレー","X11","Y12",,"0","7","6","-1",
"2026/09/05 06:49:48","受注取込","7992723","7992723X14Y11","お得！ 送料無料 4枚入り 福袋 Dickies ディッキーズ ボクサーパンツ メンズ かわいい NEK ★REV <br> パンツ ボクサーパンツ セット メンズ下着 メンズボクサーパンツ メンズボクサー 大きいサイズ 大きめ 特大 3L 下着 インナー メンズ usa まとめ買い プレゼント ギフト","3L","福袋4枚セット","X14","Y11",,"0","89","88","-1",
"2026/09/05 06:52:47","受注取込","7994812","7994812X12Y13","サファリハット メンズ 釣り 帽子 ハット レディース SUNS(サンズ)  撥水 アウトドア 登山 キャンプ バーベキュー NEK ★REV H-051 H-053 送料無料 大きいサイズあり キッズサイズ 子供 UVカット アドベンチャーハット 父の日 プレゼント ユニセックス 春 夏 夏フェス ギフト","大きいサイズ","NAVY(H_051)","X12","Y13",,"0","35","34","-1",
"2026/09/05 06:55:20","受注取込","7987400","7987400X11Y13","【とにかくデカい！/普通サイズあり！】キャップ メンズ 大きいサイズ 帽子 深め ビッグサイズ ★REVM 7987400 BIG SIZE メンズキャップ帽子 大きめ 大きい帽子 メンズ帽子 レディース 春 夏 春夏 プレゼント ギフト 母の日 父の日 送料無料","大きいサイズ","C-グレー","X11","Y13",,"0","72","71","-1",
"2026/09/05 07:05:00","受注取込","7988215","7988215X17Y13","【とにかくデカい！】 大きいサイズ キャップ メッシュキャップ 送料無料 大きめ ビッグサイズ BIG SIZE ★REV 7988215 <br> 帽子 ハット キャップ ワークキャップ メンズキャップ 大きいサイズ バケット 大きい帽子 メンズ バケハ メンズ帽子 大きい 頭 メッシュ 全39カラー","GG","3","X17","Y13",,"0","53","52","-1",
"2026/09/05 07:10:19","受注取込","7986547","7986547X11Y11","【お得な5枚10点セット】福袋 おなかぷにぷに3Dキャラクターシール 犬猫アニマル NEK ★REVO 7986547 ピンセット付き ぷにぷに触感 ストレス解消 癒しデコシール プレゼント ギフト 送料無料","ONESIZE","5枚10点アソート","X11","Y11",,"0","408","407","-1",
"2026/09/05 07:11:47","受注取込","7988452","7988452X11Y12","【日本製 姫路レザー】日本製 ベルト メンズ 本革 本皮 ★REV SRI-07 3.9cm幅 一枚革 ヌメ革 姫路レザー ビジネス カジュアル 送料無料","ONESIZE","キャメル","X11","Y12",,"0","1","0","-1",
"2026/09/05 07:11:47","受注取込","7987718","7987718X12Y11","【日本製 姫路レザー】日本製 ベルト メンズ レディース 本革 本皮 ブライドルレザー ★REV Y_KO HBTH003 004 3.0cm幅 3.5cm幅 30mm 35mm 一枚革 ヌメ革 姫路レザー ビジネス カジュアル 送料無料","幅3.5cm(HBTH004)","ブラック","X12","Y11",,"0","7","6","-1",
"2026/09/05 07:18:48","受注取込","7986597","7986597X11Y11","【目元リラックス！高純度テラヘルツ】高純度 テラヘルツ アイマスク NEK ★REVL 7986597 重さ150g・包み込む美容ケア・リラクゼーション用 健康 テラヘルツ波 パワーストーン 天然石 アクセサリー プレゼント ギフト プチギフト 母の日 父の日 送料無料","アイマスク","メタリッククローム","X11","Y11",,"0","3","2","-1",
"2026/09/05 07:20:21","受注取込","7986716","7986716X11Y11","【紫外線でプロ級チェック】アニサキスライト UV 紫外線ライト ブラックライト NEK ★REVL 7986716 365nm 充電式 TYPE-C充電  USB 光学レンズ アニサキス検出 生活 食事 釣り 掃除 コンパクト 送料無料","1本","ブラック(TYPE-C)","X11","Y11",,"0","49","47","-2",
"2026/09/05 07:22:47","受注取込","7987074","7987074X12Y16","【くすみカラー 超軽量】サファリハット バケットハット メンズ レディース 普通サイズ 大きいサイズ アドベンチャーハット NEK ★REV 7987074 撥水 速乾 軽量 折り畳める UV カット アウトドア キャンプ 登山 ウォーキング 散歩 日焼け防止 紫外線防止 送料無料","大きいサイズ","オリーブ","X12","Y16",,"0","22","21","-1",
"2026/09/05 07:22:47","受注取込","7986572","7986572X11Y24","【新型/IQOS イルマ i ワン用】アイコス イルマiワン ILUMA ケース 保護ケース NEK ★REVL 7986572 iqosイルマワン イルマワンカバー 耐衝撃 おしゃれ iqos iluma one 専用 IQOSイルマワン保護ケース レザー ヒョウ柄 ペイズリー 保護カバー アイコスケース アクセサリー 送料無料","イルマiワン","68","X11","Y24",,"0","30","29","-1",
"2026/09/05 07:22:47","受注取込","7986572","7986572X11Y30","【新型/IQOS イルマ i ワン用】アイコス イルマiワン ILUMA ケース 保護ケース NEK ★REVL 7986572 iqosイルマワン イルマワンカバー 耐衝撃 おしゃれ iqos iluma one 専用 IQOSイルマワン保護ケース レザー ヒョウ柄 ペイズリー 保護カバー アイコスケース アクセサリー 送料無料","イルマiワン","74","X11","Y30",,"0","8","7","-1",
"2026/09/05 07:25:31","受注取込","7987642","7987642X11Y11","【送料無料】ミニ財布 メンズ 本革 レディース 二つ折り 財布 カードケース LTG カード入れ 多い NEK ★REV 7987642 折りたたみ コンパクト 小さい財布 小銭入れ コインスルー お札が折れない スキミング防止 ファスナー コインケース ミニマリスト ラウンドジッパー","ONESIZE","ブラック","X11","Y11",,"0","1","0","-1",
"2026/09/05 07:28:17","受注取込","7988167","7988167X11Y11","【犬 猫 食器台 3個セット おまけ付】傾斜のある食器台 犬用 猫用 フードボウルスタンド ★REVG 7988167 食器スタンド スタンド テーブル 食器 餌入れ 老犬 老猫 シニア 高齢犬 高齢猫 首 腰 関節 パピー 小型犬 いぬ ねこ 北欧 獣医 コーギー ダックス ヘルニア 送料無料","ONESIZE","3色セット","X11","Y11",,"0","45","44","-1",
"2026/09/05 07:32:18","受注取込","7992723","7992723X11Y11","お得！ 送料無料 4枚入り 福袋 Dickies ディッキーズ ボクサーパンツ メンズ かわいい NEK ★REV <br> パンツ ボクサーパンツ セット メンズ下着 メンズボクサーパンツ メンズボクサー 大きいサイズ 大きめ 特大 3L 下着 インナー メンズ usa まとめ買い プレゼント ギフト","M","福袋4枚セット","X11","Y11",,"0","82","81","-1",
"2026/09/05 07:33:47","受注取込","7986475","7986475X11Y11","【一生モノ/経年変化を愉しむ】栃木レザー 日本製 トートバッグ ミニトートバッグ 本革 ★REVL SRI-030 7986475 本皮  フルベジタブルタンニンレザー プレゼント ギフト 送料無料","ONESIZE","ブラック","X11","Y11",,"0","3","2","-1",
"2026/09/05 07:36:33","受注取込","7987791","7987791X11Y11","【お得セット】ステッパー ミニ ステッパー パワーバンド付 ダイエット  器具 踏み台昇降 ★REV 7987791 健康 器具 ジム ツイストステッパー フィットネス 有酸素運動 脂肪燃焼 皮下脂肪 内臓脂肪 送料無料 プレゼント ギフト 母の日 父の日","ONESIZE","ホワイト×ブラック","X11","Y11",,"0","27","26","-1",
"2026/09/05 07:39:17","受注取込","7988088","7988088X14Y11","安全靴 スニーカー エアウォーク AIR WALK Y_YU AW-920 グリーン フレックスフィット ローカット メンズ セーフティシューズ 樹脂先芯 軽量 衝撃吸収 負担軽減 作業靴 オシャレ  かかとが踏める ムレにくい","26.5cm ","グリーン","X14","Y11",,"0","146","144","-2",
"2026/09/05 07:46:47","受注取込","7986752","7986752X11Y12","収納 サンバイザーホルダー マルチ 車 カーポケット ドライブポケット NEK ★REVL 7986752 おしゃれ サンバイザー ポケット カー用品 収納 カー用品 ペン カードポケット 収納ホルダー サングラスホルダー 車 眼鏡ホルダー カーアクセサリー 送料無料","ONESIZE","グレー","X11","Y12",,"0","29","28","-1",
"2026/09/05 07:47:01","受注取込","7987151","7987151X11Y14","【多面カットで綺麗】天然石 ブレスレット パワーストーン レディース NEK ★REV 7987151 アクセサリー プレゼント ギフト 厄除け 運気 アップ 送料無料","ONESIZE","D_ガーネット","X11","Y14",,"0","13","12","-1",
"2026/09/05 07:48:22","受注取込","7986532","7986532X11Y15","【新型/IQOS イルマ i ワン用】アイコス イルマiワン ILUMA ケース 保護ケース NEK ★REVL 7986532 iqosイルマワン イルマワンカバー 耐衝撃 おしゃれ iqos iluma one 専用 IQOSイルマワン保護ケース レザー 保護カバー アイコスケース アクセサリー 送料無料","ONESIZE","ネイビー","X11","Y15",,"0","22","21","-1",
"2026/09/05 07:49:47","受注取込","7988125","7988125X11Y11","【カーボンスタイル 大きいサイズ】メッシュキャップ キャップ 帽子 ★REV 7988125 大きいサイズ 大きめ ビッグサイズ BIGサイズ シンプル 無地 カーボン調 プレゼント ギフト 送料無料","ONESIZE","ブラック","X11","Y11",,"0","21","20","-1",
"2026/09/05 07:51:17","受注取込","7987078","7987078X11Y11","【3個の福袋！即出荷】ビーチボール 水遊び ビーチバレー 浮き輪 フロート NEK ★REV 7987078 サッカーボール 30cm アウトドア キャンプ 海 プール 川 リゾート 送料無料","ONESIZE","3個セット","X11","Y11",,"0","24","23","-1",
"2026/09/05 07:51:17","受注取込","7986768","7986768X11Y11","【衝撃吸収・低反発】シートクッション カークッション 車 座布団 腰痛 運転席 ★REV 7986768 お尻が痛くならない 腰痛クッション 椅子 腰 姿勢 シート 人気 おすすめ 座席 低反発 ブラック オフィスチェア 背もたれ おしゃれ 運転席 カーアクセサリー 送料無料","ONESIZE","ブラック","X11","Y11",,"0","24","23","-1",
"2026/09/05 07:53:31","受注取込","7988525","7988525X11Y11","【速攻配達】イヤホン イヤフォン 3.5mm ハイレゾ 高音質 マイク付き NEK ★REV 7988525 重低音 hi-res 有線 ノイズキャンセリング 遮音 通勤 ゲーミング 携帯 スマホ イヤホンマイク Android アクセサリー 送料無料 プレゼント ギフト","ONESIZE","ブラック","X11","Y11",,"0","14","13","-1",
"2026/09/05 07:53:47","受注取込","7994812","7994812X11Y12","サファリハット メンズ 釣り 帽子 ハット レディース SUNS(サンズ)  撥水 アウトドア 登山 キャンプ バーベキュー NEK ★REV H-051 H-053 送料無料 大きいサイズあり キッズサイズ 子供 UVカット アドベンチャーハット 父の日 プレゼント ユニセックス 春 夏 夏フェス ギフト","普通サイズ","BLACK(H_051)","X11","Y12",,"0","45","44","-1",
"2026/09/05 07:56:17","受注取込","7986547","7986547X11Y11","【お得な5枚10点セット】福袋 おなかぷにぷに3Dキャラクターシール 犬猫アニマル NEK ★REVO 7986547 ピンセット付き ぷにぷに触感 ストレス解消 癒しデコシール プレゼント ギフト 送料無料","ONESIZE","5枚10点アソート","X11","Y11",,"0","407","406","-1",
"2026/09/05 07:56:17","受注取込","7986752","7986752X11Y12","収納 サンバイザーホルダー マルチ 車 カーポケット ドライブポケット NEK ★REVL 7986752 おしゃれ サンバイザー ポケット カー用品 収納 カー用品 ペン カードポケット 収納ホルダー サングラスホルダー 車 眼鏡ホルダー カーアクセサリー 送料無料","ONESIZE","グレー","X11","Y12",,"0","28","27","-1",
"2026/09/05 07:58:47","受注取込","7987400","7987400X11Y11","【とにかくデカい！/普通サイズあり！】キャップ メンズ 大きいサイズ 帽子 深め ビッグサイズ ★REVM 7987400 BIG SIZE メンズキャップ帽子 大きめ 大きい帽子 メンズ帽子 レディース 春 夏 春夏 プレゼント ギフト 母の日 父の日 送料無料","大きいサイズ","A-ブラック","X11","Y11",,"0","246","245","-1",
"2026/09/05 08:03:47","受注取込","7987794","7987794X12Y12","【大きいサイズもあり】キャスハンチング キャップ メンズ レディース CULTURE MART NEK 101294 ★REV 7987794 ハンチング帽子 ハンチング帽 秋冬 帽子 ハンチング キャスケット メンズ帽子 レディース帽子秋冬 秋冬帽子 メンズハンチング おしゃれ カルチャーマート","大きいサイズ","オリーブ(2)","X12","Y12",,"0","20","19","-1",
"2026/09/05 08:10:01","受注取込","7986572","7986572X11Y26","【新型/IQOS イルマ i ワン用】アイコス イルマiワン ILUMA ケース 保護ケース NEK ★REVL 7986572 iqosイルマワン イルマワンカバー 耐衝撃 おしゃれ iqos iluma one 専用 IQOSイルマワン保護ケース レザー ヒョウ柄 ペイズリー 保護カバー アイコスケース アクセサリー 送料無料","イルマiワン","70","X11","Y26",,"0","4","3","-1",
"2026/09/05 08:15:48","受注取込","7986989","7986989X11Y16","【本革/特価/16色展開】本革 ショルダーバッグ ポーチ レディース ミニショルダーバッグ NEK ★REV 7986989 斜めがけ お財布 ショルダー お財布バッグ 送料無料","ONESIZE","ブラック","X11","Y16",,"0","54","53","-1",
"2026/09/05 08:15:48","受注取込","8000345","8000345X11Y13","栃木レザー 長財布 本革 レザー 日本製 メンズ レディース ★REV 8000345 TDSG-1008【P2】 職人技 無地 5色展開 プレゼント ギフト","ONESIZE","ネイビー","X11","Y13",,"0","2","1","-1",
"2026/09/05 08:19:48","受注取込","7987081","7987081X11Y12","【豊富なポケット数】ショルダーバッグ メンズ レディース ミリタリー Military タクティカルバッグ ★REV 7987081 サコッシュ キャンプ アウトドア サバゲー 斜め掛け 鞄 バッグ カバン ipad OK 送料無料","ONESIZE","ブラックカモ","X11","Y12",,"0","4","3","-1",
"2026/09/05 08:20:01","受注取込","7987070","7987070X12Y11","【お得な2枚組】X-LARGE XLARGE エクストララージ ボクサーパンツ メンズ アンダーウェア 下着 NEK ★REVL 7987070 かっこいい ツルツル おすすめ 人気 カモフラ タイダイ 炎 迷彩 カモ柄 ブランド 男性 紳士 プレゼント プチギフト 父の日 誕生日 彼氏 父 息子 ギフト 記念日 大きいサイズ 福袋 送料無料","L","2枚組","X12","Y11",,"0","51","50","-1",
"2026/09/05 08:22:47","受注取込","7986752","7986752X11Y11","収納 サンバイザーホルダー マルチ 車 カーポケット ドライブポケット NEK ★REVL 7986752 おしゃれ サンバイザー ポケット カー用品 収納 カー用品 ペン カードポケット 収納ホルダー サングラスホルダー 車 眼鏡ホルダー カーアクセサリー 送料無料","ONESIZE","ブラック","X11","Y11",,"0","59","58","-1",
"2026/09/05 08:27:49","受注取込","7990759","7990759X11Y11","Nintendo Switch Joy-Con ハンドストラップ 対応 コントローラー グリップ Joy-con用 ジョイコン アームバンド バンド コントロールゲーム 7990759 プレゼント ギフト","ハンドストラップ","ピンク/ブルー","X11","Y11",,"0","6","5","-1",
"2026/09/05 08:32:18","受注取込","7987559","7987559X11Y14","ミニ財布 ミニウォレット 短財布 メンズ レディース ウォレット NEK ★REV 7987559 プレゼント ギフト 父の日 母の日 プチギフト 誕プレ 送料無料","ONESIZE","ブラウン","X11","Y14",,"0","16","15","-1",
"2026/09/05 08:35:17","受注取込","7986662","7986662X11Y11","【溶岩石とオニキスの力】パワーストーン ブレスレット メンズ レディース バングル NEK ★REVL 7986662 スピリチュアル 天然石 エネルギーアクセサリー プレゼント ギフト 送料無料","ONESIZE","ブラック","X11","Y11",,"0","51","50","-1",
"2026/09/05 08:37:39","受注取込","7986509","7986509X11Y11","【使い勝手しやすいベルト】ベルト メンズ レディース 120cm ガチャベルト NEK ★REVL 7986509 フリーサイズ プレゼント 大きいサイズ サバゲー キャンプ アウトドア 登山 作業服 ギフト 送料無料","ONESIZE","ブラック","X11","Y11",,"0","3","2","-1",
"2026/09/05 08:39:47","受注取込","7986778","7986778X11Y11","【高純度テラヘルツ/3通りの使い方可能】 テラヘルツ ネックレス アンクレット ブレスレット NEK ★REV 7986778 メンズ レディース 鏡面多面カット 3.0mm 健康 テラヘルツ波 パワーストーン 天然石 アクセサリー プレゼント ギフト プチギフト 母の日 父の日 送料無料","球型","テラヘルツ","X11","Y11",,"0","13","12","-1",
"2026/09/05 08:39:47","受注取込","7987400","7987400X11Y13","【とにかくデカい！/普通サイズあり！】キャップ メンズ 大きいサイズ 帽子 深め ビッグサイズ ★REVM 7987400 BIG SIZE メンズキャップ帽子 大きめ 大きい帽子 メンズ帽子 レディース 春 夏 春夏 プレゼント ギフト 母の日 父の日 送料無料","大きいサイズ","C-グレー","X11","Y13",,"0","71","70","-1",
"2026/09/05 08:44:48","受注取込","7987327","7987327X11Y12","本革 レザー キャスケット ハンチング 帽子 メンズ ★REV 7987327 キャップ あしたのジョー おしゃれ 皮製 ブラック ダークブラウン キャメル 黒 茶  送料無料","ONESIZE","ダークブラウン","X11","Y12",,"0","49","48","-1",
"2026/09/05 08:50:24","受注取込","7990856","7990856X11Y13","テーラードジャケット メンズ 春 ブレザー ジャケット ポンチ 2ボタン 秋 冬 ライトアウター 大人 カジュアル ゆるカジ コーデ きれいめ ラフ ビジカジ  スーツ メンズファッション ブラック グレー ネイビー 黒 灰 紺 245H70 ","M","ブラック","X11","Y13",,"0","1","0","-1",
"2026/09/05 08:51:33","受注取込","7986757","7986757X11Y11","【置くだけで充電】 ワイヤレス充電器 車載 ホルダー 置き型 Type-C充電 USB-A NEK ★REVL 7986757 最大20W 車載ワイヤレス充電パッド 充電 充電器 車載 スマホ ホルダー スタンド 車 携帯ホルダー 急速充電 サイズ調整可能 滑り止め iphone/Android 1M PD充電 スマホアクセサリー Qi規格 送料無料","ONESIZE","USB-A(1m)","X11","Y11",,"0","29","28","-1",
"2026/09/05 08:52:01","受注取込","7987170","7987170X11Y11","【万能で役立つ！男ツール】 マルチツール ドライバー 多機能 工具 日曜大工 DIY NEK ★REVL 7987170 防災 アウトドア 用品 キャンプ 雑貨 ペンチ のこぎり 缶切り ボトルオープナー ワイヤーカッター 収納ケース付 庭 ガーデニング 多機能ペンチ ギフト プレゼント","ONESIZE","シルバー","X11","Y11",,"0","16","15","-1",
"2026/09/05 08:52:01","受注取込","7986778","7986778X12Y11","【高純度テラヘルツ/3通りの使い方可能】 テラヘルツ ネックレス アンクレット ブレスレット NEK ★REV 7986778 メンズ レディース 鏡面多面カット 3.0mm 健康 テラヘルツ波 パワーストーン 天然石 アクセサリー プレゼント ギフト プチギフト 母の日 父の日 送料無料","多面カット","テラヘルツ","X12","Y11",,"0","10","9","-1",
"2026/09/05 08:52:01","受注取込","7992723","7992723X14Y11","お得！ 送料無料 4枚入り 福袋 Dickies ディッキーズ ボクサーパンツ メンズ かわいい NEK ★REV <br> パンツ ボクサーパンツ セット メンズ下着 メンズボクサーパンツ メンズボクサー 大きいサイズ 大きめ 特大 3L 下着 インナー メンズ usa まとめ買い プレゼント ギフト","3L","福袋4枚セット","X14","Y11",,"0","88","87","-1",
"2026/09/05 08:52:48","受注取込","7988438","7988438X11Y27","【超絶おしゃれ】マスク フリルマスク リボンマスク レディース 抗菌 防臭 UVカット NEK ★REV 7988438 おしゃれ 可愛い 送料無料 エレガント 洗えるマスク 冷感 飛沫防止 マスクカバー 血色マスク","【A】フリル","オリーブ","X11","Y27",,"0","3","2","-1",
"2026/09/05 08:52:48","受注取込","7988438","7988438X11Y11","【超絶おしゃれ】マスク フリルマスク リボンマスク レディース 抗菌 防臭 UVカット NEK ★REV 7988438 おしゃれ 可愛い 送料無料 エレガント 洗えるマスク 冷感 飛沫防止 マスクカバー 血色マスク","【A】フリル","ベージュ","X11","Y11",,"0","373","372","-1",
"2026/09/05 08:54:18","受注取込","7987073","7987073X12Y15","【くすみカラー 超軽量】バケットハット サファリハット メンズ レディース 普通サイズ 大きいサイズ NEK ★REV 7987073 アドベンチャーハット 撥水 速乾 軽量 折り畳める UV カット アウトドア キャンプ 登山 ウォーキング 散歩 日焼け防止 紫外線防止 送料無料","大きいサイズ","オリーブ","X12","Y15",,"0","14","13","-1",
"2026/09/05 08:54:18","受注取込","7987026","7987026X12Y11","【大きいサイズあり】キャップ 11cm つば長 帽子 メンズ レディース ★REV 7987026 深め 深い ゴルフ 無地 日焼け止め UVカット 送料無料","大きいサイズ","ブラック","X12","Y11",,"0","45","44","-1",
"2026/09/05 08:55:47","受注取込","7987660","7987660X11Y11","【家トレ お得な5点セット】腹筋ローラー 腹筋 筋トレ アブローラー ★REV 7987660 プッシュアップバー 縄跳び 腕立て 器具 ハンドグリップ 握力 コロコロ ヨガマット トレーニング 自重トレ 初心者 中級者 上級者 エクササイズ 送料無料","ONESIZE","ブルー×ブラック","X11","Y11",,"0","51","50","-1",
"2026/09/05 08:58:28","受注取込","7988044","7988044X11Y18","ショルダーバッグ メンズ ワンショルダー 斜め掛け ★REV 7988044 おしゃれバッグ Vintage 斜めがけ メンズボディバック かっこいい ボディバッグ レザー ワンショルダーバッグ カバン 鞄 かばん レザー調 メンズバッグ 斜めがけ メンズショルダーバック 散歩 送料無料","ONESIZE","H_ダークブラウン","X11","Y18",,"0","17","16","-1",
"2026/09/05 08:59:48","受注取込","7992723","7992723X11Y11","お得！ 送料無料 4枚入り 福袋 Dickies ディッキーズ ボクサーパンツ メンズ かわいい NEK ★REV <br> パンツ ボクサーパンツ セット メンズ下着 メンズボクサーパンツ メンズボクサー 大きいサイズ 大きめ 特大 3L 下着 インナー メンズ usa まとめ買い プレゼント ギフト","M","福袋4枚セット","X11","Y11",,"0","81","80","-1",
"2026/09/05 09:01:18","受注取込","7997141","7997141X11Y11","特大 スイカ ドーナツ 浮き輪 浮輪 送料無料 プール 大人用 子供用 NEK 7997141 ★REV 120cm 90cm 80cm 70cm 60cm サイズ 大きい 大きめ うきわ ウキワ すいか 海 海水浴 ビックフロート 水上 レジャー かわいい フローティングベッド 西瓜 子供用浮き輪 大人 子供 こども","120cm","スイカ","X11","Y11",,"0","610","609","-1",
"2026/09/05 09:07:31","受注取込","7988381","7988381X11Y11","【圧巻の180色 プロ仕様】油性色鉛筆 色鉛筆 180色 塗り絵 絵具 マンガ 漫画 デッサン スケッチ 学生 美大生 絵画 葉書 7988381 ぬり絵 色鉛筆 セット 画材 美術 アート ポスター 色鉛筆セット 色えんぴつ プレゼント 小学生 中学生 油性 誕生日 ギフト 速攻配達＆送料無料","ONESIZE","180本セット","X11","Y11",,"0","18","17","-1",
"2026/09/05 09:07:31","受注取込","7986747","7986747X11Y11","【日焼けシェード付き】サファリハット シェード メンズ 釣り 帽子 ハット レディース SUNS(サンズ) 撥水 アウトドア 登山 キャンプ バーベキュー NEK ★REVL H-051 送料無料 大きいサイズあり キッズサイズ 子供 UVカット アドベンチャーハット 父の日 プレゼント ユニセックス 春 夏 夏フェス ギフト","普通サイズ","SHADE_BK/BLACK(H_051)","X11","Y11",,"0","54","53","-1",
"2026/09/05 09:13:47","受注取込","7987389","7987389X11Y13","【本革 総革】名刺入れ 名刺ケース 本革 メンズ NEK ★REV 7987389 レディース レザー 本皮 Vintage ヌメ革 プレゼント ギフト 母の日 父の日 送料無料","ONESIZE","ブラック","X11","Y13",,"0","21","20","-1",
"2026/09/05 09:14:48","受注取込","7986572","7986572X11Y31","【新型/IQOS イルマ i ワン用】アイコス イルマiワン ILUMA ケース 保護ケース NEK ★REVL 7986572 iqosイルマワン イルマワンカバー 耐衝撃 おしゃれ iqos iluma one 専用 IQOSイルマワン保護ケース レザー ヒョウ柄 ペイズリー 保護カバー アイコスケース アクセサリー 送料無料","イルマiワン","75","X11","Y31",,"0","12","11","-1",
"2026/09/05 09:14:48","受注取込","7987400","7987400X11Y11","【とにかくデカい！/普通サイズあり！】キャップ メンズ 大きいサイズ 帽子 深め ビッグサイズ ★REVM 7987400 BIG SIZE メンズキャップ帽子 大きめ 大きい帽子 メンズ帽子 レディース 春 夏 春夏 プレゼント ギフト 母の日 父の日 送料無料","大きいサイズ","A-ブラック","X11","Y11",,"0","245","244","-1",
"2026/09/05 09:29:10","受注取込","7988359","7988359X11Y11","キーケース メンズ レディース 本革 レザー スマートキー キーホルダー 鍵 キーチェーン 小銭入れ プレゼント ミニギフト 父の日 母の日 ★REV 7988359","ONESIZE","キャメル","X11","Y11",,"0","3","2","-1",
"2026/09/05 09:31:18","受注取込","7994812","7994812X12Y11","サファリハット メンズ 釣り 帽子 ハット レディース SUNS(サンズ)  撥水 アウトドア 登山 キャンプ バーベキュー NEK ★REV H-051 H-053 送料無料 大きいサイズあり キッズサイズ 子供 UVカット アドベンチャーハット 父の日 プレゼント ユニセックス 春 夏 夏フェス ギフト","大きいサイズ","BK/BLACK(H_051)","X12","Y11",,"0","193","192","-1",
"2026/09/05 09:32:19","受注取込","7988247","7988247X11Y11","【漆黒バックパック】リュックサック メンズ レディース リュック バックパック デイパック ★REV 7988247 バッグ ビジネスリュック パソコンケース 大容量 防災 旅行 通勤 通学 キャンプ 登山 鞄 撥水 軽量","ONESIZE","ブラック","X11","Y11",,"0","1","0","-1",
"2026/09/05 09:32:19","受注取込","7988381","7988381X11Y11","【圧巻の180色 プロ仕様】油性色鉛筆 色鉛筆 180色 塗り絵 絵具 マンガ 漫画 デッサン スケッチ 学生 美大生 絵画 葉書 7988381 ぬり絵 色鉛筆 セット 画材 美術 アート ポスター 色鉛筆セット 色えんぴつ プレゼント 小学生 中学生 油性 誕生日 ギフト 速攻配達＆送料無料","ONESIZE","180本セット","X11","Y11",,"0","17","16","-1",
"2026/09/05 09:40:31","受注取込","7986675","7986675X11Y18","【深め/美シルエット】メッシュキャップ キャップ 帽子 メンズ レディース 野球帽 ★REVL 7986675 A-Frame Trucker アメカジ 刺繍 送料無料","ONESIZE","H","X11","Y18",,"0","4","3","-1",
"2026/09/05 09:41:39","WEB画面","7987626","7987626X11Y11","【お得な5個セット】LEDライト キーホルダー 小型LEDライト NEK ★REV 7987626 キーライト 高輝度 5灯 LR44 ボタン電池 LTG 送料無料","ONESIZE","5本セット","X11","Y11",,"0","477","427","-50","大木 望"
"2026/09/05 09:42:51","受注取込","7987400","7987400X12Y18","【とにかくデカい！/普通サイズあり！】キャップ メンズ 大きいサイズ 帽子 深め ビッグサイズ ★REVM 7987400 BIG SIZE メンズキャップ帽子 大きめ 大きい帽子 メンズ帽子 レディース 春 夏 春夏 プレゼント ギフト 母の日 父の日 送料無料","普通サイズ","H-オリーブ","X12","Y18",,"0","8","6","-2",
"2026/09/05 09:43:00","受注取込","7987400","7987400X11Y11","【とにかくデカい！/普通サイズあり！】キャップ メンズ 大きいサイズ 帽子 深め ビッグサイズ ★REVM 7987400 BIG SIZE メンズキャップ帽子 大きめ 大きい帽子 メンズ帽子 レディース 春 夏 春夏 プレゼント ギフト 母の日 父の日 送料無料","大きいサイズ","A-ブラック","X11","Y11",,"0","244","243","-1",
"2026/09/05 09:43:00","受注取込","7988576","7988576X11Y11","【USBを直挿しで超簡単】パソコン専用イヤホン LTG USB マイク付き zoom 用 イヤホン マイク ステレオイヤホン ノートパソコン ヘッドフォン 高音質で通話可能 音量調整 2.5mの長ケーブル 軽量密閉型ヘッドホン 超重低音 USB接続 2.5m NEK ★REV 7988576 プレゼント ギフト","ONESIZE","ブラック","X11","Y11",,"0","27","26","-1",
"2026/09/05 09:45:48","受注取込","7988215","7988215X16Y15","【とにかくデカい！】 大きいサイズ キャップ メッシュキャップ 送料無料 大きめ ビッグサイズ BIG SIZE ★REV 7988215 <br> 帽子 ハット キャップ ワークキャップ メンズキャップ 大きいサイズ バケット 大きい帽子 メンズ バケハ メンズ帽子 大きい 頭 メッシュ 全39カラー","FF","5","X16","Y15",,"0","157","156","-1",
"2026/09/05 09:49:48","受注取込","7987952","7987952X11Y15","2WAY ボストンバッグ 大容量 メンズ レディース ショルダーバッグ 旅行 ★REV 7987952 アウトドア キャンプ スポーツ ジム ゴルフ 肩掛け シューズ収納 軽量 防水 靴収納 スポーツバッグ ジムバッグ 2wayバック 男 女子 ボストンバック 靴 収納 ボストン メンズ 送料無料","ONESIZE","ブラック","X11","Y15",,"0","54","53","-1",
"2026/09/05 09:50:12","注文者受注キャンセル取込","7986990","7986990X15Y11","WORK TRIBE 安全靴 セーフティーシューズ メンズ シューズ スニーカー Y_YU Y_KO ★REV WT-1000 WT-1010 7986990 ハイカット JIS T8101試験 L種 基準値相当 3E EEE 幅広 ホワイト ブラック 送料無料","27.0cm","WT-1000_BLACK","X15","Y11",,"0","0","1","1",
"2026/09/05 09:51:18","受注取込","7986789","7986789X11Y11","【小さな笛が身を守る/お得な2個セット】キーホルダー 防犯ホイッスル 防災ホイッスル 口笛 防犯グッズ NEK ★REV 7986789 護身用 女性 災害 大音量 ランドセル 子ども 男の子 女の子 大人 小学生 中学生 卒園 入学 キャンプ 登山 アウトドア プレゼント ギフト アクセサリー 送料無料","ONESIZE","ゴールド×シルバー(2個セット)","X11","Y11",,"0","48","46","-2",
"2026/09/05 09:55:18","受注取込","7992723","7992723X14Y11","お得！ 送料無料 4枚入り 福袋 Dickies ディッキーズ ボクサーパンツ メンズ かわいい NEK ★REV <br> パンツ ボクサーパンツ セット メンズ下着 メンズボクサーパンツ メンズボクサー 大きいサイズ 大きめ 特大 3L 下着 インナー メンズ usa まとめ買い プレゼント ギフト","3L","福袋4枚セット","X14","Y11",,"0","87","86","-1",
"2026/09/05 09:56:33","受注取込","7986669","7986669X11Y11","【12mm小粒/おしゃれ】12mm パワーストーン ネックレス チョーカー メンズ レディース NEK ★REVL 7986669 アメジスト タイガーアイ ラピスラズリ 瑪瑙 メノウ オブシディアン ドラゴンアゲート 金運 財運 仕事運 恋愛 結婚 家庭円満 癒し 厄除祈願 天然石 お守り プレゼント おしゃれ アクセサリー 送料無料","ONESIZE","レッドタイガーアイ","X11","Y11",,"0","17","16","-1",
"2026/09/05 09:56:33","受注取込","7986669","7986669X11Y15","【12mm小粒/おしゃれ】12mm パワーストーン ネックレス チョーカー メンズ レディース NEK ★REVL 7986669 アメジスト タイガーアイ ラピスラズリ 瑪瑙 メノウ オブシディアン ドラゴンアゲート 金運 財運 仕事運 恋愛 結婚 家庭円満 癒し 厄除祈願 天然石 お守り プレゼント おしゃれ アクセサリー 送料無料","ONESIZE","ブルータイガーアイ","X11","Y15",,"0","3","2","-1",
"2026/09/05 09:56:33","受注取込","7986669","7986669X11Y13","【12mm小粒/おしゃれ】12mm パワーストーン ネックレス チョーカー メンズ レディース NEK ★REVL 7986669 アメジスト タイガーアイ ラピスラズリ 瑪瑙 メノウ オブシディアン ドラゴンアゲート 金運 財運 仕事運 恋愛 結婚 家庭円満 癒し 厄除祈願 天然石 お守り プレゼント おしゃれ アクセサリー 送料無料","ONESIZE","オブシディアン","X11","Y13",,"0","14","13","-1",
"2026/09/05 09:56:47","受注取込","7986466","7986466X11Y13","【大きいサイズ】 キャップ 帽子 メッシュキャップ ランニングキャップ NEK ★REVL 7986466 メンズ レディース 速乾 軽量 ジョギング アウトドア キャンプ スポーツ 釣り 海 プール 送料無料","ONESIZE","ダークグレー","X11","Y13",,"0","19","18","-1",
"2026/09/05 09:56:47","受注取込","7986572","7986572X11Y31","【新型/IQOS イルマ i ワン用】アイコス イルマiワン ILUMA ケース 保護ケース NEK ★REVL 7986572 iqosイルマワン イルマワンカバー 耐衝撃 おしゃれ iqos iluma one 専用 IQOSイルマワン保護ケース レザー ヒョウ柄 ペイズリー 保護カバー アイコスケース アクセサリー 送料無料","イルマiワン","75","X11","Y31",,"0","11","10","-1",
"2026/09/05 09:56:47","受注取込","7986572","7986572X11Y30","【新型/IQOS イルマ i ワン用】アイコス イルマiワン ILUMA ケース 保護ケース NEK ★REVL 7986572 iqosイルマワン イルマワンカバー 耐衝撃 おしゃれ iqos iluma one 専用 IQOSイルマワン保護ケース レザー ヒョウ柄 ペイズリー 保護カバー アイコスケース アクセサリー 送料無料","イルマiワン","74","X11","Y30",,"0","7","6","-1",
"2026/09/05 09:58:17","受注取込","7986569","7986569X11Y11","【お得な4枚シート/ピンセット付き】シール おしり 立体シール ぷくぷくシール 男の子 女の子 シール帳 3D Puffy Playland Stickers 大人 おもしろ NEK ★REVO 7986569 ミリタリー リアル デコシール 魚 昆虫 水族館 コスメ 可愛いステッカー 福袋 デコ 手帳 知育 送料無料","4枚セット","1.おしりシール4種類","X11","Y11",,"0","600","599","-1",
"2026/09/05 09:58:17","受注取込","7986569","7986569X11Y19","【お得な4枚シート/ピンセット付き】シール おしり 立体シール ぷくぷくシール 男の子 女の子 シール帳 3D Puffy Playland Stickers 大人 おもしろ NEK ★REVO 7986569 ミリタリー リアル デコシール 魚 昆虫 水族館 コスメ 可愛いステッカー 福袋 デコ 手帳 知育 送料無料","4枚セット","9.昆虫シール4種類","X11","Y19",,"0","219","218","-1",
"2026/09/05 09:59:31","受注取込","7986579","7986579X13Y12","Indian Motocycle インディアン スウェット トレーナー メンズ レディース IC-3012 7986579  sweat printed プリント ブランド 送料無料","XL","ASHグレー","X13","Y12",,"0","2","1","-1",
"2026/09/05 10:02:53","WEB画面","9009978","9009978X12Y3","帽子 メンズ AVIREX アビレックス 送料無料 キャップ 父の日 プレゼント 贈り物 ニットキャップ メッシュキャップ 大きいサイズ レディース ディッキーズ ローキャップ ワークキャップ ハット ハンチング おしゃれ ロゴ 刺繍 プリント アメカジ HYPE 通販 yos ギフト","L","-3","X12","Y3",,"0","6","5","-1","星島"
"2026/09/05 10:04:04","受注取込","7987400","7987400X11Y11","【とにかくデカい！/普通サイズあり！】キャップ メンズ 大きいサイズ 帽子 深め ビッグサイズ ★REVM 7987400 BIG SIZE メンズキャップ帽子 大きめ 大きい帽子 メンズ帽子 レディース 春 夏 春夏 プレゼント ギフト 母の日 父の日 送料無料","大きいサイズ","A-ブラック","X11","Y11",,"0","243","242","-1",
"2026/09/05 10:10:50","受注取込","7992723","7992723X12Y11","お得！ 送料無料 4枚入り 福袋 Dickies ディッキーズ ボクサーパンツ メンズ かわいい NEK ★REV <br> パンツ ボクサーパンツ セット メンズ下着 メンズボクサーパンツ メンズボクサー 大きいサイズ 大きめ 特大 3L 下着 インナー メンズ usa まとめ買い プレゼント ギフト","L","福袋4枚セット","X12","Y11",,"0","149","148","-1",
"2026/09/05 10:10:50","受注取込","7988088","7988088X14Y11","安全靴 スニーカー エアウォーク AIR WALK Y_YU AW-920 グリーン フレックスフィット ローカット メンズ セーフティシューズ 樹脂先芯 軽量 衝撃吸収 負担軽減 作業靴 オシャレ  かかとが踏める ムレにくい","26.5cm ","グリーン","X14","Y11",,"0","144","142","-2",
"2026/09/05 10:14:49","受注取込","8001146","8001146X12Y11","【お得な2枚組 ブランド福袋】LATESHOW BOKU HA TANOSII ボクサーパンツ メンズ アンダーウェア 下着 NEK ★REVL 8001146 おしゃれ 柄 メンズ下着 かっこいい ツルツル おすすめ 人気 ブランド 男性 プレゼント 父の日 誕生日 父 ギフト 記念日 大きいサイズ 福袋 送料無料","L","福袋2枚セット","X12","Y11",,"0","85","84","-1",
"2026/09/05 10:14:49","受注取込","7987400","7987400X11Y11","【とにかくデカい！/普通サイズあり！】キャップ メンズ 大きいサイズ 帽子 深め ビッグサイズ ★REVM 7987400 BIG SIZE メンズキャップ帽子 大きめ 大きい帽子 メンズ帽子 レディース 春 夏 春夏 プレゼント ギフト 母の日 父の日 送料無料","大きいサイズ","A-ブラック","X11","Y11",,"0","242","241","-1",
"2026/09/05 10:16:28","受注取込","7987475","7987475X11Y11","【防犯】護身用 タクティカルスティック 防災グッズ 熊対策グッズ クマ対策 タクティカルペン キーホルダー 女性 キーリング NEK ★REVM 7987475 棒 車 ガラス 防災 災害 車内 軽量 不審者 痴漢 痴漢対策 武器 護身グッズ 自己防衛 コンパクト 非常時 バッググリップ","ONESIZE","ブラック","X11","Y11",,"0","61","60","-1",
"2026/09/05 10:17:19","受注取込","7986757","7986757X11Y11","【置くだけで充電】 ワイヤレス充電器 車載 ホルダー 置き型 Type-C充電 USB-A NEK ★REVL 7986757 最大20W 車載ワイヤレス充電パッド 充電 充電器 車載 スマホ ホルダー スタンド 車 携帯ホルダー 急速充電 サイズ調整可能 滑り止め iphone/Android 1M PD充電 スマホアクセサリー Qi規格 送料無料","ONESIZE","USB-A(1m)","X11","Y11",,"0","28","27","-1",
"2026/09/05 10:18:48","受注取込","7988215","7988215X16Y15","【とにかくデカい！】 大きいサイズ キャップ メッシュキャップ 送料無料 大きめ ビッグサイズ BIG SIZE ★REV 7988215 <br> 帽子 ハット キャップ ワークキャップ メンズキャップ 大きいサイズ バケット 大きい帽子 メンズ バケハ メンズ帽子 大きい 頭 メッシュ 全39カラー","FF","5","X16","Y15",,"0","156","155","-1",
"2026/09/05 10:25:47","受注取込","7987697","7987697X11Y11","【速攻配達】冷やスマPRO 盛夏用 スマホ熱中症対策 冷却 クーラー ★REV NEK スマートフォン専用常温保冷剤 熱暴走 結露なし スマホ 冷感 冷却 HIYASUMA","ONESIZE","ホワイト","X11","Y11",,"0","408","407","-1",
"2026/09/05 10:29:47","受注取込","7987400","7987400X11Y16","【とにかくデカい！/普通サイズあり！】キャップ メンズ 大きいサイズ 帽子 深め ビッグサイズ ★REVM 7987400 BIG SIZE メンズキャップ帽子 大きめ 大きい帽子 メンズ帽子 レディース 春 夏 春夏 プレゼント ギフト 母の日 父の日 送料無料","大きいサイズ","F-ブラック","X11","Y16",,"0","144","143","-1",
"2026/09/05 10:29:47","受注取込","7987072","7987072X12Y12","深め 大きいサイズ 普通サイズ 帽子 キャップ メンズ レディース ★REV 7987072 Vintage 無地 シンプル おしゃれ 送料無料","大きいサイズ","レッド","X12","Y12",,"0","7","6","-1",
"2026/09/05 10:29:47","受注取込","7987084","7987084X12Y17","【くすみカラー 10色展開】深め 大きいサイズ 普通サイズ 帽子 キャップ メンズ レディース ★REV 7987084 Vintage 無地 シンプル おしゃれ 送料無料","大きいサイズ","ワイン","X12","Y17",,"0","15","14","-1",
"2026/09/05 10:29:47","受注取込","7987084","7987084X12Y14","【くすみカラー 10色展開】深め 大きいサイズ 普通サイズ 帽子 キャップ メンズ レディース ★REV 7987084 Vintage 無地 シンプル おしゃれ 送料無料","大きいサイズ","ブラウン","X12","Y14",,"0","17","16","-1",
"2026/09/05 10:29:47","受注取込","7987084","7987084X12Y19","【くすみカラー 10色展開】深め 大きいサイズ 普通サイズ 帽子 キャップ メンズ レディース ★REV 7987084 Vintage 無地 シンプル おしゃれ 送料無料","大きいサイズ","キャメル","X12","Y19",,"0","30","29","-1",
"2026/09/05 10:31:30","受注取込","7987345","7987345X22Y14","【とにかくデカい！】 大きいサイズ キャップ 送料無料 大きめ ビッグサイズ ★REV 7987345 BIG SIZE 帽子 ハット キャップ キャスケット メンズキャップ 大きいサイズ バケット 大きい帽子 メンズ メンズ帽子 大きい 頭 メッシュキャップ","LLL","4","X22","Y14",,"0","17","16","-1",
"2026/09/05 10:31:30","受注取込","7987400","7987400X11Y18","【とにかくデカい！/普通サイズあり！】キャップ メンズ 大きいサイズ 帽子 深め ビッグサイズ ★REVM 7987400 BIG SIZE メンズキャップ帽子 大きめ 大きい帽子 メンズ帽子 レディース 春 夏 春夏 プレゼント ギフト 母の日 父の日 送料無料","大きいサイズ","H-オリーブ","X11","Y18",,"0","48","47","-1",
"2026/09/05 10:31:30","受注取込","7987400","7987400X11Y14","【とにかくデカい！/普通サイズあり！】キャップ メンズ 大きいサイズ 帽子 深め ビッグサイズ ★REVM 7987400 BIG SIZE メンズキャップ帽子 大きめ 大きい帽子 メンズ帽子 レディース 春 夏 春夏 プレゼント ギフト 母の日 父の日 送料無料","大きいサイズ","D-ネイビー","X11","Y14",,"0","61","60","-1",
"2026/09/05 10:31:30","受注取込","7988640","7988640X11Y15","【本革製でこの価格！大容量】本革 牛革 トートバッグ レディース メンズ トート バッグ 手提げバッグ ビジネス 通勤 送料無料 速攻配達 ★REV 7988640 プレゼント ギフト","ONESIZE","ブラック","X11","Y15",,"0","6","5","-1",
"2026/09/05 10:32:02","受注取込","7986850","7986850X11Y11","【耐滑底/おしゃれ】安全靴 スニーカー エアウォーク ミッドカット AIR WALK AW-940 AW-950 Y_YU ★REV 7986850 メンズ おしゃれ 耐滑底 樹脂先芯 ストレッチロック セーフティシューズ 作業靴 送料無料","25.0cm","AW-940_オレンジ","X11","Y11",,"0","4","3","-1",
"2026/09/05 10:38:48","受注取込","7988071","7988071X14Y26","【内ボア防寒性◎】 シャツジャケット ボアジャケット ネルシャツ メンズ レディース ★REV 7988071 シャツ カジュアルシャツ 長袖 ボア ジャケット 長袖シャツ 秋冬 チェック柄 チェック 起毛 アメカジ 裏ボア ジャケットメンズ Vintage 厚手 着る毛布 暖かい 防寒 送料無料","L","P-ミックスチェック","X14","Y26",,"0","6","5","-1",
"2026/09/05 10:38:48","受注取込","7988071","7988071X14Y15","【内ボア防寒性◎】 シャツジャケット ボアジャケット ネルシャツ メンズ レディース ★REV 7988071 シャツ カジュアルシャツ 長袖 ボア ジャケット 長袖シャツ 秋冬 チェック柄 チェック 起毛 アメカジ 裏ボア ジャケットメンズ Vintage 厚手 着る毛布 暖かい 防寒 送料無料","L","E_ネイビー","X14","Y15",,"0","12","11","-1",
"2026/09/05 10:38:48","受注取込","7988071","7988071X14Y20","【内ボア防寒性◎】 シャツジャケット ボアジャケット ネルシャツ メンズ レディース ★REV 7988071 シャツ カジュアルシャツ 長袖 ボア ジャケット 長袖シャツ 秋冬 チェック柄 チェック 起毛 アメカジ 裏ボア ジャケットメンズ Vintage 厚手 着る毛布 暖かい 防寒 送料無料","L","J_ネイビー×レッド","X14","Y20",,"0","8","7","-1",
"2026/09/05 10:40:22","受注取込","7987143","7987143X12Y13","【安全な犬の散歩】犬 リード 5m LED照明 伸縮リード ライト付 リード カジュアル ★REVL 7987143 大小中型犬 訓練 トレーニング 犬のリード ペット 散歩 犬用 カジュアル 迷子防止 かわいい 犬 大型犬 ストラップ ロングリード ドッグリード 自動巻き 散歩用ライト付 衝撃吸収 360°フリー伸縮 ワンタッチ格納 送料無料","【大型犬】","レッド","X12","Y13",,"0","12","11","-1",
"2026/09/05 10:43:31","受注取込","7998075","7998075X12Y12","他店圧倒価格♪最安値に挑戦！ 1点までメール便送料無料 ワッチキャップ ニット帽子 ニットキャップ 7998075 【MB】【ALI】■05161126【wow未販売】 sg追加200125 sg追加200125","大きいサイズ(～65cm)","グレー杢","X12","Y12",,"0","25","24","-1",
"2026/09/05 10:43:31","受注取込","7998075","7998075X12Y11","他店圧倒価格♪最安値に挑戦！ 1点までメール便送料無料 ワッチキャップ ニット帽子 ニットキャップ 7998075 【MB】【ALI】■05161126【wow未販売】 sg追加200125 sg追加200125","大きいサイズ(～65cm)","ブラック杢","X12","Y11",,"0","221","220","-1",
"2026/09/05 10:45:18","受注取込","7987062","7987062X14Y17","【直射日光をはね返す】コカゲル サファリハット 洗濯機洗いOK 体感マイナス10℃ アドベンチャー NEK CC2R501 ★REV 7987062 ブッシュハット UV アウトドア SEK サイズ調整 大きいサイズ ユニセックス アウトドア 夏 対策 熱中症 木陰 日よけ 日焼け 送料無料","3XL(63.5～65.0)","グレージュ","X14","Y17",,"0","61","60","-1",
"2026/09/05 10:45:53","WEB画面","8000345","8000345X11Y12","栃木レザー 長財布 本革 レザー 日本製 メンズ レディース ★REV 8000345 TDSG-1008【P2】 職人技 無地 5色展開 プレゼント ギフト","ONESIZE","ダークブラウン","X11","Y12",,"0","1","0","-1","塩谷 満里子"
"2026/09/05 10:46:47","受注取込","7987678","7987678X12Y14","【洗濯可能】トレーニンググローブ 手袋 筋トレ 筋トレグローブ メンズ レディース 指無し NEK ★REV 7987678 ウェイトリフティング 防滑 クッション性 伸びる 洗濯OK バーベル サイクリング ヨガ グリップ","M","B-ブラック","X12","Y14",,"0","46","45","-1",
"2026/09/05 10:46:47","受注取込","7986798","7986798X11Y12","【抜け感キャスケット】キャスケット  キャスハンチング キャップ メンズ レディース NEK ★REV 7986798 ハンチング帽子 タクシーハット ニュースボーイキャップ ニュースボーイハット おしゃれ 送料無料","ONESIZE","ブラック","X11","Y12",,"0","69","68","-1",
"2026/09/05 10:46:47","受注取込","7987149","7987149X11Y11","【便利グッズ】キークリップ キーフック お得 6個セット 紛失防止 収納 ★REV NEK 7987149 キーホルダー 鍵 カギ バッグ 鞄 かばん 財布 小物 ポケット 帽子フック","ONESIZE","6色セット","X11","Y11",,"0","155","154","-1",
"2026/09/05 10:48:04","WEB画面","8000345","8000345X11Y12","栃木レザー 長財布 本革 レザー 日本製 メンズ レディース ★REV 8000345 TDSG-1008【P2】 職人技 無地 5色展開 プレゼント ギフト","ONESIZE","ダークブラウン","X11","Y12",,"0","0","1","1","塩谷 満里子"
"2026/09/05 10:56:23","受注取込","7986850","7986850X15Y11","【耐滑底/おしゃれ】安全靴 スニーカー エアウォーク ミッドカット AIR WALK AW-940 AW-950 Y_YU ★REV 7986850 メンズ おしゃれ 耐滑底 樹脂先芯 ストレッチロック セーフティシューズ 作業靴 送料無料","27.0cm","AW-940_オレンジ","X15","Y11",,"0","6","5","-1",
"2026/09/05 10:56:48","受注取込","7988124","7988124X11Y11","大きいサイズ キャップ 帽子 メンズ フルキャップ ベースボールキャップ コットンキャップ 野球帽 ワンポイント ★REV 7988124 イーグル 鷲 刺繍 ミリタリー BIGSIZE キングサイズ 送料無料","ONESIZE","ブラック","X11","Y11",,"0","9","8","-1",
"2026/09/05 10:56:48","受注取込","7990254","7990254X11Y11","【送料無料 速攻配達】AVIREX ニットキャップ ニット帽 帽子 メンズ レディース スウェットキャップ  NEK ★REV 14649300 ルーズ キャップ ブランド アビレックス リバーシブル AX REVERSIBLE SWEAT CAP 送料無料 プレゼント ギフト","ONESIZE","カーキ(35)","X11","Y11",,"0","252","251","-1",
"2026/09/05 10:56:48","受注取込","7990254","7990254X11Y12","【送料無料 速攻配達】AVIREX ニットキャップ ニット帽 帽子 メンズ レディース スウェットキャップ  NEK ★REV 14649300 ルーズ キャップ ブランド アビレックス リバーシブル AX REVERSIBLE SWEAT CAP 送料無料 プレゼント ギフト","ONESIZE","ブラック(80)","X11","Y12",,"0","360","359","-1",
"2026/09/05 10:57:30","受注取込","7987400","7987400X11Y11","【とにかくデカい！/普通サイズあり！】キャップ メンズ 大きいサイズ 帽子 深め ビッグサイズ ★REVM 7987400 BIG SIZE メンズキャップ帽子 大きめ 大きい帽子 メンズ帽子 レディース 春 夏 春夏 プレゼント ギフト 母の日 父の日 送料無料","大きいサイズ","A-ブラック","X11","Y11",,"0","241","240","-1",
"2026/09/05 11:00:49","受注取込","7987559","7987559X11Y12","ミニ財布 ミニウォレット 短財布 メンズ レディース ウォレット NEK ★REV 7987559 プレゼント ギフト 父の日 母の日 プチギフト 誕プレ 送料無料","ONESIZE","ブラック","X11","Y12",,"0","24","23","-1",
"2026/09/05 11:02:17","受注取込","8004501","8004501X1Y1","本革レザーベルト メンズ 大きいサイズあり 日本製 栃木レザー TDBT_1003 無地 キャメル ブラック ブラウン ブルー レッド【長さ調整可能】【栃木レザーベルト】【オイルレザー】【あす楽対応】【ハンドメイド】 全5色 プレゼント ギフト","Camel","普通サイズ","X1","Y1",,"0","2","1","-1",
"2026/09/05 11:06:18","受注取込","7997141","7997141X11Y11","特大 スイカ ドーナツ 浮き輪 浮輪 送料無料 プール 大人用 子供用 NEK 7997141 ★REV 120cm 90cm 80cm 70cm 60cm サイズ 大きい 大きめ うきわ ウキワ すいか 海 海水浴 ビックフロート 水上 レジャー かわいい フローティングベッド 西瓜 子供用浮き輪 大人 子供 こども","120cm","スイカ","X11","Y11",,"0","609","608","-1",
"2026/09/05 11:08:46","受注取込","7986462","7986462X11Y13","【デカい深い】キャップ メンズ レディース 大きいサイズ 深め 帽子 ★REVL 7986462  コットン100% 59cm?65cm ビッグサイズ ロングバイザー 8cm 深い ベースボールキャップ サイズ調整 おしゃれ 春 夏 秋 冬 男女兼用 ブラック ネイビー チャコール アイボリー 黒 送料無料","ONESIZE","チャコール","X11","Y13",,"0","8","7","-1",
"2026/09/05 11:09:59","WEB画面","7987327","7987327X11Y11","本革 レザー キャスケット ハンチング 帽子 メンズ ★REV 7987327 キャップ あしたのジョー おしゃれ 皮製 ブラック ダークブラウン キャメル 黒 茶  送料無料","ONESIZE","ブラック","X11","Y11",,"0","59","58","-1","立花"
"2026/09/05 11:09:59","WEB画面","7987327","7987327X11Y12","本革 レザー キャスケット ハンチング 帽子 メンズ ★REV 7987327 キャップ あしたのジョー おしゃれ 皮製 ブラック ダークブラウン キャメル 黒 茶  送料無料","ONESIZE","ダークブラウン","X11","Y12",,"0","48","49","1","立花"
"2026/09/05 11:13:28","受注取込","7987891","7987891X11Y14","【ヤシの木】麦わら帽子 メンズ レディース ストローハット 中折れハット ★REV 7987891 帽子 麦わらハット 夏 ペーパー ハット おしゃれ プレゼント プチギフト","ONESIZE","ベージュ","X11","Y14",,"0","7","6","-1",
"2026/09/05 11:16:17","受注取込","7987686","7987686X11Y13","【長沢ベルト工業】日本製 ベルト メンズ レディース 本革 本皮 イタリアンレザー 3.0cm幅 30mm ★REV Y_KO NKB-002 ビジネスベルト カジュアルベルト 長沢ベルト工業 ブランド プレゼント ギフト クリスマス 父の日 送料無料","ONESIZE","ブラウン","X11","Y13",,"0","20","19","-1",
"2026/09/05 11:16:42","受注取込","7987802","7987802X14Y13","健康サンダル 足つぼ スリッパ 健康 サンダル 健康スリッパ 天然石 パワーストーン レディース メンズ オフィス ★REV 7987802 リラックス ストーン 足裏 足うら 刺激 ツボ押し つぼ押し 超強力 マッサージ 室内 屋外 野外 リフレクソロジー 足ツボサンダル 石 岩 送料無料","41-42(25.5～26.0cm)","シャンパンゴールド","X14","Y13",,"0","46","45","-1",
"2026/09/05 11:18:30","受注取込","7987970","7987970X14Y11","【速攻配達 総柄 ゴージャス】犬服 ドッグウェア 犬 服 シャツ ベスト デニム NEK ★REVG 7987970 春 夏 秋 総柄 小型犬 中型犬 男の子 女の子 おしゃれ インスタ映え 送料無料","XL","デニム","X14","Y11",,"0","11","10","-1",
"2026/09/05 11:18:30","受注取込","8003102","8003102X17Y12","やみつきになる！ ストレッチ AVIREX アビレックス Tシャツ メンズ ★REV NEK 6143501 6143502 Vネック クルーネック 半袖 プレゼント ギフト","クルーネック_ブラック_009","Mサイズ","X17","Y12",,"0","4","3","-1",
"2026/09/05 11:18:48","受注取込","7987892","7987892X12Y22","【深めのシルエット】メッシュキャップ キャップ 帽子 メンズ レディース 大きいサイズ 普通サイズ ★REV 7987892","大きいサイズ","L","X12","Y22",,"0","12","11","-1",
"2026/09/05 11:19:12","WEB画面","7988124","7988124X11Y13","大きいサイズ キャップ 帽子 メンズ フルキャップ ベースボールキャップ コットンキャップ 野球帽 ワンポイント ★REV 7988124 イーグル 鷲 刺繍 ミリタリー BIGSIZE キングサイズ 送料無料","ONESIZE","グレー","X11","Y13",,"0","38","37","-1","立花"
"2026/09/05 11:20:21","受注取込","7988215","7988215X14Y12","【とにかくデカい！】 大きいサイズ キャップ メッシュキャップ 送料無料 大きめ ビッグサイズ BIG SIZE ★REV 7988215 <br> 帽子 ハット キャップ ワークキャップ メンズキャップ 大きいサイズ バケット 大きい帽子 メンズ バケハ メンズ帽子 大きい 頭 メッシュ 全39カラー","DD","2","X14","Y12",,"0","29","28","-1",
"2026/09/05 11:21:47","受注取込","7987560","7987560X11Y12","【機能的】長財布 財布 メンズ レディース ウォレット スマホケース クラッチバッグ NEK ★REV 7987560 プレゼント ギフト 母の日 父の日 プチギフト 誕プレ 送料無料","ワンサイズ","ブラウン","X11","Y12",,"0","34","33","-1",
"2026/09/05 11:21:47","受注取込","7987389","7987389X11Y13","【本革 総革】名刺入れ 名刺ケース 本革 メンズ NEK ★REV 7987389 レディース レザー 本皮 Vintage ヌメ革 プレゼント ギフト 母の日 父の日 送料無料","ONESIZE","ブラック","X11","Y13",,"0","20","19","-1",
"2026/09/05 11:21:47","受注取込","7986568","7986568X11Y11","【豪華5点セット】ワインオープナー VinoArte コルク抜き オープナー ワイン ★REVL 7986568 ボトルオープナー 栓抜き おしゃれ コルク抜き 栓抜き おしゃれ 栓抜き オープナーワイン ワインオープナー 簡単 初心者向け プレゼント ギフト 送料無料","ONESIZE","ブラック","X11","Y11",,"0","28","27","-1",
"2026/09/05 11:23:17","受注取込","7994226","7994226X12Y12","【大きいサイズもあり 限定モデル】AVIREX メッシュキャップ メンズ 帽子 メンズ キャップ メンズ 14023200 14670200 レディース ★REV 父の日 贈り物 プレゼント ブランド アビレックス 送料無料 正規品 ブラック 黒 ネイビー 紺 グレー 灰 yos プレゼント ギフト","大きいサイズ_14670200","80_ブラック","X12","Y12",,"0","3","2","-1",
"2026/09/05 11:28:48","受注取込","7993077","7993077X11Y13","栃木レザー 短財布 財布 メンズ レディース 本革 レザー 日本製  送料無料 職人技 無地 6色展開 ヌメ革 総革 フルベジタブルタンニング TDSG-1019 190320","ONESIZE","BROWN","X11","Y13",,"0","1","0","-1",
"2026/09/05 11:30:30","受注取込","7996231","7996231X2Y1","本革 レザー 中折れハット ハット 帽子 メンズ 大きいサイズあり 7996231 ブラック/黒 新品 プレゼント ギフト","BIGサイズ","ブラック","X2","Y1",,"0","16","15","-1",
"2026/09/05 11:36:17","受注取込","7990254","7990254X11Y12","【送料無料 速攻配達】AVIREX ニットキャップ ニット帽 帽子 メンズ レディース スウェットキャップ  NEK ★REV 14649300 ルーズ キャップ ブランド アビレックス リバーシブル AX REVERSIBLE SWEAT CAP 送料無料 プレゼント ギフト","ONESIZE","ブラック(80)","X11","Y12",,"0","359","358","-1",
"2026/09/05 11:37:01","受注取込","7987093","7987093X11Y11","【新型iphone/IQOS対応】急速5A 3股 Type-C 充電ケーブル スマホケーブル 1.2m 2m 3m typec NEK ★REVL 7987093 新型iphone IQOS対応 USB A→Type-C×3 充電ケーブル 3in1 急速 送料無料","1.2m","ブラック_TypeA/TypeC×3","X11","Y11",,"0","5","4","-1",
"2026/09/05 11:40:46","受注取込","7987061","7987061X11Y11","【お得な2組セット】アームカバー メンズ レディース 2組セット 冷感 NEK ★REV 7987061 ひんやり スポーツ 紫外線カット UVカット 男用 仕事 外 夏 運動 ゴルフ サイクリング 通気性 速乾性 接触冷感 UPF50+ 日焼け防止 送料無料","ONESIZE","ブラック","X11","Y11",,"0","311","310","-1",
"2026/09/05 11:40:46","受注取込","7987760","7987760X11Y11","【なんと16色変化】LED ライト テーブルライト 充電式 インテリアライト 電球 ★REV 7987760 クリスタル ダイヤモンド クリスタルランプ 間接照明 テーブルランプ デスク タッチ Type-c USB デスクライト おしゃれ リビング 寝室 フロアライト ムードランプ LTG 送料無料","ONESIZE","クリア","X11","Y11",,"0","26","25","-1",
"2026/09/05 11:41:47","受注取込","7987006","7987006X11Y12","【くすみカラー】サファリハット ハット アドベンチャーハット レディース メンズ NEK ★REV 7987006 アウトドア キャンプ 釣り 日焼け止め 速乾 通気性 日よけ 送料無料","ONESIZE","ネイビー","X11","Y12",,"0","3","2","-1",
"2026/09/05 11:42:01","受注取込","7987757","7987757X11Y14","【カーボンスタイル 大きいサイズ】メッシュキャップ キャップ 帽子 蒸れない ★REV 7987757 大きいサイズ カーボン調 プレゼント ギフト 送料無料","ONESIZE","チャコール","X11","Y14",,"0","16","15","-1",
"2026/09/05 11:42:48","受注取込","7987475","7987475X11Y17","【防犯】護身用 タクティカルスティック 防災グッズ 熊対策グッズ クマ対策 タクティカルペン キーホルダー 女性 キーリング NEK ★REVM 7987475 棒 車 ガラス 防災 災害 車内 軽量 不審者 痴漢 痴漢対策 武器 護身グッズ 自己防衛 コンパクト 非常時 バッググリップ","ONESIZE","ネイビー","X11","Y17",,"0","42","41","-1",
"2026/09/05 11:44:17","受注取込","7994812","7994812X11Y13","サファリハット メンズ 釣り 帽子 ハット レディース SUNS(サンズ)  撥水 アウトドア 登山 キャンプ バーベキュー NEK ★REV H-051 H-053 送料無料 大きいサイズあり キッズサイズ 子供 UVカット アドベンチャーハット 父の日 プレゼント ユニセックス 春 夏 夏フェス ギフト","普通サイズ","NAVY(H_051)","X11","Y13",,"0","25","24","-1",
"2026/09/05 11:45:01","受注取込","7994702","7994702X11Y11","経年変化を楽しむ！日本製 本革 レザー 130cm 長め ベルト 7994702 メンズ レディース ヌメ革 総革 Artisan aging 送料無料 ナチュラル ギフトBOX付き プレゼント 180618 プレゼント ギフト","ONESIZE","ナチュラル","X11","Y11",,"0","54","53","-1",
"2026/09/05 11:49:48","受注取込","7986519","7986519X11Y11","【ごっそり鼻毛処理！お得な10本セット】鼻毛カッター 鼻毛トリマー  耳かき NEK ★REVL 7986519 男性用 女性用 送料無料","ONESIZE","アイボリー","X11","Y11",,"0","78","77","-1",
"2026/09/05 11:50:30","受注取込","7987074","7987074X12Y11","【くすみカラー 超軽量】サファリハット バケットハット メンズ レディース 普通サイズ 大きいサイズ アドベンチャーハット NEK ★REV 7987074 撥水 速乾 軽量 折り畳める UV カット アウトドア キャンプ 登山 ウォーキング 散歩 日焼け防止 紫外線防止 送料無料","大きいサイズ","ブラック","X12","Y11",,"0","25","24","-1",
"2026/09/05 11:56:29","受注取込","7992723","7992723X11Y11","お得！ 送料無料 4枚入り 福袋 Dickies ディッキーズ ボクサーパンツ メンズ かわいい NEK ★REV <br> パンツ ボクサーパンツ セット メンズ下着 メンズボクサーパンツ メンズボクサー 大きいサイズ 大きめ 特大 3L 下着 インナー メンズ usa まとめ買い プレゼント ギフト","M","福袋4枚セット","X11","Y11",,"0","80","79","-1",
"2026/09/05 11:56:29","受注取込","7987070","7987070X11Y11","【お得な2枚組】X-LARGE XLARGE エクストララージ ボクサーパンツ メンズ アンダーウェア 下着 NEK ★REVL 7987070 かっこいい ツルツル おすすめ 人気 カモフラ タイダイ 炎 迷彩 カモ柄 ブランド 男性 紳士 プレゼント プチギフト 父の日 誕生日 彼氏 父 息子 ギフト 記念日 大きいサイズ 福袋 送料無料","M","2枚組","X11","Y11",,"0","59","58","-1",
"2026/09/05 11:56:31","受注取込","7987716","7987716X11Y13","【日本製 姫路レザー】日本製 ベルト メンズ レディース 本革 本皮 ブライドルレザー Y_KO HBTH005 4.0cm幅 40mm 一枚革 ヌメ革 姫路レザー ビジネス カジュアル 送料無料","ONESIZE","ヌメ","X11","Y13",,"0","17","16","-1",
"2026/09/05 12:00:00","受注取込","7986986","7986986X11Y11","【UVカット・撥水】バケットハット ハット 帽子 メンズ レディース UVカット 撥水 NEK ★REV 7986986 バイカラー 軽量 通気性 おしゃれ 送料無料","ONESIZE","ネイビー","X11","Y11",,"0","5","4","-1",
"2026/09/05 12:00:06","受注取込","7986572","7986572X11Y35","【新型/IQOS イルマ i ワン用】アイコス イルマiワン ILUMA ケース 保護ケース NEK ★REVL 7986572 iqosイルマワン イルマワンカバー 耐衝撃 おしゃれ iqos iluma one 専用 IQOSイルマワン保護ケース レザー ヒョウ柄 ペイズリー 保護カバー アイコスケース アクセサリー 送料無料","イルマiワン","79","X11","Y35",,"0","21","20","-1",
"2026/09/05 12:01:03","WEB画面","7988060","7988060X11Y12","AVIREX アビレックス キャップ ニット帽 帽子 大きい 大きめ 大きいサイズ ★REV 14986700 ニット素材 メンズ レディース アヴィレックス ブランド プレゼント ギフト ミリタリー アメカジ ストリート アウトドア 送料無料","ONESIZE","グレー(85)","X11","Y12",,"0","125","75","-50","大木 望"
"2026/09/05 12:02:17","受注取込","7986532","7986532X11Y15","【新型/IQOS イルマ i ワン用】アイコス イルマiワン ILUMA ケース 保護ケース NEK ★REVL 7986532 iqosイルマワン イルマワンカバー 耐衝撃 おしゃれ iqos iluma one 専用 IQOSイルマワン保護ケース レザー 保護カバー アイコスケース アクセサリー 送料無料","ONESIZE","ネイビー","X11","Y15",,"0","21","20","-1",
"2026/09/05 12:05:01","受注取込","7986779","7986779X12Y11","【高純度テラヘルツ/鏡面多面カット】 テラヘルツ アンクレット ブレスレット メンズ レディース NEK ★REV 7986779 4.0mm 健康 テラヘルツ波 パワーストーン 天然石 アクセサリー プレゼント ギフト プチギフト 母の日 父の日 送料無料","アンクレット","テラヘルツ","X12","Y11",,"0","34","33","-1",
"2026/09/05 12:09:49","WEB画面","7986564","7986564X11Y16","【当店限定/大きいサイズ】BlackRebel 帽子 キャップ メンズ レディース 大きいサイズ ★REVL 7986564 深め Vintage クラッシュ 加工 こなれ感 おしゃれ 送料無料","ONESIZE","ワイン","X11","Y16",,"0","53","33","-20","大木 望"
"2026/09/05 12:10:07","受注取込","7986539","7986539X11Y14","【小顔見せ】ハンチング キャスケット キャスハンチング キャップ メンズ レディース NEK ★REVO 7986539 ハンチング帽子 タクシーハット ニュースボーイキャップ ニュースボーイハット おしゃれ 送料無料","ONESIZE","D.オフホワイト","X11","Y14",,"0","6","5","-1",
"2026/09/05 12:13:48","受注取込","7987829","7987829X11Y11","【ハーモニカ吹けますw】ネックレス メンズ レディース アクセサリー ハーモニカ NEK ★REV 7987829 Vintage チョーカー レディース おしゃれ かっこいい ペンダント シルバー ミニサイズ 送料無料","ONESIZE","シルバー","X11","Y11",,"0","14","13","-1",
"2026/09/05 12:14:01","受注取込","7987400","7987400X11Y11","【とにかくデカい！/普通サイズあり！】キャップ メンズ 大きいサイズ 帽子 深め ビッグサイズ ★REVM 7987400 BIG SIZE メンズキャップ帽子 大きめ 大きい帽子 メンズ帽子 レディース 春 夏 春夏 プレゼント ギフト 母の日 父の日 送料無料","大きいサイズ","A-ブラック","X11","Y11",,"0","240","239","-1",
"2026/09/05 12:17:14","WEB画面","7986691","7986691X11Y12","【電池付き】掛け時計 ウォールクロック 壁掛け時計 北欧 シンプル アンティーク レトロ ★REVL 7986691 置時計 PUレザー モダンインテリア 送料無料","ONESIZE","ブラウン","X11","Y12",,"0","2","0","-2","大木 望"
"2026/09/05 12:20:47","受注取込","7987078","7987078X11Y11","【3個の福袋！即出荷】ビーチボール 水遊び ビーチバレー 浮き輪 フロート NEK ★REV 7987078 サッカーボール 30cm アウトドア キャンプ 海 プール 川 リゾート 送料無料","ONESIZE","3個セット","X11","Y11",,"0","23","22","-1",
"2026/09/05 12:21:11","WEB画面","7988097","7988097X16Y11","【羊ムートン付】 防寒ブーツ スノーブーツ ウインターブーツ ブーツ ★REV 7988097 <br> 冬 ムートンブーツ メンズ ムートン メンズブーツ 防寒靴 メンズ冬靴 サイドジップ 靴 シューズ 防滑 撥水 アウトドア キャンプ スノボ 登山 プレゼント ギフト 送料無料","27.5cm","ブラック","X16","Y11",,"0","6","3","-3","大木 望"
"2026/09/05 12:21:47","受注取込","7987400","7987400X11Y14","【とにかくデカい！/普通サイズあり！】キャップ メンズ 大きいサイズ 帽子 深め ビッグサイズ ★REVM 7987400 BIG SIZE メンズキャップ帽子 大きめ 大きい帽子 メンズ帽子 レディース 春 夏 春夏 プレゼント ギフト 母の日 父の日 送料無料","大きいサイズ","D-ネイビー","X11","Y14",,"0","60","59","-1",
"2026/09/05 12:22:09","WEB画面","7987344","7987344X11Y11","【4個入でお得】カラビナ パラコード キーホルダー キーチェーン 4本セット NEK ★REV 7987344 帽子フック おしゃれ キーリング アウトドア リュック バッグ キャンプ 非常用 災害 ロープ 紐 便利 代用 防災 丈夫 コンパクト 軽量 プレゼント ギフト 送料無料","ONESIZE","4色セット","X11","Y11",,"0","45","30","-15","大木 望"
"2026/09/05 12:22:31","受注取込","7988215","7988215X14Y11","【とにかくデカい！】 大きいサイズ キャップ メッシュキャップ 送料無料 大きめ ビッグサイズ BIG SIZE ★REV 7988215 <br> 帽子 ハット キャップ ワークキャップ メンズキャップ 大きいサイズ バケット 大きい帽子 メンズ バケハ メンズ帽子 大きい 頭 メッシュ 全39カラー","DD","1","X14","Y11",,"0","44","43","-1",
"2026/09/05 12:25:03","受注取込","7987327","7987327X11Y11","本革 レザー キャスケット ハンチング 帽子 メンズ ★REV 7987327 キャップ あしたのジョー おしゃれ 皮製 ブラック ダークブラウン キャメル 黒 茶  送料無料","ONESIZE","ブラック","X11","Y11",,"0","58","57","-1",
"2026/09/05 12:25:47","受注取込","7987873","7987873X11Y12","【深く大きいサイズ】メッシュキャップ メンズ 帽子 刺繍 キャップ NEW YORK 1985 FORCE ★REV 7987873 おしゃれ 黒 ブラック 父の日 プレゼント ギフト 送料無料","ONESIZE","ブラック×レッド","X11","Y12",,"0","25","24","-1",
"2026/09/05 12:26:49","WEB画面","7986849","7986849X11Y11","【ゴージャスに遊ぶ】トランプ プラスチック 54枚 撥水 NEK ★REV 7986849 ブラック ゴールド シルバー ピンクゴールド カードゲーム マジックトランプ パーティーグッズ プレゼント ギフト ポーカー ブラックジャック 手品 送料無料","ONESIZE","A","X11","Y11",,"0","31","21","-10","大木 望"
"2026/09/05 12:29:54","WEB画面","7998075","7998075X11Y11","他店圧倒価格♪最安値に挑戦！ 1点までメール便送料無料 ワッチキャップ ニット帽子 ニットキャップ 7998075 【MB】【ALI】■05161126【wow未販売】 sg追加200125 sg追加200125","普通サイズ(～60cm)","ブラック杢","X11","Y11",,"0","61","56","-5","大木 望"
"2026/09/05 12:29:54","WEB画面","7998075","7998075X12Y11","他店圧倒価格♪最安値に挑戦！ 1点までメール便送料無料 ワッチキャップ ニット帽子 ニットキャップ 7998075 【MB】【ALI】■05161126【wow未販売】 sg追加200125 sg追加200125","大きいサイズ(～65cm)","ブラック杢","X12","Y11",,"0","220","210","-10","大木 望"
"2026/09/05 12:29:54","WEB画面","7998075","7998075X12Y13","他店圧倒価格♪最安値に挑戦！ 1点までメール便送料無料 ワッチキャップ ニット帽子 ニットキャップ 7998075 【MB】【ALI】■05161126【wow未販売】 sg追加200125 sg追加200125","大きいサイズ(～65cm)","ブラウン杢","X12","Y13",,"0","75","72","-3","大木 望"
"2026/09/05 12:29:54","WEB画面","7998075","7998075X12Y15","他店圧倒価格♪最安値に挑戦！ 1点までメール便送料無料 ワッチキャップ ニット帽子 ニットキャップ 7998075 【MB】【ALI】■05161126【wow未販売】 sg追加200125 sg追加200125","大きいサイズ(～65cm)","チャコール","X12","Y15",,"0","83","80","-3","大木 望"
"2026/09/05 12:31:31","受注取込","7987794","7987794X12Y13","【大きいサイズもあり】キャスハンチング キャップ メンズ レディース CULTURE MART NEK 101294 ★REV 7987794 ハンチング帽子 ハンチング帽 秋冬 帽子 ハンチング キャスケット メンズ帽子 レディース帽子秋冬 秋冬帽子 メンズハンチング おしゃれ カルチャーマート","大きいサイズ","ブラック(3)","X12","Y13",,"0","22","21","-1",
"2026/09/05 12:32:40","WEB画面","7996231","7996231X2Y1","本革 レザー 中折れハット ハット 帽子 メンズ 大きいサイズあり 7996231 ブラック/黒 新品 プレゼント ギフト","BIGサイズ","ブラック","X2","Y1",,"0","15","16","1","立花"
"2026/09/05 12:34:06","WEB画面","7992540","7992540X11Y20","AVIREX ワークキャップ メンズ 大きいサイズ 大きめ キャップ ブランド 帽子 アメカジ アビレックス 春 夏 秋 冬 綿100％ ★REV 18490000 14787700 80264100 7992540 ネイビー/ベージュ/ブラック/カーキ プレゼント ギフト","ONESIZE","【J】MA-1 ブラック","X11","Y20",,"0","43","33","-10","大木 望"
"2026/09/05 12:35:52","WEB画面","7987560","7987560X11Y12","【機能的】長財布 財布 メンズ レディース ウォレット スマホケース クラッチバッグ NEK ★REV 7987560 プレゼント ギフト 母の日 父の日 プチギフト 誕プレ 送料無料","ワンサイズ","ブラウン","X11","Y12",,"0","33","31","-2","大木 望"
"2026/09/05 12:35:52","WEB画面","7987560","7987560X11Y13","【機能的】長財布 財布 メンズ レディース ウォレット スマホケース クラッチバッグ NEK ★REV 7987560 プレゼント ギフト 母の日 父の日 プチギフト 誕プレ 送料無料","ワンサイズ","ネイビー","X11","Y13",,"0","10","7","-3","大木 望"
"2026/09/05 12:38:54","WEB画面","7991009","7991009X11Y13","本革 レザー バケットハット 帽子 ハット メンズ レディース 羊革 シープレザー 送料無料 ★REVL 7991009 ブラック 黒","ONESIZE","ヒョウ柄","X11","Y13",,"0","19","17","-2","大木 望"
"2026/09/05 12:39:18","受注取込","7986757","7986757X11Y12","【置くだけで充電】 ワイヤレス充電器 車載 ホルダー 置き型 Type-C充電 USB-A NEK ★REVL 7986757 最大20W 車載ワイヤレス充電パッド 充電 充電器 車載 スマホ ホルダー スタンド 車 携帯ホルダー 急速充電 サイズ調整可能 滑り止め iphone/Android 1M PD充電 スマホアクセサリー Qi規格 送料無料","ONESIZE","TYPE-C(1m)","X11","Y12",,"0","77","76","-1",
"2026/09/05 12:39:18","受注取込","7997141","7997141X11Y11","特大 スイカ ドーナツ 浮き輪 浮輪 送料無料 プール 大人用 子供用 NEK 7997141 ★REV 120cm 90cm 80cm 70cm 60cm サイズ 大きい 大きめ うきわ ウキワ すいか 海 海水浴 ビックフロート 水上 レジャー かわいい フローティングベッド 西瓜 子供用浮き輪 大人 子供 こども","120cm","スイカ","X11","Y11",,"0","608","607","-1",
"2026/09/05 12:39:18","受注取込","7986752","7986752X11Y12","収納 サンバイザーホルダー マルチ 車 カーポケット ドライブポケット NEK ★REVL 7986752 おしゃれ サンバイザー ポケット カー用品 収納 カー用品 ペン カードポケット 収納ホルダー サングラスホルダー 車 眼鏡ホルダー カーアクセサリー 送料無料","ONESIZE","グレー","X11","Y12",,"0","27","26","-1",
"2026/09/05 12:44:47","受注取込","7987400","7987400X11Y13","【とにかくデカい！/普通サイズあり！】キャップ メンズ 大きいサイズ 帽子 深め ビッグサイズ ★REVM 7987400 BIG SIZE メンズキャップ帽子 大きめ 大きい帽子 メンズ帽子 レディース 春 夏 春夏 プレゼント ギフト 母の日 父の日 送料無料","大きいサイズ","C-グレー","X11","Y13",,"0","70","69","-1",
"2026/09/05 12:46:17","受注取込","7986545","7986545X13Y11","【お得な2枚組】AVIREX アビレックス  アヴィレックス ボクサーパンツ メンズ NEK ★REVL 7986545 アンダーウェア 下着 かっこいい おすすめ 人気 カモフラ 迷彩 カモ柄 ロゴ ブランド 男性 紳士 プレゼント プチギフト 父の日 誕生日 彼氏 父 息子 ギフト 記念日 福袋 送料無料","XL","2枚組","X13","Y11",,"0","41","40","-1",
"2026/09/05 12:51:47","受注取込","7990407","7990407X11Y11","ミニ財布 極小財布 本革 レザー 二つ折り財布 小さい財布 カード収納 定期入れ メンズ レディース 小銭入れ プレゼント 革 サイフ 小銭入れ付き 送料無料 ★REV NEK 7990407 プレゼント ギフト","ONESIZE","ブラック","X11","Y11",,"0","2","1","-1",
"2026/09/05 12:51:47","受注取込","7988381","7988381X11Y11","【圧巻の180色 プロ仕様】油性色鉛筆 色鉛筆 180色 塗り絵 絵具 マンガ 漫画 デッサン スケッチ 学生 美大生 絵画 葉書 7988381 ぬり絵 色鉛筆 セット 画材 美術 アート ポスター 色鉛筆セット 色えんぴつ プレゼント 小学生 中学生 油性 誕生日 ギフト 速攻配達＆送料無料","ONESIZE","180本セット","X11","Y11",,"0","16","15","-1",
"2026/09/05 12:55:48","受注取込","7992723","7992723X11Y11","お得！ 送料無料 4枚入り 福袋 Dickies ディッキーズ ボクサーパンツ メンズ かわいい NEK ★REV <br> パンツ ボクサーパンツ セット メンズ下着 メンズボクサーパンツ メンズボクサー 大きいサイズ 大きめ 特大 3L 下着 インナー メンズ usa まとめ買い プレゼント ギフト","M","福袋4枚セット","X11","Y11",,"0","79","78","-1",
"2026/09/05 12:57:18","受注取込","7996231","7996231X2Y1","本革 レザー 中折れハット ハット 帽子 メンズ 大きいサイズあり 7996231 ブラック/黒 新品 プレゼント ギフト","BIGサイズ","ブラック","X2","Y1",,"0","16","15","-1",
"2026/09/05 12:59:00","受注取込","7986572","7986572X11Y36","【新型/IQOS イルマ i ワン用】アイコス イルマiワン ILUMA ケース 保護ケース NEK ★REVL 7986572 iqosイルマワン イルマワンカバー 耐衝撃 おしゃれ iqos iluma one 専用 IQOSイルマワン保護ケース レザー ヒョウ柄 ペイズリー 保護カバー アイコスケース アクセサリー 送料無料","イルマiワン","80","X11","Y36",,"0","14","13","-1",
"2026/09/05 13:00:25","WEB画面","7992723","7992723X13Y11","お得！ 送料無料 4枚入り 福袋 Dickies ディッキーズ ボクサーパンツ メンズ かわいい NEK ★REV <br> パンツ ボクサーパンツ セット メンズ下着 メンズボクサーパンツ メンズボクサー 大きいサイズ 大きめ 特大 3L 下着 インナー メンズ usa まとめ買い プレゼント ギフト","LL","福袋4枚セット","X13","Y11",,"0","0","4","4","村垣 文香"
"2026/09/05 13:04:54","受注取込","7988386","7988386X11Y11","【高輝度・省電力】LED 卓上 ライト 間接照明 おしゃれ テーブルランプ 北欧 ベッドライト ★REV 7988386 照明 ランプ 一人暮らし ナイトランプ ムードランプ インテリア 雑貨 スタンドライト フロアライト ベッドサイド ルームライト 寝室 usb 電気スタンド フロアランプ","ONESIZE","アイボリー","X11","Y11",,"0","187","186","-1",
"2026/09/05 13:08:47","受注取込","7986752","7986752X11Y12","収納 サンバイザーホルダー マルチ 車 カーポケット ドライブポケット NEK ★REVL 7986752 おしゃれ サンバイザー ポケット カー用品 収納 カー用品 ペン カードポケット 収納ホルダー サングラスホルダー 車 眼鏡ホルダー カーアクセサリー 送料無料","ONESIZE","グレー","X11","Y12",,"0","26","25","-1",
"2026/09/05 13:18:27","WEB画面","7990856","7990856X11Y13","テーラードジャケット メンズ 春 ブレザー ジャケット ポンチ 2ボタン 秋 冬 ライトアウター 大人 カジュアル ゆるカジ コーデ きれいめ ラフ ビジカジ  スーツ メンズファッション ブラック グレー ネイビー 黒 灰 紺 245H70 ","M","ブラック","X11","Y13",,"0","0","1","1","村垣 文香"
"2026/09/05 13:36:47","受注取込","7986849","7986849X11Y11","【ゴージャスに遊ぶ】トランプ プラスチック 54枚 撥水 NEK ★REV 7986849 ブラック ゴールド シルバー ピンクゴールド カードゲーム マジックトランプ パーティーグッズ プレゼント ギフト ポーカー ブラックジャック 手品 送料無料","ONESIZE","A","X11","Y11",,"0","21","20","-1",
"2026/09/05 13:38:30","WEB画面","7994783","7994783X11Y11","送料無料 希少価値のある肩革 TDBT-1008 5mmの超肉厚 栃木レザー 日本製 MADE IN JAPAN 本革 レザー ベルト メンズ GENUINE LEATHER 180610 プレゼント ギフト","ONESIZE","ブラック","X11","Y11",,"0","0","1","1","村垣 文香"
"2026/09/05 13:40:16","受注取込","7987652","7987652X11Y16","ランニングライト led 充電式 ウォーキング 散歩 ライト 夜間 LEDアームバンド NEK ★REVL 7987652 LTG 反射 反射材 リフレクター LED リストバンド サバゲー マーカー 防災 プレゼント ギフト アウトドア キャンプ 母の日 父の日 送料無料","ONESIZE","グリーン","X11","Y16",,"0","87","86","-1",
"2026/09/05 13:40:43","WEB画面","7988070","7988070X11Y20","【カシミヤタッチ！】マフラー レディース メンズ 大判 バイカラー NEK ★REV 7988070 リバーシブル 大きいマフラー あたたかい 無地 大判ストール 厚手マフラー ソフトタッチ カシミヤタッチ カシミアタッチ カジュアル 無地 暖かい 秋冬 小物 防寒 ショール 送料無料","ONESIZE","マスタード","X11","Y20",,"0","0","2","2","村垣 文香"
"2026/09/05 13:42:36","WEB画面","7988070","7988070X11Y12","【カシミヤタッチ！】マフラー レディース メンズ 大判 バイカラー NEK ★REV 7988070 リバーシブル 大きいマフラー あたたかい 無地 大判ストール 厚手マフラー ソフトタッチ カシミヤタッチ カシミアタッチ カジュアル 無地 暖かい 秋冬 小物 防寒 ショール 送料無料","ONESIZE","グレーピンク","X11","Y12",,"0","0","1","1","村垣 文香"
"2026/09/05 13:46:31","受注取込","7986564","7986564X11Y14","【当店限定/大きいサイズ】BlackRebel 帽子 キャップ メンズ レディース 大きいサイズ ★REVL 7986564 深め Vintage クラッシュ 加工 こなれ感 おしゃれ 送料無料","ONESIZE","ブラウン","X11","Y14",,"0","53","52","-1",
"2026/09/05 13:53:17","受注取込","7987393","7987393X11Y12","【極小】イヤホン ワイヤレス 片耳イヤホン NEK ★REV 7987393 bluetooth5.3 スポーツ ワイヤレスイヤホン マイク 左右兼用 片耳 高音質 イヤホン スポーツ iPhone android スマホ対応 ブルートゥース 高音質 ランニング 運動","ONESIZE","ホワイト","X11","Y12",,"0","6","5","-1",
"2026/09/05 13:54:33","WEB画面","7994812","7994812X11Y32","サファリハット メンズ 釣り 帽子 ハット レディース SUNS(サンズ)  撥水 アウトドア 登山 キャンプ バーベキュー NEK ★REV H-051 H-053 送料無料 大きいサイズあり キッズサイズ 子供 UVカット アドベンチャーハット 父の日 プレゼント ユニセックス 春 夏 夏フェス ギフト","普通サイズ","T.BLUE(H_051)","X11","Y32",,"0","1","2","1","村垣 文香"
"2026/09/05 13:56:13","受注取込","7987140","7987140X11Y20","【COOLにマナーを】携帯灰皿 カラビナ付き 吸い殻入れ 金属製 フタ付き 小型 軽量 NEK ★REVL 7987140 喫煙グッズ アッシュトレイ 持ち運び便利 男性 メンズ レディース 送料無料","ONESIZE","J.ブラック","X11","Y20",,"0","2","1","-1",
"2026/09/05 13:57:02","受注取込","7986720","7986720X11Y11","【ダメージ加工がCOOL】帽子 キャップ Vintage メンズ レディース くすみカラー ★REVL 7986720 こなれ感 深め しっかり素材 送料無料","ONESIZE","ブラック","X11","Y11",,"0","6","5","-1",
"2026/09/05 14:00:37","受注取込","7987626","7987626X11Y11","【お得な5個セット】LEDライト キーホルダー 小型LEDライト NEK ★REV 7987626 キーライト 高輝度 5灯 LR44 ボタン電池 LTG 送料無料","ONESIZE","5本セット","X11","Y11",,"0","427","426","-1",
"2026/09/05 14:01:47","受注取込","7986462","7986462X11Y11","【デカい深い】キャップ メンズ レディース 大きいサイズ 深め 帽子 ★REVL 7986462  コットン100% 59cm?65cm ビッグサイズ ロングバイザー 8cm 深い ベースボールキャップ サイズ調整 おしゃれ 春 夏 秋 冬 男女兼用 ブラック ネイビー チャコール アイボリー 黒 送料無料","ONESIZE","ブラック×ブラック","X11","Y11",,"0","6","5","-1",
"2026/09/05 14:01:47","受注取込","7986465","7986465X11Y11","【とにかくデカい】帽子 キャップ 大きいサイズ 深い 深め 60～65cm ★REVL 7986465 サイドタグ シンプル おしゃれ 野球帽 送料無料","ONESIZE","チャコール","X11","Y11",,"0","15","14","-1",
"2026/09/05 14:03:22","受注取込","7986530","7986530X11Y11","【ちょうどいい長さの25cm】全7通り Type-C 充電ケーブル スマホケーブル 急速6A NEK ★REVL 7986530 USB A→Type-C Type-C→Type-C Type-C→ライトニング スマホアクセサリー 新型iphone IQOS対応 短いケーブル 送料無料","ONESIZE","A_Type-C/Type-C【L字型】","X11","Y11",,"0","6","5","-1",
"2026/09/05 14:04:33","WEB画面","7986458","7986458X11Y11","【足元からもっと自由に】ピラティス ソックス 5本指 滑り止め NEK ★REVL 7986458 レディース ヨガソックス グリップソックス クロスストラップ 5本指ソックス グラデーション 綿85％ マシンピラティス ヨガ フィットネス ストレッチ おしゃれ かわいい 8カラー 送料無料","ONESIZE","オリーブ × ピンク","X11","Y11",,"0","0","15","15","門田"
"2026/09/05 14:04:33","WEB画面","7986458","7986458X11Y12","【足元からもっと自由に】ピラティス ソックス 5本指 滑り止め NEK ★REVL 7986458 レディース ヨガソックス グリップソックス クロスストラップ 5本指ソックス グラデーション 綿85％ マシンピラティス ヨガ フィットネス ストレッチ おしゃれ かわいい 8カラー 送料無料","ONESIZE","カーキ × ブラック","X11","Y12",,"0","0","15","15","門田"
"2026/09/05 14:04:33","WEB画面","7986458","7986458X11Y13","【足元からもっと自由に】ピラティス ソックス 5本指 滑り止め NEK ★REVL 7986458 レディース ヨガソックス グリップソックス クロスストラップ 5本指ソックス グラデーション 綿85％ マシンピラティス ヨガ フィットネス ストレッチ おしゃれ かわいい 8カラー 送料無料","ONESIZE","グリーン × ライトブルー","X11","Y13",,"0","0","15","15","門田"
"2026/09/05 14:04:33","WEB画面","7986458","7986458X11Y14","【足元からもっと自由に】ピラティス ソックス 5本指 滑り止め NEK ★REVL 7986458 レディース ヨガソックス グリップソックス クロスストラップ 5本指ソックス グラデーション 綿85％ マシンピラティス ヨガ フィットネス ストレッチ おしゃれ かわいい 8カラー 送料無料","ONESIZE","パープル × ブラック","X11","Y14",,"0","0","15","15","門田"
"2026/09/05 14:04:33","WEB画面","7986458","7986458X11Y15","【足元からもっと自由に】ピラティス ソックス 5本指 滑り止め NEK ★REVL 7986458 レディース ヨガソックス グリップソックス クロスストラップ 5本指ソックス グラデーション 綿85％ マシンピラティス ヨガ フィットネス ストレッチ おしゃれ かわいい 8カラー 送料無料","ONESIZE","ピンク × ライトピンク","X11","Y15",,"0","0","15","15","門田"
"2026/09/05 14:04:33","WEB画面","7986458","7986458X11Y16","【足元からもっと自由に】ピラティス ソックス 5本指 滑り止め NEK ★REVL 7986458 レディース ヨガソックス グリップソックス クロスストラップ 5本指ソックス グラデーション 綿85％ マシンピラティス ヨガ フィットネス ストレッチ おしゃれ かわいい 8カラー 送料無料","ONESIZE","ホワイト × ブラック","X11","Y16",,"0","0","15","15","門田"
"2026/09/05 14:04:33","WEB画面","7986458","7986458X11Y17","【足元からもっと自由に】ピラティス ソックス 5本指 滑り止め NEK ★REVL 7986458 レディース ヨガソックス グリップソックス クロスストラップ 5本指ソックス グラデーション 綿85％ マシンピラティス ヨガ フィットネス ストレッチ おしゃれ かわいい 8カラー 送料無料","ONESIZE","ラベンダー × アイボリー","X11","Y17",,"0","0","15","15","門田"
"2026/09/05 14:04:33","WEB画面","7986458","7986458X11Y18","【足元からもっと自由に】ピラティス ソックス 5本指 滑り止め NEK ★REVL 7986458 レディース ヨガソックス グリップソックス クロスストラップ 5本指ソックス グラデーション 綿85％ マシンピラティス ヨガ フィットネス ストレッチ おしゃれ かわいい 8カラー 送料無料","ONESIZE","アイボリー × ブラウン","X11","Y18",,"0","0","15","15","門田"
"2026/09/05 14:04:47","受注取込","7988466","7988466X11Y12","【速攻配達 送料無料】ゲーミングイヤホン ヘッドセット LTG 落ちない ズレない こもらない 暑くない switch ヘッドホン マイク 付き NEK 7988466 ps4 ps5 ヘッドフォン 有線 USB ニンテンドースイッチ テレワーク zoom ズーム リモート WEB会議 ミーティング","ONESIZE","ブラック/ブラック","X11","Y12",,"0","19","18","-1",
"2026/09/05 14:06:17","受注取込","7986643","7986643X13Y11"," 【ヒョウ柄 ふわふわ毛布 おしゃれ】毛布 ふわとろ毛布 もこもこ毛布 ブランケット ★REVL 7986643 モコモコ とろとろ ふわふわ 毛布 シングル セミダブル ダブル ひざ掛け 送料無料","130X160","ブラウン","X13","Y11",,"0","20","19","-1",
"2026/09/05 14:08:13","受注取込","7987323","7987323X11Y11","【めちゃ早っ充電】充電器 タイプC iphone ipad 2mケーブル PD30W NEK ★REV 7987323 アイコス IQOS イルマ MacBook Surface pro Switch アダプター TYPE-C/TYPE-C TYPE-C/Lightning xperia エクスペリア 高速充電 日本PSE認証 プレゼント 送料無料","TYPE-C/TYPE-C","ホワイト","X11","Y11",,"0","54","53","-1",
"2026/09/05 14:13:31","受注取込","7987093","7987093X11Y11","【新型iphone/IQOS対応】急速5A 3股 Type-C 充電ケーブル スマホケーブル 1.2m 2m 3m typec NEK ★REVL 7987093 新型iphone IQOS対応 USB A→Type-C×3 充電ケーブル 3in1 急速 送料無料","1.2m","ブラック_TypeA/TypeC×3","X11","Y11",,"0","4","3","-1",
"2026/09/05 14:20:13","受注取込","7987626","7987626X11Y11","【お得な5個セット】LEDライト キーホルダー 小型LEDライト NEK ★REV 7987626 キーライト 高輝度 5灯 LR44 ボタン電池 LTG 送料無料","ONESIZE","5本セット","X11","Y11",,"0","426","425","-1",
"2026/09/05 14:20:47","受注取込","7987105","7987105X11Y14","【持ち手が仕上げる】日本製 ミニ財布 短財布 ミニウォレット メンズ レディース 財布 ★REV CH-1024 7987105 ウォレット 本革 本皮 CHAMELEON カメレオン アドバンガラス革 Vinyage DIY 送料無料","ONESIZE","イエロー","X11","Y14",,"0","3","2","-1",
"2026/09/05 14:23:18","受注取込","7988452","7988452X11Y11","【日本製 姫路レザー】日本製 ベルト メンズ 本革 本皮 ★REV SRI-07 3.9cm幅 一枚革 ヌメ革 姫路レザー ビジネス カジュアル 送料無料","ONESIZE","ブラック","X11","Y11",,"0","2","1","-1",
"2026/09/05 14:25:20","WEB画面","7987084","7987084X12Y17","【くすみカラー 10色展開】深め 大きいサイズ 普通サイズ 帽子 キャップ メンズ レディース ★REV 7987084 Vintage 無地 シンプル おしゃれ 送料無料","大きいサイズ","ワイン","X12","Y17",,"0","14","12","-2","塩谷 満里子"
"2026/09/05 14:30:00","受注取込","7994812","7994812X11Y14","サファリハット メンズ 釣り 帽子 ハット レディース SUNS(サンズ)  撥水 アウトドア 登山 キャンプ バーベキュー NEK ★REV H-051 H-053 送料無料 大きいサイズあり キッズサイズ 子供 UVカット アドベンチャーハット 父の日 プレゼント ユニセックス 春 夏 夏フェス ギフト","普通サイズ","KHAKI(H_051)","X11","Y14",,"0","45","44","-1",
"2026/09/05 14:30:26","受注取込","7987610","7987610X11Y11","【お得3本セット】ピンセット イルマ ワン テリア ILUMA TEREA アイコス NEK ★REV 7987610 IQOS グロー プルーム 電子タバコ お掃除 DIY LTG プラモデル 模型 工作 クリーニングフィルター クリーナー プレゼント ギフト 母の日 父の日 送料無料","ONESIZE","3本セット","X11","Y11",,"0","201","200","-1",
"2026/09/05 14:32:23","受注取込","7992723","7992723X13Y11","お得！ 送料無料 4枚入り 福袋 Dickies ディッキーズ ボクサーパンツ メンズ かわいい NEK ★REV <br> パンツ ボクサーパンツ セット メンズ下着 メンズボクサーパンツ メンズボクサー 大きいサイズ 大きめ 特大 3L 下着 インナー メンズ usa まとめ買い プレゼント ギフト","LL","福袋4枚セット","X13","Y11",,"0","4","3","-1",
"2026/09/05 14:35:31","受注取込","7998635","7998635X2Y1","本革 レザー 中折れハット 大きいサイズあり 帽子 メンズ 7998635 プレゼント ギフト","BIGサイズ","ブラック","X2","Y1",,"0","1","0","-1",
"2026/09/05 14:35:47","受注取込","7988215","7988215X22Y14","【とにかくデカい！】 大きいサイズ キャップ メッシュキャップ 送料無料 大きめ ビッグサイズ BIG SIZE ★REV 7988215 <br> 帽子 ハット キャップ ワークキャップ メンズキャップ 大きいサイズ バケット 大きい帽子 メンズ バケハ メンズ帽子 大きい 頭 メッシュ 全39カラー","LL","4","X22","Y14",,"0","3","2","-1",
"2026/09/05 14:37:23","受注取込","7990254","7990254X11Y12","【送料無料 速攻配達】AVIREX ニットキャップ ニット帽 帽子 メンズ レディース スウェットキャップ  NEK ★REV 14649300 ルーズ キャップ ブランド アビレックス リバーシブル AX REVERSIBLE SWEAT CAP 送料無料 プレゼント ギフト","ONESIZE","ブラック(80)","X11","Y12",,"0","358","357","-1",
"2026/09/05 14:39:01","受注取込","8000287","8000287X14Y1","スクールシューズ 上履き 1805【Y_KO】スリッポン 子供靴 キッズ【S160228】【170701s】 プレゼント ギフト","18.0cm","ホワイト/ホワイト","X14","Y1",,"0","86","85","-1",
"2026/09/05 14:39:01","受注取込","8000287","8000287X20Y1","スクールシューズ 上履き 1805【Y_KO】スリッポン 子供靴 キッズ【S160228】【170701s】 プレゼント ギフト","22.5cm","ホワイト/ホワイト","X20","Y1",,"0","14","11","-3",
"2026/09/05 14:39:01","受注取込","8000287","8000287X15Y1","スクールシューズ 上履き 1805【Y_KO】スリッポン 子供靴 キッズ【S160228】【170701s】 プレゼント ギフト","19.0cm","ホワイト/ホワイト","X15","Y1",,"0","85","84","-1",
"2026/09/05 14:39:01","受注取込","8000287","8000287X19Y1","スクールシューズ 上履き 1805【Y_KO】スリッポン 子供靴 キッズ【S160228】【170701s】 プレゼント ギフト","22.0cm","ホワイト/ホワイト","X19","Y1",,"0","9","6","-3",
"2026/09/05 14:42:17","受注取込","7987400","7987400X11Y16","【とにかくデカい！/普通サイズあり！】キャップ メンズ 大きいサイズ 帽子 深め ビッグサイズ ★REVM 7987400 BIG SIZE メンズキャップ帽子 大きめ 大きい帽子 メンズ帽子 レディース 春 夏 春夏 プレゼント ギフト 母の日 父の日 送料無料","大きいサイズ","F-ブラック","X11","Y16",,"0","143","142","-1",
"2026/09/05 14:48:13","受注取込","7986850","7986850X14Y12","【耐滑底/おしゃれ】安全靴 スニーカー エアウォーク ミッドカット AIR WALK AW-940 AW-950 Y_YU ★REV 7986850 メンズ おしゃれ 耐滑底 樹脂先芯 ストレッチロック セーフティシューズ 作業靴 送料無料","26.5cm","AW-950_ホワイト","X14","Y12",,"0","88","87","-1",
"2026/09/05 14:50:20","受注取込","7986572","7986572X11Y45","【新型/IQOS イルマ i ワン用】アイコス イルマiワン ILUMA ケース 保護ケース NEK ★REVL 7986572 iqosイルマワン イルマワンカバー 耐衝撃 おしゃれ iqos iluma one 専用 IQOSイルマワン保護ケース レザー ヒョウ柄 ペイズリー 保護カバー アイコスケース アクセサリー 送料無料","イルマiワン","89","X11","Y45",,"0","32","31","-1",
"2026/09/05 14:55:02","受注取込","7986789","7986789X11Y11","【小さな笛が身を守る/お得な2個セット】キーホルダー 防犯ホイッスル 防災ホイッスル 口笛 防犯グッズ NEK ★REV 7986789 護身用 女性 災害 大音量 ランドセル 子ども 男の子 女の子 大人 小学生 中学生 卒園 入学 キャンプ 登山 アウトドア プレゼント ギフト アクセサリー 送料無料","ONESIZE","ゴールド×シルバー(2個セット)","X11","Y11",,"0","46","45","-1",
"2026/09/05 14:56:23","受注取込","7987323","7987323X11Y11","【めちゃ早っ充電】充電器 タイプC iphone ipad 2mケーブル PD30W NEK ★REV 7987323 アイコス IQOS イルマ MacBook Surface pro Switch アダプター TYPE-C/TYPE-C TYPE-C/Lightning xperia エクスペリア 高速充電 日本PSE認証 プレゼント 送料無料","TYPE-C/TYPE-C","ホワイト","X11","Y11",,"0","53","52","-1",
"2026/09/05 15:04:01","受注取込","7987151","7987151X11Y14","【多面カットで綺麗】天然石 ブレスレット パワーストーン レディース NEK ★REV 7987151 アクセサリー プレゼント ギフト 厄除け 運気 アップ 送料無料","ONESIZE","D_ガーネット","X11","Y14",,"0","12","11","-1",
"2026/09/05 15:04:01","受注取込","7987151","7987151X11Y16","【多面カットで綺麗】天然石 ブレスレット パワーストーン レディース NEK ★REV 7987151 アクセサリー プレゼント ギフト 厄除け 運気 アップ 送料無料","ONESIZE","F_ピンク水晶","X11","Y16",,"0","12","11","-1",
"2026/09/05 15:04:16","WEB画面","7986564","7986564X11Y15","【当店限定/大きいサイズ】BlackRebel 帽子 キャップ メンズ レディース 大きいサイズ ★REVL 7986564 深め Vintage クラッシュ 加工 こなれ感 おしゃれ 送料無料","ONESIZE","グレー","X11","Y15",,"0","67","66","-1","塩谷 満里子"
"2026/09/05 15:04:34","WEB画面","7986564","7986564X11Y15","【当店限定/大きいサイズ】BlackRebel 帽子 キャップ メンズ レディース 大きいサイズ ★REVL 7986564 深め Vintage クラッシュ 加工 こなれ感 おしゃれ 送料無料","ONESIZE","グレー","X11","Y15",,"0","66","68","2","塩谷 満里子"
"2026/09/05 15:05:16","受注取込","7987076","7987076X11Y11","【超軽量55g】特価 キャップ 帽子 メッシュキャップ ランニングキャップ NEK ★REV 7987076 メンズ レディース 速乾 軽量 ジョギング アウトドア キャンプ スポーツ 釣り 海 プール","アジャスタータイプ","ブラック","X11","Y11",,"0","4","3","-1",
"2026/09/05 15:06:48","受注取込","7987400","7987400X11Y11","【とにかくデカい！/普通サイズあり！】キャップ メンズ 大きいサイズ 帽子 深め ビッグサイズ ★REVM 7987400 BIG SIZE メンズキャップ帽子 大きめ 大きい帽子 メンズ帽子 レディース 春 夏 春夏 プレゼント ギフト 母の日 父の日 送料無料","大きいサイズ","A-ブラック","X11","Y11",,"0","239","238","-1",
"2026/09/05 15:11:00","受注取込","7992054","7992054X11Y21","【シンプル/おしゃれ】16mm パワーストーン ネックレス メンズ レディース 瑪瑙 オブシディアン タイガーアイ NEK ★REV 7992054 黒曜石 茶水晶 虎目石 金運 財運 仕事運 恋愛 結婚 家庭円満 癒し 幸運 成功運 勝負運 家族運 厄除祈願 天然石 お守り プレゼント 送料無料","ONESIZE","【K】マラカイト","X11","Y21",,"0","19","18","-1",
"2026/09/05 15:14:17","WEB画面","FBA-7987400","FBA-7987400X11Y17","【FBA専用】帽子 7987400","ONESIZE","G-オレンジ","X11","Y17",,"0","10","9","-1","大木 望"
"2026/09/05 15:18:20","受注取込","7986752","7986752X11Y11","収納 サンバイザーホルダー マルチ 車 カーポケット ドライブポケット NEK ★REVL 7986752 おしゃれ サンバイザー ポケット カー用品 収納 カー用品 ペン カードポケット 収納ホルダー サングラスホルダー 車 眼鏡ホルダー カーアクセサリー 送料無料","ONESIZE","ブラック","X11","Y11",,"0","58","57","-1",
"2026/09/05 15:19:31","受注取込","7988047","7988047X11Y11","2WAY ミニ ボストンバッグ メンズ レディース ★REV 7988047 小さめ 小型 ショルダーバッグ ミニバッグ ドラムバッグ 小旅行 アウトドア キャンプ ジム 軽量 送料無料","ONESIZE","ブラック","X11","Y11",,"0","35","34","-1",
"2026/09/05 15:21:19","受注取込","7986712","7986712X11Y17","【超協力マグネット/選べる33種】帽子クリップ ハットクリップ キャップクリップ  NEK ★REV 7986712 帽子収納ホルダー 収納フック キーホルダー 強力マグネット レザー調 アクセサリー チャーム キーリング キーケース 送料無料","ONESIZE","7","X11","Y17",,"0","17","16","-1",
"2026/09/05 15:23:41","WEB画面","7986989","7986989X11Y13","【本革/特価/16色展開】本革 ショルダーバッグ ポーチ レディース ミニショルダーバッグ NEK ★REV 7986989 斜めがけ お財布 ショルダー お財布バッグ 送料無料","ONESIZE","ワイン","X11","Y13",,"0","26","25","-1","植野"
"2026/09/05 15:24:17","受注取込","7987559","7987559X11Y14","ミニ財布 ミニウォレット 短財布 メンズ レディース ウォレット NEK ★REV 7987559 プレゼント ギフト 父の日 母の日 プチギフト 誕プレ 送料無料","ONESIZE","ブラウン","X11","Y14",,"0","15","14","-1",
"2026/09/05 15:24:27","WEB画面","7987400","7987400X11Y15","【とにかくデカい！/普通サイズあり！】キャップ メンズ 大きいサイズ 帽子 深め ビッグサイズ ★REVM 7987400 BIG SIZE メンズキャップ帽子 大きめ 大きい帽子 メンズ帽子 レディース 春 夏 春夏 プレゼント ギフト 母の日 父の日 送料無料","大きいサイズ","E-ベージュ","X11","Y15",,"0","105","104","-1","植野"
"2026/09/05 15:24:27","WEB画面","7987400","7987400X11Y16","【とにかくデカい！/普通サイズあり！】キャップ メンズ 大きいサイズ 帽子 深め ビッグサイズ ★REVM 7987400 BIG SIZE メンズキャップ帽子 大きめ 大きい帽子 メンズ帽子 レディース 春 夏 春夏 プレゼント ギフト 母の日 父の日 送料無料","大きいサイズ","F-ブラック","X11","Y16",,"0","142","141","-1","植野"
"2026/09/05 15:25:22","受注取込","7994226","7994226X11Y12","【大きいサイズもあり 限定モデル】AVIREX メッシュキャップ メンズ 帽子 メンズ キャップ メンズ 14023200 14670200 レディース ★REV 父の日 贈り物 プレゼント ブランド アビレックス 送料無料 正規品 ブラック 黒 ネイビー 紺 グレー 灰 yos プレゼント ギフト","普通サイズ_14023200","80_ブラック","X11","Y12",,"0","30","29","-1",
"2026/09/05 15:29:47","受注取込","7987354","7987354X11Y15","USAブランド 靴下 ソックス NEK ★REV 7987354 メンズ レディース FRUIT OF THE LOOM フルーツオブザルーム プレゼント ギフト 送料無料","メンズ","クルー 刺繍【長】","X11","Y15",,"0","1","0","-1",
"2026/09/05 15:29:51","WEB画面","7988248","7988248X11Y15","リュック メンズ レディース 防水 防災リュック 避難 スポーツ 軽量 リュックサック 32L ★REV 7988248 バックパック デイパック アウトドア キャンプ ジム 登山 散歩  送料無料","ONESIZE","ライトグリーン","X11","Y15",,"0","0","1","1","植野"
"2026/09/05 15:30:23","WEB画面","7993761","7993761X11Y11","スニーカー スリッポン メンズ ブランド シューズ 靴 メンズ Honour Ovation アナーオベーション ブラック 黒 4080 RE Y_KO 181120 プレゼント ギフト","【38】24.5_25.0cm","ブラック","X11","Y11",,"0","5","0","-5","村垣 文香"
"2026/09/05 15:30:23","WEB画面","7993761","7993761X15Y11","スニーカー スリッポン メンズ ブランド シューズ 靴 メンズ Honour Ovation アナーオベーション ブラック 黒 4080 RE Y_KO 181120 プレゼント ギフト","【42】28.5_29.0cm","ブラック","X15","Y11",,"0","5","0","-5","村垣 文香"
"2026/09/05 15:30:54","WEB画面","7993764","7993764X11Y11","スニーカー メンズ ブランド 本革 レザー シューズ 靴 メンズ Honour Ovation アナーオベーション イエロー 黄 ホワイト 白 4040 RE Y_KO 181120 プレゼント ギフト","【38】24.5_25.0cm","YELLOW_CHECK","X11","Y11",,"0","5","0","-5","村垣 文香"
"2026/09/05 15:30:54","WEB画面","7993764","7993764X12Y11","スニーカー メンズ ブランド 本革 レザー シューズ 靴 メンズ Honour Ovation アナーオベーション イエロー 黄 ホワイト 白 4040 RE Y_KO 181120 プレゼント ギフト","【39】25.5_26.0cm","YELLOW_CHECK","X12","Y11",,"0","5","0","-5","村垣 文香"
"2026/09/05 15:30:54","WEB画面","7993764","7993764X13Y11","スニーカー メンズ ブランド 本革 レザー シューズ 靴 メンズ Honour Ovation アナーオベーション イエロー 黄 ホワイト 白 4040 RE Y_KO 181120 プレゼント ギフト","【40】26.5_27.0cm","YELLOW_CHECK","X13","Y11",,"0","5","0","-5","村垣 文香"
"2026/09/05 15:30:54","WEB画面","7993764","7993764X14Y11","スニーカー メンズ ブランド 本革 レザー シューズ 靴 メンズ Honour Ovation アナーオベーション イエロー 黄 ホワイト 白 4040 RE Y_KO 181120 プレゼント ギフト","【41】27.5_28.0cm","YELLOW_CHECK","X14","Y11",,"0","5","0","-5","村垣 文香"
"2026/09/05 15:30:54","WEB画面","7993764","7993764X15Y11","スニーカー メンズ ブランド 本革 レザー シューズ 靴 メンズ Honour Ovation アナーオベーション イエロー 黄 ホワイト 白 4040 RE Y_KO 181120 プレゼント ギフト","【42】28.5_29.0cm","YELLOW_CHECK","X15","Y11",,"0","5","0","-5","村垣 文香"
"2026/09/05 15:31:01","受注取込","7986751","7986751X12Y13","【グリップ力効果/洗濯可能】トレーニンググローブ 手袋 筋トレ 筋トレグローブ NEK ★REV 7986751 レディース メンズ ジム手袋 指無し ウェイトリフティング 防滑 クッション性 伸びる 洗濯OK バーベル サイクリング ヨガ グリップ 衝撃吸収 通気性 送料無料","M","ブラック","X12","Y13",,"0","23","22","-1",
"2026/09/05 15:32:18","受注取込","7988103","7988103X11Y12","収納 サンバイザーホルダー マルチ 車 黒 カーポケット ドライブポケット おしゃれ NEK ★REV 7988103 サンバイザーポケット カー用品 収納 カー用品 サンバイザー カード ペン カードポケット 収納ホルダー サングラスホルダー 車 眼鏡ホルダー モジュール","ONESIZE","オリーブ","X11","Y12",,"0","27","26","-1",
"2026/09/05 15:32:26","受注取込","7992054","7992054X11Y13","【シンプル/おしゃれ】16mm パワーストーン ネックレス メンズ レディース 瑪瑙 オブシディアン タイガーアイ NEK ★REV 7992054 黒曜石 茶水晶 虎目石 金運 財運 仕事運 恋愛 結婚 家庭円満 癒し 幸運 成功運 勝負運 家族運 厄除祈願 天然石 お守り プレゼント 送料無料","ONESIZE","【C】ブラウンクオーツ","X11","Y13",,"0","39","38","-1",
"2026/09/05 15:32:26","受注取込","7992054","7992054X11Y18","【シンプル/おしゃれ】16mm パワーストーン ネックレス メンズ レディース 瑪瑙 オブシディアン タイガーアイ NEK ★REV 7992054 黒曜石 茶水晶 虎目石 金運 財運 仕事運 恋愛 結婚 家庭円満 癒し 幸運 成功運 勝負運 家族運 厄除祈願 天然石 お守り プレゼント 送料無料","ONESIZE","【H】アメジスト","X11","Y18",,"0","27","26","-1",
"2026/09/05 15:33:47","受注取込","7986572","7986572X11Y44","【新型/IQOS イルマ i ワン用】アイコス イルマiワン ILUMA ケース 保護ケース NEK ★REVL 7986572 iqosイルマワン イルマワンカバー 耐衝撃 おしゃれ iqos iluma one 専用 IQOSイルマワン保護ケース レザー ヒョウ柄 ペイズリー 保護カバー アイコスケース アクセサリー 送料無料","イルマiワン","88","X11","Y44",,"0","1","0","-1",
"2026/09/05 15:34:48","受注取込","7990512","7990512X11Y11","リーフ ネックレス レディース ロングネックレス 葉っぱ 大きめ アクセサリー かわいい ナチュラル アンティーク風 プレゼント 贈り物 ギフト NEK 7990512 プレゼント ギフト","ONESIZE","ライトブラウン","X11","Y11",,"0","15","14","-1",
"2026/09/05 15:36:01","WEB画面","7993762","7993762X11Y11","スニーカー メンズ ブランド 本革 レザー シューズ 靴 メンズ Honour Ovation アナーオベーション ブラック 黒 レッド 赤 4070 RE Y_KO 181120 プレゼント ギフト","【38】24.5_25.0cm","BLACK/RED/BLUE","X11","Y11",,"0","5","0","-5","村垣 文香"
"2026/09/05 15:36:01","WEB画面","7993762","7993762X12Y11","スニーカー メンズ ブランド 本革 レザー シューズ 靴 メンズ Honour Ovation アナーオベーション ブラック 黒 レッド 赤 4070 RE Y_KO 181120 プレゼント ギフト","【39】25.5_26.0cm","BLACK/RED/BLUE","X12","Y11",,"0","5","0","-5","村垣 文香"
"2026/09/05 15:36:01","WEB画面","7993762","7993762X13Y11","スニーカー メンズ ブランド 本革 レザー シューズ 靴 メンズ Honour Ovation アナーオベーション ブラック 黒 レッド 赤 4070 RE Y_KO 181120 プレゼント ギフト","【40】26.5_27.0cm","BLACK/RED/BLUE","X13","Y11",,"0","5","0","-5","村垣 文香"
"2026/09/05 15:36:01","WEB画面","7993762","7993762X14Y11","スニーカー メンズ ブランド 本革 レザー シューズ 靴 メンズ Honour Ovation アナーオベーション ブラック 黒 レッド 赤 4070 RE Y_KO 181120 プレゼント ギフト","【41】27.5_28.0cm","BLACK/RED/BLUE","X14","Y11",,"0","5","0","-5","村垣 文香"
"2026/09/05 15:36:01","WEB画面","7993762","7993762X15Y11","スニーカー メンズ ブランド 本革 レザー シューズ 靴 メンズ Honour Ovation アナーオベーション ブラック 黒 レッド 赤 4070 RE Y_KO 181120 プレゼント ギフト","【42】28.5_29.0cm","BLACK/RED/BLUE","X15","Y11",,"0","4","0","-4","村垣 文香"
"2026/09/05 15:36:32","WEB画面","7993773","7993773X11Y11","スニーカー メンズ ブランド 本革 レザー シューズ 靴 メンズ Honour Ovation アナーオベーション ホワイト 白 ブラック 黒 3030 RE Y_KO 181120 プレゼント ギフト","【38】24.5_25.0cm","WHITE/BLACK","X11","Y11",,"0","5","0","-5","村垣 文香"
"2026/09/05 15:36:32","WEB画面","7993773","7993773X12Y11","スニーカー メンズ ブランド 本革 レザー シューズ 靴 メンズ Honour Ovation アナーオベーション ホワイト 白 ブラック 黒 3030 RE Y_KO 181120 プレゼント ギフト","【39】25.5_26.0cm","WHITE/BLACK","X12","Y11",,"0","3","0","-3","村垣 文香"
"2026/09/05 15:36:32","WEB画面","7993773","7993773X13Y11","スニーカー メンズ ブランド 本革 レザー シューズ 靴 メンズ Honour Ovation アナーオベーション ホワイト 白 ブラック 黒 3030 RE Y_KO 181120 プレゼント ギフト","【40】26.5_27.0cm","WHITE/BLACK","X13","Y11",,"0","5","0","-5","村垣 文香"
"2026/09/05 15:36:32","WEB画面","7993773","7993773X14Y11","スニーカー メンズ ブランド 本革 レザー シューズ 靴 メンズ Honour Ovation アナーオベーション ホワイト 白 ブラック 黒 3030 RE Y_KO 181120 プレゼント ギフト","【41】27.5_28.0cm","WHITE/BLACK","X14","Y11",,"0","5","0","-5","村垣 文香"
"2026/09/05 15:36:32","WEB画面","7993773","7993773X15Y11","スニーカー メンズ ブランド 本革 レザー シューズ 靴 メンズ Honour Ovation アナーオベーション ホワイト 白 ブラック 黒 3030 RE Y_KO 181120 プレゼント ギフト","【42】28.5_29.0cm","WHITE/BLACK","X15","Y11",,"0","4","0","-4","村垣 文香"
"2026/09/05 15:37:55","WEB画面","7993765","7993765X11Y11","スニーカー メンズ ブランド 本革 レザー シューズ 靴 メンズ Honour Ovation アナーオベーション グレー 灰 迷彩 カモフラージュ 4040 RE Y_KO 181120 プレゼント ギフト","【38】24.5_25.0cm","GRAYCAMO/STAR","X11","Y11",,"0","5","0","-5","村垣 文香"
"2026/09/05 15:37:55","WEB画面","7993765","7993765X12Y11","スニーカー メンズ ブランド 本革 レザー シューズ 靴 メンズ Honour Ovation アナーオベーション グレー 灰 迷彩 カモフラージュ 4040 RE Y_KO 181120 プレゼント ギフト","【39】25.5_26.0cm","GRAYCAMO/STAR","X12","Y11",,"0","5","0","-5","村垣 文香"
"2026/09/05 15:37:55","WEB画面","7993765","7993765X15Y11","スニーカー メンズ ブランド 本革 レザー シューズ 靴 メンズ Honour Ovation アナーオベーション グレー 灰 迷彩 カモフラージュ 4040 RE Y_KO 181120 プレゼント ギフト","【42】28.5_29.0cm","GRAYCAMO/STAR","X15","Y11",,"0","5","0","-5","村垣 文香"
"2026/09/05 15:38:25","WEB画面","7993763","7993763X11Y11","スニーカー メンズ ブランド 本革 レザー シューズ 靴 メンズ Honour Ovation アナーオベーション ブラック 黒 4070 RE Y_KO 181120 プレゼント ギフト","【38】24.5_25.0cm","BLACK","X11","Y11",,"0","4","0","-4","村垣 文香"
"2026/09/05 15:38:25","WEB画面","7993763","7993763X12Y11","スニーカー メンズ ブランド 本革 レザー シューズ 靴 メンズ Honour Ovation アナーオベーション ブラック 黒 4070 RE Y_KO 181120 プレゼント ギフト","【39】25.5_26.0cm","BLACK","X12","Y11",,"0","5","0","-5","村垣 文香"
"2026/09/05 15:38:25","WEB画面","7993763","7993763X15Y11","スニーカー メンズ ブランド 本革 レザー シューズ 靴 メンズ Honour Ovation アナーオベーション ブラック 黒 4070 RE Y_KO 181120 プレゼント ギフト","【42】28.5_29.0cm","BLACK","X15","Y11",,"0","5","0","-5","村垣 文香"
"2026/09/05 15:39:54","WEB画面","7993766","7993766X11Y11","スニーカー メンズ ブランド 本革 レザー シューズ 靴 メンズ Honour Ovation アナーオベーション デニム カモフラージュ 迷彩 4040 RE Y_KO 181120 プレゼント ギフト","【38】24.5_25.0cm","DENIM/CAMO/STAR","X11","Y11",,"0","4","0","-4","村垣 文香"
"2026/09/05 15:39:54","WEB画面","7993766","7993766X15Y11","スニーカー メンズ ブランド 本革 レザー シューズ 靴 メンズ Honour Ovation アナーオベーション デニム カモフラージュ 迷彩 4040 RE Y_KO 181120 プレゼント ギフト","【42】28.5_29.0cm","DENIM/CAMO/STAR","X15","Y11",,"0","4","0","-4","村垣 文香"
"2026/09/05 15:40:21","WEB画面","7993775","7993775X11Y11","スニーカー スリッポン メンズ ブランド 本革 レザー シューズ 靴 メンズ Honour Ovation アナーオベーション ブラック 黒 3000 RE Y_KO 181120 プレゼント ギフト","【38】24.5_25.0cm","ブラック","X11","Y11",,"0","4","0","-4","村垣 文香"
"2026/09/05 15:40:40","WEB画面","7993772","7993772X15Y11","スニーカー メンズ ブランド 本革 レザー シューズ 靴 メンズ Honour Ovation アナーオベーション ホワイト 白 3030 RE Y_KO 181120 プレゼント ギフト","【42】28.5_29.0cm","WHITE/WHITE","X15","Y11",,"0","3","0","-3","村垣 文香"
"2026/09/05 15:41:12","WEB画面","7993771","7993771X12Y11","スニーカー メンズ ブランド 本革 レザー シューズ 靴 メンズ Honour Ovation アナーオベーション ホワイト 白 ブラック 黒 3070 RE Y_KO 181120 プレゼント ギフト","【39】25.5_26.0cm","WHITE/BLACK","X12","Y11",,"0","3","0","-3","村垣 文香"
"2026/09/05 15:41:12","WEB画面","7993771","7993771X13Y11","スニーカー メンズ ブランド 本革 レザー シューズ 靴 メンズ Honour Ovation アナーオベーション ホワイト 白 ブラック 黒 3070 RE Y_KO 181120 プレゼント ギフト","【40】26.5_27.0cm","WHITE/BLACK","X13","Y11",,"0","4","0","-4","村垣 文香"
"2026/09/05 15:41:12","WEB画面","7993771","7993771X14Y11","スニーカー メンズ ブランド 本革 レザー シューズ 靴 メンズ Honour Ovation アナーオベーション ホワイト 白 ブラック 黒 3070 RE Y_KO 181120 プレゼント ギフト","【41】27.5_28.0cm","WHITE/BLACK","X14","Y11",,"0","4","0","-4","村垣 文香"
"2026/09/05 15:41:12","WEB画面","7993771","7993771X15Y11","スニーカー メンズ ブランド 本革 レザー シューズ 靴 メンズ Honour Ovation アナーオベーション ホワイト 白 ブラック 黒 3070 RE Y_KO 181120 プレゼント ギフト","【42】28.5_29.0cm","WHITE/BLACK","X15","Y11",,"0","5","0","-5","村垣 文香"
"2026/09/05 15:41:12","WEB画面","7993771","7993771X16Y11","スニーカー メンズ ブランド 本革 レザー シューズ 靴 メンズ Honour Ovation アナーオベーション ホワイト 白 ブラック 黒 3070 RE Y_KO 181120 プレゼント ギフト","【43】29.5_30.0cm","WHITE/BLACK","X16","Y11",,"0","5","0","-5","村垣 文香"
"2026/09/05 15:41:37","WEB画面","7993770","7993770X11Y11","スニーカー メンズ ブランド 本革 レザー シューズ 靴 メンズ Honour Ovation アナーオベーション ホワイト 白 3070 RE Y_KO 181120 プレゼント ギフト","【38】24.5_25.0cm","WHITE/MULTI","X11","Y11",,"0","5","0","-5","村垣 文香"
"2026/09/05 15:41:37","WEB画面","7993770","7993770X15Y11","スニーカー メンズ ブランド 本革 レザー シューズ 靴 メンズ Honour Ovation アナーオベーション ホワイト 白 3070 RE Y_KO 181120 プレゼント ギフト","【42】28.5_29.0cm","WHITE/MULTI","X15","Y11",,"0","5","0","-5","村垣 文香"
"2026/09/05 15:41:37","WEB画面","7993770","7993770X16Y11","スニーカー メンズ ブランド 本革 レザー シューズ 靴 メンズ Honour Ovation アナーオベーション ホワイト 白 3070 RE Y_KO 181120 プレゼント ギフト","【43】29.5_30.0cm","WHITE/MULTI","X16","Y11",,"0","5","0","-5","村垣 文香"
"2026/09/05 15:42:22","WEB画面","7993768","7993768X11Y11","スニーカー メンズ ブランド 本革 レザー シューズ 靴 メンズ Honour Ovation アナーオベーション ホワイト 白 3070 RE Y_KO 181120 プレゼント ギフト","【38】24.5_25.0cm","WHITE/WHITE","X11","Y11",,"0","2","0","-2","村垣 文香"
"2026/09/05 15:42:22","WEB画面","7993768","7993768X13Y11","スニーカー メンズ ブランド 本革 レザー シューズ 靴 メンズ Honour Ovation アナーオベーション ホワイト 白 3070 RE Y_KO 181120 プレゼント ギフト","【40】26.5_27.0cm","WHITE/WHITE","X13","Y11",,"0","1","0","-1","村垣 文香"
"2026/09/05 15:42:22","WEB画面","7993768","7993768X14Y11","スニーカー メンズ ブランド 本革 レザー シューズ 靴 メンズ Honour Ovation アナーオベーション ホワイト 白 3070 RE Y_KO 181120 プレゼント ギフト","【41】27.5_28.0cm","WHITE/WHITE","X14","Y11",,"0","1","0","-1","村垣 文香"
"2026/09/05 15:42:22","WEB画面","7993768","7993768X15Y11","スニーカー メンズ ブランド 本革 レザー シューズ 靴 メンズ Honour Ovation アナーオベーション ホワイト 白 3070 RE Y_KO 181120 プレゼント ギフト","【42】28.5_29.0cm","WHITE/WHITE","X15","Y11",,"0","4","0","-4","村垣 文香"
"2026/09/05 15:42:22","WEB画面","7993768","7993768X16Y11","スニーカー メンズ ブランド 本革 レザー シューズ 靴 メンズ Honour Ovation アナーオベーション ホワイト 白 3070 RE Y_KO 181120 プレゼント ギフト","【43】29.5_30.0cm","WHITE/WHITE","X16","Y11",,"0","5","0","-5","村垣 文香"
"2026/09/05 15:42:41","WEB画面","7993769","7993769X16Y11","スニーカー メンズ ブランド 本革 レザー シューズ 靴 メンズ Honour Ovation アナーオベーション ホワイト 白 3070 RE Y_KO 181120 プレゼント ギフト","【43】29.5_30.0cm","WHITE/PURPLE","X16","Y11",,"0","5","0","-5","村垣 文香"
"2026/09/05 15:43:14","在庫CSV取込","7988000","7988000X11Y13","【SERGEANT】キャップ 帽子 メンズ レディース 野球帽 ローキャップ ★REV 7988000 Vintage Military プレゼント ギフト 送料無料","ONESIZE","チャコール","X11","Y13",,"0","9","8","-1","星島"
"2026/09/05 15:43:14","在庫CSV取込","7986467","7986467X11Y14","【スタイルに合わせて使える2WAY仕様】ゴムベルト レディース 伸縮 ストライプ ACRHT042 NEK 7986467 2cm幅 フック式 ベルトループ対応 ウエストマーク 選べる4カラー","ONESIZE","オリーブ","X11","Y14",,"0","93","92","-1","星島"
"2026/09/05 15:43:14","在庫CSV取込","7988607","7988607X11Y14","【超絶可愛い】マスク 日本製 フリルマスク レディース 抗菌 防臭 ワイヤー入り UVカット おしゃれ 可愛い 送料無料 エレガント 洗えるマスク NEK 7988607 プレゼント ギフト","ONESIZE","チョコ","X11","Y14",,"0","7","6","-1","星島"
"2026/09/05 15:43:14","在庫CSV取込","7990381","7990381X11Y24","【15柄展開】マスク 洗えるマスク カラーマスク レース メンズ レディース ペイズリー カモフラ 花柄 レオパード柄 新作 15柄展開 ★REV NEK 7990381 プレゼント ギフト","ONESIZE","N","X11","Y24",,"0","183","182","-1","星島"
"2026/09/05 15:43:14","在庫CSV取込","7990381","7990381X11Y18","【15柄展開】マスク 洗えるマスク カラーマスク レース メンズ レディース ペイズリー カモフラ 花柄 レオパード柄 新作 15柄展開 ★REV NEK 7990381 プレゼント ギフト","ONESIZE","H","X11","Y18",,"0","175","174","-1","星島"
"2026/09/05 15:43:14","在庫CSV取込","7990453","7990453X11Y21","【魅せるマスク】マスク カラーマスク ペイズリー 迷彩 カモフラージュ 総柄 おしゃれ かわいい ストレッチ 大人用 14色展開 NEK 7990453 プレゼント ギフト","一般成人用サイズ","迷彩B","X11","Y21",,"0","85","84","-1","星島"
"2026/09/05 15:43:14","在庫CSV取込","7990413","7990413X11Y16","【超おしゃれ】マスク スカーフマスク 送料無料 感染対策 女性 レディース スカーフ マスクスカーフ 花柄 おしゃれ エレガント 防塵 花粉 UVカット 洗える NEK 7990413","ONESIZE","F","X11","Y16",,"0","3","2","-1","星島"
"2026/09/05 15:43:14","在庫CSV取込","7992250","7992250X17Y12","iPhone XS ケース バンカーリング 付き 落ちない シリコン ケース 透明 スケルトン 輪 送料無料 iphone XR ケース iPhone8 ケース iphone XS MAX  iphone X リング付 iPhone7 Plus スマホケース カバー クリア アイフォン アクセサリー NEK ALI 7992250 190715","iPhone_11","ブルー","X17","Y12",,"0","3","2","-1","星島"
"2026/09/05 15:43:14","在庫CSV取込","7987082","7987082X11Y16","【超冷感】アームカバー UPF50＋ UVカット レディース uvカット アームカバー NEK ★REVA 7987082 指先まで 日焼け止め 腕カバー アームカバー uv 冷感 日焼け止め 手袋 アームカバー 日焼け対策 アームカバー 日焼け 冷感 夏 アウトドア 運転 自転車 ゴルフ 送料無料","ONESIZE","ピンク","X11","Y16",,"0","10","9","-1","星島"
"2026/09/05 15:43:14","在庫CSV取込","7992495","7992495X11Y24","ブレスレット バングル メンズ レディース サバイバル パラコード 笛付き リフレクター素材 サバゲー ミリタリー アクセサリー プレゼント 送料無料  NEK ALI 7992495 190707","ONESIZE","N","X11","Y24",,"0","9","8","-1","星島"
"2026/09/05 15:43:14","在庫CSV取込","7992495","7992495X11Y16","ブレスレット バングル メンズ レディース サバイバル パラコード 笛付き リフレクター素材 サバゲー ミリタリー アクセサリー プレゼント 送料無料  NEK ALI 7992495 190707","ONESIZE","F","X11","Y16",,"0","9","8","-1","星島"
"2026/09/05 15:43:14","在庫CSV取込","7988087","7988087X11Y11","安全靴 スニーカー エアウォーク AIR WALK AW-930 7988087 ブルー フレックスフィット ローカット メンズ セーフティシューズ 樹脂先芯 軽量 衝撃吸収 負担軽減 作業靴 オシャレ  かかとが踏める ムレにくい","25.0cm ","ブルー","X11","Y11",,"0","5","4","-1","星島"
"2026/09/05 15:43:14","在庫CSV取込","7986716","7986716X11Y11","【紫外線でプロ級チェック】アニサキスライト UV 紫外線ライト ブラックライト NEK ★REVL 7986716 365nm 充電式 TYPE-C充電  USB 光学レンズ アニサキス検出 生活 食事 釣り 掃除 コンパクト 送料無料","1本","ブラック(TYPE-C)","X11","Y11",,"0","47","46","-1","星島"
"2026/09/05 15:43:14","在庫CSV取込","7987006","7987006X11Y14","【くすみカラー】サファリハット ハット アドベンチャーハット レディース メンズ NEK ★REV 7987006 アウトドア キャンプ 釣り 日焼け止め 速乾 通気性 日よけ 送料無料","ONESIZE","オリーブ","X11","Y14",,"0","0","-1","-1","星島"
"2026/09/05 15:43:14","在庫CSV取込","7987031","7987031X11Y14","【大人気SUNSより当店限定！】ミニトート バッグ レディース メンズ トートバッグ トート NEK ★REVL 7987031 CRB-001 ミニ 仕切り ポケット ランチバッグ マザーズバッグ 収納 ミリタリー MA-1 シンプル おしゃれ 便利 無地 通勤 通学 ユニセックス ジッパー付き 撥水","ONESIZE","ベージュ","X11","Y14",,"0","101","100","-1","星島"
"2026/09/05 15:43:14","在庫CSV取込","7987126","7987126X11Y11","【お得な2個セット】コンパクト ハンディライト 懐中電灯 充電式 LED COB カラビナ ワークライト TYPE-C NEK ★REVL 7987126 USB充電 キャンプ アウトドア 作業灯 防災 現場 送料無料","ONESIZE","2個セット","X11","Y11",,"0","19","18","-1","星島"
"2026/09/05 15:43:14","在庫CSV取込","7990512","7990512X11Y11","リーフ ネックレス レディース ロングネックレス 葉っぱ 大きめ アクセサリー かわいい ナチュラル アンティーク風 プレゼント 贈り物 ギフト NEK 7990512 プレゼント ギフト","ONESIZE","ライトブラウン","X11","Y11",,"0","14","13","-1","星島"
"2026/09/05 15:43:14","在庫CSV取込","7987485","7987485X11Y11","【特大】トートバッグ 大きめ メンズ レディース Military バッグ ★REV 7987485 撥水 MA-1 旅行 アウトドア キャンプ ジムバッグ プレゼント プチギフト 送料無料","ONESIZE","ブラック","X11","Y11",,"0","7","6","-1","星島"
"2026/09/05 15:43:14","在庫CSV取込","7987591","7987591X11Y11","【16色変化 リモコン付】LED ライト テーブルライト 充電式 インテリアライト 電球 クリスタル ダイヤモンド 間接照明 ★REV 7987591 テーブルランプ デスク スタンドライト タッチ Type-c USB デスクライト おしゃれ リビング 寝室 フロアライト ムードライト","ONESIZE","クリア","X11","Y11",,"0","28","27","-1","星島"
"2026/09/05 15:43:14","在庫CSV取込","9009978","9009978X11Y3","帽子 メンズ AVIREX アビレックス 送料無料 キャップ 父の日 プレゼント 贈り物 ニットキャップ メッシュキャップ 大きいサイズ レディース ディッキーズ ローキャップ ワークキャップ ハット ハンチング おしゃれ ロゴ 刺繍 プリント アメカジ HYPE 通販 yos ギフト","K","-3","X11","Y3",,"0","13","12","-1","星島"
"2026/09/05 15:43:14","在庫CSV取込","9009978","9009978X15Y4","帽子 メンズ AVIREX アビレックス 送料無料 キャップ 父の日 プレゼント 贈り物 ニットキャップ メッシュキャップ 大きいサイズ レディース ディッキーズ ローキャップ ワークキャップ ハット ハンチング おしゃれ ロゴ 刺繍 プリント アメカジ HYPE 通販 yos ギフト","O","-4","X15","Y4",,"0","6","5","-1","星島"
"2026/09/05 15:43:14","在庫CSV取込","7988248","7988248X11Y11","リュック メンズ レディース 防水 防災リュック 避難 スポーツ 軽量 リュックサック 32L ★REV 7988248 バックパック デイパック アウトドア キャンプ ジム 登山 散歩  送料無料","ONESIZE","ブルー","X11","Y11",,"0","91","90","-1","星島"
"2026/09/05 15:43:14","在庫CSV取込","7987924","7987924X11Y16","【蒸れない 通気性抜群】メッシュキャップ 帽子 キャップ メンズ レディース アウトドア キャンプ ゴルフ ランニング ★REV 7987924","ONESIZE","ネイビー","X11","Y16",,"0","0","-1","-1","星島"
"2026/09/05 15:43:14","在庫CSV取込","7995363","7995363X2Y3","安全靴 鋼鉄先芯 スニーカー ブーツ シューズ メンズ 父の日 贈り物 プレゼント セーフティーシューズ 耐油 防滑 ブラック 黒 7995363 作業用 作業靴 おしゃれ かっこいい ハイカット 釘踏み抜き防止 靴 紐靴 レースアップ ALI プレゼント ギフト","25.5cm","C_7991146","X2","Y3",,"0","13","12","-1","星島"
"2026/09/05 15:43:14","在庫CSV取込","9009978","9009978X20Y1","帽子 メンズ AVIREX アビレックス 送料無料 キャップ 父の日 プレゼント 贈り物 ニットキャップ メッシュキャップ 大きいサイズ レディース ディッキーズ ローキャップ ワークキャップ ハット ハンチング おしゃれ ロゴ 刺繍 プリント アメカジ HYPE 通販 yos ギフト","T","-1","X20","Y1",,"0","11","10","-1","星島"
"2026/09/05 15:43:14","在庫CSV取込","7988610","7988610X11Y13","【おまけ付き】タックルボックス ルアーケース 釣り具ケース 収納 防水 タックルケース 釣り ワームケース ケース 釣り針 シンカー フライボックス 7988610 プレゼント ギフト","中","グレー","X11","Y13",,"0","21","20","-1","星島"
"2026/09/05 15:43:14","在庫CSV取込","7995363","7995363X5Y3","安全靴 鋼鉄先芯 スニーカー ブーツ シューズ メンズ 父の日 贈り物 プレゼント セーフティーシューズ 耐油 防滑 ブラック 黒 7995363 作業用 作業靴 おしゃれ かっこいい ハイカット 釘踏み抜き防止 靴 紐靴 レースアップ ALI プレゼント ギフト","27.0cm","C_7991146","X5","Y3",,"0","6","5","-1","星島"
"2026/09/05 15:44:10","WEB画面","7986726","7986726X11Y12","光る靴 アニア 恐竜 スニーカー アニマルアドベンチャー キッズ 靴 メッシュ 通気性 Y_KO 510H07 510H08 510H09 ★REV 7986726 男の子 子ども こども 靴 くつ 子供靴 シューズ 男児 女児 モササウルス トリケラトプス ヴェロキラプトル ホホジロザメ ダイナソー","15.0cm","510H08-ブルー","X11","Y12",,"0","20","0","-20","村垣 文香"
"2026/09/05 15:44:10","WEB画面","7986726","7986726X12Y12","光る靴 アニア 恐竜 スニーカー アニマルアドベンチャー キッズ 靴 メッシュ 通気性 Y_KO 510H07 510H08 510H09 ★REV 7986726 男の子 子ども こども 靴 くつ 子供靴 シューズ 男児 女児 モササウルス トリケラトプス ヴェロキラプトル ホホジロザメ ダイナソー","16.0cm","510H08-ブルー","X12","Y12",,"0","30","0","-30","村垣 文香"
"2026/09/05 15:44:10","WEB画面","7986726","7986726X13Y12","光る靴 アニア 恐竜 スニーカー アニマルアドベンチャー キッズ 靴 メッシュ 通気性 Y_KO 510H07 510H08 510H09 ★REV 7986726 男の子 子ども こども 靴 くつ 子供靴 シューズ 男児 女児 モササウルス トリケラトプス ヴェロキラプトル ホホジロザメ ダイナソー","17.0cm","510H08-ブルー","X13","Y12",,"0","27","0","-27","村垣 文香"
"2026/09/05 15:44:10","WEB画面","7986726","7986726X14Y12","光る靴 アニア 恐竜 スニーカー アニマルアドベンチャー キッズ 靴 メッシュ 通気性 Y_KO 510H07 510H08 510H09 ★REV 7986726 男の子 子ども こども 靴 くつ 子供靴 シューズ 男児 女児 モササウルス トリケラトプス ヴェロキラプトル ホホジロザメ ダイナソー","18.0cm","510H08-ブルー","X14","Y12",,"0","29","0","-29","村垣 文香"
"2026/09/05 15:44:36","WEB画面","7986724","7986724X11Y11","光る靴 プラレール 靴 つばさ 男の子 ピカピカ光る キッズスニーカー キッズ Y_KO 163H28 ★REV 7986724 マジック キッズスニーカー 子供靴 サイドがキラキラ光る LED光る 新幹線 鉄道 トミカ キッズシューズ","15.0cm","パープル","X11","Y11",,"0","20","0","-20","村垣 文香"
"2026/09/05 15:44:36","WEB画面","7986724","7986724X12Y11","光る靴 プラレール 靴 つばさ 男の子 ピカピカ光る キッズスニーカー キッズ Y_KO 163H28 ★REV 7986724 マジック キッズスニーカー 子供靴 サイドがキラキラ光る LED光る 新幹線 鉄道 トミカ キッズシューズ","16.0cm","パープル","X12","Y11",,"0","20","0","-20","村垣 文香"
"2026/09/05 15:44:36","WEB画面","7986724","7986724X13Y11","光る靴 プラレール 靴 つばさ 男の子 ピカピカ光る キッズスニーカー キッズ Y_KO 163H28 ★REV 7986724 マジック キッズスニーカー 子供靴 サイドがキラキラ光る LED光る 新幹線 鉄道 トミカ キッズシューズ","17.0cm","パープル","X13","Y11",,"0","30","0","-30","村垣 文香"
"2026/09/05 15:48:17","受注取込","7987151","7987151X11Y12","【多面カットで綺麗】天然石 ブレスレット パワーストーン レディース NEK ★REV 7987151 アクセサリー プレゼント ギフト 厄除け 運気 アップ 送料無料","ONESIZE","B_ストロベリークオーツ","X11","Y12",,"0","13","12","-1",
"2026/09/05 15:50:17","WEB画面","7986721","7986721X11Y11","【ダメージ加工がCOOL】帽子 キャップ Vintage メンズ レディース くすみカラー ★REVL 7986721 こなれ感 深め しっかり素材 送料無料","ONESIZE","ブラック","X11","Y11",,"0","30","25","-5","大木 望"
"2026/09/05 15:51:17","受注取込","7988386","7988386X11Y11","【高輝度・省電力】LED 卓上 ライト 間接照明 おしゃれ テーブルランプ 北欧 ベッドライト ★REV 7988386 照明 ランプ 一人暮らし ナイトランプ ムードランプ インテリア 雑貨 スタンドライト フロアライト ベッドサイド ルームライト 寝室 usb 電気スタンド フロアランプ","ONESIZE","アイボリー","X11","Y11",,"0","186","185","-1",
"2026/09/05 15:51:17","受注取込","7988215","7988215X17Y13","【とにかくデカい！】 大きいサイズ キャップ メッシュキャップ 送料無料 大きめ ビッグサイズ BIG SIZE ★REV 7988215 <br> 帽子 ハット キャップ ワークキャップ メンズキャップ 大きいサイズ バケット 大きい帽子 メンズ バケハ メンズ帽子 大きい 頭 メッシュ 全39カラー","GG","3","X17","Y13",,"0","52","51","-1",
"2026/09/05 15:52:21","受注取込","7987493","7987493X11Y12","【楽あけくん】 瓶オープナー 缶オープナー キャップオープナー 蓋開け ジャーオープナー NEK ★REV 7987493 ツイスト 力節約 びん蓋開け ジャムのフタや缶 滑り止め 安全 らくらく 力の弱い 女性 お年寄り お子様 キッチンツール キッチン用品 送料無料","ONESIZE","グリーン","X11","Y12",,"0","27","26","-1",
"2026/09/05 15:52:22","WEB画面","7986462","7986462X11Y14","【デカい深い】キャップ メンズ レディース 大きいサイズ 深め 帽子 ★REVL 7986462  コットン100% 59cm?65cm ビッグサイズ ロングバイザー 8cm 深い ベースボールキャップ サイズ調整 おしゃれ 春 夏 秋 冬 男女兼用 ブラック ネイビー チャコール アイボリー 黒 送料無料","ONESIZE","アイボリー","X11","Y14",,"0","16","13","-3","大木 望"
"2026/09/05 15:52:22","WEB画面","7986462","7986462X11Y15","【デカい深い】キャップ メンズ レディース 大きいサイズ 深め 帽子 ★REVL 7986462  コットン100% 59cm?65cm ビッグサイズ ロングバイザー 8cm 深い ベースボールキャップ サイズ調整 おしゃれ 春 夏 秋 冬 男女兼用 ブラック ネイビー チャコール アイボリー 黒 送料無料","ONESIZE","ブラック×ホワイト","X11","Y15",,"0","14","11","-3","大木 望"
"2026/09/05 15:53:20","WEB画面","7996231","7996231X1Y1","本革 レザー 中折れハット ハット 帽子 メンズ 大きいサイズあり 7996231 ブラック/黒 新品 プレゼント ギフト","普通サイズ","ブラック","X1","Y1",,"0","13","10","-3","大木 望"
"2026/09/05 15:55:22","WEB画面","7986989","7986989X11Y11","【本革/特価/16色展開】本革 ショルダーバッグ ポーチ レディース ミニショルダーバッグ NEK ★REV 7986989 斜めがけ お財布 ショルダー お財布バッグ 送料無料","ONESIZE","イエロー","X11","Y11",,"0","14","12","-2","大木 望"
"2026/09/05 15:55:22","WEB画面","7986989","7986989X11Y23","【本革/特価/16色展開】本革 ショルダーバッグ ポーチ レディース ミニショルダーバッグ NEK ★REV 7986989 斜めがけ お財布 ショルダー お財布バッグ 送料無料","ONESIZE","キャメル","X11","Y23",,"0","37","35","-2","大木 望"
"2026/09/05 15:55:22","WEB画面","7986989","7986989X11Y25","【本革/特価/16色展開】本革 ショルダーバッグ ポーチ レディース ミニショルダーバッグ NEK ★REV 7986989 斜めがけ お財布 ショルダー お財布バッグ 送料無料","ONESIZE","ホワイト","X11","Y25",,"0","27","25","-2","大木 望"
"2026/09/05 15:55:59","受注取込","7988391","7988391X11Y13","【おまけ付き 速攻配達】テント ワンタッチ 2人用 1人用 2-3人用 折りたたみテント ★REV 7988391 自動ポップアップテント 撥水加工 紫外線防止 登山 折りたたみ 防水 通気性 アウトドア 登山 運動会 日よけ キャンプ サンシェード uvカット 簡単 アウトドア バーベキュー","ONESIZE","グリーン","X11","Y13",,"0","16","15","-1",
"2026/09/05 15:56:42","受注取込","8000345","8000345X11Y14","栃木レザー 長財布 本革 レザー 日本製 メンズ レディース ★REV 8000345 TDSG-1008【P2】 職人技 無地 5色展開 プレゼント ギフト","ONESIZE","オレンジ","X11","Y14",,"0","3","2","-1",
"2026/09/05 16:00:35","WEB画面","7988044","7988044X11Y11","ショルダーバッグ メンズ ワンショルダー 斜め掛け ★REV 7988044 おしゃれバッグ Vintage 斜めがけ メンズボディバック かっこいい ボディバッグ レザー ワンショルダーバッグ カバン 鞄 かばん レザー調 メンズバッグ 斜めがけ メンズショルダーバック 散歩 送料無料","ONESIZE","A_ブラック","X11","Y11",,"0","28","26","-2","大木 望"
"2026/09/05 16:02:00","WEB画面","7990413","7990413X11Y16","【超おしゃれ】マスク スカーフマスク 送料無料 感染対策 女性 レディース スカーフ マスクスカーフ 花柄 おしゃれ エレガント 防塵 花粉 UVカット 洗える NEK 7990413","ONESIZE","F","X11","Y16",,"0","2","7","5","星島"
"2026/09/05 16:03:37","WEB画面","7986804","7986804X11Y11","【シンプル/おしゃれ/年中大活躍】ワッチキャップ スラウチビーニー ニット帽 ニットキャップ 帽子 NEK ★REV 7986804 無地 ワッチ メンズ レディース ユニセックス 送料無料","ONESIZE","グレー","X11","Y11",,"0","19","16","-3","大木 望"
"2026/09/05 16:03:37","WEB画面","7986804","7986804X11Y13","【シンプル/おしゃれ/年中大活躍】ワッチキャップ スラウチビーニー ニット帽 ニットキャップ 帽子 NEK ★REV 7986804 無地 ワッチ メンズ レディース ユニセックス 送料無料","ONESIZE","オフホワイト","X11","Y13",,"0","20","15","-5","大木 望"
"2026/09/05 16:04:51","受注取込","7988215","7988215X31Y12","【とにかくデカい！】 大きいサイズ キャップ メッシュキャップ 送料無料 大きめ ビッグサイズ BIG SIZE ★REV 7988215 <br> 帽子 ハット キャップ ワークキャップ メンズキャップ 大きいサイズ バケット 大きい帽子 メンズ バケハ メンズ帽子 大きい 頭 メッシュ 全39カラー","UU","2","X31","Y12",,"0","9","8","-1",
"2026/09/05 16:09:31","受注取込","7987598","7987598X11Y13","【8bits】ペン型 ドライバー 精密ドライバー ドライバーセット NEK ★REV 7987598 工具 DIY プラス マイナス 8in1 送料無料","ワンサイズ","シルバー","X11","Y13",,"0","120","119","-1",
"2026/09/05 16:09:31","受注取込","7987598","7987598X11Y11","【8bits】ペン型 ドライバー 精密ドライバー ドライバーセット NEK ★REV 7987598 工具 DIY プラス マイナス 8in1 送料無料","ワンサイズ","ブラック","X11","Y11",,"0","101","100","-1",
"2026/09/05 16:09:31","受注取込","7987678","7987678X12Y14","【洗濯可能】トレーニンググローブ 手袋 筋トレ 筋トレグローブ メンズ レディース 指無し NEK ★REV 7987678 ウェイトリフティング 防滑 クッション性 伸びる 洗濯OK バーベル サイクリング ヨガ グリップ","M","B-ブラック","X12","Y14",,"0","45","44","-1",
"2026/09/05 16:10:00","WEB画面","7987004","7987004X11Y11","ショルダーバッグ トートバッグ メンズ レディース Military ★REV 7987004 ミリタリー バッグ 軽量 撥水 MA-1 送料無料","ONESIZE","ブラック","X11","Y11",,"0","-1","0","1","大木 望"
"2026/09/05 16:10:00","WEB画面","7987004","7987004X11Y12","ショルダーバッグ トートバッグ メンズ レディース Military ★REV 7987004 ミリタリー バッグ 軽量 撥水 MA-1 送料無料","ONESIZE","オリーブ","X11","Y12",,"0","-1","0","1","大木 望"
"2026/09/05 16:11:31","受注取込","7987236","7987236X11Y11","【最強の白と黒】XTOKYO スニーカー メンズ X-tokyo 軽量 軽い Y_KO 3040 ★REV 7987236 通学 通勤 運動靴 靴 スポーツシューズ ウォーキング カジュアル かっこいい おしゃれ 25.5cm 26cm 26.5cm 27cm 28cm 3040 白 黒 ホワイト ブラック WHITE BLACK","25.5cm","ブラック","X11","Y11",,"0","19","17","-2",
"2026/09/05 16:12:20","受注取込","7986799","7986799X11Y11","【なんと！5股/データー転送OK】type-c ケーブル 新型iphone/IQOS対応 充電ケーブル NEK ★REVL 7986799 スマホケーブル 1.5m USB A→Type-C×3 充電ケーブル 5in1 急速 スマホ アクセサリー送料無料","ONESIZE","ブラック","X11","Y11",,"0","6","5","-1",
"2026/09/05 16:13:23","WEB画面","7986681","7986681X11Y13","【クロシェ編み】バケットハット ハット 帽子 レディース 麻素材 ジュート NEK ★REVM 7986681 おしゃれ 無地 シンプル リゾート 夏のUV対策 送料無料","ONESIZE","ブラウン","X11","Y13",,"0","24","21","-3","大木 望"
"2026/09/05 16:14:33","WEB画面","7988106","7988106X11Y11","【もりもり育つ】植物育成ライト LED クリップ スタンド 植物育成 観葉植物 ★REV 7988106 多肉植物育成 育成ライト 植物 ライト 80LED 40W 室内栽培 水耕栽培 野菜工場 ledライト 3モード調色 9段階調光 360度調整 タイマー機能 梅雨時期 冬 日照不足解消 省エネ USB電源式","ONESIZE","ブラック","X11","Y11",,"0","26","21","-5","大木 望"
"2026/09/05 16:17:35","WEB画面","7987120","7987120X11Y11","【大きめ オールシーズン対応 小顔効果】ニット帽 ニットキャップ ルーズ ワッチ NEK ★REV 7987120 レディース メンズ ワッチキャップ ビーニー 送料無料","ONESIZE","ブラック","X11","Y11",,"0","13","11","-2","大木 望"
"2026/09/05 16:17:47","受注取込","7986597","7986597X11Y11","【目元リラックス！高純度テラヘルツ】高純度 テラヘルツ アイマスク NEK ★REVL 7986597 重さ150g・包み込む美容ケア・リラクゼーション用 健康 テラヘルツ波 パワーストーン 天然石 アクセサリー プレゼント ギフト プチギフト 母の日 父の日 送料無料","アイマスク","メタリッククローム","X11","Y11",,"0","2","1","-1",
"2026/09/05 16:19:15","WEB画面","7992495","7992495X11Y25","ブレスレット バングル メンズ レディース サバイバル パラコード 笛付き リフレクター素材 サバゲー ミリタリー アクセサリー プレゼント 送料無料  NEK ALI 7992495 190707","ONESIZE","O","X11","Y25",,"0","7","5","-2","大木 望"
"2026/09/05 16:20:29","受注取込","7986752","7986752X11Y12","収納 サンバイザーホルダー マルチ 車 カーポケット ドライブポケット NEK ★REVL 7986752 おしゃれ サンバイザー ポケット カー用品 収納 カー用品 ペン カードポケット 収納ホルダー サングラスホルダー 車 眼鏡ホルダー カーアクセサリー 送料無料","ONESIZE","グレー","X11","Y12",,"0","25","24","-1",
"2026/09/05 16:21:13","WEB画面","7987084","7987084X11Y11","【くすみカラー 10色展開】深め 大きいサイズ 普通サイズ 帽子 キャップ メンズ レディース ★REV 7987084 Vintage 無地 シンプル おしゃれ 送料無料","普通サイズ","ブラック","X11","Y11",,"0","24","22","-2","大木 望"
"2026/09/05 16:21:13","WEB画面","7987084","7987084X12Y12","【くすみカラー 10色展開】深め 大きいサイズ 普通サイズ 帽子 キャップ メンズ レディース ★REV 7987084 Vintage 無地 シンプル おしゃれ 送料無料","大きいサイズ","グレー","X12","Y12",,"0","19","17","-2","大木 望"
"2026/09/05 16:22:48","受注取込","7994812","7994812X11Y12","サファリハット メンズ 釣り 帽子 ハット レディース SUNS(サンズ)  撥水 アウトドア 登山 キャンプ バーベキュー NEK ★REV H-051 H-053 送料無料 大きいサイズあり キッズサイズ 子供 UVカット アドベンチャーハット 父の日 プレゼント ユニセックス 春 夏 夏フェス ギフト","普通サイズ","BLACK(H_051)","X11","Y12",,"0","44","42","-2",
"2026/09/05 16:23:47","WEB画面","7986975","7986975X11Y13","【万能マルチカバー】ソファーカバー 2人掛け 3人掛け 1人掛け ブランケット ひざ掛け 大判 ★REV 7986975 北欧 マルチカバー キャンプ フリンジ付き  母の日 父の日 ギフト プレゼント 送料無料","90×90","ブルーグレー","X11","Y13",,"0","26","25","-1","大木 望"
"2026/09/05 16:23:47","WEB画面","7986975","7986975X14Y11","【万能マルチカバー】ソファーカバー 2人掛け 3人掛け 1人掛け ブランケット ひざ掛け 大判 ★REV 7986975 北欧 マルチカバー キャンプ フリンジ付き  母の日 父の日 ギフト プレゼント 送料無料","180×340","ブラック","X14","Y11",,"0","22","21","-1","大木 望"
"2026/09/05 16:24:31","受注取込","7987409","7987409X11Y11","【130cm 大きいサイズ対応】本革 床革 ベルト メンズ 130cm NEK ★REV 7987409 大きいサイズ対応 シンセティックレザー ビジネスベルト カジュアルベルト 父の日 送料無料","ONESIZE","ブラックA","X11","Y11",,"0","57","56","-1",
"2026/09/05 16:24:31","受注取込","7987400","7987400X11Y14","【とにかくデカい！/普通サイズあり！】キャップ メンズ 大きいサイズ 帽子 深め ビッグサイズ ★REVM 7987400 BIG SIZE メンズキャップ帽子 大きめ 大きい帽子 メンズ帽子 レディース 春 夏 春夏 プレゼント ギフト 母の日 父の日 送料無料","大きいサイズ","D-ネイビー","X11","Y14",,"0","59","58","-1",
"2026/09/05 16:26:47","受注取込","7987827","7987827X11Y11","【抗酸化食品】枇杷の種 2kg アミグダリン びわ 種 びわのたね 種 冷凍 びわの種 びわの種粉末 IRK ビワの種 枇杷種 びわ アミグダリン 琵琶の種 琵琶の種 送料無料","びわの種","2kg","X11","Y11",,"0","56","54","-2",
"2026/09/05 16:34:31","受注取込","7987515","7987515X14Y15","【選べる6柄×3サイズ】ネックレス チェーン メンズ レディース NEK ★REV 7987515 サージカルステンレス316L 50cm 60cm 70cm シンプル おしゃれ プレゼント プチギフト バレンタイン クリスマス 送料無料","80cm","E","X14","Y15",,"0","15","14","-1",
"2026/09/05 16:39:53","WEB画面","7986751","7986751X11Y11","【グリップ力効果/洗濯可能】トレーニンググローブ 手袋 筋トレ 筋トレグローブ NEK ★REV 7986751 レディース メンズ ジム手袋 指無し ウェイトリフティング 防滑 クッション性 伸びる 洗濯OK バーベル サイクリング ヨガ グリップ 衝撃吸収 通気性 送料無料","S","ピンク","X11","Y11",,"0","14","13","-1","大木 望"
"2026/09/05 16:39:53","WEB画面","7986751","7986751X11Y12","【グリップ力効果/洗濯可能】トレーニンググローブ 手袋 筋トレ 筋トレグローブ NEK ★REV 7986751 レディース メンズ ジム手袋 指無し ウェイトリフティング 防滑 クッション性 伸びる 洗濯OK バーベル サイクリング ヨガ グリップ 衝撃吸収 通気性 送料無料","S","グレー","X11","Y12",,"0","12","11","-1","大木 望"
"2026/09/05 16:39:53","WEB画面","7986751","7986751X12Y11","【グリップ力効果/洗濯可能】トレーニンググローブ 手袋 筋トレ 筋トレグローブ NEK ★REV 7986751 レディース メンズ ジム手袋 指無し ウェイトリフティング 防滑 クッション性 伸びる 洗濯OK バーベル サイクリング ヨガ グリップ 衝撃吸収 通気性 送料無料","M","ピンク","X12","Y11",,"0","11","10","-1","大木 望"
"2026/09/05 16:39:53","WEB画面","7986751","7986751X12Y13","【グリップ力効果/洗濯可能】トレーニンググローブ 手袋 筋トレ 筋トレグローブ NEK ★REV 7986751 レディース メンズ ジム手袋 指無し ウェイトリフティング 防滑 クッション性 伸びる 洗濯OK バーベル サイクリング ヨガ グリップ 衝撃吸収 通気性 送料無料","M","ブラック","X12","Y13",,"0","22","21","-1","大木 望"
"2026/09/05 16:39:53","WEB画面","7986751","7986751X12Y14","【グリップ力効果/洗濯可能】トレーニンググローブ 手袋 筋トレ 筋トレグローブ NEK ★REV 7986751 レディース メンズ ジム手袋 指無し ウェイトリフティング 防滑 クッション性 伸びる 洗濯OK バーベル サイクリング ヨガ グリップ 衝撃吸収 通気性 送料無料","M","パステル","X12","Y14",,"0","9","8","-1","大木 望"
"2026/09/05 16:40:40","WEB画面","7986529","7986529X11Y11","【お得な3本セット】プロテインシェイカー 500ml ステンレスボール付き ★REVL 7986529 ダマにならない 密閉防漏 持ち運び便利 食洗機対応 フィットネス・筋トレ用 食品等試験検査済 送料無料","3本セット","ブラック","X11","Y11",,"0","107","102","-5","大木 望"
"2026/09/05 16:40:48","受注取込","7992723","7992723X14Y11","お得！ 送料無料 4枚入り 福袋 Dickies ディッキーズ ボクサーパンツ メンズ かわいい NEK ★REV <br> パンツ ボクサーパンツ セット メンズ下着 メンズボクサーパンツ メンズボクサー 大きいサイズ 大きめ 特大 3L 下着 インナー メンズ usa まとめ買い プレゼント ギフト","3L","福袋4枚セット","X14","Y11",,"0","86","85","-1",
"2026/09/05 16:43:31","受注取込","7988163","7988163X11Y11","【錆びないチタン】メンズブレスレット ブレスレット メンズ つけっぱなし NEK ★REV 7988163 チタン ブレスレット ワイヤーブレスレット シンプル バングル おしゃれ 送料無料 シルバー ゴールド ブラック","ONESIZE","シルバー","X11","Y11",,"0","9","8","-1",
"2026/09/05 16:46:30","受注取込","7987065","7987065X16Y11","【衝撃に強い】安全靴 スニーカー エアウォーク ミッドカット ハイカット ミドルカット AIR WALK AW-970 AW-980 Y_YU ★REV 7987065 メンズ おしゃれ 耐滑底 樹脂先芯 超軽量 マジックテープ セーフティシューズ 作業靴","28.0cm","AW-970_BLACK","X16","Y11",,"0","54","53","-1",
"2026/09/05 16:46:30","受注取込","7987065","7987065X16Y12","【衝撃に強い】安全靴 スニーカー エアウォーク ミッドカット ハイカット ミドルカット AIR WALK AW-970 AW-980 Y_YU ★REV 7987065 メンズ おしゃれ 耐滑底 樹脂先芯 超軽量 マジックテープ セーフティシューズ 作業靴","28.0cm","AW-980_WHITE","X16","Y12",,"0","72","71","-1",
"2026/09/05 16:47:39","受注取込","7987846","7987846X11Y13","【大容量】ボディバッグ バッグ メンズ レディース タクティカル 斜めがけバッグ ★REV 7987846 ショルダー ワンショルダー ミリタリー プレゼント ギフト 父の日 Ipad 送料無料","ONESIZE","ブラックカモ","X11","Y13",,"0","2","1","-1",
"2026/09/05 16:52:01","受注取込","7987475","7987475X11Y12","【防犯】護身用 タクティカルスティック 防災グッズ 熊対策グッズ クマ対策 タクティカルペン キーホルダー 女性 キーリング NEK ★REVM 7987475 棒 車 ガラス 防災 災害 車内 軽量 不審者 痴漢 痴漢対策 武器 護身グッズ 自己防衛 コンパクト 非常時 バッググリップ","ONESIZE","シルバー","X11","Y12",,"0","75","74","-1",
"2026/09/05 16:52:13","WEB画面","7986572","7986572X11Y25","【新型/IQOS イルマ i ワン用】アイコス イルマiワン ILUMA ケース 保護ケース NEK ★REVL 7986572 iqosイルマワン イルマワンカバー 耐衝撃 おしゃれ iqos iluma one 専用 IQOSイルマワン保護ケース レザー ヒョウ柄 ペイズリー 保護カバー アイコスケース アクセサリー 送料無料","イルマiワン","69","X11","Y25",,"0","0","2","2","村垣 文香"
"2026/09/05 16:53:31","WEB画面","7986572","7986572X11Y44","【新型/IQOS イルマ i ワン用】アイコス イルマiワン ILUMA ケース 保護ケース NEK ★REVL 7986572 iqosイルマワン イルマワンカバー 耐衝撃 おしゃれ iqos iluma one 専用 IQOSイルマワン保護ケース レザー ヒョウ柄 ペイズリー 保護カバー アイコスケース アクセサリー 送料無料","イルマiワン","88","X11","Y44",,"0","0","1","1","村垣 文香"
"2026/09/05 16:57:51","WEB画面","7992099","7992099X11Y14","アンクレット メンズ レディース 手作り 送料無料 つけっぱなし お守り アンク アクセサリー シルバー ターコイズ NEK ALI ★REV 7992099 190813 プレゼント ギフト","ONESIZE","樹木","X11","Y14",,"0","0","2","2","村垣 文香"
"2026/09/05 16:59:42","WEB画面","7987137","7987137X11Y11","【最安値に挑戦 日本製】GEVAERT ゲバルト ベルト YKK社製 軽量バックル使用 35mm幅 NEK ★REV 7987137 ゴムベルト GVT-1062 1063 1064 1011 1048 無地 カモフラ柄 ベルギー生地使用 日本製 メンズ レディース カジュアル 入学 卒業 通勤 通学 送料無料","ONESIZE","A","X11","Y11",,"0","0","1","1","村垣 文香"
"2026/09/05 17:01:04","WEB画面","7987616","7987616X11Y11","【バッグを汚さない！お得な2個入】バッグフック バッグハンガー デスク 便利 NEK ★REV 7987616 おしゃれ グッズ アイデア フック 机 テーブル グック ハンガー 防犯 メンズ レディース 荷物かけ カバン掛け プチギフト プレゼント LTG 送料無料","ONESIZE","ブラック/ワイン","X11","Y11",,"0","0","15","15","村垣 文香"
"2026/09/05 17:03:31","受注取込","7986716","7986716X11Y11","【紫外線でプロ級チェック】アニサキスライト UV 紫外線ライト ブラックライト NEK ★REVL 7986716 365nm 充電式 TYPE-C充電  USB 光学レンズ アニサキス検出 生活 食事 釣り 掃除 コンパクト 送料無料","1本","ブラック(TYPE-C)","X11","Y11",,"0","46","45","-1",
"2026/09/05 17:03:31","受注取込","7987892","7987892X12Y17","【深めのシルエット】メッシュキャップ キャップ 帽子 メンズ レディース 大きいサイズ 普通サイズ ★REV 7987892","大きいサイズ","G","X12","Y17",,"0","3","2","-1",
"2026/09/05 17:03:31","受注取込","7987892","7987892X12Y11","【深めのシルエット】メッシュキャップ キャップ 帽子 メンズ レディース 大きいサイズ 普通サイズ ★REV 7987892","大きいサイズ","A","X12","Y11",,"0","10","9","-1",
"2026/09/05 17:03:47","受注取込","7987345","7987345X20Y11","【とにかくデカい！】 大きいサイズ キャップ 送料無料 大きめ ビッグサイズ ★REV 7987345 BIG SIZE 帽子 ハット キャップ キャスケット メンズキャップ 大きいサイズ バケット 大きい帽子 メンズ メンズ帽子 大きい 頭 メッシュキャップ","JJJ","1","X20","Y11",,"0","32","31","-1",
"2026/09/05 17:03:47","受注取込","7987345","7987345X15Y13","【とにかくデカい！】 大きいサイズ キャップ 送料無料 大きめ ビッグサイズ ★REV 7987345 BIG SIZE 帽子 ハット キャップ キャスケット メンズキャップ 大きいサイズ バケット 大きい帽子 メンズ メンズ帽子 大きい 頭 メッシュキャップ","EEE","3","X15","Y13",,"0","20","19","-1",
"2026/09/05 17:04:18","WEB画面","7992099","7992099X11Y12","アンクレット メンズ レディース 手作り 送料無料 つけっぱなし お守り アンク アクセサリー シルバー ターコイズ NEK ALI ★REV 7992099 190813 プレゼント ギフト","ONESIZE","イカリ","X11","Y12",,"0","1","7","6","村垣 文香"
"2026/09/05 17:04:42","WEB画面","7992099","7992099X11Y16","アンクレット メンズ レディース 手作り 送料無料 つけっぱなし お守り アンク アクセサリー シルバー ターコイズ NEK ALI ★REV 7992099 190813 プレゼント ギフト","ONESIZE","カメ","X11","Y16",,"0","0","1","1","村垣 文香"
"2026/09/05 17:05:26","受注取込","7990405","7990405X11Y13","リュックチェア 折りたたみ 椅子 リュックサック 保冷バッグ 保温 アウトドア 行列 運動会 キャンプ バーベキュー ミリタリー 送料無料 ★REV 7990405 椅子付き 座れるリュック リュック 持ち運び 保冷リュック 携帯椅子 携帯イス 折りたたみチェア イス 椅子 折り畳みチェア","ONESIZE","カモフラ","X11","Y13",,"0","27","26","-1",
"2026/09/05 17:07:48","受注取込","7987400","7987400X11Y14","【とにかくデカい！/普通サイズあり！】キャップ メンズ 大きいサイズ 帽子 深め ビッグサイズ ★REVM 7987400 BIG SIZE メンズキャップ帽子 大きめ 大きい帽子 メンズ帽子 レディース 春 夏 春夏 プレゼント ギフト 母の日 父の日 送料無料","大きいサイズ","D-ネイビー","X11","Y14",,"0","58","57","-1",
"2026/09/05 17:09:17","受注取込","7987102","7987102X11Y11","【4/13より発送 待望の入荷!!売切れ必至】ちいかわ ネクタイ 人気 うさぎ ハチワレ モモンガ くりまんじゅう あのこ 三ツ星 討伐 NEK 7987102 ギフト チェック 格子 ストライプ ドット 星 ビジネス シャツ スーツ オシャレ 誕生日 プレゼント 就職 父の日","ONESIZE","A-流れ星柄 ネイビー系","X11","Y11",,"0","9","8","-1",
"2026/09/05 17:10:19","受注取込","7988044","7988044X11Y23","ショルダーバッグ メンズ ワンショルダー 斜め掛け ★REV 7988044 おしゃれバッグ Vintage 斜めがけ メンズボディバック かっこいい ボディバッグ レザー ワンショルダーバッグ カバン 鞄 かばん レザー調 メンズバッグ 斜めがけ メンズショルダーバック 散歩 送料無料","ONESIZE","M_ブラック","X11","Y23",,"0","29","28","-1",
"2026/09/05 17:23:30","受注取込","8003102","8003102X13Y12","やみつきになる！ ストレッチ AVIREX アビレックス Tシャツ メンズ ★REV NEK 6143501 6143502 Vネック クルーネック 半袖 プレゼント ギフト","Vネック_グレー_014","Mサイズ","X13","Y12",,"0","1","0","-1",
"2026/09/05 17:23:30","受注取込","8003102","8003102X12Y12","やみつきになる！ ストレッチ AVIREX アビレックス Tシャツ メンズ ★REV NEK 6143501 6143502 Vネック クルーネック 半袖 プレゼント ギフト","Vネック_ブラック_009","Mサイズ","X12","Y12",,"0","2","0","-2",
"2026/09/05 17:23:30","受注取込","8003102","8003102X11Y12","やみつきになる！ ストレッチ AVIREX アビレックス Tシャツ メンズ ★REV NEK 6143501 6143502 Vネック クルーネック 半袖 プレゼント ギフト","Vネック_ホワイト_001","Mサイズ","X11","Y12",,"0","4","2","-2",
"2026/09/05 17:23:30","受注取込","7998075","7998075X11Y14","他店圧倒価格♪最安値に挑戦！ 1点までメール便送料無料 ワッチキャップ ニット帽子 ニットキャップ 7998075 【MB】【ALI】■05161126【wow未販売】 sg追加200125 sg追加200125","普通サイズ(～60cm)","ネイビー","X11","Y14",,"0","6","5","-1",
"2026/09/05 17:27:47","受注取込","7988215","7988215X16Y15","【とにかくデカい！】 大きいサイズ キャップ メッシュキャップ 送料無料 大きめ ビッグサイズ BIG SIZE ★REV 7988215 <br> 帽子 ハット キャップ ワークキャップ メンズキャップ 大きいサイズ バケット 大きい帽子 メンズ バケハ メンズ帽子 大きい 頭 メッシュ 全39カラー","FF","5","X16","Y15",,"0","155","154","-1",
"2026/09/05 17:29:17","受注取込","7987718","7987718X12Y13","【日本製 姫路レザー】日本製 ベルト メンズ レディース 本革 本皮 ブライドルレザー ★REV Y_KO HBTH003 004 3.0cm幅 3.5cm幅 30mm 35mm 一枚革 ヌメ革 姫路レザー ビジネス カジュアル 送料無料","幅3.5cm(HBTH004)","ヌメ","X12","Y13",,"0","19","18","-1",
"2026/09/05 17:30:47","受注取込","7987598","7987598X11Y11","【8bits】ペン型 ドライバー 精密ドライバー ドライバーセット NEK ★REV 7987598 工具 DIY プラス マイナス 8in1 送料無料","ワンサイズ","ブラック","X11","Y11",,"0","100","99","-1",
"2026/09/05 17:33:18","受注取込","7988047","7988047X11Y11","2WAY ミニ ボストンバッグ メンズ レディース ★REV 7988047 小さめ 小型 ショルダーバッグ ミニバッグ ドラムバッグ 小旅行 アウトドア キャンプ ジム 軽量 送料無料","ONESIZE","ブラック","X11","Y11",,"0","34","33","-1",
"2026/09/05 17:33:18","受注取込","7987794","7987794X11Y11","【大きいサイズもあり】キャスハンチング キャップ メンズ レディース CULTURE MART NEK 101294 ★REV 7987794 ハンチング帽子 ハンチング帽 秋冬 帽子 ハンチング キャスケット メンズ帽子 レディース帽子秋冬 秋冬帽子 メンズハンチング おしゃれ カルチャーマート","普通サイズ","ベージュ(1)","X11","Y11",,"0","181","180","-1",
"2026/09/05 17:33:18","受注取込","7987794","7987794X11Y18","【大きいサイズもあり】キャスハンチング キャップ メンズ レディース CULTURE MART NEK 101294 ★REV 7987794 ハンチング帽子 ハンチング帽 秋冬 帽子 ハンチング キャスケット メンズ帽子 レディース帽子秋冬 秋冬帽子 メンズハンチング おしゃれ カルチャーマート","普通サイズ","インディゴ×デニム","X11","Y18",,"0","32","31","-1",
"2026/09/05 17:33:18","受注取込","7987794","7987794X11Y17","【大きいサイズもあり】キャスハンチング キャップ メンズ レディース CULTURE MART NEK 101294 ★REV 7987794 ハンチング帽子 ハンチング帽 秋冬 帽子 ハンチング キャスケット メンズ帽子 レディース帽子秋冬 秋冬帽子 メンズハンチング おしゃれ カルチャーマート","普通サイズ","ヒッコリー(7)","X11","Y17",,"0","8","7","-1",
"2026/09/05 17:35:57","受注取込","7986519","7986519X11Y11","【ごっそり鼻毛処理！お得な10本セット】鼻毛カッター 鼻毛トリマー  耳かき NEK ★REVL 7986519 男性用 女性用 送料無料","ONESIZE","アイボリー","X11","Y11",,"0","77","76","-1",
"2026/09/05 17:37:47","受注取込","7987662","7987662X11Y13","【大きくルーズにかぶれる】大きいサイズ ニット帽 ニットキャップ 帽子 メンズ レディース NEK ★REV 7987662 ワッチキャップ プレゼント ギフト 母の日 父の日 プレゼント 誕生日 クリスマス 秋冬 防寒 おしゃれ 無地 送料無料","ONESIZE","ブラック","X11","Y13",,"0","2825","2824","-1",
"2026/09/05 17:42:47","受注取込","7986528","7986528X11Y17","【Ploom AURA】プルーム オーラ カバー ケース レザー調 ストラップ付 保護 耐衝撃 NEK ★REVL 7986528 おしゃれ プルームオーラ 保護ケース 保護カバー アクセサリー 送料無料","ONESIZE","G","X11","Y17",,"0","8","7","-1",
"2026/09/05 17:46:51","受注取込","7988089","7988089X16Y11","安全靴 スニーカー エアウォーク AIR WALK Y_YU AW-880 レッド迷彩 アクティブライト ローカット メンズ セーフティシューズ 樹脂先芯 軽量 衝撃吸収 負担軽減 作業靴 オシャレ","28.0cm","レッド迷彩","X16","Y11",,"0","181","180","-1",
"2026/09/05 17:47:31","受注取込","7986769","7986769X11Y11","【座るだけで腰もお尻も快適サポート】シートクッション カークッション 車 座布団 ★REV 7986769 腰痛 運転席 お尻が痛くならない 腰痛クッション 椅子 腰 姿勢 シート 人気 おすすめ 座席 低反発 ブラック ネイビー オフィスチェア 背もたれ おしゃれ 運転席 カーアクセサリー 送料無料","ONESIZE","ブラック","X11","Y11",,"0","32","31","-1",
"2026/09/05 17:50:47","受注取込","7988215","7988215X16Y15","【とにかくデカい！】 大きいサイズ キャップ メッシュキャップ 送料無料 大きめ ビッグサイズ BIG SIZE ★REV 7988215 <br> 帽子 ハット キャップ ワークキャップ メンズキャップ 大きいサイズ バケット 大きい帽子 メンズ バケハ メンズ帽子 大きい 頭 メッシュ 全39カラー","FF","5","X16","Y15",,"0","154","153","-1",
"2026/09/05 17:53:02","受注取込","7987186","7987186X11Y13","アップルペンシル タッチペン タブレット ケース カバー Apple Pencil NEK ★REV 7987186 第1世代 第2世代 レザー ゴムバンド付き スタイラス ペン ケース アップル ペンシル iPad ペンホルダー 紛失防止 ipad ペンケース apple pencil case Apple Pencil 2nd generation","ONESIZE","ブラック","X11","Y13",,"0","57","56","-1",
"2026/09/05 17:56:31","受注取込","8000345","8000345X11Y11","栃木レザー 長財布 本革 レザー 日本製 メンズ レディース ★REV 8000345 TDSG-1008【P2】 職人技 無地 5色展開 プレゼント ギフト","ONESIZE","ブラック","X11","Y11",,"0","2","1","-1",
"2026/09/05 17:56:32","受注取込","7987431","7987431X12Y11","【機能性満載！】ビジネスシューズ フォーマルシューズ メンズ 7987431 Y_KO ★REV EB1543 ENRICO BRUNO エンリコブルーノ 軽量 屈曲 クッション 防滑 幅広 EEE 3E 父の日","26.0","ブラック","X12","Y11",,"0","10","9","-1",
"2026/09/05 17:59:47","受注取込","7987892","7987892X12Y11","【深めのシルエット】メッシュキャップ キャップ 帽子 メンズ レディース 大きいサイズ 普通サイズ ★REV 7987892","大きいサイズ","A","X12","Y11",,"0","9","8","-1",
"2026/09/05 17:59:47","受注取込","7987892","7987892X12Y14","【深めのシルエット】メッシュキャップ キャップ 帽子 メンズ レディース 大きいサイズ 普通サイズ ★REV 7987892","大きいサイズ","D","X12","Y14",,"0","10","9","-1",
"2026/09/05 18:00:14","受注取込","7987437","7987437X11Y14","【のびーーる 楽々ストレッチ】カジュアルベルト メッシュベルト メンズ レディース 大きいサイズ 普通サイズ 7987437 ★REVM NEK 35mm 115cm 125cm 伸縮 カジュアル シンプル おしゃれ プレゼント ギフト 父の日 母の日 送料無料","115cm","オリーブ","X11","Y14",,"0","18","17","-1",
"2026/09/05 18:01:40","受注取込","7986716","7986716X11Y11","【紫外線でプロ級チェック】アニサキスライト UV 紫外線ライト ブラックライト NEK ★REVL 7986716 365nm 充電式 TYPE-C充電  USB 光学レンズ アニサキス検出 生活 食事 釣り 掃除 コンパクト 送料無料","1本","ブラック(TYPE-C)","X11","Y11",,"0","45","44","-1",
"2026/09/05 18:02:01","受注取込","7988381","7988381X11Y11","【圧巻の180色 プロ仕様】油性色鉛筆 色鉛筆 180色 塗り絵 絵具 マンガ 漫画 デッサン スケッチ 学生 美大生 絵画 葉書 7988381 ぬり絵 色鉛筆 セット 画材 美術 アート ポスター 色鉛筆セット 色えんぴつ プレゼント 小学生 中学生 油性 誕生日 ギフト 速攻配達＆送料無料","ONESIZE","180本セット","X11","Y11",,"0","15","14","-1",
"2026/09/05 18:09:47","受注取込","7987554","7987554X11Y15","【速攻配達！電池付き！大音量で撃退】防犯ブザー 防犯アラーム 防犯ベル 防犯グッズ 大音量 生活防水 NEK ★REVF 7987554 ランドセル 子ども 男の子 女の子 大人 女性 小学生 中学生 卒園 入学 LEDライト付 キャンプ 登山 アウトドア プレゼント ギフト 送料無料","ONESIZE","ブルー","X11","Y15",,"0","36","35","-1",
"2026/09/05 18:16:20","受注取込","7986601","7986601X11Y11","【首元リセット/癒しの深温波】テラハーモニー TeraHarmony 天然 テラヘルツ NEK ★REVL 7986601 健康 リラックス 安眠 天然石 パワーストーン お風呂 テラヘルツ鉱石 温泉 健康グッズ 健康器具 テラヘル マッサージ 肩こり 腰痛 疲労 母の日 父の日送料無料","ONESIZE","ブラック","X11","Y11",,"0","39","38","-1",
"2026/09/05 18:20:54","受注取込","7986531","7986531X11Y18","【新型/IQOS イルマ i ワン用】アイコス イルマiワン ILUMA ケース 保護ケース NEK ★REVL 7986531 iqosイルマワン イルマワンカバー 耐衝撃 おしゃれ iqos iluma one 専用 IQOSイルマワン保護ケース レザー ヒョウ柄 ペイズリー 保護カバー アイコスケース アクセサリー 送料無料","ONESIZE","101","X11","Y18",,"0","9","8","-1",
"2026/09/05 18:21:27","WEB画面","7992250","7992250X17Y12","iPhone XS ケース バンカーリング 付き 落ちない シリコン ケース 透明 スケルトン 輪 送料無料 iphone XR ケース iPhone8 ケース iphone XS MAX  iphone X リング付 iPhone7 Plus スマホケース カバー クリア アイフォン アクセサリー NEK ALI 7992250 190715","iPhone_11","ブルー","X17","Y12",,"0","2","4","2","星島"
"2026/09/05 18:23:17","受注取込","7992723","7992723X12Y11","お得！ 送料無料 4枚入り 福袋 Dickies ディッキーズ ボクサーパンツ メンズ かわいい NEK ★REV <br> パンツ ボクサーパンツ セット メンズ下着 メンズボクサーパンツ メンズボクサー 大きいサイズ 大きめ 特大 3L 下着 インナー メンズ usa まとめ買い プレゼント ギフト","L","福袋4枚セット","X12","Y11",,"0","148","147","-1",
"2026/09/05 18:26:18","受注取込","7986528","7986528X11Y13","【Ploom AURA】プルーム オーラ カバー ケース レザー調 ストラップ付 保護 耐衝撃 NEK ★REVL 7986528 おしゃれ プルームオーラ 保護ケース 保護カバー アクセサリー 送料無料","ONESIZE","C","X11","Y13",,"0","7","6","-1",
"2026/09/05 18:27:24","受注取込","7986528","7986528X11Y13","【Ploom AURA】プルーム オーラ カバー ケース レザー調 ストラップ付 保護 耐衝撃 NEK ★REVL 7986528 おしゃれ プルームオーラ 保護ケース 保護カバー アクセサリー 送料無料","ONESIZE","C","X11","Y13",,"0","6","5","-1",
"2026/09/05 18:43:31","受注取込","7987026","7987026X12Y14","【大きいサイズあり】キャップ 11cm つば長 帽子 メンズ レディース ★REV 7987026 深め 深い ゴルフ 無地 日焼け止め UVカット 送料無料","大きいサイズ","ネイビー","X12","Y14",,"0","10","9","-1",
"2026/09/05 18:47:30","受注取込","7986748","7986748X11Y11","【浴槽に入れるだけ/疲れた心と身体に】天然 テラヘルツ 健康温泉石 リラックス 安眠 天然石 パワーストーン NEK ★REVL 7986748 さざれ 水晶 サザレ お風呂 温泉気分 テラヘルツ鉱石 温泉 健康グッズ 入浴剤 温泉水 健康器具 テラヘル マッサージ 肩こり 腰痛 疲労 母の日 父の日 送料無料","ONESIZE","テラヘルツ原石","X11","Y11",,"0","40","39","-1",
"2026/09/05 18:47:30","受注取込","7986754","7986754X11Y11","【長さで選ぶ！】8m スマホ ケーブル アンドロイド A-TO-C Type-C 長さ8m NEK ★REVL 7986754 6A SPEED 急速 充電器 IQOS アイコス イルマ イルマワン プライム スマホアクセサリー 送料無料","8ｍ","ライトパープル","X11","Y11",,"0","3","2","-1",
"2026/09/05 18:50:47","受注取込","7987678","7987678X12Y15","【洗濯可能】トレーニンググローブ 手袋 筋トレ 筋トレグローブ メンズ レディース 指無し NEK ★REV 7987678 ウェイトリフティング 防滑 クッション性 伸びる 洗濯OK バーベル サイクリング ヨガ グリップ","M","B-グレー","X12","Y15",,"0","19","18","-1",
"2026/09/05 18:51:07","WEB画面","7987810","7987810X11Y23","数字油絵 DIY 大人の塗り絵 子供の塗り絵 夏休みの宿題 インテリア 絵画 NEK ★REV 7987810 数字塗り絵 数字 油絵 セット 可愛い 塗り絵 大人 ぬり絵 ぬりえ 大人のぬりえ パズル塗り絵 パズルぬりえ インテリア おしゃれ アートパネル 暇つぶし プレゼント ギフト 送料無料","ONESIZE","M","X11","Y23",,"0","0","2","2","村垣 文香"
"2026/09/05 18:53:17","受注取込","7986572","7986572X11Y41","【新型/IQOS イルマ i ワン用】アイコス イルマiワン ILUMA ケース 保護ケース NEK ★REVL 7986572 iqosイルマワン イルマワンカバー 耐衝撃 おしゃれ iqos iluma one 専用 IQOSイルマワン保護ケース レザー ヒョウ柄 ペイズリー 保護カバー アイコスケース アクセサリー 送料無料","イルマiワン","85","X11","Y41",,"0","21","20","-1",
"2026/09/05 18:53:26","WEB画面","7986516","7986516X11Y11","【当店限定モデル/深め】 AVIREX キャップ メンズ レディース 深め 刺繍 シンプル 81747500 ★REVL 7986516 ブランド コットン100％ サイズ調整可能 ブラック グレージュ 送料無料","ONESIZE","ブラック","X11","Y11",,"0","0","2","2","村垣 文香"
"2026/09/05 18:54:50","受注取込","7987946","7987946X11Y11","【お得な3個セット】犬 ナスカン カラビナ キーホルダー キーフック キーケース NEK ★REV 7987946 カラナビ プレゼント ギフト アクセサリー 送料無料","ONESIZE","3色MIX","X11","Y11",,"0","88","87","-1",
"2026/09/05 19:00:27","受注取込","7987559","7987559X11Y13","ミニ財布 ミニウォレット 短財布 メンズ レディース ウォレット NEK ★REV 7987559 プレゼント ギフト 父の日 母の日 プチギフト 誕プレ 送料無料","ONESIZE","ネイビー","X11","Y13",,"0","21","20","-1",
"2026/09/05 19:00:40","WEB画面","7992723","7992723X11Y11","お得！ 送料無料 4枚入り 福袋 Dickies ディッキーズ ボクサーパンツ メンズ かわいい NEK ★REV <br> パンツ ボクサーパンツ セット メンズ下着 メンズボクサーパンツ メンズボクサー 大きいサイズ 大きめ 特大 3L 下着 インナー メンズ usa まとめ買い プレゼント ギフト","M","福袋4枚セット","X11","Y11",,"0","78","77","-1","村垣 文香"
"2026/09/05 19:00:40","WEB画面","7992723","7992723X12Y11","お得！ 送料無料 4枚入り 福袋 Dickies ディッキーズ ボクサーパンツ メンズ かわいい NEK ★REV <br> パンツ ボクサーパンツ セット メンズ下着 メンズボクサーパンツ メンズボクサー 大きいサイズ 大きめ 特大 3L 下着 インナー メンズ usa まとめ買い プレゼント ギフト","L","福袋4枚セット","X12","Y11",,"0","147","144","-3","村垣 文香"
"2026/09/05 19:00:40","WEB画面","7992723","7992723X13Y11","お得！ 送料無料 4枚入り 福袋 Dickies ディッキーズ ボクサーパンツ メンズ かわいい NEK ★REV <br> パンツ ボクサーパンツ セット メンズ下着 メンズボクサーパンツ メンズボクサー 大きいサイズ 大きめ 特大 3L 下着 インナー メンズ usa まとめ買い プレゼント ギフト","LL","福袋4枚セット","X13","Y11",,"0","3","2","-1","村垣 文香"
"2026/09/05 19:01:03","受注取込","7994812","7994812X12Y13","サファリハット メンズ 釣り 帽子 ハット レディース SUNS(サンズ)  撥水 アウトドア 登山 キャンプ バーベキュー NEK ★REV H-051 H-053 送料無料 大きいサイズあり キッズサイズ 子供 UVカット アドベンチャーハット 父の日 プレゼント ユニセックス 春 夏 夏フェス ギフト","大きいサイズ","NAVY(H_051)","X12","Y13",,"0","34","33","-1",
"2026/09/05 19:01:14","WEB画面","7988450","7988450X11Y11","【撫でるだけ！】ペット グルーミング グローブ ブラシ 手袋 犬 猫 マッサージ NEK 7988450 ブラシ 抜け毛抜き 毛玉除去 毛取り マッサージ手袋 抜け毛対策 グルーミンググローブ ペット用品 ペットグッズ 換毛期 右手用 プレゼント ギフト","ONESIZE","ブルー","X11","Y11",,"0","41","39","-2","村垣 文香"
"2026/09/05 19:04:17","受注取込","7998075","7998075X12Y11","他店圧倒価格♪最安値に挑戦！ 1点までメール便送料無料 ワッチキャップ ニット帽子 ニットキャップ 7998075 【MB】【ALI】■05161126【wow未販売】 sg追加200125 sg追加200125","大きいサイズ(～65cm)","ブラック杢","X12","Y11",,"0","210","209","-1",
"2026/09/05 19:05:47","受注取込","7986544","7986544X11Y11","【シリコン製】パワーグリップ 筋トレグローブ トレーニンググローブ パワーグローブ NEK ★REVL 7986544 ノンスリップ仕様 グローブ 握力補助 手首補助 送料無料","ONESIZE","ブラック","X11","Y11",,"0","38","37","-1",
"2026/09/05 19:06:11","在庫CSV取込","7988614","7988614X11Y16","【超絶おしゃれ】マスク デコマスク レディース ビーズマスク デコレーションマスク 新作 6色展開 NEK 7988614 プレゼント ギフト","ONESIZE","オレンジ","X11","Y16",,"0","36","35","-1","星島"
"2026/09/05 19:06:11","在庫CSV取込","7990381","7990381X11Y19","【15柄展開】マスク 洗えるマスク カラーマスク レース メンズ レディース ペイズリー カモフラ 花柄 レオパード柄 新作 15柄展開 ★REV NEK 7990381 プレゼント ギフト","ONESIZE","I","X11","Y19",,"0","151","150","-1","星島"
"2026/09/05 19:06:11","在庫CSV取込","7988090","7988090X15Y11","安全靴 スニーカー エアウォーク AIR WALK Y_YU AW-890 ブルー迷彩 アクティブライト ローカット メンズ セーフティシューズ 樹脂先芯 軽量 衝撃吸収 負担軽減 作業靴 オシャレ","27.0cm ","ブルー迷彩","X15","Y11",,"0","128","127","-1","星島"
"2026/09/05 19:06:11","在庫CSV取込","7990413","7990413X11Y17","【超おしゃれ】マスク スカーフマスク 送料無料 感染対策 女性 レディース スカーフ マスクスカーフ 花柄 おしゃれ エレガント 防塵 花粉 UVカット 洗える NEK 7990413","ONESIZE","G","X11","Y17",,"0","103","102","-1","星島"
"2026/09/05 19:06:12","在庫CSV取込","7992250","7992250X19Y13","iPhone XS ケース バンカーリング 付き 落ちない シリコン ケース 透明 スケルトン 輪 送料無料 iphone XR ケース iPhone8 ケース iphone XS MAX  iphone X リング付 iPhone7 Plus スマホケース カバー クリア アイフォン アクセサリー NEK ALI 7992250 190715","iPhone_11_pro_MAX","ブラック","X19","Y13",,"0","8","7","-1","星島"
"2026/09/05 19:06:12","在庫CSV取込","7987082","7987082X11Y17","【超冷感】アームカバー UPF50＋ UVカット レディース uvカット アームカバー NEK ★REVA 7987082 指先まで 日焼け止め 腕カバー アームカバー uv 冷感 日焼け止め 手袋 アームカバー 日焼け対策 アームカバー 日焼け 冷感 夏 アウトドア 運転 自転車 ゴルフ 送料無料","ONESIZE","パープル","X11","Y17",,"0","8","7","-1","星島"
"2026/09/05 19:06:12","在庫CSV取込","7992495","7992495X11Y25","ブレスレット バングル メンズ レディース サバイバル パラコード 笛付き リフレクター素材 サバゲー ミリタリー アクセサリー プレゼント 送料無料  NEK ALI 7992495 190707","ONESIZE","O","X11","Y25",,"0","5","4","-1","星島"
"2026/09/05 19:06:12","在庫CSV取込","7992495","7992495X11Y17","ブレスレット バングル メンズ レディース サバイバル パラコード 笛付き リフレクター素材 サバゲー ミリタリー アクセサリー プレゼント 送料無料  NEK ALI 7992495 190707","ONESIZE","G","X11","Y17",,"0","14","13","-1","星島"
"2026/09/05 19:06:12","在庫CSV取込","7986698","7986698X11Y11","【ディープクリーニング効果】シャワーヘッド マイクロナノバブル ミスト 節水 高水圧 ★REVL 7986698 多機能シャワー バス用品 素肌や髪の毛に優しい 保湿 保温 シャワー 取付簡単 シルバー アダプター４種類付き 送料無料","ONESIZE","シルバー","X11","Y11",,"0","37","36","-1","星島"
"2026/09/05 19:06:12","在庫CSV取込","7986850","7986850X14Y12","【耐滑底/おしゃれ】安全靴 スニーカー エアウォーク ミッドカット AIR WALK AW-940 AW-950 Y_YU ★REV 7986850 メンズ おしゃれ 耐滑底 樹脂先芯 ストレッチロック セーフティシューズ 作業靴 送料無料","26.5cm","AW-950_ホワイト","X14","Y12",,"0","87","86","-1","星島"
"2026/09/05 19:06:12","在庫CSV取込","7986850","7986850X12Y12","【耐滑底/おしゃれ】安全靴 スニーカー エアウォーク ミッドカット AIR WALK AW-940 AW-950 Y_YU ★REV 7986850 メンズ おしゃれ 耐滑底 樹脂先芯 ストレッチロック セーフティシューズ 作業靴 送料無料","25.5cm","AW-950_ホワイト","X12","Y12",,"0","145","144","-1","星島"
"2026/09/05 19:06:12","在庫CSV取込","7987006","7987006X11Y12","【くすみカラー】サファリハット ハット アドベンチャーハット レディース メンズ NEK ★REV 7987006 アウトドア キャンプ 釣り 日焼け止め 速乾 通気性 日よけ 送料無料","ONESIZE","ネイビー","X11","Y12",,"0","2","1","-1","星島"
"2026/09/05 19:06:12","在庫CSV取込","7987080","7987080X11Y13","【防災 災害 アウトドア】収納ボックス コンテナボックス ソフトコンテナ バッグ ★REV 7987080 メンズ レディース ミリタリー Military タクティカルバッグ 防災 防災リュックのサブ キャンプ アウトドア サバゲー 釣り カメラ撮影 鞄 カバン ツールボックス 送料無料","ONESIZE","オリーブ","X11","Y13",,"0","10","9","-1","星島"
"2026/09/05 19:06:12","在庫CSV取込","7987394","7987394X12Y15","【選べる3種 イルマ アイ 対応 互換性あり おまけ付】イルマ アイ ILUMA i ケース イルマワン イルマプライム ケース テリア ILUMA TEREA アイコスケース IQOS 電子タバコ お掃除 NEK ★REV 7987394 LTG クリーニング クリーナープレゼント ギフト 母の日 父の日 送料無料","イルマPRIME","カーキ","X12","Y15",,"0","6","5","-1","星島"
"2026/09/05 19:06:12","在庫CSV取込","7987405","7987405X11Y11","【組み立て簡単】テント タープテント ヘキサタープ 軽量 キャンプ アウトドア ★REV 7987405 レジャー 海水浴 日よけ 日差しカット 運動会 コンパクト 折りたたみ グランピング用品","ONESIZE","グリーン","X11","Y11",,"0","8","7","-1","星島"
"2026/09/05 19:06:12","在庫CSV取込","7987409","7987409X11Y12","【130cm 大きいサイズ対応】本革 床革 ベルト メンズ 130cm NEK ★REV 7987409 大きいサイズ対応 シンセティックレザー ビジネスベルト カジュアルベルト 父の日 送料無料","ONESIZE","ブラウンA","X11","Y12",,"0","5","4","-1","星島"
"2026/09/05 19:06:12","在庫CSV取込","7987493","7987493X11Y13","【楽あけくん】 瓶オープナー 缶オープナー キャップオープナー 蓋開け ジャーオープナー NEK ★REV 7987493 ツイスト 力節約 びん蓋開け ジャムのフタや缶 滑り止め 安全 らくらく 力の弱い 女性 お年寄り お子様 キッチンツール キッチン用品 送料無料","ONESIZE","ブルー","X11","Y13",,"0","29","28","-1","星島"
"2026/09/05 19:06:12","在庫CSV取込","7995525","7995525X1Y2","AVIREX 限定モデル キャップ 帽子 父の日 贈り物 プレゼント メンズ ★REV ブラックシリーズ 黒 アビレックス アヴィレックス メッシュキャップ ハンチング ローキャップ バケット ハット ワークキャップ レディース かっこいい yos プレゼント ギフト","ONESIZE","【B】ハンチング_14911300","X1","Y2",,"0","81","80","-1","星島"
"2026/09/05 19:06:12","在庫CSV取込","7998075","7998075X11Y16","他店圧倒価格♪最安値に挑戦！ 1点までメール便送料無料 ワッチキャップ ニット帽子 ニットキャップ 7998075 【MB】【ALI】■05161126【wow未販売】 sg追加200125 sg追加200125","普通サイズ(～60cm)","レッド","X11","Y16",,"0","0","-1","-1","星島"
"2026/09/05 19:06:12","在庫CSV取込","9009978","9009978X15Y6","帽子 メンズ AVIREX アビレックス 送料無料 キャップ 父の日 プレゼント 贈り物 ニットキャップ メッシュキャップ 大きいサイズ レディース ディッキーズ ローキャップ ワークキャップ ハット ハンチング おしゃれ ロゴ 刺繍 プリント アメカジ HYPE 通販 yos ギフト","O","-6","X15","Y6",,"0","2","1","-1","星島"
"2026/09/05 19:06:12","在庫CSV取込","9009978","9009978X11Y5","帽子 メンズ AVIREX アビレックス 送料無料 キャップ 父の日 プレゼント 贈り物 ニットキャップ メッシュキャップ 大きいサイズ レディース ディッキーズ ローキャップ ワークキャップ ハット ハンチング おしゃれ ロゴ 刺繍 プリント アメカジ HYPE 通販 yos ギフト","K","-5","X11","Y5",,"0","12","11","-1","星島"
"2026/09/05 19:06:12","在庫CSV取込","7988248","7988248X11Y17","リュック メンズ レディース 防水 防災リュック 避難 スポーツ 軽量 リュックサック 32L ★REV 7988248 バックパック デイパック アウトドア キャンプ ジム 登山 散歩  送料無料","ONESIZE","ピンク","X11","Y17",,"0","3","2","-1","星島"
"2026/09/05 19:06:12","在庫CSV取込","7987924","7987924X11Y14","【蒸れない 通気性抜群】メッシュキャップ 帽子 キャップ メンズ レディース アウトドア キャンプ ゴルフ ランニング ★REV 7987924","ONESIZE","ダークグレー","X11","Y14",,"0","0","-1","-1","星島"
"2026/09/05 19:06:12","在庫CSV取込","9009978","9009978X19Y7","帽子 メンズ AVIREX アビレックス 送料無料 キャップ 父の日 プレゼント 贈り物 ニットキャップ メッシュキャップ 大きいサイズ レディース ディッキーズ ローキャップ ワークキャップ ハット ハンチング おしゃれ ロゴ 刺繍 プリント アメカジ HYPE 通販 yos ギフト","S","-7","X19","Y7",,"0","6","5","-1","星島"
"2026/09/05 19:06:12","在庫CSV取込","7995363","7995363X7Y2","安全靴 鋼鉄先芯 スニーカー ブーツ シューズ メンズ 父の日 贈り物 プレゼント セーフティーシューズ 耐油 防滑 ブラック 黒 7995363 作業用 作業靴 おしゃれ かっこいい ハイカット 釘踏み抜き防止 靴 紐靴 レースアップ ALI プレゼント ギフト","28.0cm","B_7991149","X7","Y2",,"0","2","1","-1","星島"
"2026/09/05 19:06:12","在庫CSV取込","7995363","7995363X4Y2","安全靴 鋼鉄先芯 スニーカー ブーツ シューズ メンズ 父の日 贈り物 プレゼント セーフティーシューズ 耐油 防滑 ブラック 黒 7995363 作業用 作業靴 おしゃれ かっこいい ハイカット 釘踏み抜き防止 靴 紐靴 レースアップ ALI プレゼント ギフト","26.5cm","B_7991149","X4","Y2",,"0","4","3","-1","星島"
"2026/09/05 19:09:30","受注取込","7986716","7986716X11Y11","【紫外線でプロ級チェック】アニサキスライト UV 紫外線ライト ブラックライト NEK ★REVL 7986716 365nm 充電式 TYPE-C充電  USB 光学レンズ アニサキス検出 生活 食事 釣り 掃除 コンパクト 送料無料","1本","ブラック(TYPE-C)","X11","Y11",,"0","44","43","-1",
"2026/09/05 19:12:31","受注取込","7994783","7994783X11Y11","送料無料 希少価値のある肩革 TDBT-1008 5mmの超肉厚 栃木レザー 日本製 MADE IN JAPAN 本革 レザー ベルト メンズ GENUINE LEATHER 180610 プレゼント ギフト","ONESIZE","ブラック","X11","Y11",,"0","1","0","-1",
"2026/09/05 19:14:17","受注取込","7987085","7987085X11Y36","【とにかくデカい！】大きいサイズ キャップ 大きめ 深い 深め ビッグサイズ BIG SIZE ★REV 7987085 メンズキャップ帽子 大きい帽子 メンズ帽子 レディース 春 夏 春夏 プレゼント ギフト 母の日 父の日 送料無料","YA","26","X11","Y36",,"0","18","17","-1",
"2026/09/05 19:14:26","受注取込","7987031","7987031X11Y15","【大人気SUNSより当店限定！】ミニトート バッグ レディース メンズ トートバッグ トート NEK ★REVL 7987031 CRB-001 ミニ 仕切り ポケット ランチバッグ マザーズバッグ 収納 ミリタリー MA-1 シンプル おしゃれ 便利 無地 通勤 通学 ユニセックス ジッパー付き 撥水","ONESIZE","グレージュ","X11","Y15",,"0","7","6","-1",
"2026/09/05 19:16:01","受注取込","8003102","8003102X11Y11","やみつきになる！ ストレッチ AVIREX アビレックス Tシャツ メンズ ★REV NEK 6143501 6143502 Vネック クルーネック 半袖 プレゼント ギフト","Vネック_ホワイト_001","Sサイズ","X11","Y11",,"0","2","1","-1",
"2026/09/05 19:16:01","受注取込","7997141","7997141X16Y14","特大 スイカ ドーナツ 浮き輪 浮輪 送料無料 プール 大人用 子供用 NEK 7997141 ★REV 120cm 90cm 80cm 70cm 60cm サイズ 大きい 大きめ うきわ ウキワ すいか 海 海水浴 ビックフロート 水上 レジャー かわいい フローティングベッド 西瓜 子供用浮き輪 大人 子供 こども","ONESIZE","スイカストライプ","X16","Y14",,"0","33","32","-1",
"2026/09/05 19:17:17","受注取込","7986663","7986663X11Y11","【最強！溶岩石とオニキス】パワーストーン ブレスレット メンズ レディース バングル NEK ★REVL 7986663 スピリチュアル 天然石 エネルギーアクセサリー プレゼント ギフト 送料無料","ONESIZE","ブラック","X11","Y11",,"0","44","42","-2",
"2026/09/05 19:22:17","受注取込","7986519","7986519X11Y11","【ごっそり鼻毛処理！お得な10本セット】鼻毛カッター 鼻毛トリマー  耳かき NEK ★REVL 7986519 男性用 女性用 送料無料","ONESIZE","アイボリー","X11","Y11",,"0","76","75","-1",
"2026/09/05 19:23:47","受注取込","7986547","7986547X11Y11","【お得な5枚10点セット】福袋 おなかぷにぷに3Dキャラクターシール 犬猫アニマル NEK ★REVO 7986547 ピンセット付き ぷにぷに触感 ストレス解消 癒しデコシール プレゼント ギフト 送料無料","ONESIZE","5枚10点アソート","X11","Y11",,"0","406","405","-1",
"2026/09/05 19:24:30","受注取込","7987400","7987400X11Y18","【とにかくデカい！/普通サイズあり！】キャップ メンズ 大きいサイズ 帽子 深め ビッグサイズ ★REVM 7987400 BIG SIZE メンズキャップ帽子 大きめ 大きい帽子 メンズ帽子 レディース 春 夏 春夏 プレゼント ギフト 母の日 父の日 送料無料","大きいサイズ","H-オリーブ","X11","Y18",,"0","47","46","-1",
"2026/09/05 19:26:18","受注取込","7990226","7990226X11Y15","【12本入り 速攻配達 送料無料】藤の花 魔除け 造花 フェイクフラワー ★REV 7990226 <br> 鬼が嫌う 誕生日 お祝い プレゼント ギフト 飾り付け 和 インテリア 造花 藤の花 フェイクグリーン インテリアグリーン セット 花飾り 吊り下げ 人工観葉植物 12本入り 送料無料","ONESIZE","ダークピンク","X11","Y15",,"0","36","35","-1",
"2026/09/05 19:26:18","受注取込","7986547","7986547X11Y11","【お得な5枚10点セット】福袋 おなかぷにぷに3Dキャラクターシール 犬猫アニマル NEK ★REVO 7986547 ピンセット付き ぷにぷに触感 ストレス解消 癒しデコシール プレゼント ギフト 送料無料","ONESIZE","5枚10点アソート","X11","Y11",,"0","405","404","-1",
"2026/09/05 19:26:18","受注取込","7992723","7992723X11Y11","お得！ 送料無料 4枚入り 福袋 Dickies ディッキーズ ボクサーパンツ メンズ かわいい NEK ★REV <br> パンツ ボクサーパンツ セット メンズ下着 メンズボクサーパンツ メンズボクサー 大きいサイズ 大きめ 特大 3L 下着 インナー メンズ usa まとめ買い プレゼント ギフト","M","福袋4枚セット","X11","Y11",,"0","77","76","-1",
"2026/09/05 19:37:18","受注取込","7988039","7988039X13Y17","【最安値に挑戦】犬 服 暖かい 犬の服 ドッグウエア ボア ダウン ジャケット コート ドッグウエア NEK ★REVG 7988039 小型犬 中型犬 秋 秋服 冬 冬用 冬服 秋冬 おしゃれ かわいい 可愛い 着せやすい 女の子 男の子 オス メス 背開き アウター ベスト ハーネス 送料無料","L","カモ","X13","Y17",,"0","20","19","-1",
"2026/09/05 19:40:36","受注取込","7992054","7992054X11Y19","【シンプル/おしゃれ】16mm パワーストーン ネックレス メンズ レディース 瑪瑙 オブシディアン タイガーアイ NEK ★REV 7992054 黒曜石 茶水晶 虎目石 金運 財運 仕事運 恋愛 結婚 家庭円満 癒し 幸運 成功運 勝負運 家族運 厄除祈願 天然石 お守り プレゼント 送料無料","ONESIZE","【I】ブルータイガーアイ","X11","Y19",,"0","15","14","-1",
"2026/09/05 19:40:36","受注取込","7986669","7986669X11Y17","【12mm小粒/おしゃれ】12mm パワーストーン ネックレス チョーカー メンズ レディース NEK ★REVL 7986669 アメジスト タイガーアイ ラピスラズリ 瑪瑙 メノウ オブシディアン ドラゴンアゲート 金運 財運 仕事運 恋愛 結婚 家庭円満 癒し 厄除祈願 天然石 お守り プレゼント おしゃれ アクセサリー 送料無料","ONESIZE","夢幻アゲート","X11","Y17",,"0","25","24","-1",
"2026/09/05 19:41:00","受注取込","7994812","7994812X11Y13","サファリハット メンズ 釣り 帽子 ハット レディース SUNS(サンズ)  撥水 アウトドア 登山 キャンプ バーベキュー NEK ★REV H-051 H-053 送料無料 大きいサイズあり キッズサイズ 子供 UVカット アドベンチャーハット 父の日 プレゼント ユニセックス 春 夏 夏フェス ギフト","普通サイズ","NAVY(H_051)","X11","Y13",,"0","24","23","-1",
"2026/09/05 19:43:47","受注取込","7986798","7986798X11Y12","【抜け感キャスケット】キャスケット  キャスハンチング キャップ メンズ レディース NEK ★REV 7986798 ハンチング帽子 タクシーハット ニュースボーイキャップ ニュースボーイハット おしゃれ 送料無料","ONESIZE","ブラック","X11","Y12",,"0","68","67","-1",
"2026/09/05 19:43:47","受注取込","7986757","7986757X11Y12","【置くだけで充電】 ワイヤレス充電器 車載 ホルダー 置き型 Type-C充電 USB-A NEK ★REVL 7986757 最大20W 車載ワイヤレス充電パッド 充電 充電器 車載 スマホ ホルダー スタンド 車 携帯ホルダー 急速充電 サイズ調整可能 滑り止め iphone/Android 1M PD充電 スマホアクセサリー Qi規格 送料無料","ONESIZE","TYPE-C(1m)","X11","Y12",,"0","76","75","-1",
"2026/09/05 19:46:11","受注取込","7986572","7986572X11Y20","【新型/IQOS イルマ i ワン用】アイコス イルマiワン ILUMA ケース 保護ケース NEK ★REVL 7986572 iqosイルマワン イルマワンカバー 耐衝撃 おしゃれ iqos iluma one 専用 IQOSイルマワン保護ケース レザー ヒョウ柄 ペイズリー 保護カバー アイコスケース アクセサリー 送料無料","イルマiワン","64","X11","Y20",,"0","15","14","-1",
"2026/09/05 19:48:13","受注取込","7992723","7992723X12Y11","お得！ 送料無料 4枚入り 福袋 Dickies ディッキーズ ボクサーパンツ メンズ かわいい NEK ★REV <br> パンツ ボクサーパンツ セット メンズ下着 メンズボクサーパンツ メンズボクサー 大きいサイズ 大きめ 特大 3L 下着 インナー メンズ usa まとめ買い プレゼント ギフト","L","福袋4枚セット","X12","Y11",,"0","144","142","-2",
"2026/09/05 19:56:32","受注取込","7986757","7986757X11Y12","【置くだけで充電】 ワイヤレス充電器 車載 ホルダー 置き型 Type-C充電 USB-A NEK ★REVL 7986757 最大20W 車載ワイヤレス充電パッド 充電 充電器 車載 スマホ ホルダー スタンド 車 携帯ホルダー 急速充電 サイズ調整可能 滑り止め iphone/Android 1M PD充電 スマホアクセサリー Qi規格 送料無料","ONESIZE","TYPE-C(1m)","X11","Y12",,"0","75","74","-1",
"2026/09/05 19:57:00","受注取込","7987757","7987757X11Y11","【カーボンスタイル 大きいサイズ】メッシュキャップ キャップ 帽子 蒸れない ★REV 7987757 大きいサイズ カーボン調 プレゼント ギフト 送料無料","ONESIZE","ブラック","X11","Y11",,"0","27","26","-1",
"2026/09/05 20:00:44","受注取込","7994702","7994702X11Y11","経年変化を楽しむ！日本製 本革 レザー 130cm 長め ベルト 7994702 メンズ レディース ヌメ革 総革 Artisan aging 送料無料 ナチュラル ギフトBOX付き プレゼント 180618 プレゼント ギフト","ONESIZE","ナチュラル","X11","Y11",,"0","53","52","-1",
"2026/09/05 20:00:47","受注取込","7986547","7986547X11Y11","【お得な5枚10点セット】福袋 おなかぷにぷに3Dキャラクターシール 犬猫アニマル NEK ★REVO 7986547 ピンセット付き ぷにぷに触感 ストレス解消 癒しデコシール プレゼント ギフト 送料無料","ONESIZE","5枚10点アソート","X11","Y11",,"0","404","403","-1",
"2026/09/05 20:02:19","受注取込","7990868","7990868X11Y11","短財布 財布 ミニ財布 メンズ レディース 本革 レザー 日本製  送料無料 職人技 無地 ヌメ革 総革 サステナビリティ 染め加工無し AA-019 プレゼント ギフト","ONESIZE","ナチュラル","X11","Y11",,"0","5","4","-1",
"2026/09/05 20:03:47","受注取込","7997141","7997141X11Y11","特大 スイカ ドーナツ 浮き輪 浮輪 送料無料 プール 大人用 子供用 NEK 7997141 ★REV 120cm 90cm 80cm 70cm 60cm サイズ 大きい 大きめ うきわ ウキワ すいか 海 海水浴 ビックフロート 水上 レジャー かわいい フローティングベッド 西瓜 子供用浮き輪 大人 子供 こども","120cm","スイカ","X11","Y11",,"0","607","606","-1",
"2026/09/05 20:03:47","受注取込","7987319","7987319X11Y13","LOGOS ロゴス ニットキャップ ニット帽 帽子 NEK ★REV LS6P207Z 7987319 大きい 大きめ 大きいサイズ ニット素材 メンズ レディース ブランド プレゼント ギフト ミリタリー アメカジ ストリート アウトドア プレゼント ギフト 送料無料","ONESIZE","チャコール","X11","Y13",,"0","115","114","-1",
"2026/09/05 20:06:48","受注取込","7988248","7988248X11Y16","リュック メンズ レディース 防水 防災リュック 避難 スポーツ 軽量 リュックサック 32L ★REV 7988248 バックパック デイパック アウトドア キャンプ ジム 登山 散歩  送料無料","ONESIZE","オリーブ","X11","Y16",,"0","15","14","-1",
"2026/09/05 20:08:17","受注取込","7994812","7994812X12Y27","サファリハット メンズ 釣り 帽子 ハット レディース SUNS(サンズ)  撥水 アウトドア 登山 キャンプ バーベキュー NEK ★REV H-051 H-053 送料無料 大きいサイズあり キッズサイズ 子供 UVカット アドベンチャーハット 父の日 プレゼント ユニセックス 春 夏 夏フェス ギフト","大きいサイズ","CAMO(H_051)","X12","Y27",,"0","72","71","-1",
"2026/09/05 20:10:47","受注取込","7987400","7987400X11Y16","【とにかくデカい！/普通サイズあり！】キャップ メンズ 大きいサイズ 帽子 深め ビッグサイズ ★REVM 7987400 BIG SIZE メンズキャップ帽子 大きめ 大きい帽子 メンズ帽子 レディース 春 夏 春夏 プレゼント ギフト 母の日 父の日 送料無料","大きいサイズ","F-ブラック","X11","Y16",,"0","141","140","-1",
"2026/09/05 20:10:47","受注取込","7986531","7986531X11Y23","【新型/IQOS イルマ i ワン用】アイコス イルマiワン ILUMA ケース 保護ケース NEK ★REVL 7986531 iqosイルマワン イルマワンカバー 耐衝撃 おしゃれ iqos iluma one 専用 IQOSイルマワン保護ケース レザー ヒョウ柄 ペイズリー 保護カバー アイコスケース アクセサリー 送料無料","ONESIZE","106","X11","Y23",,"0","15","14","-1",
"2026/09/05 20:11:48","受注取込","7987078","7987078X11Y11","【3個の福袋！即出荷】ビーチボール 水遊び ビーチバレー 浮き輪 フロート NEK ★REV 7987078 サッカーボール 30cm アウトドア キャンプ 海 プール 川 リゾート 送料無料","ONESIZE","3個セット","X11","Y11",,"0","22","21","-1",
"2026/09/05 20:11:48","受注取込","7987093","7987093X11Y11","【新型iphone/IQOS対応】急速5A 3股 Type-C 充電ケーブル スマホケーブル 1.2m 2m 3m typec NEK ★REVL 7987093 新型iphone IQOS対応 USB A→Type-C×3 充電ケーブル 3in1 急速 送料無料","1.2m","ブラック_TypeA/TypeC×3","X11","Y11",,"0","3","2","-1",
"2026/09/05 20:11:51","受注取込","7987891","7987891X11Y11","【ヤシの木】麦わら帽子 メンズ レディース ストローハット 中折れハット ★REV 7987891 帽子 麦わらハット 夏 ペーパー ハット おしゃれ プレゼント プチギフト","ONESIZE","ブラウン","X11","Y11",,"0","11","10","-1",
"2026/09/05 20:19:17","受注取込","7988002","7988002X11Y12","【光る首輪】光る 犬 首輪 光る 犬用 LED ライト USB充電式 猫用 カラー 可愛い NEK ★REVG 7988002 ペット用品 ドッグ 大型犬 中型犬 小型犬 向け サイズ調節 35cm 50cm 70cm レインボー 猫 事故防止 散歩 防水 送料無料","S(35cm)","オレンジ","X11","Y12",,"0","3","2","-1",
"2026/09/05 20:20:33","受注取込","7990405","7990405X11Y11","リュックチェア 折りたたみ 椅子 リュックサック 保冷バッグ 保温 アウトドア 行列 運動会 キャンプ バーベキュー ミリタリー 送料無料 ★REV 7990405 椅子付き 座れるリュック リュック 持ち運び 保冷リュック 携帯椅子 携帯イス 折りたたみチェア イス 椅子 折り畳みチェア","ONESIZE","ブラック","X11","Y11",,"0","59","58","-1",
"2026/09/05 20:20:33","受注取込","7987642","7987642X11Y20","【送料無料】ミニ財布 メンズ 本革 レディース 二つ折り 財布 カードケース LTG カード入れ 多い NEK ★REV 7987642 折りたたみ コンパクト 小さい財布 小銭入れ コインスルー お札が折れない スキミング防止 ファスナー コインケース ミニマリスト ラウンドジッパー","ONESIZE","チョコ","X11","Y20",,"0","16","15","-1",
"2026/09/05 20:20:33","受注取込","7987147","7987147X11Y18","【本革】財布 ミニ財布 短財布 メンズ レディース コンパクト レザー NEK ★REVH 7987147 革 本革 牛革 ショートウォレット さいふ ウォレット 多機能 大容量 男性 ギフト 紳士用 プレゼント 薄い スリム 収納 三つ折り","ONESIZE","ワイン","X11","Y18",,"0","6","5","-1",
"2026/09/05 20:21:47","受注取込","7987323","7987323X11Y11","【めちゃ早っ充電】充電器 タイプC iphone ipad 2mケーブル PD30W NEK ★REV 7987323 アイコス IQOS イルマ MacBook Surface pro Switch アダプター TYPE-C/TYPE-C TYPE-C/Lightning xperia エクスペリア 高速充電 日本PSE認証 プレゼント 送料無料","TYPE-C/TYPE-C","ホワイト","X11","Y11",,"0","52","51","-1",
"2026/09/05 20:23:17","受注取込","7987952","7987952X11Y15","2WAY ボストンバッグ 大容量 メンズ レディース ショルダーバッグ 旅行 ★REV 7987952 アウトドア キャンプ スポーツ ジム ゴルフ 肩掛け シューズ収納 軽量 防水 靴収納 スポーツバッグ ジムバッグ 2wayバック 男 女子 ボストンバック 靴 収納 ボストン メンズ 送料無料","ONESIZE","ブラック","X11","Y15",,"0","53","52","-1",
"2026/09/05 20:23:17","受注取込","7987074","7987074X12Y13","【くすみカラー 超軽量】サファリハット バケットハット メンズ レディース 普通サイズ 大きいサイズ アドベンチャーハット NEK ★REV 7987074 撥水 速乾 軽量 折り畳める UV カット アウトドア キャンプ 登山 ウォーキング 散歩 日焼け防止 紫外線防止 送料無料","大きいサイズ","グレー","X12","Y13",,"0","25","24","-1",
"2026/09/05 20:23:17","受注取込","7994812","7994812X12Y12","サファリハット メンズ 釣り 帽子 ハット レディース SUNS(サンズ)  撥水 アウトドア 登山 キャンプ バーベキュー NEK ★REV H-051 H-053 送料無料 大きいサイズあり キッズサイズ 子供 UVカット アドベンチャーハット 父の日 プレゼント ユニセックス 春 夏 夏フェス ギフト","大きいサイズ","BLACK(H_051)","X12","Y12",,"0","55","54","-1",
"2026/09/05 20:23:53","受注取込","7986597","7986597X11Y11","【目元リラックス！高純度テラヘルツ】高純度 テラヘルツ アイマスク NEK ★REVL 7986597 重さ150g・包み込む美容ケア・リラクゼーション用 健康 テラヘルツ波 パワーストーン 天然石 アクセサリー プレゼント ギフト プチギフト 母の日 父の日 送料無料","アイマスク","メタリッククローム","X11","Y11",,"0","1","0","-1",
"2026/09/05 20:25:47","受注取込","7992723","7992723X13Y11","お得！ 送料無料 4枚入り 福袋 Dickies ディッキーズ ボクサーパンツ メンズ かわいい NEK ★REV <br> パンツ ボクサーパンツ セット メンズ下着 メンズボクサーパンツ メンズボクサー 大きいサイズ 大きめ 特大 3L 下着 インナー メンズ usa まとめ買い プレゼント ギフト","LL","福袋4枚セット","X13","Y11",,"0","2","1","-1",
"2026/09/05 20:25:47","受注取込","7988452","7988452X11Y11","【日本製 姫路レザー】日本製 ベルト メンズ 本革 本皮 ★REV SRI-07 3.9cm幅 一枚革 ヌメ革 姫路レザー ビジネス カジュアル 送料無料","ONESIZE","ブラック","X11","Y11",,"0","1","0","-1",
"2026/09/05 20:28:31","受注取込","7987848","7987848X11Y15","【ROUTE66】キャップ ローキャップ 帽子 メンズ レディース 7987848 Vintage アメカジ おしゃれ ルート66 アメリカ USA","ONESIZE","ブラウン","X11","Y15",,"0","11","10","-1",
"2026/09/05 20:34:17","受注取込","7986547","7986547X11Y11","【お得な5枚10点セット】福袋 おなかぷにぷに3Dキャラクターシール 犬猫アニマル NEK ★REVO 7986547 ピンセット付き ぷにぷに触感 ストレス解消 癒しデコシール プレゼント ギフト 送料無料","ONESIZE","5枚10点アソート","X11","Y11",,"0","403","402","-1",
"2026/09/05 20:35:11","受注取込","7986572","7986572X11Y47","【新型/IQOS イルマ i ワン用】アイコス イルマiワン ILUMA ケース 保護ケース NEK ★REVL 7986572 iqosイルマワン イルマワンカバー 耐衝撃 おしゃれ iqos iluma one 専用 IQOSイルマワン保護ケース レザー ヒョウ柄 ペイズリー 保護カバー アイコスケース アクセサリー 送料無料","イルマiワン","91","X11","Y47",,"0","2","1","-1",
"2026/09/05 20:43:00","受注取込","7994812","7994812X12Y33","サファリハット メンズ 釣り 帽子 ハット レディース SUNS(サンズ)  撥水 アウトドア 登山 キャンプ バーベキュー NEK ★REV H-051 H-053 送料無料 大きいサイズあり キッズサイズ 子供 UVカット アドベンチャーハット 父の日 プレゼント ユニセックス 春 夏 夏フェス ギフト","大きいサイズ","GREIGE(H-051)","X12","Y33",,"0","110","109","-1",
"2026/09/05 20:43:32","受注取込","7987756","7987756X11Y13","【速攻配達 在庫あり】ネッククーラー クールリング ひんやり 冷感 結露しない NEK ★REV 7987756 アイス ネックリング ズレない 28 度 全3色 子供 大人用 スポーツ観戦 冷却 バンド アイス 熱中症対策 リング 首 冷却 暑さ対策 冷たい ひんやり 送料無料","ONESIZE","ピンク","X11","Y13",,"0","43","40","-3",
"2026/09/05 20:43:32","受注取込","7987706","7987706X11Y12","【～130cm】大きいサイズ対応 ビジネスベルト メンズ 本革 レザー ベルト メンズ ★REV 7987706 本皮 サイズ調整可能 プレゼント ギフト 父の日 送料無料","ONESIZE","シルバー","X11","Y12",,"0","11","10","-1",
"2026/09/05 20:44:17","受注取込","7986747","7986747X11Y11","【日焼けシェード付き】サファリハット シェード メンズ 釣り 帽子 ハット レディース SUNS(サンズ) 撥水 アウトドア 登山 キャンプ バーベキュー NEK ★REVL H-051 送料無料 大きいサイズあり キッズサイズ 子供 UVカット アドベンチャーハット 父の日 プレゼント ユニセックス 春 夏 夏フェス ギフト","普通サイズ","SHADE_BK/BLACK(H_051)","X11","Y11",,"0","53","52","-1",
"2026/09/05 20:44:17","受注取込","7994812","7994812X11Y12","サファリハット メンズ 釣り 帽子 ハット レディース SUNS(サンズ)  撥水 アウトドア 登山 キャンプ バーベキュー NEK ★REV H-051 H-053 送料無料 大きいサイズあり キッズサイズ 子供 UVカット アドベンチャーハット 父の日 プレゼント ユニセックス 春 夏 夏フェス ギフト","普通サイズ","BLACK(H_051)","X11","Y12",,"0","42","41","-1",
"2026/09/05 20:44:17","受注取込","7987139","7987139X11Y12","【頑丈でタフ】ポーチ 小物入れ メンズ ウエストポーチ スマホケース ミリタリー NEK ★REV 7987139 アイコスケース サバゲー アウトドア キャンプ サバイバルギア MOLLEシステム対応 モール式 バッグ リュック 装備品 送料無料","ONESIZE","オリーブ","X11","Y12",,"0","20","19","-1",
"2026/09/05 20:52:47","受注取込","7994812","7994812X12Y33","サファリハット メンズ 釣り 帽子 ハット レディース SUNS(サンズ)  撥水 アウトドア 登山 キャンプ バーベキュー NEK ★REV H-051 H-053 送料無料 大きいサイズあり キッズサイズ 子供 UVカット アドベンチャーハット 父の日 プレゼント ユニセックス 春 夏 夏フェス ギフト","大きいサイズ","GREIGE(H-051)","X12","Y33",,"0","109","108","-1",
"2026/09/05 20:53:34","受注取込","7986600","7986600X11Y11","ふわもこキーチャーム チャーム キーホルダー バッグ飾り NEK ★REVH 7986600 レディース キッズ アクセサリー 送料無料","ONESIZE","【A】チャコール×ホワイト","X11","Y11",,"0","39","38","-1",
"2026/09/05 20:53:34","受注取込","7986600","7986600X11Y22","ふわもこキーチャーム チャーム キーホルダー バッグ飾り NEK ★REVH 7986600 レディース キッズ アクセサリー 送料無料","ONESIZE","【L】ブラウン","X11","Y22",,"0","17","16","-1",
"2026/09/05 20:53:34","受注取込","7988089","7988089X16Y11","安全靴 スニーカー エアウォーク AIR WALK Y_YU AW-880 レッド迷彩 アクティブライト ローカット メンズ セーフティシューズ 樹脂先芯 軽量 衝撃吸収 負担軽減 作業靴 オシャレ","28.0cm","レッド迷彩","X16","Y11",,"0","180","179","-1",
"2026/09/05 20:54:17","受注取込","7987794","7987794X11Y11","【大きいサイズもあり】キャスハンチング キャップ メンズ レディース CULTURE MART NEK 101294 ★REV 7987794 ハンチング帽子 ハンチング帽 秋冬 帽子 ハンチング キャスケット メンズ帽子 レディース帽子秋冬 秋冬帽子 メンズハンチング おしゃれ カルチャーマート","普通サイズ","ベージュ(1)","X11","Y11",,"0","180","179","-1",
"2026/09/05 20:54:17","受注取込","7987344","7987344X11Y11","【4個入でお得】カラビナ パラコード キーホルダー キーチェーン 4本セット NEK ★REV 7987344 帽子フック おしゃれ キーリング アウトドア リュック バッグ キャンプ 非常用 災害 ロープ 紐 便利 代用 防災 丈夫 コンパクト 軽量 プレゼント ギフト 送料無料","ONESIZE","4色セット","X11","Y11",,"0","30","29","-1",
"2026/09/05 20:54:17","受注取込","7990254","7990254X11Y12","【送料無料 速攻配達】AVIREX ニットキャップ ニット帽 帽子 メンズ レディース スウェットキャップ  NEK ★REV 14649300 ルーズ キャップ ブランド アビレックス リバーシブル AX REVERSIBLE SWEAT CAP 送料無料 プレゼント ギフト","ONESIZE","ブラック(80)","X11","Y12",,"0","357","356","-1",
"2026/09/05 20:56:48","受注取込","7987151","7987151X11Y12","【多面カットで綺麗】天然石 ブレスレット パワーストーン レディース NEK ★REV 7987151 アクセサリー プレゼント ギフト 厄除け 運気 アップ 送料無料","ONESIZE","B_ストロベリークオーツ","X11","Y12",,"0","12","11","-1",
"2026/09/05 20:56:48","受注取込","7987151","7987151X11Y13","【多面カットで綺麗】天然石 ブレスレット パワーストーン レディース NEK ★REV 7987151 アクセサリー プレゼント ギフト 厄除け 運気 アップ 送料無料","ONESIZE","C_プレナイト","X11","Y13",,"0","20","19","-1",
"2026/09/05 20:56:48","受注取込","7994226","7994226X11Y12","【大きいサイズもあり 限定モデル】AVIREX メッシュキャップ メンズ 帽子 メンズ キャップ メンズ 14023200 14670200 レディース ★REV 父の日 贈り物 プレゼント ブランド アビレックス 送料無料 正規品 ブラック 黒 ネイビー 紺 グレー 灰 yos プレゼント ギフト","普通サイズ_14023200","80_ブラック","X11","Y12",,"0","29","28","-1",
"2026/09/05 21:00:31","受注取込","7986524","7986524X11Y13","【ミニマル】スマホショルダー サコッシュ ミニバッグ 軽量 撥水 コンパクト 収納力抜群 NEK ★REVL 7986524 レディース メンズ ユニセックス 斜めがけ ポーチ アウトドア 旅行 サブバッグ 送料無料","ONESIZE","パープル","X11","Y13",,"0","133","132","-1",
"2026/09/05 21:03:48","受注取込","7986528","7986528X11Y21","【Ploom AURA】プルーム オーラ カバー ケース レザー調 ストラップ付 保護 耐衝撃 NEK ★REVL 7986528 おしゃれ プルームオーラ 保護ケース 保護カバー アクセサリー 送料無料","ONESIZE","K","X11","Y21",,"0","6","5","-1",
"2026/09/05 21:05:33","受注取込","7987559","7987559X11Y12","ミニ財布 ミニウォレット 短財布 メンズ レディース ウォレット NEK ★REV 7987559 プレゼント ギフト 父の日 母の日 プチギフト 誕プレ 送料無料","ONESIZE","ブラック","X11","Y12",,"0","23","22","-1",
"2026/09/05 21:06:22","受注取込","7986572","7986572X11Y49","【新型/IQOS イルマ i ワン用】アイコス イルマiワン ILUMA ケース 保護ケース NEK ★REVL 7986572 iqosイルマワン イルマワンカバー 耐衝撃 おしゃれ iqos iluma one 専用 IQOSイルマワン保護ケース レザー ヒョウ柄 ペイズリー 保護カバー アイコスケース アクセサリー 送料無料","イルマiワン","93","X11","Y49",,"0","46","45","-1",
"2026/09/05 21:07:48","受注取込","7987794","7987794X11Y11","【大きいサイズもあり】キャスハンチング キャップ メンズ レディース CULTURE MART NEK 101294 ★REV 7987794 ハンチング帽子 ハンチング帽 秋冬 帽子 ハンチング キャスケット メンズ帽子 レディース帽子秋冬 秋冬帽子 メンズハンチング おしゃれ カルチャーマート","普通サイズ","ベージュ(1)","X11","Y11",,"0","179","178","-1",
"2026/09/05 21:08:23","受注取込","7992723","7992723X14Y11","お得！ 送料無料 4枚入り 福袋 Dickies ディッキーズ ボクサーパンツ メンズ かわいい NEK ★REV <br> パンツ ボクサーパンツ セット メンズ下着 メンズボクサーパンツ メンズボクサー 大きいサイズ 大きめ 特大 3L 下着 インナー メンズ usa まとめ買い プレゼント ギフト","3L","福袋4枚セット","X14","Y11",,"0","85","84","-1",
"2026/09/05 21:15:18","受注取込","7992723","7992723X11Y11","お得！ 送料無料 4枚入り 福袋 Dickies ディッキーズ ボクサーパンツ メンズ かわいい NEK ★REV <br> パンツ ボクサーパンツ セット メンズ下着 メンズボクサーパンツ メンズボクサー 大きいサイズ 大きめ 特大 3L 下着 インナー メンズ usa まとめ買い プレゼント ギフト","M","福袋4枚セット","X11","Y11",,"0","76","75","-1",
"2026/09/05 21:16:47","受注取込","7992723","7992723X12Y11","お得！ 送料無料 4枚入り 福袋 Dickies ディッキーズ ボクサーパンツ メンズ かわいい NEK ★REV <br> パンツ ボクサーパンツ セット メンズ下着 メンズボクサーパンツ メンズボクサー 大きいサイズ 大きめ 特大 3L 下着 インナー メンズ usa まとめ買い プレゼント ギフト","L","福袋4枚セット","X12","Y11",,"0","142","141","-1",
"2026/09/05 21:19:18","受注取込","7987400","7987400X11Y16","【とにかくデカい！/普通サイズあり！】キャップ メンズ 大きいサイズ 帽子 深め ビッグサイズ ★REVM 7987400 BIG SIZE メンズキャップ帽子 大きめ 大きい帽子 メンズ帽子 レディース 春 夏 春夏 プレゼント ギフト 母の日 父の日 送料無料","大きいサイズ","F-ブラック","X11","Y16",,"0","140","139","-1",
"2026/09/05 21:19:18","受注取込","7994812","7994812X12Y11","サファリハット メンズ 釣り 帽子 ハット レディース SUNS(サンズ)  撥水 アウトドア 登山 キャンプ バーベキュー NEK ★REV H-051 H-053 送料無料 大きいサイズあり キッズサイズ 子供 UVカット アドベンチャーハット 父の日 プレゼント ユニセックス 春 夏 夏フェス ギフト","大きいサイズ","BK/BLACK(H_051)","X12","Y11",,"0","192","191","-1",
"2026/09/05 21:22:01","受注取込","7986642","7986642X11Y11","【お得な2本セット】天然石 チョーカー ネックレス 45cm パワーストーン レディース NEK ★REVH 7986642 メンズ ルチルクォーツ ゼブラストーン スノーフレークオブシディアン タイガーアイ アクセサリー 送料無料","ONESIZE","A","X11","Y11",,"0","1","0","-1",
"2026/09/05 21:24:21","受注取込","7988215","7988215X13Y15","【とにかくデカい！】 大きいサイズ キャップ メッシュキャップ 送料無料 大きめ ビッグサイズ BIG SIZE ★REV 7988215 <br> 帽子 ハット キャップ ワークキャップ メンズキャップ 大きいサイズ バケット 大きい帽子 メンズ バケハ メンズ帽子 大きい 頭 メッシュ 全39カラー","CC","5","X13","Y15",,"0","6","5","-1",
"2026/09/05 21:25:19","受注取込","7986654","7986654X20Y11","【お得な100枚セット】宅配ビニール袋 100枚 お得 安い 宅配袋 宅配ポリ袋 ポリ袋 強テープ付き 17cm 20cm 25cm 30cm 32cm 40cm 45cm 50cm 60cm 梱包 袋 梱包材 ビニール 宅配 7986654 プレゼント ギフト","60cm×80cm","ワンカラー","X20","Y11",,"0","19","18","-1",
"2026/09/05 21:25:19","受注取込","7992723","7992723X14Y11","お得！ 送料無料 4枚入り 福袋 Dickies ディッキーズ ボクサーパンツ メンズ かわいい NEK ★REV <br> パンツ ボクサーパンツ セット メンズ下着 メンズボクサーパンツ メンズボクサー 大きいサイズ 大きめ 特大 3L 下着 インナー メンズ usa まとめ買い プレゼント ギフト","3L","福袋4枚セット","X14","Y11",,"0","84","83","-1",
"2026/09/05 21:26:47","受注取込","7987090","7987090X11Y11","【使い方色々!】ポーチ ベルトポーチ 小物入れ 小銭入れ カードケース NEK ★REV 7987090 短財布 財布 メンズ レディース カラビナ ミリタリー サバゲー キャンプ アウトドア メディカルポーチ 防災グッズ 送料無料","ONESIZE","ブラック","X11","Y11",,"0","64","63","-1",
"2026/09/05 21:27:01","受注取込","7994812","7994812X11Y16","サファリハット メンズ 釣り 帽子 ハット レディース SUNS(サンズ)  撥水 アウトドア 登山 キャンプ バーベキュー NEK ★REV H-051 H-053 送料無料 大きいサイズあり キッズサイズ 子供 UVカット アドベンチャーハット 父の日 プレゼント ユニセックス 春 夏 夏フェス ギフト","普通サイズ","GRAY(H_051)","X11","Y16",,"0","39","38","-1",
"2026/09/05 21:27:31","受注取込","7986706","7986706X12Y11","【特大！すっぽりかぶって、小顔見せ】バケットハット チューリップハット 帽子 NEK ★REVL 7986706 メンズ レディース 大きいサイズ 普通サイズ  デニム素材 コットン100％ おしゃれ フリンジ 送料無料","大きいサイズ","ブラック","X12","Y11",,"0","114","113","-1",
"2026/09/05 21:28:18","受注取込","7987093","7987093X11Y13","【新型iphone/IQOS対応】急速5A 3股 Type-C 充電ケーブル スマホケーブル 1.2m 2m 3m typec NEK ★REVL 7987093 新型iphone IQOS対応 USB A→Type-C×3 充電ケーブル 3in1 急速 送料無料","1.2m","ブラック_TypeC/TypeC×3","X11","Y13",,"0","97","96","-1",
"2026/09/05 21:29:52","受注取込","7987029","7987029X11Y11","【直射日光をはね返す】コカゲル キャップ 洗濯機洗いOK 体感マイナス10℃ UV NEK ★REV CC2R502 7987029 アウトドア SEK サイズ調整 大きいサイズ ユニセックス アウトドア 夏 対策 熱中症 木陰 日よけ 日焼け 送料無料","ONESIZE","ブラック","X11","Y11",,"0","111","110","-1",
"2026/09/05 21:29:52","受注取込","7992054","7992054X11Y18","【シンプル/おしゃれ】16mm パワーストーン ネックレス メンズ レディース 瑪瑙 オブシディアン タイガーアイ NEK ★REV 7992054 黒曜石 茶水晶 虎目石 金運 財運 仕事運 恋愛 結婚 家庭円満 癒し 幸運 成功運 勝負運 家族運 厄除祈願 天然石 お守り プレゼント 送料無料","ONESIZE","【H】アメジスト","X11","Y18",,"0","26","25","-1",
"2026/09/05 21:29:52","受注取込","7986642","7986642X11Y12","【お得な2本セット】天然石 チョーカー ネックレス 45cm パワーストーン レディース NEK ★REVH 7986642 メンズ ルチルクォーツ ゼブラストーン スノーフレークオブシディアン タイガーアイ アクセサリー 送料無料","ONESIZE","B","X11","Y12",,"0","1","0","-1",
"2026/09/05 21:32:17","受注取込","7988386","7988386X11Y14","【高輝度・省電力】LED 卓上 ライト 間接照明 おしゃれ テーブルランプ 北欧 ベッドライト ★REV 7988386 照明 ランプ 一人暮らし ナイトランプ ムードランプ インテリア 雑貨 スタンドライト フロアライト ベッドサイド ルームライト 寝室 usb 電気スタンド フロアランプ","ONESIZE","キャメル","X11","Y14",,"0","129","128","-1",
"2026/09/05 21:32:32","受注取込","7988097","7988097X16Y11","【羊ムートン付】 防寒ブーツ スノーブーツ ウインターブーツ ブーツ ★REV 7988097 <br> 冬 ムートンブーツ メンズ ムートン メンズブーツ 防寒靴 メンズ冬靴 サイドジップ 靴 シューズ 防滑 撥水 アウトドア キャンプ スノボ 登山 プレゼント ギフト 送料無料","27.5cm","ブラック","X16","Y11",,"0","3","2","-1",
"2026/09/05 21:33:47","受注取込","7987140","7987140X11Y19","【COOLにマナーを】携帯灰皿 カラビナ付き 吸い殻入れ 金属製 フタ付き 小型 軽量 NEK ★REVL 7987140 喫煙グッズ アッシュトレイ 持ち運び便利 男性 メンズ レディース 送料無料","ONESIZE","I.グリーン","X11","Y19",,"0","11","10","-1",
"2026/09/05 21:35:31","受注取込","7987810","7987810X11Y11","数字油絵 DIY 大人の塗り絵 子供の塗り絵 夏休みの宿題 インテリア 絵画 NEK ★REV 7987810 数字塗り絵 数字 油絵 セット 可愛い 塗り絵 大人 ぬり絵 ぬりえ 大人のぬりえ パズル塗り絵 パズルぬりえ インテリア おしゃれ アートパネル 暇つぶし プレゼント ギフト 送料無料","ONESIZE","A","X11","Y11",,"0","21","20","-1",
"2026/09/05 21:35:31","受注取込","7987810","7987810X11Y28","数字油絵 DIY 大人の塗り絵 子供の塗り絵 夏休みの宿題 インテリア 絵画 NEK ★REV 7987810 数字塗り絵 数字 油絵 セット 可愛い 塗り絵 大人 ぬり絵 ぬりえ 大人のぬりえ パズル塗り絵 パズルぬりえ インテリア おしゃれ アートパネル 暇つぶし プレゼント ギフト 送料無料","ONESIZE","R","X11","Y28",,"0","22","21","-1",
"2026/09/05 21:36:19","受注取込","7992723","7992723X11Y11","お得！ 送料無料 4枚入り 福袋 Dickies ディッキーズ ボクサーパンツ メンズ かわいい NEK ★REV <br> パンツ ボクサーパンツ セット メンズ下着 メンズボクサーパンツ メンズボクサー 大きいサイズ 大きめ 特大 3L 下着 インナー メンズ usa まとめ買い プレゼント ギフト","M","福袋4枚セット","X11","Y11",,"0","75","74","-1",
"2026/09/05 21:37:48","受注取込","7988381","7988381X11Y11","【圧巻の180色 プロ仕様】油性色鉛筆 色鉛筆 180色 塗り絵 絵具 マンガ 漫画 デッサン スケッチ 学生 美大生 絵画 葉書 7988381 ぬり絵 色鉛筆 セット 画材 美術 アート ポスター 色鉛筆セット 色えんぴつ プレゼント 小学生 中学生 油性 誕生日 ギフト 速攻配達＆送料無料","ONESIZE","180本セット","X11","Y11",,"0","14","13","-1",
"2026/09/05 21:37:48","受注取込","7986768","7986768X11Y11","【衝撃吸収・低反発】シートクッション カークッション 車 座布団 腰痛 運転席 ★REV 7986768 お尻が痛くならない 腰痛クッション 椅子 腰 姿勢 シート 人気 おすすめ 座席 低反発 ブラック オフィスチェア 背もたれ おしゃれ 運転席 カーアクセサリー 送料無料","ONESIZE","ブラック","X11","Y11",,"0","23","22","-1",
"2026/09/05 21:39:17","受注取込","7986975","7986975X13Y13","【万能マルチカバー】ソファーカバー 2人掛け 3人掛け 1人掛け ブランケット ひざ掛け 大判 ★REV 7986975 北欧 マルチカバー キャンプ フリンジ付き  母の日 父の日 ギフト プレゼント 送料無料","180×230","ブルーグレー","X13","Y13",,"0","16","15","-1",
"2026/09/05 21:41:47","受注取込","7987400","7987400X11Y14","【とにかくデカい！/普通サイズあり！】キャップ メンズ 大きいサイズ 帽子 深め ビッグサイズ ★REVM 7987400 BIG SIZE メンズキャップ帽子 大きめ 大きい帽子 メンズ帽子 レディース 春 夏 春夏 プレゼント ギフト 母の日 父の日 送料無料","大きいサイズ","D-ネイビー","X11","Y14",,"0","57","56","-1",
"2026/09/05 21:41:47","受注取込","7997141","7997141X11Y11","特大 スイカ ドーナツ 浮き輪 浮輪 送料無料 プール 大人用 子供用 NEK 7997141 ★REV 120cm 90cm 80cm 70cm 60cm サイズ 大きい 大きめ うきわ ウキワ すいか 海 海水浴 ビックフロート 水上 レジャー かわいい フローティングベッド 西瓜 子供用浮き輪 大人 子供 こども","120cm","スイカ","X11","Y11",,"0","606","605","-1",
"2026/09/05 21:42:31","受注取込","7987981","7987981X11Y12","【Vintage加工 本革】長財布 メンズ レディース 本革 レザー 本皮 ★REV 7987981 Vintage ヌメ革 プレゼント ギフト アクセサリー インスタ映え 送料無料","ONESIZE","キャメル","X11","Y12",,"0","3","2","-1",
"2026/09/05 21:47:19","受注取込","7988215","7988215X16Y15","【とにかくデカい！】 大きいサイズ キャップ メッシュキャップ 送料無料 大きめ ビッグサイズ BIG SIZE ★REV 7988215 <br> 帽子 ハット キャップ ワークキャップ メンズキャップ 大きいサイズ バケット 大きい帽子 メンズ バケハ メンズ帽子 大きい 頭 メッシュ 全39カラー","FF","5","X16","Y15",,"0","153","152","-1",
"2026/09/05 21:50:22","受注取込","7994812","7994812X12Y33","サファリハット メンズ 釣り 帽子 ハット レディース SUNS(サンズ)  撥水 アウトドア 登山 キャンプ バーベキュー NEK ★REV H-051 H-053 送料無料 大きいサイズあり キッズサイズ 子供 UVカット アドベンチャーハット 父の日 プレゼント ユニセックス 春 夏 夏フェス ギフト","大きいサイズ","GREIGE(H-051)","X12","Y33",,"0","108","107","-1",
"2026/09/05 21:50:22","受注取込","7986564","7986564X11Y11","【当店限定/大きいサイズ】BlackRebel 帽子 キャップ メンズ レディース 大きいサイズ ★REVL 7986564 深め Vintage クラッシュ 加工 こなれ感 おしゃれ 送料無料","ONESIZE","ブラック","X11","Y11",,"0","116","115","-1",
"2026/09/05 21:50:22","受注取込","7987400","7987400X11Y13","【とにかくデカい！/普通サイズあり！】キャップ メンズ 大きいサイズ 帽子 深め ビッグサイズ ★REVM 7987400 BIG SIZE メンズキャップ帽子 大きめ 大きい帽子 メンズ帽子 レディース 春 夏 春夏 プレゼント ギフト 母の日 父の日 送料無料","大きいサイズ","C-グレー","X11","Y13",,"0","69","68","-1",
"2026/09/05 21:51:47","受注取込","7987345","7987345X18Y12","【とにかくデカい！】 大きいサイズ キャップ 送料無料 大きめ ビッグサイズ ★REV 7987345 BIG SIZE 帽子 ハット キャップ キャスケット メンズキャップ 大きいサイズ バケット 大きい帽子 メンズ メンズ帽子 大きい 頭 メッシュキャップ","HHH","2","X18","Y12",,"0","11","10","-1",
"2026/09/05 21:52:06","受注取込","7986509","7986509X11Y11","【使い勝手しやすいベルト】ベルト メンズ レディース 120cm ガチャベルト NEK ★REVL 7986509 フリーサイズ プレゼント 大きいサイズ サバゲー キャンプ アウトドア 登山 作業服 ギフト 送料無料","ONESIZE","ブラック","X11","Y11",,"0","2","1","-1",
"2026/09/05 21:54:17","受注取込","7990254","7990254X11Y12","【送料無料 速攻配達】AVIREX ニットキャップ ニット帽 帽子 メンズ レディース スウェットキャップ  NEK ★REV 14649300 ルーズ キャップ ブランド アビレックス リバーシブル AX REVERSIBLE SWEAT CAP 送料無料 プレゼント ギフト","ONESIZE","ブラック(80)","X11","Y12",,"0","356","355","-1",
"2026/09/05 21:55:47","受注取込","7986516","7986516X11Y11","【当店限定モデル/深め】 AVIREX キャップ メンズ レディース 深め 刺繍 シンプル 81747500 ★REVL 7986516 ブランド コットン100％ サイズ調整可能 ブラック グレージュ 送料無料","ONESIZE","ブラック","X11","Y11",,"0","2","1","-1",
"2026/09/05 21:55:47","受注取込","7986751","7986751X13Y13","【グリップ力効果/洗濯可能】トレーニンググローブ 手袋 筋トレ 筋トレグローブ NEK ★REV 7986751 レディース メンズ ジム手袋 指無し ウェイトリフティング 防滑 クッション性 伸びる 洗濯OK バーベル サイクリング ヨガ グリップ 衝撃吸収 通気性 送料無料","L","ブラック","X13","Y13",,"0","24","23","-1",
"2026/09/05 21:59:47","受注取込","7987988","7987988X11Y15","【AVIREX 限定】サファリハット メンズ 大きいサイズ BIGサイズ アドベンチャーハット 17158300 17158400 釣り 帽子 ハット ★REV NEK 7987988 大きめ 普通サイズ AVIREX 限定 かっこいい アウトドア ブラックシリーズ アビレックス 帽子 キャップ ブランド 撥水加工","普通サイズ_17158300","グレージュ(73)","X11","Y15",,"0","118","117","-1",
"2026/09/05 21:59:47","受注取込","7988087","7988087X11Y11","安全靴 スニーカー エアウォーク AIR WALK AW-930 7988087 ブルー フレックスフィット ローカット メンズ セーフティシューズ 樹脂先芯 軽量 衝撃吸収 負担軽減 作業靴 オシャレ  かかとが踏める ムレにくい","25.0cm ","ブルー","X11","Y11",,"0","4","3","-1",
"2026/09/05 22:02:17","受注取込","7987810","7987810X11Y16","数字油絵 DIY 大人の塗り絵 子供の塗り絵 夏休みの宿題 インテリア 絵画 NEK ★REV 7987810 数字塗り絵 数字 油絵 セット 可愛い 塗り絵 大人 ぬり絵 ぬりえ 大人のぬりえ パズル塗り絵 パズルぬりえ インテリア おしゃれ アートパネル 暇つぶし プレゼント ギフト 送料無料","ONESIZE","F","X11","Y16",,"0","23","22","-1",
"2026/09/05 22:02:17","受注取込","7987408","7987408X11Y14","【2WAY 本革】レディースベルト リバーシブル ビジネス NEK ★REV 7987408 ロゴ フォーマル シンプル カジュアル スーツ レザー 本革 送料無料","ONESIZE","A-モカブラウン","X11","Y14",,"0","18","17","-1",
"2026/09/05 22:03:02","受注取込","7988215","7988215X20Y14","【とにかくデカい！】 大きいサイズ キャップ メッシュキャップ 送料無料 大きめ ビッグサイズ BIG SIZE ★REV 7988215 <br> 帽子 ハット キャップ ワークキャップ メンズキャップ 大きいサイズ バケット 大きい帽子 メンズ バケハ メンズ帽子 大きい 頭 メッシュ 全39カラー","JJ","4","X20","Y14",,"0","35","34","-1",
"2026/09/05 22:03:48","受注取込","7987070","7987070X13Y11","【お得な2枚組】X-LARGE XLARGE エクストララージ ボクサーパンツ メンズ アンダーウェア 下着 NEK ★REVL 7987070 かっこいい ツルツル おすすめ 人気 カモフラ タイダイ 炎 迷彩 カモ柄 ブランド 男性 紳士 プレゼント プチギフト 父の日 誕生日 彼氏 父 息子 ギフト 記念日 大きいサイズ 福袋 送料無料","XL","2枚組","X13","Y11",,"0","70","69","-1",
"2026/09/05 22:05:18","受注取込","7986460","7986460X11Y12","【ダメージ加工がCOOL】BOSTON 帽子 キャップ Vintage メンズ レディース ★REVL 7986460 くすみカラー こなれ感 深め しっかり素材 送料無料","ONESIZE","パープル","X11","Y12",,"0","18","17","-1",
"2026/09/05 22:05:18","受注取込","7987892","7987892X12Y17","【深めのシルエット】メッシュキャップ キャップ 帽子 メンズ レディース 大きいサイズ 普通サイズ ★REV 7987892","大きいサイズ","G","X12","Y17",,"0","2","1","-1",
"2026/09/05 22:07:49","受注取込","7997141","7997141X12Y13","特大 スイカ ドーナツ 浮き輪 浮輪 送料無料 プール 大人用 子供用 NEK 7997141 ★REV 120cm 90cm 80cm 70cm 60cm サイズ 大きい 大きめ うきわ ウキワ すいか 海 海水浴 ビックフロート 水上 レジャー かわいい フローティングベッド 西瓜 子供用浮き輪 大人 子供 こども","90cm","ドーナツチョコ","X12","Y13",,"0","9","8","-1",
"2026/09/05 22:07:49","受注取込","7987409","7987409X11Y14","【130cm 大きいサイズ対応】本革 床革 ベルト メンズ 130cm NEK ★REV 7987409 大きいサイズ対応 シンセティックレザー ビジネスベルト カジュアルベルト 父の日 送料無料","ONESIZE","ブラウンB","X11","Y14",,"0","24","23","-1",
"2026/09/05 22:12:03","受注取込","8000345","8000345X11Y17","栃木レザー 長財布 本革 レザー 日本製 メンズ レディース ★REV 8000345 TDSG-1008【P2】 職人技 無地 5色展開 プレゼント ギフト","ONESIZE","ブラウン","X11","Y17",,"0","2","1","-1",
"2026/09/05 22:12:30","受注取込","7988215","7988215X13Y14","【とにかくデカい！】 大きいサイズ キャップ メッシュキャップ 送料無料 大きめ ビッグサイズ BIG SIZE ★REV 7988215 <br> 帽子 ハット キャップ ワークキャップ メンズキャップ 大きいサイズ バケット 大きい帽子 メンズ バケハ メンズ帽子 大きい 頭 メッシュ 全39カラー","CC","4","X13","Y14",,"0","17","16","-1",
"2026/09/05 22:14:47","受注取込","7987652","7987652X11Y12","ランニングライト led 充電式 ウォーキング 散歩 ライト 夜間 LEDアームバンド NEK ★REVL 7987652 LTG 反射 反射材 リフレクター LED リストバンド サバゲー マーカー 防災 プレゼント ギフト アウトドア キャンプ 母の日 父の日 送料無料","ONESIZE","ブルー","X11","Y12",,"0","16","15","-1",
"2026/09/05 22:14:47","受注取込","7986723","7986723X11Y11","【握りを極める本革仕様】パワーグリップ 筋トレグローブ トレーニンググローブ フィットネスグローブ NEK ★REVL 7986723 メンズ レディース 本革 本皮 ジム トレーニング デッドリフト ベンチプレス 手袋 グローブ 握力補助 ラットプルダウン 筋トレ バーベル 懸垂 左右セット ウェイトリフティング 滑り止め加工 送料無料","S","オリーブ","X11","Y11",,"0","2","1","-1",
"2026/09/05 22:15:31","受注取込","7994812","7994812X12Y11","サファリハット メンズ 釣り 帽子 ハット レディース SUNS(サンズ)  撥水 アウトドア 登山 キャンプ バーベキュー NEK ★REV H-051 H-053 送料無料 大きいサイズあり キッズサイズ 子供 UVカット アドベンチャーハット 父の日 プレゼント ユニセックス 春 夏 夏フェス ギフト","大きいサイズ","BK/BLACK(H_051)","X12","Y11",,"0","191","190","-1",
"2026/09/05 22:16:21","受注取込","7990619","7990619X11Y11","アルコール ジェル 除菌 消毒 500ml 62% 【50mlのミニボトル2本付き あす楽】 エタノール ハンドジェル アルコール 消毒 アルコール 除菌 アルコール消毒液 500ml アメリカFDA 認証商品 ウイルス対策  7990619 プレゼント ギフト","500ml","ジェルタイプ","X11","Y11",,"0","817","814","-3",
"2026/09/05 22:16:21","受注取込","7990226","7990226X11Y11","【12本入り 速攻配達 送料無料】藤の花 魔除け 造花 フェイクフラワー ★REV 7990226 <br> 鬼が嫌う 誕生日 お祝い プレゼント ギフト 飾り付け 和 インテリア 造花 藤の花 フェイクグリーン インテリアグリーン セット 花飾り 吊り下げ 人工観葉植物 12本入り 送料無料","ONESIZE","パープル","X11","Y11",,"0","42","40","-2",
"2026/09/05 22:16:21","受注取込","7987892","7987892X12Y24","【深めのシルエット】メッシュキャップ キャップ 帽子 メンズ レディース 大きいサイズ 普通サイズ ★REV 7987892","大きいサイズ","N","X12","Y24",,"0","6","5","-1",
"2026/09/05 22:16:21","受注取込","7987757","7987757X11Y13","【カーボンスタイル 大きいサイズ】メッシュキャップ キャップ 帽子 蒸れない ★REV 7987757 大きいサイズ カーボン調 プレゼント ギフト 送料無料","ONESIZE","ネイビー","X11","Y13",,"0","11","10","-1",
"2026/09/05 22:16:21","受注取込","7987401","7987401X11Y11","大きいサイズ キャップ メッシュキャップ 帽子 ★REV 7987401 メンズ 野球帽 迷彩 カモフラ シャドーカモ 刺繍 送料無料","ONESIZE","ブラックシャドーカモ","X11","Y11",,"0","11","10","-1",
"2026/09/05 22:19:17","受注取込","7987678","7987678X12Y14","【洗濯可能】トレーニンググローブ 手袋 筋トレ 筋トレグローブ メンズ レディース 指無し NEK ★REV 7987678 ウェイトリフティング 防滑 クッション性 伸びる 洗濯OK バーベル サイクリング ヨガ グリップ","M","B-ブラック","X12","Y14",,"0","44","43","-1",
"2026/09/05 22:19:17","受注取込","7986519","7986519X11Y11","【ごっそり鼻毛処理！お得な10本セット】鼻毛カッター 鼻毛トリマー  耳かき NEK ★REVL 7986519 男性用 女性用 送料無料","ONESIZE","アイボリー","X11","Y11",,"0","75","74","-1",
"2026/09/05 22:19:17","受注取込","7988002","7988002X12Y16","【光る首輪】光る 犬 首輪 光る 犬用 LED ライト USB充電式 猫用 カラー 可愛い NEK ★REVG 7988002 ペット用品 ドッグ 大型犬 中型犬 小型犬 向け サイズ調節 35cm 50cm 70cm レインボー 猫 事故防止 散歩 防水 送料無料","M(50cm)","グリーン","X12","Y16",,"0","4","3","-1",
"2026/09/05 22:19:17","受注取込","7988002","7988002X12Y18","【光る首輪】光る 犬 首輪 光る 犬用 LED ライト USB充電式 猫用 カラー 可愛い NEK ★REVG 7988002 ペット用品 ドッグ 大型犬 中型犬 小型犬 向け サイズ調節 35cm 50cm 70cm レインボー 猫 事故防止 散歩 防水 送料無料","M(50cm)","レインボー","X12","Y18",,"0","6","5","-1",
"2026/09/05 22:20:47","受注取込","7994812","7994812X11Y13","サファリハット メンズ 釣り 帽子 ハット レディース SUNS(サンズ)  撥水 アウトドア 登山 キャンプ バーベキュー NEK ★REV H-051 H-053 送料無料 大きいサイズあり キッズサイズ 子供 UVカット アドベンチャーハット 父の日 プレゼント ユニセックス 春 夏 夏フェス ギフト","普通サイズ","NAVY(H_051)","X11","Y13",,"0","23","22","-1",
"2026/09/05 22:21:48","受注取込","7986778","7986778X11Y11","【高純度テラヘルツ/3通りの使い方可能】 テラヘルツ ネックレス アンクレット ブレスレット NEK ★REV 7986778 メンズ レディース 鏡面多面カット 3.0mm 健康 テラヘルツ波 パワーストーン 天然石 アクセサリー プレゼント ギフト プチギフト 母の日 父の日 送料無料","球型","テラヘルツ","X11","Y11",,"0","12","11","-1",
"2026/09/05 22:24:47","受注取込","7987139","7987139X11Y14","【頑丈でタフ】ポーチ 小物入れ メンズ ウエストポーチ スマホケース ミリタリー NEK ★REV 7987139 アイコスケース サバゲー アウトドア キャンプ サバイバルギア MOLLEシステム対応 モール式 バッグ リュック 装備品 送料無料","ONESIZE","カーキカモ","X11","Y14",,"0","28","27","-1",
"2026/09/05 22:25:01","受注取込","7990744","7990744X11Y16","在庫あり マスク カラーマスク 大きいサイズあり 洗える 手洗い 繰り返し使える NEK 7990744 ブラック 大人用 マスク 黒マスク ブラックマスク 花粉 pm2.5 クロ B系 ストリート ファッション コスプレ ストレッチ 12色展開 ALI  プレゼント ギフト","普通サイズ","杢チャコール","X11","Y16",,"0","107","95","-12",
"2026/09/05 22:27:18","受注取込","7988124","7988124X11Y12","大きいサイズ キャップ 帽子 メンズ フルキャップ ベースボールキャップ コットンキャップ 野球帽 ワンポイント ★REV 7988124 イーグル 鷲 刺繍 ミリタリー BIGSIZE キングサイズ 送料無料","ONESIZE","ネイビー","X11","Y12",,"0","29","28","-1",
"2026/09/05 22:28:48","受注取込","7986504","7986504X12Y12","【7cm厚底】厚底サンダル レディース EVA 軽量 7cm 厚底 トングサンダル ★REVO 7986504 ビーチサンダル 韓国ファッション 美脚 脚長 疲れにくい 軽い おしゃれ ブラック グレージュ 送料無料","37-38(23.5?24.0cm)","グレージュ","X12","Y12",,"0","35","34","-1",
"2026/09/05 22:30:31","受注取込","7987117","7987117X14Y12","【超軽量 かかとが踏める】スリッポン スニーカー シューズ メンズ 靴 2way サンダル スリッパ 1240 ★REV 7987117 WILDNATURE かかとが踏める 超軽量 グレー ネイビー ブラック 黒","26.5cm","ネイビー","X14","Y12",,"0","44","43","-1",
"2026/09/05 22:30:38","受注取込","7987559","7987559X11Y13","ミニ財布 ミニウォレット 短財布 メンズ レディース ウォレット NEK ★REV 7987559 プレゼント ギフト 父の日 母の日 プチギフト 誕プレ 送料無料","ONESIZE","ネイビー","X11","Y13",,"0","20","19","-1",
"2026/09/05 22:30:38","受注取込","7990254","7990254X11Y12","【送料無料 速攻配達】AVIREX ニットキャップ ニット帽 帽子 メンズ レディース スウェットキャップ  NEK ★REV 14649300 ルーズ キャップ ブランド アビレックス リバーシブル AX REVERSIBLE SWEAT CAP 送料無料 プレゼント ギフト","ONESIZE","ブラック(80)","X11","Y12",,"0","355","354","-1",
"2026/09/05 22:30:38","受注取込","7994812","7994812X12Y16","サファリハット メンズ 釣り 帽子 ハット レディース SUNS(サンズ)  撥水 アウトドア 登山 キャンプ バーベキュー NEK ★REV H-051 H-053 送料無料 大きいサイズあり キッズサイズ 子供 UVカット アドベンチャーハット 父の日 プレゼント ユニセックス 春 夏 夏フェス ギフト","大きいサイズ","GRAY(H_051)","X12","Y16",,"0","38","37","-1",
"2026/09/05 22:34:02","受注取込","7986572","7986572X11Y40","【新型/IQOS イルマ i ワン用】アイコス イルマiワン ILUMA ケース 保護ケース NEK ★REVL 7986572 iqosイルマワン イルマワンカバー 耐衝撃 おしゃれ iqos iluma one 専用 IQOSイルマワン保護ケース レザー ヒョウ柄 ペイズリー 保護カバー アイコスケース アクセサリー 送料無料","イルマiワン","84","X11","Y40",,"0","15","14","-1",
"2026/09/05 22:34:48","受注取込","7994812","7994812X12Y33","サファリハット メンズ 釣り 帽子 ハット レディース SUNS(サンズ)  撥水 アウトドア 登山 キャンプ バーベキュー NEK ★REV H-051 H-053 送料無料 大きいサイズあり キッズサイズ 子供 UVカット アドベンチャーハット 父の日 プレゼント ユニセックス 春 夏 夏フェス ギフト","大きいサイズ","GREIGE(H-051)","X12","Y33",,"0","107","106","-1",
"2026/09/05 22:34:48","受注取込","7987084","7987084X12Y19","【くすみカラー 10色展開】深め 大きいサイズ 普通サイズ 帽子 キャップ メンズ レディース ★REV 7987084 Vintage 無地 シンプル おしゃれ 送料無料","大きいサイズ","キャメル","X12","Y19",,"0","29","28","-1",
"2026/09/05 22:34:48","受注取込","7987084","7987084X12Y16","【くすみカラー 10色展開】深め 大きいサイズ 普通サイズ 帽子 キャップ メンズ レディース ★REV 7987084 Vintage 無地 シンプル おしゃれ 送料無料","大きいサイズ","オリーブ","X12","Y16",,"0","25","24","-1",
"2026/09/05 22:35:48","受注取込","7992054","7992054X11Y12","【シンプル/おしゃれ】16mm パワーストーン ネックレス メンズ レディース 瑪瑙 オブシディアン タイガーアイ NEK ★REV 7992054 黒曜石 茶水晶 虎目石 金運 財運 仕事運 恋愛 結婚 家庭円満 癒し 幸運 成功運 勝負運 家族運 厄除祈願 天然石 お守り プレゼント 送料無料","ONESIZE","【B】タイガーアイズ","X11","Y12",,"0","25","24","-1",
"2026/09/05 22:39:51","受注取込","7987873","7987873X11Y12","【深く大きいサイズ】メッシュキャップ メンズ 帽子 刺繍 キャップ NEW YORK 1985 FORCE ★REV 7987873 おしゃれ 黒 ブラック 父の日 プレゼント ギフト 送料無料","ONESIZE","ブラック×レッド","X11","Y12",,"0","24","23","-1",
"2026/09/05 22:39:51","受注取込","7988215","7988215X18Y13","【とにかくデカい！】 大きいサイズ キャップ メッシュキャップ 送料無料 大きめ ビッグサイズ BIG SIZE ★REV 7988215 <br> 帽子 ハット キャップ ワークキャップ メンズキャップ 大きいサイズ バケット 大きい帽子 メンズ バケハ メンズ帽子 大きい 頭 メッシュ 全39カラー","HH","3","X18","Y13",,"0","12","11","-1",
"2026/09/05 22:41:20","受注取込","7986723","7986723X12Y11","【握りを極める本革仕様】パワーグリップ 筋トレグローブ トレーニンググローブ フィットネスグローブ NEK ★REVL 7986723 メンズ レディース 本革 本皮 ジム トレーニング デッドリフト ベンチプレス 手袋 グローブ 握力補助 ラットプルダウン 筋トレ バーベル 懸垂 左右セット ウェイトリフティング 滑り止め加工 送料無料","M","オリーブ","X12","Y11",,"0","4","3","-1",
"2026/09/05 22:41:20","受注取込","7987319","7987319X11Y13","LOGOS ロゴス ニットキャップ ニット帽 帽子 NEK ★REV LS6P207Z 7987319 大きい 大きめ 大きいサイズ ニット素材 メンズ レディース ブランド プレゼント ギフト ミリタリー アメカジ ストリート アウトドア プレゼント ギフト 送料無料","ONESIZE","チャコール","X11","Y13",,"0","114","113","-1",
"2026/09/05 22:42:00","受注取込","7986676","7986676X11Y14","【通気性抜群/薄手コットンニット】ハット 帽子 チューリップハット メンズ レディース NEK ★REVL 7986676 折りたたみ可能  UVカット 春夏ハット おしゃれ 無地 送料無料","ONESIZE","ブラック杢","X11","Y14",,"0","22","21","-1",
"2026/09/05 22:42:00","受注取込","7986676","7986676X11Y13","【通気性抜群/薄手コットンニット】ハット 帽子 チューリップハット メンズ レディース NEK ★REVL 7986676 折りたたみ可能  UVカット 春夏ハット おしゃれ 無地 送料無料","ONESIZE","ベージュ","X11","Y13",,"0","14","13","-1",
"2026/09/05 22:42:01","受注取込","7987327","7987327X11Y11","本革 レザー キャスケット ハンチング 帽子 メンズ ★REV 7987327 キャップ あしたのジョー おしゃれ 皮製 ブラック ダークブラウン キャメル 黒 茶  送料無料","ONESIZE","ブラック","X11","Y11",,"0","57","56","-1",
"2026/09/05 22:43:17","受注取込","7987400","7987400X11Y15","【とにかくデカい！/普通サイズあり！】キャップ メンズ 大きいサイズ 帽子 深め ビッグサイズ ★REVM 7987400 BIG SIZE メンズキャップ帽子 大きめ 大きい帽子 メンズ帽子 レディース 春 夏 春夏 プレゼント ギフト 母の日 父の日 送料無料","大きいサイズ","E-ベージュ","X11","Y15",,"0","104","103","-1",
"2026/09/05 22:44:47","受注取込","7987073","7987073X12Y13","【くすみカラー 超軽量】バケットハット サファリハット メンズ レディース 普通サイズ 大きいサイズ NEK ★REV 7987073 アドベンチャーハット 撥水 速乾 軽量 折り畳める UV カット アウトドア キャンプ 登山 ウォーキング 散歩 日焼け防止 紫外線防止 送料無料","大きいサイズ","ブラック","X12","Y13",,"0","17","16","-1",
"2026/09/05 22:50:02","受注取込","7988466","7988466X11Y12","【速攻配達 送料無料】ゲーミングイヤホン ヘッドセット LTG 落ちない ズレない こもらない 暑くない switch ヘッドホン マイク 付き NEK 7988466 ps4 ps5 ヘッドフォン 有線 USB ニンテンドースイッチ テレワーク zoom ズーム リモート WEB会議 ミーティング","ONESIZE","ブラック/ブラック","X11","Y12",,"0","18","17","-1",
"2026/09/05 22:56:32","受注取込","7990394","7990394X12Y11","マスク 日本製 送料無料 オーガニック コットンマスク 100％ 綿 洗えるマスク エコマスク MADE IN JAPAN 在庫有り ウイルス対策 大人用 子供用 NEK 7990394 オフホワイト プレゼント ギフト","S(子供用)","オフホワイト","X12","Y11",,"0","260","248","-12",
"2026/09/05 22:57:22","受注取込","7986531","7986531X11Y38","【新型/IQOS イルマ i ワン用】アイコス イルマiワン ILUMA ケース 保護ケース NEK ★REVL 7986531 iqosイルマワン イルマワンカバー 耐衝撃 おしゃれ iqos iluma one 専用 IQOSイルマワン保護ケース レザー ヒョウ柄 ペイズリー 保護カバー アイコスケース アクセサリー 送料無料","ONESIZE","121","X11","Y38",,"0","5","4","-1",
"2026/09/05 22:58:47","受注取込","7987678","7987678X12Y14","【洗濯可能】トレーニンググローブ 手袋 筋トレ 筋トレグローブ メンズ レディース 指無し NEK ★REV 7987678 ウェイトリフティング 防滑 クッション性 伸びる 洗濯OK バーベル サイクリング ヨガ グリップ","M","B-ブラック","X12","Y14",,"0","43","42","-1",
"2026/09/05 22:59:49","受注取込","7986660","7986660X11Y11","【心と身体を守る三重のパワー】パワーストーン ブレスレット ブルータイガーアイ ブラックオブシディアン NEK ★REVL 7986660 黒曜石 ヘマタイト メンズ レディース バングル スピリチュアル 天然石 エネルギーアクセサリー プレゼント ギフト 送料無料","ONESIZE","ワンカラー","X11","Y11",,"0","48","47","-1",
"2026/09/05 23:01:18","受注取込","7986572","7986572X11Y44","【新型/IQOS イルマ i ワン用】アイコス イルマiワン ILUMA ケース 保護ケース NEK ★REVL 7986572 iqosイルマワン イルマワンカバー 耐衝撃 おしゃれ iqos iluma one 専用 IQOSイルマワン保護ケース レザー ヒョウ柄 ペイズリー 保護カバー アイコスケース アクセサリー 送料無料","イルマiワン","88","X11","Y44",,"0","1","0","-1",
"2026/09/05 23:04:17","受注取込","7986972","7986972X11Y21","【Natural Rabbit】おねしょズボン おねしょパンツ おねしょ ズボン 防水 3歳 4歳 5歳 ウエストゴム 男の子 女の子 綿 コットン ズボン パンツ NEK ★REVH 7986972 トレーニングパンツ トイトレ おねしょ対策 寝冷え 腹巻 ズボン キッズ 小学生","M","K","X11","Y21",,"0","1","0","-1",
"2026/09/05 23:04:17","受注取込","7986972","7986972X11Y15","【Natural Rabbit】おねしょズボン おねしょパンツ おねしょ ズボン 防水 3歳 4歳 5歳 ウエストゴム 男の子 女の子 綿 コットン ズボン パンツ NEK ★REVH 7986972 トレーニングパンツ トイトレ おねしょ対策 寝冷え 腹巻 ズボン キッズ 小学生","M","E","X11","Y15",,"0","2","1","-1",
"2026/09/05 23:06:02","受注取込","7987400","7987400X11Y16","【とにかくデカい！/普通サイズあり！】キャップ メンズ 大きいサイズ 帽子 深め ビッグサイズ ★REVM 7987400 BIG SIZE メンズキャップ帽子 大きめ 大きい帽子 メンズ帽子 レディース 春 夏 春夏 プレゼント ギフト 母の日 父の日 送料無料","大きいサイズ","F-ブラック","X11","Y16",,"0","139","138","-1",
"2026/09/05 23:06:02","受注取込","7987093","7987093X12Y11","【新型iphone/IQOS対応】急速5A 3股 Type-C 充電ケーブル スマホケーブル 1.2m 2m 3m typec NEK ★REVL 7987093 新型iphone IQOS対応 USB A→Type-C×3 充電ケーブル 3in1 急速 送料無料","2.0m","ブラック_TypeA/TypeC×3","X12","Y11",,"0","23","21","-2",
"2026/09/05 23:06:50","受注取込","7986462","7986462X11Y15","【デカい深い】キャップ メンズ レディース 大きいサイズ 深め 帽子 ★REVL 7986462  コットン100% 59cm?65cm ビッグサイズ ロングバイザー 8cm 深い ベースボールキャップ サイズ調整 おしゃれ 春 夏 秋 冬 男女兼用 ブラック ネイビー チャコール アイボリー 黒 送料無料","ONESIZE","ブラック×ホワイト","X11","Y15",,"0","11","10","-1",
"2026/09/05 23:09:47","受注取込","7995525","7995525X1Y14","AVIREX 限定モデル キャップ 帽子 父の日 贈り物 プレゼント メンズ ★REV ブラックシリーズ 黒 アビレックス アヴィレックス メッシュキャップ ハンチング ローキャップ バケット ハット ワークキャップ レディース かっこいい yos プレゼント ギフト","ONESIZE","【N】サファリハット_17158300","X1","Y14",,"0","114","113","-1",
"2026/09/05 23:09:47","受注取込","7986752","7986752X11Y11","収納 サンバイザーホルダー マルチ 車 カーポケット ドライブポケット NEK ★REVL 7986752 おしゃれ サンバイザー ポケット カー用品 収納 カー用品 ペン カードポケット 収納ホルダー サングラスホルダー 車 眼鏡ホルダー カーアクセサリー 送料無料","ONESIZE","ブラック","X11","Y11",,"0","57","56","-1",
"2026/09/05 23:10:07","受注取込","7987626","7987626X11Y11","【お得な5個セット】LEDライト キーホルダー 小型LEDライト NEK ★REV 7987626 キーライト 高輝度 5灯 LR44 ボタン電池 LTG 送料無料","ONESIZE","5本セット","X11","Y11",,"0","425","424","-1",
"2026/09/05 23:13:47","受注取込","7994226","7994226X11Y12","【大きいサイズもあり 限定モデル】AVIREX メッシュキャップ メンズ 帽子 メンズ キャップ メンズ 14023200 14670200 レディース ★REV 父の日 贈り物 プレゼント ブランド アビレックス 送料無料 正規品 ブラック 黒 ネイビー 紺 グレー 灰 yos プレゼント ギフト","普通サイズ_14023200","80_ブラック","X11","Y12",,"0","28","27","-1",
"2026/09/05 23:14:09","受注取込","7987169","7987169X11Y14","【本革 コンパクト】財布 レディース メンズ ミニ財布 短財布 ミニウォレット NEK ★REVH 7987169 エンボス レザー 革 本革 牛革 ショートウォレット さいふ ウォレット 多機能 大容量 男性 ギフト 紳士用 プレゼント 薄い スリム 収納 ラウンドファスナー 送料無料","ONESIZE","ネイビー×ワイン","X11","Y14",,"0","6","5","-1",
"2026/09/05 23:15:42","受注取込","7987794","7987794X12Y11","【大きいサイズもあり】キャスハンチング キャップ メンズ レディース CULTURE MART NEK 101294 ★REV 7987794 ハンチング帽子 ハンチング帽 秋冬 帽子 ハンチング キャスケット メンズ帽子 レディース帽子秋冬 秋冬帽子 メンズハンチング おしゃれ カルチャーマート","大きいサイズ","ベージュ(1)","X12","Y11",,"0","115","114","-1",
"2026/09/05 23:16:18","受注取込","7987090","7987090X11Y12","【使い方色々!】ポーチ ベルトポーチ 小物入れ 小銭入れ カードケース NEK ★REV 7987090 短財布 財布 メンズ レディース カラビナ ミリタリー サバゲー キャンプ アウトドア メディカルポーチ 防災グッズ 送料無料","ONESIZE","カーキ","X11","Y12",,"0","27","26","-1",
"2026/09/05 23:19:01","受注取込","7990619","7990619X11Y11","アルコール ジェル 除菌 消毒 500ml 62% 【50mlのミニボトル2本付き あす楽】 エタノール ハンドジェル アルコール 消毒 アルコール 除菌 アルコール消毒液 500ml アメリカFDA 認証商品 ウイルス対策  7990619 プレゼント ギフト","500ml","ジェルタイプ","X11","Y11",,"0","814","804","-10",
"2026/09/05 23:20:47","受注取込","7987516","7987516X13Y13","【選べる2色×4サイズ】ネックレス ワックスコード チョーカー メンズ レディース 41cm 50cm 60cm 70cm NEK ★REV 7987516 シンプル おしゃれ プレゼント プチギフト バレンタイン クリスマス 送料無料","60cm","ブラック3mm","X13","Y13",,"0","27","26","-1",
"2026/09/05 23:20:47","受注取込","7987516","7987516X11Y13","【選べる2色×4サイズ】ネックレス ワックスコード チョーカー メンズ レディース 41cm 50cm 60cm 70cm NEK ★REV 7987516 シンプル おしゃれ プレゼント プチギフト バレンタイン クリスマス 送料無料","41cm","ブラック3mm","X11","Y13",,"0","32","31","-1",
"2026/09/05 23:21:01","受注取込","7992723","7992723X13Y11","お得！ 送料無料 4枚入り 福袋 Dickies ディッキーズ ボクサーパンツ メンズ かわいい NEK ★REV <br> パンツ ボクサーパンツ セット メンズ下着 メンズボクサーパンツ メンズボクサー 大きいサイズ 大きめ 特大 3L 下着 インナー メンズ usa まとめ買い プレゼント ギフト","LL","福袋4枚セット","X13","Y11",,"0","1","0","-1",
"2026/09/05 23:24:55","受注取込","7987400","7987400X11Y16","【とにかくデカい！/普通サイズあり！】キャップ メンズ 大きいサイズ 帽子 深め ビッグサイズ ★REVM 7987400 BIG SIZE メンズキャップ帽子 大きめ 大きい帽子 メンズ帽子 レディース 春 夏 春夏 プレゼント ギフト 母の日 父の日 送料無料","大きいサイズ","F-ブラック","X11","Y16",,"0","138","137","-1",
"2026/09/05 23:24:55","受注取込","7987026","7987026X11Y11","【大きいサイズあり】キャップ 11cm つば長 帽子 メンズ レディース ★REV 7987026 深め 深い ゴルフ 無地 日焼け止め UVカット 送料無料","普通サイズ","ブラック","X11","Y11",,"0","37","36","-1",
"2026/09/05 23:24:55","受注取込","7990479","7990479X11Y11","【5個セット 速攻配達】マスク ブラケット フレーム 呼吸が楽々 化粧崩れ防止 暑さ対策 冷感 マスク 蒸れ防止 熱軽減 夏用 洗える カラーマスク用 織布マスク用 布マスク用 在庫有り マスクブラケットフレーム 7990479","ONESIZE","半透明","X11","Y11",,"0","4399","4398","-1",
"2026/09/05 23:25:32","受注取込","7990619","7990619X11Y11","アルコール ジェル 除菌 消毒 500ml 62% 【50mlのミニボトル2本付き あす楽】 エタノール ハンドジェル アルコール 消毒 アルコール 除菌 アルコール消毒液 500ml アメリカFDA 認証商品 ウイルス対策  7990619 プレゼント ギフト","500ml","ジェルタイプ","X11","Y11",,"0","804","788","-16",
"2026/09/05 23:28:48","受注取込","7994812","7994812X11Y14","サファリハット メンズ 釣り 帽子 ハット レディース SUNS(サンズ)  撥水 アウトドア 登山 キャンプ バーベキュー NEK ★REV H-051 H-053 送料無料 大きいサイズあり キッズサイズ 子供 UVカット アドベンチャーハット 父の日 プレゼント ユニセックス 春 夏 夏フェス ギフト","普通サイズ","KHAKI(H_051)","X11","Y14",,"0","44","43","-1",
"2026/09/05 23:30:40","受注取込","7988002","7988002X13Y13","【光る首輪】光る 犬 首輪 光る 犬用 LED ライト USB充電式 猫用 カラー 可愛い NEK ★REVG 7988002 ペット用品 ドッグ 大型犬 中型犬 小型犬 向け サイズ調節 35cm 50cm 70cm レインボー 猫 事故防止 散歩 防水 送料無料","L(70cm)","イエロー","X13","Y13",,"0","15","14","-1",
"2026/09/05 23:30:40","受注取込","7986618","7986618X11Y11","【お得な2個入り】 LED電球 E26口金 40W形相当 6W 500LM 昼白色 RGB 16色 調光調色 ★REVL 7986618 カラフル マルチカラー リモコン付き 記憶機能 16色選択可 リモート 装飾照明電球 パーティー/リビングルーム/カフェー/舞台 2個入り 送料無料","2個セット","ホワイト","X11","Y11",,"0","48","47","-1",
"2026/09/05 23:31:47","受注取込","7986711","7986711X11Y11","【高速充電/45W/PD対応】シガーソケット 充電器 USB TYPE-C タイプC PD充電器 NEK ★REVL 7986711 高速 急速充電 車載 コンパクト カーチャージャー 車載充電器  iPhone android ipad スマホ アクセサリー 2ポート 車載ガジェット 送料無料","ONESIZE","TYPE-A×TYPE-C","X11","Y11",,"0","33","32","-1",
"2026/09/05 23:31:47","受注取込","7987490","7987490X11Y11","【手首を太く逞しくする】前腕筋 筋トレ 握力 手首 前腕部の強化 腕相撲 ★REV 7987490 バスケットボール テニス ゴルフ 柔道 剣道 空手 格闘技 プレゼント ギフト 送料無料","ONESIZE","ブラック","X11","Y11",,"0","80","79","-1",
"2026/09/05 23:33:17","受注取込","7988080","7988080X15Y12","【ハイスペック】手袋 手ぶくろ 防寒 メンズ レディース 防水 撥水 防寒 防風 スマホ対応 NEK ★REV 7988080 グローブ アウトドア キャンプ 滑り止め グリップ ウィンタースポーツ フリース バイク 単車 ランニング 冬 男性用 てぶくろ 屋外 登山 送料無料","XXL","グレー","X15","Y12",,"0","2","1","-1",
"2026/09/05 23:33:17","受注取込","7987319","7987319X11Y11","LOGOS ロゴス ニットキャップ ニット帽 帽子 NEK ★REV LS6P207Z 7987319 大きい 大きめ 大きいサイズ ニット素材 メンズ レディース ブランド プレゼント ギフト ミリタリー アメカジ ストリート アウトドア プレゼント ギフト 送料無料","ONESIZE","ブラック","X11","Y11",,"0","160","159","-1",
"2026/09/05 23:33:17","受注取込","7986690","7986690X11Y13","【当店限定/大きいサイズ】LOGOS ロゴス キャップ メッシュキャップ 帽子 大きいサイズ ★REVL 7986690 ブランド メンズ レディース 野球帽 XXLサイズ KING SIZE アウトドア キャンプ シンプル おしゃれ 送料無料","メッシュキャップ","ベージュ","X11","Y13",,"0","133","132","-1",
"2026/09/05 23:34:22","受注取込","7992723","7992723X12Y11","お得！ 送料無料 4枚入り 福袋 Dickies ディッキーズ ボクサーパンツ メンズ かわいい NEK ★REV <br> パンツ ボクサーパンツ セット メンズ下着 メンズボクサーパンツ メンズボクサー 大きいサイズ 大きめ 特大 3L 下着 インナー メンズ usa まとめ買い プレゼント ギフト","L","福袋4枚セット","X12","Y11",,"0","141","140","-1",
"2026/09/05 23:35:31","受注取込","7986767","7986767X11Y11","【猫背対策、姿勢を変えよう 】ランバーサポート 腰当て シートクッション カークッション ★REV 7986767 スローリバウンド 車 腰痛 運転席 腰が痛くならない 腰痛クッション 椅子 腰 姿勢 人気 おすすめ 座席 低反発 ブラック オフィスチェア 背もたれ おしゃれ 運転席 カーアクセサリー 送料無料","ONESIZE","ブラック","X11","Y11",,"0","20","19","-1",
"2026/09/05 23:39:30","受注取込","7987076","7987076X11Y15","【超軽量55g】特価 キャップ 帽子 メッシュキャップ ランニングキャップ NEK ★REV 7987076 メンズ レディース 速乾 軽量 ジョギング アウトドア キャンプ スポーツ 釣り 海 プール","アジャスタータイプ","ベージュ","X11","Y15",,"0","8","7","-1",
"2026/09/05 23:41:48","受注取込","7986657","7986657X11Y11","【お守りチョーカー/阿弥陀如来】チョーカー ネックレス メンズ レディース NEK ★REVL 7986657 仏像 仏様 阿弥陀如来 アクセサリー ギフト プレゼント 送料無料","ONESIZE","ブラック/ゴールド","X11","Y11",,"0","9","8","-1",
"2026/09/05 23:43:01","受注取込","7986716","7986716X11Y11","【紫外線でプロ級チェック】アニサキスライト UV 紫外線ライト ブラックライト NEK ★REVL 7986716 365nm 充電式 TYPE-C充電  USB 光学レンズ アニサキス検出 生活 食事 釣り 掃除 コンパクト 送料無料","1本","ブラック(TYPE-C)","X11","Y11",,"0","43","42","-1",
"2026/09/05 23:43:01","受注取込","7986480","7986480X11Y11","3WAY ショルダーバッグ ボトルショルダーバッグ メンズ レディース ペットボトル収納 NEK ★REVL 7986480 撥水 軽量 スマホポーチ ミニバッグ 斜め掛け 手持ち ユニセックス フェス アウトドア 旅行 送料無料","ONESIZE","ブラック","X11","Y11",,"0","65","64","-1",
"2026/09/05 23:43:30","受注取込","7990619","7990619X11Y11","アルコール ジェル 除菌 消毒 500ml 62% 【50mlのミニボトル2本付き あす楽】 エタノール ハンドジェル アルコール 消毒 アルコール 除菌 アルコール消毒液 500ml アメリカFDA 認証商品 ウイルス対策  7990619 プレゼント ギフト","500ml","ジェルタイプ","X11","Y11",,"0","788","772","-16",
"2026/09/05 23:48:02","受注取込","7986713","7986713X11Y11","【お得なオマケ付/すぐに使える】倒流香  倒流香炉 お香 アロマ お香立て コーン ★REVL 7986713incense インテリア オブジェ リラックス ヨガ 雑貨 陶器 おしゃれ プレゼント ギフト 送料無料","ONESIZE","A","X11","Y11",,"0","4","3","-1",
"2026/09/05 23:48:31","受注取込","7994812","7994812X12Y14","サファリハット メンズ 釣り 帽子 ハット レディース SUNS(サンズ)  撥水 アウトドア 登山 キャンプ バーベキュー NEK ★REV H-051 H-053 送料無料 大きいサイズあり キッズサイズ 子供 UVカット アドベンチャーハット 父の日 プレゼント ユニセックス 春 夏 夏フェス ギフト","大きいサイズ","KHAKI(H_051)","X12","Y14",,"0","28","27","-1",
"2026/09/05 23:48:47","受注取込","7987172","7987172X11Y13","1TB対応 SDカードリーダー バックアップ USB USBメモリ NEK ★REV 7987172 写真 保存 データ スマホ マイクロSDカードリーダー SDカードカメラリーダー 日本語取説 送料無料","ONESIZE","ブラック","X11","Y13",,"0","21","20","-1",
"2026/09/05 23:50:23","受注取込","7986752","7986752X11Y11","収納 サンバイザーホルダー マルチ 車 カーポケット ドライブポケット NEK ★REVL 7986752 おしゃれ サンバイザー ポケット カー用品 収納 カー用品 ペン カードポケット 収納ホルダー サングラスホルダー 車 眼鏡ホルダー カーアクセサリー 送料無料","ONESIZE","ブラック","X11","Y11",,"0","56","55","-1",
"2026/09/05 23:54:21","受注取込","7990398","7990398X11Y11","【速攻配達 送料無料】ゲーミングヘッドセット ONIKUMA オニクマ switch ゲーミング ヘッドホン 7990398 マイク 付き ノイズキャンセリング ps4 ps5 ヘッドフォン 有線 USB フォートナイト ニンテンドースイッチ スイッチ RGB Xbox One K19 送料無料 プレゼント ギフト","ONESIZE","グレーカモ","X11","Y11",,"0","15","14","-1",
"2026/09/05 23:56:02","受注取込","7987408","7987408X11Y14","【2WAY 本革】レディースベルト リバーシブル ビジネス NEK ★REV 7987408 ロゴ フォーマル シンプル カジュアル スーツ レザー 本革 送料無料","ONESIZE","A-モカブラウン","X11","Y14",,"0","17","16","-1",
"2026/09/05 23:56:02","受注取込","7987093","7987093X11Y11","【新型iphone/IQOS対応】急速5A 3股 Type-C 充電ケーブル スマホケーブル 1.2m 2m 3m typec NEK ★REVL 7987093 新型iphone IQOS対応 USB A→Type-C×3 充電ケーブル 3in1 急速 送料無料","1.2m","ブラック_TypeA/TypeC×3","X11","Y11",,"0","2","1","-1",
"2026/09/05 23:56:49","受注取込","7999490","7999490X11Y12","スマホケース 全機種対応 小物入れ ベルト ポーチ サバゲー Military NEK ★REV 7999490 iPhone アイコス イルマ ケース ケース 送料無料","ONESIZE","カーキ","X11","Y12",,"0","16","15","-1",
