"更新日時","更新理由","商品基本コード","商品コード","商品名","属性1名","属性2名","属性1コード","属性2コード","倉庫名","実在庫区分","変動前","変動後","増減値","ユーザー"
"2026/08/01 00:02:00","受注取込","7994812","7994812X12Y11","サファリハット メンズ 釣り 帽子 ハット レディース SUNS(サンズ)  撥水 アウトドア 登山 キャンプ バーベキュー NEK ★REV H-051 H-053 送料無料 大きいサイズあり キッズサイズ 子供 UVカット アドベンチャーハット 父の日 プレゼント ユニセックス 春 夏 夏フェス ギフト","大きいサイズ","BK/BLACK(H_051)","X12","Y11",,"0","454","453","-1",
"2026/08/01 00:10:05","受注取込","7987643","7987643X11Y11","【多機能】財布 短財布 レザー ミニ 二つ折り メンズ レディース ミニウォレット 本革 NEK ★REV 7987643 RFID スキミング防止 LTG プレゼント ギフト 父の日 母の日 送料無料","ONESIZE","ブラック","X11","Y11",,"0","30","29","-1",
"2026/08/01 00:10:06","受注取込","7986710","7986710X11Y19","【春夏秋冬対応/くすみカラー】トートバッグ クロシェバッグ エコバッグ レディース NEK ★REVO 7986710 メッシュ クロシェ編み ナチュラル ニット A4 軽量 かぎ編み おしゃれ 大容量 リゾート 通勤 通学 学生 送料無料","ONESIZE","チャコール","X11","Y19",,"0","8","7","-1",
"2026/08/01 00:11:07","受注取込","8000345","8000345X11Y17","栃木レザー 長財布 本革 レザー 日本製 メンズ レディース ★REV 8000345 TDSG-1008【P2】 職人技 無地 5色展開 プレゼント ギフト","ONESIZE","ブラウン","X11","Y17",,"0","2","1","-1",
"2026/08/01 00:14:00","受注取込","7987400","7987400X11Y11","【とにかくデカい！/普通サイズあり！】キャップ メンズ 大きいサイズ 帽子 深め ビッグサイズ ★REVM 7987400 BIG SIZE メンズキャップ帽子 大きめ 大きい帽子 メンズ帽子 レディース 春 夏 春夏 プレゼント ギフト 母の日 父の日 送料無料","大きいサイズ","A-ブラック","X11","Y11",,"0","169","168","-1",
"2026/08/01 00:16:55","受注取込","7987400","7987400X11Y16","【とにかくデカい！/普通サイズあり！】キャップ メンズ 大きいサイズ 帽子 深め ビッグサイズ ★REVM 7987400 BIG SIZE メンズキャップ帽子 大きめ 大きい帽子 メンズ帽子 レディース 春 夏 春夏 プレゼント ギフト 母の日 父の日 送料無料","大きいサイズ","F-ブラック","X11","Y16",,"0","59","58","-1",
"2026/08/01 00:20:14","受注取込","7987439","7987439X12Y12","【通気性◎】メッシュキャップ メンズ 帽子 7987439 ★REV 野球帽 普通サイズ 56cm～59cm 大きいサイズ ビッグサイズ 59cm～63cm BIG 刺繍 プレゼント ギフト 送料無料","大きいサイズ","ブラック×シルバー","X12","Y12",,"0","10","9","-1",
"2026/08/01 00:24:20","受注取込","7992054","7992054X11Y15","【シンプル/おしゃれ】16mm パワーストーン ネックレス メンズ レディース 瑪瑙 オブシディアン タイガーアイ NEK ★REV 7992054 黒曜石 茶水晶 虎目石 金運 財運 仕事運 恋愛 結婚 家庭円満 癒し 幸運 成功運 勝負運 家族運 厄除祈願 天然石 お守り プレゼント 送料無料","ONESIZE","【E】六字真言","X11","Y15",,"0","4","3","-1",
"2026/08/01 00:30:05","受注取込","7987400","7987400X11Y26","【とにかくデカい！/普通サイズあり！】キャップ メンズ 大きいサイズ 帽子 深め ビッグサイズ ★REVM 7987400 BIG SIZE メンズキャップ帽子 大きめ 大きい帽子 メンズ帽子 レディース 春 夏 春夏 プレゼント ギフト 母の日 父の日 送料無料","大きいサイズ","P-ブラック","X11","Y26",,"0","53","52","-1",
"2026/08/01 00:31:25","受注取込","7986706","7986706X12Y12","【特大！すっぽりかぶって、小顔見せ】バケットハット チューリップハット 帽子 NEK ★REVL 7986706 メンズ レディース 大きいサイズ 普通サイズ  デニム素材 コットン100％ おしゃれ フリンジ 送料無料","大きいサイズ","ベージュ","X12","Y12",,"0","138","137","-1",
"2026/08/01 00:33:31","受注取込","7987490","7987490X11Y11","【手首を太く逞しくする】前腕筋 筋トレ 握力 手首 前腕部の強化 腕相撲 ★REV 7987490 バスケットボール テニス ゴルフ 柔道 剣道 空手 格闘技 プレゼント ギフト 送料無料","ONESIZE","ブラック","X11","Y11",,"0","100","99","-1",
"2026/08/01 00:40:07","受注取込","7987070","7987070X11Y11","【お得な2枚組】X-LARGE XLARGE エクストララージ ボクサーパンツ メンズ アンダーウェア 下着 NEK ★REVL 7987070 かっこいい ツルツル おすすめ 人気 カモフラ タイダイ 炎 迷彩 カモ柄 ブランド 男性 紳士 プレゼント プチギフト 父の日 誕生日 彼氏 父 息子 ギフト 記念日 大きいサイズ 福袋 送料無料","M","2枚組","X11","Y11",,"0","33","32","-1",
"2026/08/01 00:41:25","受注取込","7990226","7990226X11Y14","【12本入り 速攻配達 送料無料】藤の花 魔除け 造花 フェイクフラワー ★REV 7990226 <br> 鬼が嫌う 誕生日 お祝い プレゼント ギフト 飾り付け 和 インテリア 造花 藤の花 フェイクグリーン インテリアグリーン セット 花飾り 吊り下げ 人工観葉植物 12本入り 送料無料","ONESIZE","ホワイト","X11","Y14",,"0","53","52","-1",
"2026/08/01 00:41:25","受注取込","7990226","7990226X11Y12","【12本入り 速攻配達 送料無料】藤の花 魔除け 造花 フェイクフラワー ★REV 7990226 <br> 鬼が嫌う 誕生日 お祝い プレゼント ギフト 飾り付け 和 インテリア 造花 藤の花 フェイクグリーン インテリアグリーン セット 花飾り 吊り下げ 人工観葉植物 12本入り 送料無料","ONESIZE","グリーン","X11","Y12",,"0","62","61","-1",
"2026/08/01 00:49:55","受注取込","7986822","7986822X11Y16","【耐強風/12本骨】 折りたたみ傘 大きいサイズ メンズ レディース 117cm 自動開閉 ★REV 7986822 遮蔽率99.9% UVカット UPF50+ 日傘 晴雨兼用 収納袋 紫外線遮断 雨傘 丈夫 頑丈 傘 完全遮光 ワンタッチ かさ 送料無料","ONESIZE","パープル","X11","Y16",,"0","2","1","-1",
"2026/08/01 00:50:05","受注取込","7988215","7988215X22Y15","【とにかくデカい！】 大きいサイズ キャップ メッシュキャップ 送料無料 大きめ ビッグサイズ BIG SIZE ★REV 7988215 <br> 帽子 ハット キャップ ワークキャップ メンズキャップ 大きいサイズ バケット 大きい帽子 メンズ バケハ メンズ帽子 大きい 頭 メッシュ 全39カラー","LL","5","X22","Y15",,"0","10","9","-1",
"2026/08/01 01:09:00","受注取込","8003102","8003102X17Y12","やみつきになる！ ストレッチ AVIREX アビレックス Tシャツ メンズ ★REV NEK 6143501 6143502 Vネック クルーネック 半袖 プレゼント ギフト","クルーネック_ブラック_009","Mサイズ","X17","Y12",,"0","2","1","-1",
"2026/08/01 01:30:40","受注取込","7988047","7988047X11Y16","2WAY ミニ ボストンバッグ メンズ レディース ★REV 7988047 小さめ 小型 ショルダーバッグ ミニバッグ ドラムバッグ 小旅行 アウトドア キャンプ ジム 軽量 送料無料","ONESIZE","オリーブ","X11","Y16",,"0","33","32","-1",
"2026/08/01 01:40:04","受注取込","7987439","7987439X12Y14","【通気性◎】メッシュキャップ メンズ 帽子 7987439 ★REV 野球帽 普通サイズ 56cm～59cm 大きいサイズ ビッグサイズ 59cm～63cm BIG 刺繍 プレゼント ギフト 送料無料","大きいサイズ","ネイビー","X12","Y14",,"0","11","10","-1",
"2026/08/01 01:41:55","受注取込","7994812","7994812X12Y33","サファリハット メンズ 釣り 帽子 ハット レディース SUNS(サンズ)  撥水 アウトドア 登山 キャンプ バーベキュー NEK ★REV H-051 H-053 送料無料 大きいサイズあり キッズサイズ 子供 UVカット アドベンチャーハット 父の日 プレゼント ユニセックス 春 夏 夏フェス ギフト","大きいサイズ","GREIGE(H-051)","X12","Y33",,"0","52","51","-1",
"2026/08/01 01:52:55","受注取込","7992723","7992723X13Y11","お得！ 送料無料 4枚入り 福袋 Dickies ディッキーズ ボクサーパンツ メンズ かわいい NEK ★REV <br> パンツ ボクサーパンツ セット メンズ下着 メンズボクサーパンツ メンズボクサー 大きいサイズ 大きめ 特大 3L 下着 インナー メンズ usa まとめ買い プレゼント ギフト","LL","福袋4枚セット","X13","Y11",,"0","34","33","-1",
"2026/08/01 02:05:36","受注取込","7986531","7986531X11Y16","【新型/IQOS イルマ i ワン用】アイコス イルマiワン ILUMA ケース 保護ケース NEK ★REVL 7986531 iqosイルマワン イルマワンカバー 耐衝撃 おしゃれ iqos iluma one 専用 IQOSイルマワン保護ケース レザー ヒョウ柄 ペイズリー 保護カバー アイコスケース アクセサリー 送料無料","ONESIZE","99","X11","Y16",,"0","2","1","-1",
"2026/08/01 02:10:19","受注取込","7987093","7987093X11Y13","【新型iphone/IQOS対応】急速5A 3股 Type-C 充電ケーブル スマホケーブル 1.2m 2m 3m typec NEK ★REVL 7987093 新型iphone IQOS対応 USB A→Type-C×3 充電ケーブル 3in1 急速 送料無料","1.2m","ブラック_TypeC/TypeC×3","X11","Y13",,"0","5","4","-1",
"2026/08/01 02:24:07","受注取込","7986531","7986531X11Y25","【新型/IQOS イルマ i ワン用】アイコス イルマiワン ILUMA ケース 保護ケース NEK ★REVL 7986531 iqosイルマワン イルマワンカバー 耐衝撃 おしゃれ iqos iluma one 専用 IQOSイルマワン保護ケース レザー ヒョウ柄 ペイズリー 保護カバー アイコスケース アクセサリー 送料無料","ONESIZE","108","X11","Y25",,"0","10","9","-1",
"2026/08/01 02:25:42","受注取込","7986531","7986531X11Y23","【新型/IQOS イルマ i ワン用】アイコス イルマiワン ILUMA ケース 保護ケース NEK ★REVL 7986531 iqosイルマワン イルマワンカバー 耐衝撃 おしゃれ iqos iluma one 専用 IQOSイルマワン保護ケース レザー ヒョウ柄 ペイズリー 保護カバー アイコスケース アクセサリー 送料無料","ONESIZE","106","X11","Y23",,"0","4","3","-1",
"2026/08/01 02:46:25","受注取込","7987062","7987062X12Y12","【直射日光をはね返す】コカゲル サファリハット 洗濯機洗いOK 体感マイナス10℃ アドベンチャー NEK CC2R501 ★REV 7987062 ブッシュハット UV アウトドア SEK サイズ調整 大きいサイズ ユニセックス アウトドア 夏 対策 熱中症 木陰 日よけ 日焼け 送料無料","L(58.5～60.0)","ネイビー","X12","Y12",,"0","76","75","-1",
"2026/08/01 03:00:37","受注取込","7987168","7987168X11Y11","バーベキューコンロ 一人用 簡易式 焚き火台 グリル LTG 小型 コンパクト 小さい 小さめ 収納ケース付き 軽量 NEK ★REVL 7987168 少人数 七輪 しちりん 炭火焼 網焼き ソロキャンプ キャンプ ソロキャン 釣り ツーリング アウトドア BBQ コンパクト 送料無料","ONESIZE","シルバー","X11","Y11",,"0","76","75","-1",
"2026/08/01 03:01:25","受注取込","7987075","7987075X11Y12","アンクレット レディース メンズ つけっぱなし NEK ★REV 7987075 ゴールド シルバー アクセサリー プレゼント ギフト おしゃれ 送料無料","ONESIZE","B","X11","Y12",,"0","15","14","-1",
"2026/08/01 03:01:25","受注取込","7987075","7987075X11Y23","アンクレット レディース メンズ つけっぱなし NEK ★REV 7987075 ゴールド シルバー アクセサリー プレゼント ギフト おしゃれ 送料無料","ONESIZE","M","X11","Y23",,"0","25","24","-1",
"2026/08/01 03:56:28","受注取込","7986676","7986676X11Y13","【通気性抜群/薄手コットンニット】ハット 帽子 チューリップハット メンズ レディース NEK ★REVL 7986676 折りたたみ可能  UVカット 春夏ハット おしゃれ 無地 送料無料","ONESIZE","ベージュ","X11","Y13",,"0","10","9","-1",
"2026/08/01 03:56:28","受注取込","7987400","7987400X11Y16","【とにかくデカい！/普通サイズあり！】キャップ メンズ 大きいサイズ 帽子 深め ビッグサイズ ★REVM 7987400 BIG SIZE メンズキャップ帽子 大きめ 大きい帽子 メンズ帽子 レディース 春 夏 春夏 プレゼント ギフト 母の日 父の日 送料無料","大きいサイズ","F-ブラック","X11","Y16",,"0","58","57","-1",
"2026/08/01 04:02:09","受注取込","7987336","7987336X11Y12","【オマケ付き】ボディバッグ バッグ サコッシュ NEK ★REV 7987336 メンズ レディース  ワンショルダー 三日月 ipad 斜め掛け カスタム","ONESIZE","ホワイト","X11","Y12",,"0","19","18","-1",
"2026/08/01 04:02:10","受注取込","7987626","7987626X11Y11","【お得な5個セット】LEDライト キーホルダー 小型LEDライト NEK ★REV 7987626 キーライト 高輝度 5灯 LR44 ボタン電池 LTG 送料無料","ONESIZE","5本セット","X11","Y11",,"0","146","145","-1",
"2026/08/01 04:27:25","受注取込","8000345","8000345X11Y17","栃木レザー 長財布 本革 レザー 日本製 メンズ レディース ★REV 8000345 TDSG-1008【P2】 職人技 無地 5色展開 プレゼント ギフト","ONESIZE","ブラウン","X11","Y17",,"0","1","0","-1",
"2026/08/01 04:32:35","受注取込","7988215","7988215X13Y12","【とにかくデカい！】 大きいサイズ キャップ メッシュキャップ 送料無料 大きめ ビッグサイズ BIG SIZE ★REV 7988215 <br> 帽子 ハット キャップ ワークキャップ メンズキャップ 大きいサイズ バケット 大きい帽子 メンズ バケハ メンズ帽子 大きい 頭 メッシュ 全39カラー","CC","2","X13","Y12",,"0","34","33","-1",
"2026/08/01 04:42:55","受注取込","7986663","7986663X11Y11","【最強！溶岩石とオニキス】パワーストーン ブレスレット メンズ レディース バングル NEK ★REVL 7986663 スピリチュアル 天然石 エネルギーアクセサリー プレゼント ギフト 送料無料","ONESIZE","ブラック","X11","Y11",,"0","50","49","-1",
"2026/08/01 04:50:25","受注取込","7988215","7988215X13Y15","【とにかくデカい！】 大きいサイズ キャップ メッシュキャップ 送料無料 大きめ ビッグサイズ BIG SIZE ★REV 7988215 <br> 帽子 ハット キャップ ワークキャップ メンズキャップ 大きいサイズ バケット 大きい帽子 メンズ バケハ メンズ帽子 大きい 頭 メッシュ 全39カラー","CC","5","X13","Y15",,"0","17","16","-1",
"2026/08/01 05:00:14","受注取込","7986712","7986712X11Y17","【超協力マグネット/選べる33種】帽子クリップ ハットクリップ キャップクリップ  NEK ★REV 7986712 帽子収納ホルダー 収納フック キーホルダー 強力マグネット レザー調 アクセサリー チャーム キーリング キーケース 送料無料","ONESIZE","7","X11","Y17",,"0","79","78","-1",
"2026/08/01 05:00:55","受注取込","7994812","7994812X12Y11","サファリハット メンズ 釣り 帽子 ハット レディース SUNS(サンズ)  撥水 アウトドア 登山 キャンプ バーベキュー NEK ★REV H-051 H-053 送料無料 大きいサイズあり キッズサイズ 子供 UVカット アドベンチャーハット 父の日 プレゼント ユニセックス 春 夏 夏フェス ギフト","大きいサイズ","BK/BLACK(H_051)","X12","Y11",,"0","453","452","-1",
"2026/08/01 05:04:01","受注取込","7987851","7987851X11Y12","【Vintage加工】 帽子 キャップ メンズ レディース Vintage ヴィンテージ加工 ★REV 7987851 ピグメント加工 こなれ感 ローキャップ シンプル ギフト プレゼント 父の日","ONESIZE","ブラック","X11","Y12",,"0","17","16","-1",
"2026/08/01 05:05:11","受注取込","7987085","7987085X11Y40","【とにかくデカい！】大きいサイズ キャップ 大きめ 深い 深め ビッグサイズ BIG SIZE ★REV 7987085 メンズキャップ帽子 大きい帽子 メンズ帽子 レディース 春 夏 春夏 プレゼント ギフト 母の日 父の日 送料無料","YA","30","X11","Y40",,"0","14","13","-1",
"2026/08/01 05:14:25","受注取込","7987892","7987892X12Y17","【深めのシルエット】メッシュキャップ キャップ 帽子 メンズ レディース 大きいサイズ 普通サイズ ★REV 7987892","大きいサイズ","G","X12","Y17",,"0","21","20","-1",
"2026/08/01 05:14:25","受注取込","7987892","7987892X12Y11","【深めのシルエット】メッシュキャップ キャップ 帽子 メンズ レディース 大きいサイズ 普通サイズ ★REV 7987892","大きいサイズ","A","X12","Y11",,"0","18","17","-1",
"2026/08/01 05:20:11","受注取込","7986990","7986990X14Y11","WORK TRIBE 安全靴 セーフティーシューズ メンズ シューズ スニーカー Y_YU Y_KO ★REV WT-1000 WT-1010 7986990 ハイカット JIS T8101試験 L種 基準値相当 3E EEE 幅広 ホワイト ブラック 送料無料","26.5cm","WT-1000_BLACK","X14","Y11",,"0","46","45","-1",
"2026/08/01 05:36:01","受注取込","7995525","7995525X1Y15","AVIREX 限定モデル キャップ 帽子 父の日 贈り物 プレゼント メンズ ★REV ブラックシリーズ 黒 アビレックス アヴィレックス メッシュキャップ ハンチング ローキャップ バケット ハット ワークキャップ レディース かっこいい yos プレゼント ギフト","ONESIZE","【O】サファリハット_17158400_BIG","X1","Y15",,"0","77","76","-1",
"2026/08/01 05:38:58","受注取込","7986651","7986651X11Y11","【銅×グラフェンの力で、スマホを瞬冷！】スマホ熱中症対策 冷却 クーラー NEK ★REVL 7986651 スマートフォン 保冷 結露なし スマホ 冷感 冷却 iphone アクセサリー 送料無料","ONESIZE","ブラック","X11","Y11",,"0","111","110","-1",
"2026/08/01 05:42:30","受注取込","7986572","7986572X11Y46","【新型/IQOS イルマ i ワン用】アイコス イルマiワン ILUMA ケース 保護ケース NEK ★REVL 7986572 iqosイルマワン イルマワンカバー 耐衝撃 おしゃれ iqos iluma one 専用 IQOSイルマワン保護ケース レザー ヒョウ柄 ペイズリー 保護カバー アイコスケース アクセサリー 送料無料","イルマiワン","90","X11","Y46",,"0","26","25","-1",
"2026/08/01 05:43:25","受注取込","7988215","7988215X14Y12","【とにかくデカい！】 大きいサイズ キャップ メッシュキャップ 送料無料 大きめ ビッグサイズ BIG SIZE ★REV 7988215 <br> 帽子 ハット キャップ ワークキャップ メンズキャップ 大きいサイズ バケット 大きい帽子 メンズ バケハ メンズ帽子 大きい 頭 メッシュ 全39カラー","DD","2","X14","Y12",,"0","19","18","-1",
"2026/08/01 05:43:25","受注取込","7988215","7988215X17Y11","【とにかくデカい！】 大きいサイズ キャップ メッシュキャップ 送料無料 大きめ ビッグサイズ BIG SIZE ★REV 7988215 <br> 帽子 ハット キャップ ワークキャップ メンズキャップ 大きいサイズ バケット 大きい帽子 メンズ バケハ メンズ帽子 大きい 頭 メッシュ 全39カラー","GG","1","X17","Y11",,"0","27","26","-1",
"2026/08/01 05:43:25","受注取込","7988215","7988215X11Y15","【とにかくデカい！】 大きいサイズ キャップ メッシュキャップ 送料無料 大きめ ビッグサイズ BIG SIZE ★REV 7988215 <br> 帽子 ハット キャップ ワークキャップ メンズキャップ 大きいサイズ バケット 大きい帽子 メンズ バケハ メンズ帽子 大きい 頭 メッシュ 全39カラー","AA","5","X11","Y15",,"0","7","6","-1",
"2026/08/01 06:07:01","受注取込","7987642","7987642X11Y14","【送料無料】ミニ財布 メンズ 本革 レディース 二つ折り 財布 カードケース LTG カード入れ 多い NEK ★REV 7987642 折りたたみ コンパクト 小さい財布 小銭入れ コインスルー お札が折れない スキミング防止 ファスナー コインケース ミニマリスト ラウンドジッパー","ONESIZE","イエロー","X11","Y14",,"0","3","2","-1",
"2026/08/01 06:17:31","受注取込","7987515","7987515X11Y16","【選べる6柄×3サイズ】ネックレス チェーン メンズ レディース NEK ★REV 7987515 サージカルステンレス316L 50cm 60cm 70cm シンプル おしゃれ プレゼント プチギフト バレンタイン クリスマス 送料無料","50cm","F","X11","Y16",,"0","7","6","-1",
"2026/08/01 06:24:25","受注取込","7992054","7992054X11Y19","【シンプル/おしゃれ】16mm パワーストーン ネックレス メンズ レディース 瑪瑙 オブシディアン タイガーアイ NEK ★REV 7992054 黒曜石 茶水晶 虎目石 金運 財運 仕事運 恋愛 結婚 家庭円満 癒し 幸運 成功運 勝負運 家族運 厄除祈願 天然石 お守り プレゼント 送料無料","ONESIZE","【I】ブルータイガーアイ","X11","Y19",,"0","59","58","-1",
"2026/08/01 06:24:56","受注取込","7988332","7988332X11Y32","【ワンちゃん格上げ！】 ドッグウェア 犬服 アディドッグ adidog ★REVG new dogs ペット服 小型犬 ノースリーブ NEK 7988332 犬の服 タンクトップ 犬洋服 犬用服 ペット 犬 服 犬用 かっこいい かわいい サロペット ロンパース オーバーオール 男の子 女の子","XS","adidog(オレンジ)","X11","Y32",,"0","7","6","-1",
"2026/08/01 06:50:12","受注取込","7987988","7987988X12Y15","【AVIREX 限定】サファリハット メンズ 大きいサイズ BIGサイズ アドベンチャーハット 17158300 17158400 釣り 帽子 ハット ★REV NEK 7987988 大きめ 普通サイズ AVIREX 限定 かっこいい アウトドア ブラックシリーズ アビレックス 帽子 キャップ ブランド 撥水加工","大きいサイズ_17158400","グレージュ(73)","X12","Y15",,"0","87","86","-1",
"2026/08/01 07:01:01","受注取込","7988215","7988215X13Y11","【とにかくデカい！】 大きいサイズ キャップ メッシュキャップ 送料無料 大きめ ビッグサイズ BIG SIZE ★REV 7988215 <br> 帽子 ハット キャップ ワークキャップ メンズキャップ 大きいサイズ バケット 大きい帽子 メンズ バケハ メンズ帽子 大きい 頭 メッシュ 全39カラー","CC","1","X13","Y11",,"0","28","27","-1",
"2026/08/01 07:08:18","受注取込","7987142","7987142X11Y11","【音楽を聴きながら充電】Type-c イヤホン 変換 アダプタ タイプ c 変換 ケーブル 2in1 USB-C ジャックアダプタ 二股 NEK ★REVL 7987142 充電しながら AUX オーディオ ジャック PD対応 急速 充電 DAC搭載 Hi-Fi 同時 音楽再生/音声通話/音量調節 スマホ タブレット 送料無料","Aタイプ","グレー","X11","Y11",,"0","1","0","-1",
"2026/08/01 07:08:47","受注取込","7992723","7992723X14Y11","お得！ 送料無料 4枚入り 福袋 Dickies ディッキーズ ボクサーパンツ メンズ かわいい NEK ★REV <br> パンツ ボクサーパンツ セット メンズ下着 メンズボクサーパンツ メンズボクサー 大きいサイズ 大きめ 特大 3L 下着 インナー メンズ usa まとめ買い プレゼント ギフト","3L","福袋4枚セット","X14","Y11",,"0","198","197","-1",
"2026/08/01 07:22:25","受注取込","7994812","7994812X11Y13","サファリハット メンズ 釣り 帽子 ハット レディース SUNS(サンズ)  撥水 アウトドア 登山 キャンプ バーベキュー NEK ★REV H-051 H-053 送料無料 大きいサイズあり キッズサイズ 子供 UVカット アドベンチャーハット 父の日 プレゼント ユニセックス 春 夏 夏フェス ギフト","普通サイズ","NAVY(H_051)","X11","Y13",,"0","85","84","-1",
"2026/08/01 07:24:32","受注取込","7987400","7987400X11Y13","【とにかくデカい！/普通サイズあり！】キャップ メンズ 大きいサイズ 帽子 深め ビッグサイズ ★REVM 7987400 BIG SIZE メンズキャップ帽子 大きめ 大きい帽子 メンズ帽子 レディース 春 夏 春夏 プレゼント ギフト 母の日 父の日 送料無料","大きいサイズ","C-グレー","X11","Y13",,"0","41","40","-1",
"2026/08/01 07:25:01","受注取込","7987400","7987400X11Y11","【とにかくデカい！/普通サイズあり！】キャップ メンズ 大きいサイズ 帽子 深め ビッグサイズ ★REVM 7987400 BIG SIZE メンズキャップ帽子 大きめ 大きい帽子 メンズ帽子 レディース 春 夏 春夏 プレゼント ギフト 母の日 父の日 送料無料","大きいサイズ","A-ブラック","X11","Y11",,"0","168","167","-1",
"2026/08/01 07:25:01","受注取込","7988215","7988215X17Y11","【とにかくデカい！】 大きいサイズ キャップ メッシュキャップ 送料無料 大きめ ビッグサイズ BIG SIZE ★REV 7988215 <br> 帽子 ハット キャップ ワークキャップ メンズキャップ 大きいサイズ バケット 大きい帽子 メンズ バケハ メンズ帽子 大きい 頭 メッシュ 全39カラー","GG","1","X17","Y11",,"0","26","25","-1",
"2026/08/01 07:31:01","受注取込","7986959","7986959X15Y13","AVIREX サーマル Tシャツ 半袖シャツ メンズ 正規品 THERMAL CREW-NECK Y_U NEK 7832934013 ★REV 7986959 ブランド おしゃれ 無地 ストレッチ アビレックス アヴィレックス クルーネック 送料無料","2XL","オフホワイト(33)","X15","Y13",,"0","7","6","-1",
"2026/08/01 07:34:32","受注取込","7987400","7987400X11Y11","【とにかくデカい！/普通サイズあり！】キャップ メンズ 大きいサイズ 帽子 深め ビッグサイズ ★REVM 7987400 BIG SIZE メンズキャップ帽子 大きめ 大きい帽子 メンズ帽子 レディース 春 夏 春夏 プレゼント ギフト 母の日 父の日 送料無料","大きいサイズ","A-ブラック","X11","Y11",,"0","167","166","-1",
"2026/08/01 07:38:25","受注取込","7987085","7987085X12Y22","【とにかくデカい！】大きいサイズ キャップ 大きめ 深い 深め ビッグサイズ BIG SIZE ★REV 7987085 メンズキャップ帽子 大きい帽子 メンズ帽子 レディース 春 夏 春夏 プレゼント ギフト 母の日 父の日 送料無料","SU","12","X12","Y22",,"0","8","7","-1",
"2026/08/01 07:39:55","受注取込","7987400","7987400X11Y19","【とにかくデカい！/普通サイズあり！】キャップ メンズ 大きいサイズ 帽子 深め ビッグサイズ ★REVM 7987400 BIG SIZE メンズキャップ帽子 大きめ 大きい帽子 メンズ帽子 レディース 春 夏 春夏 プレゼント ギフト 母の日 父の日 送料無料","大きいサイズ","I-ネイビー","X11","Y19",,"0","29","28","-1",
"2026/08/01 07:46:08","受注取込","8000345","8000345X11Y13","栃木レザー 長財布 本革 レザー 日本製 メンズ レディース ★REV 8000345 TDSG-1008【P2】 職人技 無地 5色展開 プレゼント ギフト","ONESIZE","ネイビー","X11","Y13",,"0","1","0","-1",
"2026/08/01 07:49:31","受注取込","7987559","7987559X11Y14","ミニ財布 ミニウォレット 短財布 メンズ レディース ウォレット NEK ★REV 7987559 プレゼント ギフト 父の日 母の日 プチギフト 誕プレ 送料無料","ONESIZE","ブラウン","X11","Y14",,"0","12","11","-1",
"2026/08/01 07:53:25","受注取込","7994812","7994812X11Y11","サファリハット メンズ 釣り 帽子 ハット レディース SUNS(サンズ)  撥水 アウトドア 登山 キャンプ バーベキュー NEK ★REV H-051 H-053 送料無料 大きいサイズあり キッズサイズ 子供 UVカット アドベンチャーハット 父の日 プレゼント ユニセックス 春 夏 夏フェス ギフト","普通サイズ","BK/BLACK(H_051)","X11","Y11",,"0","46","45","-1",
"2026/08/01 07:58:46","受注取込","7994812","7994812X12Y33","サファリハット メンズ 釣り 帽子 ハット レディース SUNS(サンズ)  撥水 アウトドア 登山 キャンプ バーベキュー NEK ★REV H-051 H-053 送料無料 大きいサイズあり キッズサイズ 子供 UVカット アドベンチャーハット 父の日 プレゼント ユニセックス 春 夏 夏フェス ギフト","大きいサイズ","GREIGE(H-051)","X12","Y33",,"0","51","50","-1",
"2026/08/01 08:06:03","受注取込","7988215","7988215X17Y14","【とにかくデカい！】 大きいサイズ キャップ メッシュキャップ 送料無料 大きめ ビッグサイズ BIG SIZE ★REV 7988215 <br> 帽子 ハット キャップ ワークキャップ メンズキャップ 大きいサイズ バケット 大きい帽子 メンズ バケハ メンズ帽子 大きい 頭 メッシュ 全39カラー","GG","4","X17","Y14",,"0","19","17","-2",
"2026/08/01 08:08:18","受注取込","7986805","7986805X11Y44","【キッズ用の帽子♪全40種類】特価 キッズ 子供用 帽子 キャップ サファリハット ★REVL 7986805 こども用 メッシュキャップ おしゃれ かわいい 送料無料","ONESIZE","KD-34","X11","Y44",,"0","26","25","-1",
"2026/08/01 08:08:18","受注取込","7986805","7986805X11Y22","【キッズ用の帽子♪全40種類】特価 キッズ 子供用 帽子 キャップ サファリハット ★REVL 7986805 こども用 メッシュキャップ おしゃれ かわいい 送料無料","ONESIZE","KD-12","X11","Y22",,"0","14","13","-1",
"2026/08/01 08:21:55","受注取込","8003102","8003102X11Y11","やみつきになる！ ストレッチ AVIREX アビレックス Tシャツ メンズ ★REV NEK 6143501 6143502 Vネック クルーネック 半袖 プレゼント ギフト","Vネック_ホワイト_001","Sサイズ","X11","Y11",,"0","2","1","-1",
"2026/08/01 08:22:02","受注取込","7987714","7987714X11Y11","【なんと6+1個入り！速攻配達】水風船 水ふうせん 何度も使える ゴミが出ない プール クラッシュボール ★REV NEK 7987714 水遊び 海 川 お風呂 水鉄砲 子供 おもちゃ 繰り返し BALL 水 風船 ボール エコ ウォーターボム リサイクル 安心 安全 送料無料","ワンサイズ","まる形6+1","X11","Y11",,"0","2","1","-1",
"2026/08/01 08:23:31","受注取込","7988215","7988215X14Y11","【とにかくデカい！】 大きいサイズ キャップ メッシュキャップ 送料無料 大きめ ビッグサイズ BIG SIZE ★REV 7988215 <br> 帽子 ハット キャップ ワークキャップ メンズキャップ 大きいサイズ バケット 大きい帽子 メンズ バケハ メンズ帽子 大きい 頭 メッシュ 全39カラー","DD","1","X14","Y11",,"0","7","6","-1",
"2026/08/01 08:26:31","受注取込","7986548","7986548X11Y11","【お得な2個セット】ネックレス ブレスレット セット レディース メンズ ユニセックス NEK ★REVO 7986548 ステンレス シルバー 結び目 ノット モチーフ ペアアクセサリー シンプル 金属アレルギー対応 アジャスター付き 送料無料","ONESIZE","シルバー","X11","Y11",,"0","23","22","-1",
"2026/08/01 08:32:30","受注取込","7986675","7986675X11Y11","【深め/美シルエット】メッシュキャップ キャップ 帽子 メンズ レディース 野球帽 ★REVL 7986675 A-Frame Trucker アメカジ 刺繍 送料無料","ONESIZE","A","X11","Y11",,"0","6","5","-1",
"2026/08/01 08:32:35","受注取込","7987076","7987076X11Y11","【超軽量55g】特価 キャップ 帽子 メッシュキャップ ランニングキャップ NEK ★REV 7987076 メンズ レディース 速乾 軽量 ジョギング アウトドア キャンプ スポーツ 釣り 海 プール","アジャスタータイプ","ブラック","X11","Y11",,"0","67","66","-1",
"2026/08/01 08:35:01","受注取込","7987076","7987076X11Y11","【超軽量55g】特価 キャップ 帽子 メッシュキャップ ランニングキャップ NEK ★REV 7987076 メンズ レディース 速乾 軽量 ジョギング アウトドア キャンプ スポーツ 釣り 海 プール","アジャスタータイプ","ブラック","X11","Y11",,"0","66","64","-2",
"2026/08/01 08:36:58","受注取込","7987076","7987076X11Y18","【超軽量55g】特価 キャップ 帽子 メッシュキャップ ランニングキャップ NEK ★REV 7987076 メンズ レディース 速乾 軽量 ジョギング アウトドア キャンプ スポーツ 釣り 海 プール","アジャスタータイプ","ホワイト","X11","Y18",,"0","35","34","-1",
"2026/08/01 08:38:57","受注取込","7992723","7992723X13Y11","お得！ 送料無料 4枚入り 福袋 Dickies ディッキーズ ボクサーパンツ メンズ かわいい NEK ★REV <br> パンツ ボクサーパンツ セット メンズ下着 メンズボクサーパンツ メンズボクサー 大きいサイズ 大きめ 特大 3L 下着 インナー メンズ usa まとめ買い プレゼント ギフト","LL","福袋4枚セット","X13","Y11",,"0","33","32","-1",
"2026/08/01 08:47:28","受注取込","7987078","7987078X11Y11","【3個の福袋！即出荷】ビーチボール 水遊び ビーチバレー 浮き輪 フロート NEK ★REV 7987078 サッカーボール 30cm アウトドア キャンプ 海 プール 川 リゾート 送料無料","ONESIZE","3個セット","X11","Y11",,"0","68","67","-1",
"2026/08/01 08:50:27","受注取込","7994812","7994812X12Y33","サファリハット メンズ 釣り 帽子 ハット レディース SUNS(サンズ)  撥水 アウトドア 登山 キャンプ バーベキュー NEK ★REV H-051 H-053 送料無料 大きいサイズあり キッズサイズ 子供 UVカット アドベンチャーハット 父の日 プレゼント ユニセックス 春 夏 夏フェス ギフト","大きいサイズ","GREIGE(H-051)","X12","Y33",,"0","50","49","-1",
"2026/08/01 08:55:27","受注取込","7994812","7994812X12Y32","サファリハット メンズ 釣り 帽子 ハット レディース SUNS(サンズ)  撥水 アウトドア 登山 キャンプ バーベキュー NEK ★REV H-051 H-053 送料無料 大きいサイズあり キッズサイズ 子供 UVカット アドベンチャーハット 父の日 プレゼント ユニセックス 春 夏 夏フェス ギフト","大きいサイズ","T.BLUE(H_051)","X12","Y32",,"0","67","66","-1",
"2026/08/01 08:58:56","受注取込","7994812","7994812X11Y33","サファリハット メンズ 釣り 帽子 ハット レディース SUNS(サンズ)  撥水 アウトドア 登山 キャンプ バーベキュー NEK ★REV H-051 H-053 送料無料 大きいサイズあり キッズサイズ 子供 UVカット アドベンチャーハット 父の日 プレゼント ユニセックス 春 夏 夏フェス ギフト","普通サイズ","GREIGE(H-051)","X11","Y33",,"0","120","119","-1",
"2026/08/01 08:59:02","受注取込","7987642","7987642X11Y14","【送料無料】ミニ財布 メンズ 本革 レディース 二つ折り 財布 カードケース LTG カード入れ 多い NEK ★REV 7987642 折りたたみ コンパクト 小さい財布 小銭入れ コインスルー お札が折れない スキミング防止 ファスナー コインケース ミニマリスト ラウンドジッパー","ONESIZE","イエロー","X11","Y14",,"0","2","1","-1",
"2026/08/01 08:59:56","受注取込","7994812","7994812X11Y13","サファリハット メンズ 釣り 帽子 ハット レディース SUNS(サンズ)  撥水 アウトドア 登山 キャンプ バーベキュー NEK ★REV H-051 H-053 送料無料 大きいサイズあり キッズサイズ 子供 UVカット アドベンチャーハット 父の日 プレゼント ユニセックス 春 夏 夏フェス ギフト","普通サイズ","NAVY(H_051)","X11","Y13",,"0","84","83","-1",
"2026/08/01 09:02:56","受注取込","7997141","7997141X12Y11","特大 スイカ ドーナツ 浮き輪 浮輪 送料無料 プール 大人用 子供用 NEK 7997141 ★REV 120cm 90cm 80cm 70cm 60cm サイズ 大きい 大きめ うきわ ウキワ すいか 海 海水浴 ビックフロート 水上 レジャー かわいい フローティングベッド 西瓜 子供用浮き輪 大人 子供 こども","90cm","スイカ","X12","Y11",,"0","65","64","-1",
"2026/08/01 09:14:26","受注取込","7994812","7994812X12Y11","サファリハット メンズ 釣り 帽子 ハット レディース SUNS(サンズ)  撥水 アウトドア 登山 キャンプ バーベキュー NEK ★REV H-051 H-053 送料無料 大きいサイズあり キッズサイズ 子供 UVカット アドベンチャーハット 父の日 プレゼント ユニセックス 春 夏 夏フェス ギフト","大きいサイズ","BK/BLACK(H_051)","X12","Y11",,"0","452","451","-1",
"2026/08/01 09:15:57","WEB画面","8003102","8003102X17Y12","やみつきになる！ ストレッチ AVIREX アビレックス Tシャツ メンズ ★REV NEK 6143501 6143502 Vネック クルーネック 半袖 プレゼント ギフト","クルーネック_ブラック_009","Mサイズ","X17","Y12",,"0","1","0","-1","塩谷 満里子"
"2026/08/01 09:15:57","WEB画面","8003102","8003102X17Y13","やみつきになる！ ストレッチ AVIREX アビレックス Tシャツ メンズ ★REV NEK 6143501 6143502 Vネック クルーネック 半袖 プレゼント ギフト","クルーネック_ブラック_009","Lサイズ","X17","Y13",,"0","4","5","1","塩谷 満里子"
"2026/08/01 09:19:01","受注取込","7986572","7986572X11Y40","【新型/IQOS イルマ i ワン用】アイコス イルマiワン ILUMA ケース 保護ケース NEK ★REVL 7986572 iqosイルマワン イルマワンカバー 耐衝撃 おしゃれ iqos iluma one 専用 IQOSイルマワン保護ケース レザー ヒョウ柄 ペイズリー 保護カバー アイコスケース アクセサリー 送料無料","イルマiワン","84","X11","Y40",,"0","7","6","-1",
"2026/08/01 09:20:19","受注取込","7986530","7986530X11Y12","【ちょうどいい長さの25cm】全7通り Type-C 充電ケーブル スマホケーブル 急速6A NEK ★REVL 7986530 USB A→Type-C Type-C→Type-C Type-C→ライトニング スマホアクセサリー 新型iphone IQOS対応 短いケーブル 送料無料","ONESIZE","B_Type-C/Lightning【L字型】","X11","Y12",,"0","24","23","-1",
"2026/08/01 09:20:19","受注取込","7987475","7987475X11Y12","【護身用】タクティカルスティック 防災グッズ タクティカルペン キーホルダー キーリング NEK ★REV 7987475 護身 棒 車 ガラス 防災 災害 車内 軽量 丈夫 不審者 痴漢 痴漢対策 護身用 用品 武器 防犯 護身グッズ 自己防衛 コンパクト 非常時 タクティカル バッググリップ","ONESIZE","シルバー","X11","Y12",,"0","21","20","-1",
"2026/08/01 09:20:19","受注取込","7987475","7987475X11Y11","【護身用】タクティカルスティック 防災グッズ タクティカルペン キーホルダー キーリング NEK ★REV 7987475 護身 棒 車 ガラス 防災 災害 車内 軽量 丈夫 不審者 痴漢 痴漢対策 護身用 用品 武器 防犯 護身グッズ 自己防衛 コンパクト 非常時 タクティカル バッググリップ","ONESIZE","ブラック","X11","Y11",,"0","5","4","-1",
"2026/08/01 09:28:27","受注取込","7994812","7994812X12Y33","サファリハット メンズ 釣り 帽子 ハット レディース SUNS(サンズ)  撥水 アウトドア 登山 キャンプ バーベキュー NEK ★REV H-051 H-053 送料無料 大きいサイズあり キッズサイズ 子供 UVカット アドベンチャーハット 父の日 プレゼント ユニセックス 春 夏 夏フェス ギフト","大きいサイズ","GREIGE(H-051)","X12","Y33",,"0","49","48","-1",
"2026/08/01 09:30:57","受注取込","7992495","7992495X11Y16","ブレスレット バングル メンズ レディース サバイバル パラコード 笛付き リフレクター素材 サバゲー ミリタリー アクセサリー プレゼント 送料無料  NEK ALI 7992495 190707","ONESIZE","F","X11","Y16",,"0","16","14","-2",
"2026/08/01 09:38:31","WEB画面","7997141","7997141X11Y13","特大 スイカ ドーナツ 浮き輪 浮輪 送料無料 プール 大人用 子供用 NEK 7997141 ★REV 120cm 90cm 80cm 70cm 60cm サイズ 大きい 大きめ うきわ ウキワ すいか 海 海水浴 ビックフロート 水上 レジャー かわいい フローティングベッド 西瓜 子供用浮き輪 大人 子供 こども","120cm","ドーナツチョコ","X11","Y13",,"0","33","34","1","立花"
"2026/08/01 09:40:15","受注取込","7987988","7987988X11Y13","【AVIREX 限定】サファリハット メンズ 大きいサイズ BIGサイズ アドベンチャーハット 17158300 17158400 釣り 帽子 ハット ★REV NEK 7987988 大きめ 普通サイズ AVIREX 限定 かっこいい アウトドア ブラックシリーズ アビレックス 帽子 キャップ ブランド 撥水加工","普通サイズ_17158300","カーキ(35)","X11","Y13",,"0","14","13","-1",
"2026/08/01 09:43:19","WEB画面","7994812","7994812X11Y13","サファリハット メンズ 釣り 帽子 ハット レディース SUNS(サンズ)  撥水 アウトドア 登山 キャンプ バーベキュー NEK ★REV H-051 H-053 送料無料 大きいサイズあり キッズサイズ 子供 UVカット アドベンチャーハット 父の日 プレゼント ユニセックス 春 夏 夏フェス ギフト","普通サイズ","NAVY(H_051)","X11","Y13",,"0","83","82","-1","立花"
"2026/08/01 09:43:26","WEB画面","7994812","7994812X11Y13","サファリハット メンズ 釣り 帽子 ハット レディース SUNS(サンズ)  撥水 アウトドア 登山 キャンプ バーベキュー NEK ★REV H-051 H-053 送料無料 大きいサイズあり キッズサイズ 子供 UVカット アドベンチャーハット 父の日 プレゼント ユニセックス 春 夏 夏フェス ギフト","普通サイズ","NAVY(H_051)","X11","Y13",,"0","82","84","2","立花"
"2026/08/01 09:43:39","WEB画面","7994812","7994812X11Y33","サファリハット メンズ 釣り 帽子 ハット レディース SUNS(サンズ)  撥水 アウトドア 登山 キャンプ バーベキュー NEK ★REV H-051 H-053 送料無料 大きいサイズあり キッズサイズ 子供 UVカット アドベンチャーハット 父の日 プレゼント ユニセックス 春 夏 夏フェス ギフト","普通サイズ","GREIGE(H-051)","X11","Y33",,"0","119","120","1","立花"
"2026/08/01 09:44:22","WEB画面","7994812","7994812X12Y15","サファリハット メンズ 釣り 帽子 ハット レディース SUNS(サンズ)  撥水 アウトドア 登山 キャンプ バーベキュー NEK ★REV H-051 H-053 送料無料 大きいサイズあり キッズサイズ 子供 UVカット アドベンチャーハット 父の日 プレゼント ユニセックス 春 夏 夏フェス ギフト","大きいサイズ","WINE(H_051)","X12","Y15",,"0","11","12","1","立花"
"2026/08/01 09:48:48","WEB画面","8003102","8003102X12Y14","やみつきになる！ ストレッチ AVIREX アビレックス Tシャツ メンズ ★REV NEK 6143501 6143502 Vネック クルーネック 半袖 プレゼント ギフト","Vネック_ブラック_009","XLサイズ","X12","Y14",,"0","3","2","-1","立花"
"2026/08/01 09:49:16","WEB画面","7987070","7987070X12Y11","【お得な2枚組】X-LARGE XLARGE エクストララージ ボクサーパンツ メンズ アンダーウェア 下着 NEK ★REVL 7987070 かっこいい ツルツル おすすめ 人気 カモフラ タイダイ 炎 迷彩 カモ柄 ブランド 男性 紳士 プレゼント プチギフト 父の日 誕生日 彼氏 父 息子 ギフト 記念日 大きいサイズ 福袋 送料無料","L","2枚組","X12","Y11",,"0","51","31","-20","大木 望"
"2026/08/01 09:50:04","WEB画面","7987070","7987070X11Y11","【お得な2枚組】X-LARGE XLARGE エクストララージ ボクサーパンツ メンズ アンダーウェア 下着 NEK ★REVL 7987070 かっこいい ツルツル おすすめ 人気 カモフラ タイダイ 炎 迷彩 カモ柄 ブランド 男性 紳士 プレゼント プチギフト 父の日 誕生日 彼氏 父 息子 ギフト 記念日 大きいサイズ 福袋 送料無料","M","2枚組","X11","Y11",,"0","32","17","-15","大木 望"
"2026/08/01 09:50:14","WEB画面","7986604","7986604X11Y11","【スマイル刺繍】 SMILE キャップ 帽子 メンズ レディース ユニセックス コットン 刺繍 ★REVL 7986604 送料無料","ONESIZE","ブラック","X11","Y11",,"0","9","7","-2","植野"
"2026/08/01 09:50:14","WEB画面","7986604","7986604X11Y12","【スマイル刺繍】 SMILE キャップ 帽子 メンズ レディース ユニセックス コットン 刺繍 ★REVL 7986604 送料無料","ONESIZE","チャコール","X11","Y12",,"0","11","9","-2","植野"
"2026/08/01 09:50:14","WEB画面","7986604","7986604X11Y13","【スマイル刺繍】 SMILE キャップ 帽子 メンズ レディース ユニセックス コットン 刺繍 ★REVL 7986604 送料無料","ONESIZE","ブラウン","X11","Y13",,"0","16","14","-2","植野"
"2026/08/01 09:50:14","WEB画面","7986604","7986604X11Y14","【スマイル刺繍】 SMILE キャップ 帽子 メンズ レディース ユニセックス コットン 刺繍 ★REVL 7986604 送料無料","ONESIZE","ホワイト","X11","Y14",,"0","7","5","-2","植野"
"2026/08/01 09:51:40","WEB画面","7988125","7988125X11Y11","【カーボンスタイル 大きいサイズ】メッシュキャップ キャップ 帽子 ★REV 7988125 大きいサイズ 大きめ ビッグサイズ BIGサイズ シンプル 無地 カーボン調 プレゼント ギフト 送料無料","ONESIZE","ブラック","X11","Y11",,"0","50","48","-2","植野"
"2026/08/01 09:51:40","WEB画面","7988125","7988125X11Y12","【カーボンスタイル 大きいサイズ】メッシュキャップ キャップ 帽子 ★REV 7988125 大きいサイズ 大きめ ビッグサイズ BIGサイズ シンプル 無地 カーボン調 プレゼント ギフト 送料無料","ONESIZE","カーキ","X11","Y12",,"0","10","8","-2","植野"
"2026/08/01 09:51:40","WEB画面","7988125","7988125X11Y13","【カーボンスタイル 大きいサイズ】メッシュキャップ キャップ 帽子 ★REV 7988125 大きいサイズ 大きめ ビッグサイズ BIGサイズ シンプル 無地 カーボン調 プレゼント ギフト 送料無料","ONESIZE","ネイビー","X11","Y13",,"0","46","44","-2","植野"
"2026/08/01 09:52:28","WEB画面","7986565","7986565X11Y11","【3個セット】指輪 リング 3本セット レディース フリーサイズ NEK ★REVO 7986565 ゴールド シルバー 重ね付け レイヤード オープンリング 華奢 大人 おしゃれ アクセサリー ギフト プレゼント 送料無料","ONESIZE","3点セット","X11","Y11",,"0","20","18","-2","植野"
"2026/08/01 09:54:26","WEB画面","7987070","7987070X13Y11","【お得な2枚組】X-LARGE XLARGE エクストララージ ボクサーパンツ メンズ アンダーウェア 下着 NEK ★REVL 7987070 かっこいい ツルツル おすすめ 人気 カモフラ タイダイ 炎 迷彩 カモ柄 ブランド 男性 紳士 プレゼント プチギフト 父の日 誕生日 彼氏 父 息子 ギフト 記念日 大きいサイズ 福袋 送料無料","XL","2枚組","X13","Y11",,"0","24","14","-10","大木 望"
"2026/08/01 09:58:30","受注取込","7987076","7987076X11Y14","【超軽量55g】特価 キャップ 帽子 メッシュキャップ ランニングキャップ NEK ★REV 7987076 メンズ レディース 速乾 軽量 ジョギング アウトドア キャンプ スポーツ 釣り 海 プール","アジャスタータイプ","ライトグレー","X11","Y14",,"0","16","15","-1",
"2026/08/01 10:00:30","受注取込","7988215","7988215X21Y11","【とにかくデカい！】 大きいサイズ キャップ メッシュキャップ 送料無料 大きめ ビッグサイズ BIG SIZE ★REV 7988215 <br> 帽子 ハット キャップ ワークキャップ メンズキャップ 大きいサイズ バケット 大きい帽子 メンズ バケハ メンズ帽子 大きい 頭 メッシュ 全39カラー","KK","1","X21","Y11",,"0","10","9","-1",
"2026/08/01 10:03:24","WEB画面","7987988","7987988X12Y15","【AVIREX 限定】サファリハット メンズ 大きいサイズ BIGサイズ アドベンチャーハット 17158300 17158400 釣り 帽子 ハット ★REV NEK 7987988 大きめ 普通サイズ AVIREX 限定 かっこいい アウトドア ブラックシリーズ アビレックス 帽子 キャップ ブランド 撥水加工","大きいサイズ_17158400","グレージュ(73)","X12","Y15",,"0","86","56","-30","大木 望"
"2026/08/01 10:04:31","受注取込","8003102","8003102X21Y12","やみつきになる！ ストレッチ AVIREX アビレックス Tシャツ メンズ ★REV NEK 6143501 6143502 Vネック クルーネック 半袖 プレゼント ギフト","Vネック_ネイビー(ロイヤル)_086","Mサイズ","X21","Y12",,"0","1","0","-1",
"2026/08/01 10:04:31","受注取込","8003102","8003102X12Y12","やみつきになる！ ストレッチ AVIREX アビレックス Tシャツ メンズ ★REV NEK 6143501 6143502 Vネック クルーネック 半袖 プレゼント ギフト","Vネック_ブラック_009","Mサイズ","X12","Y12",,"0","4","3","-1",
"2026/08/01 10:04:41","WEB画面","7987988","7987988X11Y15","【AVIREX 限定】サファリハット メンズ 大きいサイズ BIGサイズ アドベンチャーハット 17158300 17158400 釣り 帽子 ハット ★REV NEK 7987988 大きめ 普通サイズ AVIREX 限定 かっこいい アウトドア ブラックシリーズ アビレックス 帽子 キャップ ブランド 撥水加工","普通サイズ_17158300","グレージュ(73)","X11","Y15",,"0","162","152","-10","大木 望"
"2026/08/01 10:06:26","受注取込","7987400","7987400X11Y19","【とにかくデカい！/普通サイズあり！】キャップ メンズ 大きいサイズ 帽子 深め ビッグサイズ ★REVM 7987400 BIG SIZE メンズキャップ帽子 大きめ 大きい帽子 メンズ帽子 レディース 春 夏 春夏 プレゼント ギフト 母の日 父の日 送料無料","大きいサイズ","I-ネイビー","X11","Y19",,"0","28","27","-1",
"2026/08/01 10:06:26","受注取込","7987400","7987400X11Y20","【とにかくデカい！/普通サイズあり！】キャップ メンズ 大きいサイズ 帽子 深め ビッグサイズ ★REVM 7987400 BIG SIZE メンズキャップ帽子 大きめ 大きい帽子 メンズ帽子 レディース 春 夏 春夏 プレゼント ギフト 母の日 父の日 送料無料","大きいサイズ","J-グレー","X11","Y20",,"0","39","38","-1",
"2026/08/01 10:06:26","受注取込","7987400","7987400X11Y19","【とにかくデカい！/普通サイズあり！】キャップ メンズ 大きいサイズ 帽子 深め ビッグサイズ ★REVM 7987400 BIG SIZE メンズキャップ帽子 大きめ 大きい帽子 メンズ帽子 レディース 春 夏 春夏 プレゼント ギフト 母の日 父の日 送料無料","大きいサイズ","I-ネイビー","X11","Y19",,"0","27","26","-1",
"2026/08/01 10:06:26","受注取込","7997141","7997141X11Y11","特大 スイカ ドーナツ 浮き輪 浮輪 送料無料 プール 大人用 子供用 NEK 7997141 ★REV 120cm 90cm 80cm 70cm 60cm サイズ 大きい 大きめ うきわ ウキワ すいか 海 海水浴 ビックフロート 水上 レジャー かわいい フローティングベッド 西瓜 子供用浮き輪 大人 子供 こども","120cm","スイカ","X11","Y11",,"0","1028","1026","-2",
"2026/08/01 10:07:17","WEB画面","7986564","7986564X11Y14","【当店限定/大きいサイズ】BlackRebel 帽子 キャップ メンズ レディース 大きいサイズ ★REVL 7986564 深め Vintage クラッシュ 加工 こなれ感 おしゃれ 送料無料","ONESIZE","ブラウン","X11","Y14",,"0","68","48","-20","大木 望"
"2026/08/01 10:07:17","WEB画面","7986564","7986564X11Y15","【当店限定/大きいサイズ】BlackRebel 帽子 キャップ メンズ レディース 大きいサイズ ★REVL 7986564 深め Vintage クラッシュ 加工 こなれ感 おしゃれ 送料無料","ONESIZE","グレー","X11","Y15",,"0","29","19","-10","大木 望"
"2026/08/01 10:07:17","WEB画面","7986564","7986564X11Y16","【当店限定/大きいサイズ】BlackRebel 帽子 キャップ メンズ レディース 大きいサイズ ★REVL 7986564 深め Vintage クラッシュ 加工 こなれ感 おしゃれ 送料無料","ONESIZE","ワイン","X11","Y16",,"0","23","13","-10","大木 望"
"2026/08/01 10:09:25","受注取込","7987988","7987988X12Y15","【AVIREX 限定】サファリハット メンズ 大きいサイズ BIGサイズ アドベンチャーハット 17158300 17158400 釣り 帽子 ハット ★REV NEK 7987988 大きめ 普通サイズ AVIREX 限定 かっこいい アウトドア ブラックシリーズ アビレックス 帽子 キャップ ブランド 撥水加工","大きいサイズ_17158400","グレージュ(73)","X12","Y15",,"0","56","55","-1",
"2026/08/01 10:10:33","受注取込","7987345","7987345X19Y13","【とにかくデカい！】 大きいサイズ キャップ 送料無料 大きめ ビッグサイズ ★REV 7987345 BIG SIZE 帽子 ハット キャップ キャスケット メンズキャップ 大きいサイズ バケット 大きい帽子 メンズ メンズ帽子 大きい 頭 メッシュキャップ","III","3","X19","Y13",,"0","6","5","-1",
"2026/08/01 10:10:33","受注取込","7987345","7987345X11Y11","【とにかくデカい！】 大きいサイズ キャップ 送料無料 大きめ ビッグサイズ ★REV 7987345 BIG SIZE 帽子 ハット キャップ キャスケット メンズキャップ 大きいサイズ バケット 大きい帽子 メンズ メンズ帽子 大きい 頭 メッシュキャップ","AAA","1","X11","Y11",,"0","15","14","-1",
"2026/08/01 10:13:07","WEB画面","7988124","7988124X11Y14","大きいサイズ キャップ 帽子 メンズ フルキャップ ベースボールキャップ コットンキャップ 野球帽 ワンポイント ★REV 7988124 イーグル 鷲 刺繍 ミリタリー BIGSIZE キングサイズ 送料無料","ONESIZE","メッシュブラック","X11","Y14",,"0","11","51","40","庄司 泰久"
"2026/08/01 10:13:07","WEB画面","7988124","7988124X11Y16","大きいサイズ キャップ 帽子 メンズ フルキャップ ベースボールキャップ コットンキャップ 野球帽 ワンポイント ★REV 7988124 イーグル 鷲 刺繍 ミリタリー BIGSIZE キングサイズ 送料無料","ONESIZE","メッシュグレー","X11","Y16",,"0","2","22","20","庄司 泰久"
"2026/08/01 10:13:07","WEB画面","7988124","7988124X11Y17","大きいサイズ キャップ 帽子 メンズ フルキャップ ベースボールキャップ コットンキャップ 野球帽 ワンポイント ★REV 7988124 イーグル 鷲 刺繍 ミリタリー BIGSIZE キングサイズ 送料無料","ONESIZE","メッシュホワイト","X11","Y17",,"0","8","28","20","庄司 泰久"
"2026/08/01 10:14:10","WEB画面","7987093","7987093X11Y11","【新型iphone/IQOS対応】急速5A 3股 Type-C 充電ケーブル スマホケーブル 1.2m 2m 3m typec NEK ★REVL 7987093 新型iphone IQOS対応 USB A→Type-C×3 充電ケーブル 3in1 急速 送料無料","1.2m","ブラック_TypeA/TypeC×3","X11","Y11",,"0","0","60","60","庄司 泰久"
"2026/08/01 10:14:10","WEB画面","7987093","7987093X11Y13","【新型iphone/IQOS対応】急速5A 3股 Type-C 充電ケーブル スマホケーブル 1.2m 2m 3m typec NEK ★REVL 7987093 新型iphone IQOS対応 USB A→Type-C×3 充電ケーブル 3in1 急速 送料無料","1.2m","ブラック_TypeC/TypeC×3","X11","Y13",,"0","4","84","80","庄司 泰久"
"2026/08/01 10:14:33","WEB画面","7987924","7987924X11Y11","【蒸れない 通気性抜群】メッシュキャップ 帽子 キャップ メンズ レディース アウトドア キャンプ ゴルフ ランニング ★REV 7987924","ONESIZE","カーキ","X11","Y11",,"0","-1","0","1","早乙女"
"2026/08/01 10:14:33","WEB画面","7987924","7987924X11Y16","【蒸れない 通気性抜群】メッシュキャップ 帽子 キャップ メンズ レディース アウトドア キャンプ ゴルフ ランニング ★REV 7987924","ONESIZE","ネイビー","X11","Y16",,"0","6","7","1","早乙女"
"2026/08/01 10:16:07","WEB画面","7987002","7987002X11Y11","【Vintage感が超カッコいい 深め】帽子 キャップ メンズ レディース Vintage クラッシュ加工 ★REVL 7987002 デニム ジーンズ 送料無料","ONESIZE","チャコール","X11","Y11",,"0","3","18","15","庄司 泰久"
"2026/08/01 10:16:07","WEB画面","7987002","7987002X11Y12","【Vintage感が超カッコいい 深め】帽子 キャップ メンズ レディース Vintage クラッシュ加工 ★REVL 7987002 デニム ジーンズ 送料無料","ONESIZE","ネイビー","X11","Y12",,"0","8","33","25","庄司 泰久"
"2026/08/01 10:16:07","WEB画面","7987002","7987002X11Y13","【Vintage感が超カッコいい 深め】帽子 キャップ メンズ レディース Vintage クラッシュ加工 ★REVL 7987002 デニム ジーンズ 送料無料","ONESIZE","ブラック","X11","Y13",,"0","48","88","40","庄司 泰久"
"2026/08/01 10:16:07","WEB画面","7987002","7987002X11Y14","【Vintage感が超カッコいい 深め】帽子 キャップ メンズ レディース Vintage クラッシュ加工 ★REVL 7987002 デニム ジーンズ 送料無料","ONESIZE","カーキ","X11","Y14",,"0","13","28","15","庄司 泰久"
"2026/08/01 10:16:07","WEB画面","7987002","7987002X11Y15","【Vintage感が超カッコいい 深め】帽子 キャップ メンズ レディース Vintage クラッシュ加工 ★REVL 7987002 デニム ジーンズ 送料無料","ONESIZE","ブルー","X11","Y15",,"0","0","25","25","庄司 泰久"
"2026/08/01 10:16:07","WEB画面","7987002","7987002X11Y16","【Vintage感が超カッコいい 深め】帽子 キャップ メンズ レディース Vintage クラッシュ加工 ★REVL 7987002 デニム ジーンズ 送料無料","ONESIZE","ワイン","X11","Y16",,"0","10","15","5","庄司 泰久"
"2026/08/01 10:17:03","WEB画面","7986546","7986546X11Y11","【超かわいい】メガネ リング 指輪 レディース 韓国 おもしろ 個性的 フリーサイズ NEK ★REVO 7986546 華奢 ユニーク モチーフリング おしゃれ アクセサリー","ONESIZE","シルバー","X11","Y11",,"0","12","32","20","庄司 泰久"
"2026/08/01 10:17:03","WEB画面","7986546","7986546X11Y12","【超かわいい】メガネ リング 指輪 レディース 韓国 おもしろ 個性的 フリーサイズ NEK ★REVO 7986546 華奢 ユニーク モチーフリング おしゃれ アクセサリー","ONESIZE","ゴールド","X11","Y12",,"0","8","33","25","庄司 泰久"
"2026/08/01 10:17:03","WEB画面","7986546","7986546X11Y13","【超かわいい】メガネ リング 指輪 レディース 韓国 おもしろ 個性的 フリーサイズ NEK ★REVO 7986546 華奢 ユニーク モチーフリング おしゃれ アクセサリー","ONESIZE","ピンクゴールド","X11","Y13",,"0","20","30","10","庄司 泰久"
"2026/08/01 10:17:09","WEB画面","7992540","7992540X11Y13","AVIREX ワークキャップ メンズ 大きいサイズ 大きめ キャップ ブランド 帽子 アメカジ アビレックス 春 夏 秋 冬 綿100％ ★REV 18490000 14787700 80264100 7992540 ネイビー/ベージュ/ブラック/カーキ プレゼント ギフト","ONESIZE","【C】ブラック","X11","Y13",,"0","295","270","-25","大木 望"
"2026/08/01 10:17:10","WEB画面","7997141","7997141X11Y12","特大 スイカ ドーナツ 浮き輪 浮輪 送料無料 プール 大人用 子供用 NEK 7997141 ★REV 120cm 90cm 80cm 70cm 60cm サイズ 大きい 大きめ うきわ ウキワ すいか 海 海水浴 ビックフロート 水上 レジャー かわいい フローティングベッド 西瓜 子供用浮き輪 大人 子供 こども","120cm","ドーナツイチゴ","X11","Y12",,"0","29","28","-1","立花"
"2026/08/01 10:17:10","WEB画面","7997141","7997141X11Y13","特大 スイカ ドーナツ 浮き輪 浮輪 送料無料 プール 大人用 子供用 NEK 7997141 ★REV 120cm 90cm 80cm 70cm 60cm サイズ 大きい 大きめ うきわ ウキワ すいか 海 海水浴 ビックフロート 水上 レジャー かわいい フローティングベッド 西瓜 子供用浮き輪 大人 子供 こども","120cm","ドーナツチョコ","X11","Y13",,"0","34","33","-1","立花"
"2026/08/01 10:18:35","WEB画面","7992540","7992540X11Y14","AVIREX ワークキャップ メンズ 大きいサイズ 大きめ キャップ ブランド 帽子 アメカジ アビレックス 春 夏 秋 冬 綿100％ ★REV 18490000 14787700 80264100 7992540 ネイビー/ベージュ/ブラック/カーキ プレゼント ギフト","ONESIZE","【D】カーキ","X11","Y14",,"0","48","38","-10","大木 望"
"2026/08/01 10:19:25","受注取込","7994812","7994812X11Y11","サファリハット メンズ 釣り 帽子 ハット レディース SUNS(サンズ)  撥水 アウトドア 登山 キャンプ バーベキュー NEK ★REV H-051 H-053 送料無料 大きいサイズあり キッズサイズ 子供 UVカット アドベンチャーハット 父の日 プレゼント ユニセックス 春 夏 夏フェス ギフト","普通サイズ","BK/BLACK(H_051)","X11","Y11",,"0","45","43","-2",
"2026/08/01 10:19:25","受注取込","7987400","7987400X11Y14","【とにかくデカい！/普通サイズあり！】キャップ メンズ 大きいサイズ 帽子 深め ビッグサイズ ★REVM 7987400 BIG SIZE メンズキャップ帽子 大きめ 大きい帽子 メンズ帽子 レディース 春 夏 春夏 プレゼント ギフト 母の日 父の日 送料無料","大きいサイズ","D-ネイビー","X11","Y14",,"0","39","38","-1",
"2026/08/01 10:21:25","WEB画面","7986989","7986989X11Y12","【本革/特価/16色展開】本革 ショルダーバッグ ポーチ レディース ミニショルダーバッグ NEK ★REV 7986989 斜めがけ お財布 ショルダー お財布バッグ 送料無料","ONESIZE","レッド","X11","Y12",,"0","2","12","10","庄司 泰久"
"2026/08/01 10:21:25","WEB画面","7986989","7986989X11Y13","【本革/特価/16色展開】本革 ショルダーバッグ ポーチ レディース ミニショルダーバッグ NEK ★REV 7986989 斜めがけ お財布 ショルダー お財布バッグ 送料無料","ONESIZE","ワイン","X11","Y13",,"0","3","13","10","庄司 泰久"
"2026/08/01 10:21:25","WEB画面","7986989","7986989X11Y14","【本革/特価/16色展開】本革 ショルダーバッグ ポーチ レディース ミニショルダーバッグ NEK ★REV 7986989 斜めがけ お財布 ショルダー お財布バッグ 送料無料","ONESIZE","パープル","X11","Y14",,"0","6","16","10","庄司 泰久"
"2026/08/01 10:21:25","WEB画面","7986989","7986989X11Y15","【本革/特価/16色展開】本革 ショルダーバッグ ポーチ レディース ミニショルダーバッグ NEK ★REV 7986989 斜めがけ お財布 ショルダー お財布バッグ 送料無料","ONESIZE","グリーン","X11","Y15",,"0","7","17","10","庄司 泰久"
"2026/08/01 10:21:25","WEB画面","7986989","7986989X11Y16","【本革/特価/16色展開】本革 ショルダーバッグ ポーチ レディース ミニショルダーバッグ NEK ★REV 7986989 斜めがけ お財布 ショルダー お財布バッグ 送料無料","ONESIZE","ブラック","X11","Y16",,"0","3","43","40","庄司 泰久"
"2026/08/01 10:21:25","WEB画面","7986989","7986989X11Y17","【本革/特価/16色展開】本革 ショルダーバッグ ポーチ レディース ミニショルダーバッグ NEK ★REV 7986989 斜めがけ お財布 ショルダー お財布バッグ 送料無料","ONESIZE","オレンジ","X11","Y17",,"0","5","15","10","庄司 泰久"
"2026/08/01 10:21:25","WEB画面","7986989","7986989X11Y19","【本革/特価/16色展開】本革 ショルダーバッグ ポーチ レディース ミニショルダーバッグ NEK ★REV 7986989 斜めがけ お財布 ショルダー お財布バッグ 送料無料","ONESIZE","ピンク","X11","Y19",,"0","4","14","10","庄司 泰久"
"2026/08/01 10:21:25","WEB画面","7986989","7986989X11Y21","【本革/特価/16色展開】本革 ショルダーバッグ ポーチ レディース ミニショルダーバッグ NEK ★REV 7986989 斜めがけ お財布 ショルダー お財布バッグ 送料無料","ONESIZE","ターコイズ","X11","Y21",,"0","0","30","30","庄司 泰久"
"2026/08/01 10:21:25","WEB画面","7986989","7986989X11Y23","【本革/特価/16色展開】本革 ショルダーバッグ ポーチ レディース ミニショルダーバッグ NEK ★REV 7986989 斜めがけ お財布 ショルダー お財布バッグ 送料無料","ONESIZE","キャメル","X11","Y23",,"0","7","17","10","庄司 泰久"
"2026/08/01 10:21:25","WEB画面","7986989","7986989X11Y24","【本革/特価/16色展開】本革 ショルダーバッグ ポーチ レディース ミニショルダーバッグ NEK ★REV 7986989 斜めがけ お財布 ショルダー お財布バッグ 送料無料","ONESIZE","シルバー","X11","Y24",,"0","15","55","40","庄司 泰久"
"2026/08/01 10:21:25","WEB画面","7986989","7986989X11Y25","【本革/特価/16色展開】本革 ショルダーバッグ ポーチ レディース ミニショルダーバッグ NEK ★REV 7986989 斜めがけ お財布 ショルダー お財布バッグ 送料無料","ONESIZE","ホワイト","X11","Y25",,"0","0","15","15","庄司 泰久"
"2026/08/01 10:21:25","WEB画面","7986989","7986989X11Y26","【本革/特価/16色展開】本革 ショルダーバッグ ポーチ レディース ミニショルダーバッグ NEK ★REV 7986989 斜めがけ お財布 ショルダー お財布バッグ 送料無料","ONESIZE","ゴールド","X11","Y26",,"0","3","28","25","庄司 泰久"
"2026/08/01 10:22:01","WEB画面","7987081","7987081X11Y14","【豊富なポケット数】ショルダーバッグ メンズ レディース ミリタリー Military タクティカルバッグ ★REV 7987081 サコッシュ キャンプ アウトドア サバゲー 斜め掛け 鞄 バッグ カバン ipad OK 送料無料","ONESIZE","カーキ","X11","Y14",,"0","10","5","-5","大木 望"
"2026/08/01 10:23:26","受注取込","7986572","7986572X11Y43","【新型/IQOS イルマ i ワン用】アイコス イルマiワン ILUMA ケース 保護ケース NEK ★REVL 7986572 iqosイルマワン イルマワンカバー 耐衝撃 おしゃれ iqos iluma one 専用 IQOSイルマワン保護ケース レザー ヒョウ柄 ペイズリー 保護カバー アイコスケース アクセサリー 送料無料","イルマiワン","87","X11","Y43",,"0","2","1","-1",
"2026/08/01 10:23:26","受注取込","7986572","7986572X11Y15","【新型/IQOS イルマ i ワン用】アイコス イルマiワン ILUMA ケース 保護ケース NEK ★REVL 7986572 iqosイルマワン イルマワンカバー 耐衝撃 おしゃれ iqos iluma one 専用 IQOSイルマワン保護ケース レザー ヒョウ柄 ペイズリー 保護カバー アイコスケース アクセサリー 送料無料","イルマiワン","59","X11","Y15",,"0","5","4","-1",
"2026/08/01 10:23:26","WEB画面","7987073","7987073X11Y11","【くすみカラー 超軽量】バケットハット サファリハット メンズ レディース 普通サイズ 大きいサイズ NEK ★REV 7987073 アドベンチャーハット 撥水 速乾 軽量 折り畳める UV カット アウトドア キャンプ 登山 ウォーキング 散歩 日焼け防止 紫外線防止 送料無料","普通サイズ","ベージュ","X11","Y11",,"0","7","37","30","庄司 泰久"
"2026/08/01 10:23:26","WEB画面","7987073","7987073X11Y13","【くすみカラー 超軽量】バケットハット サファリハット メンズ レディース 普通サイズ 大きいサイズ NEK ★REV 7987073 アドベンチャーハット 撥水 速乾 軽量 折り畳める UV カット アウトドア キャンプ 登山 ウォーキング 散歩 日焼け防止 紫外線防止 送料無料","普通サイズ","ブラック","X11","Y13",,"0","12","112","100","庄司 泰久"
"2026/08/01 10:23:26","WEB画面","7987073","7987073X11Y14","【くすみカラー 超軽量】バケットハット サファリハット メンズ レディース 普通サイズ 大きいサイズ NEK ★REV 7987073 アドベンチャーハット 撥水 速乾 軽量 折り畳める UV カット アウトドア キャンプ 登山 ウォーキング 散歩 日焼け防止 紫外線防止 送料無料","普通サイズ","ピンク","X11","Y14",,"0","5","25","20","庄司 泰久"
"2026/08/01 10:23:26","WEB画面","7987073","7987073X11Y16","【くすみカラー 超軽量】バケットハット サファリハット メンズ レディース 普通サイズ 大きいサイズ NEK ★REV 7987073 アドベンチャーハット 撥水 速乾 軽量 折り畳める UV カット アウトドア キャンプ 登山 ウォーキング 散歩 日焼け防止 紫外線防止 送料無料","普通サイズ","ネイビー","X11","Y16",,"0","9","39","30","庄司 泰久"
"2026/08/01 10:23:26","WEB画面","7987073","7987073X12Y11","【くすみカラー 超軽量】バケットハット サファリハット メンズ レディース 普通サイズ 大きいサイズ NEK ★REV 7987073 アドベンチャーハット 撥水 速乾 軽量 折り畳める UV カット アウトドア キャンプ 登山 ウォーキング 散歩 日焼け防止 紫外線防止 送料無料","大きいサイズ","ベージュ","X12","Y11",,"0","7","37","30","庄司 泰久"
"2026/08/01 10:23:26","WEB画面","7987073","7987073X12Y16","【くすみカラー 超軽量】バケットハット サファリハット メンズ レディース 普通サイズ 大きいサイズ NEK ★REV 7987073 アドベンチャーハット 撥水 速乾 軽量 折り畳める UV カット アウトドア キャンプ 登山 ウォーキング 散歩 日焼け防止 紫外線防止 送料無料","大きいサイズ","ネイビー","X12","Y16",,"0","7","37","30","庄司 泰久"
"2026/08/01 10:24:01","WEB画面","7986667","7986667X11Y11","【S925純銀×ジルコニアの高級感】ネックレス シルバー925 十字架 クロス SILVER925 NEK ★REVA 7986667 純銀 ジルコニア アクセサリー ギフト プレゼント 母の日 送料無料","ONESIZE","シルバー","X11","Y11",,"0","0","20","20","庄司 泰久"
"2026/08/01 10:24:30","WEB画面","7986521","7986521X11Y11","【背中ひんやりメッシュ！】フロート 浮き輪 ベッドタイプ 150cm 大人用 ビーチマット NEK ★REVL 7986521 リゾート プール 海 SNS映え PVC素材 送料無料","ONESIZE","ヒョウ柄","X11","Y11",,"0","31","26","-5","大木 望"
"2026/08/01 10:24:41","WEB画面","7992054","7992054X11Y13","【シンプル/おしゃれ】16mm パワーストーン ネックレス メンズ レディース 瑪瑙 オブシディアン タイガーアイ NEK ★REV 7992054 黒曜石 茶水晶 虎目石 金運 財運 仕事運 恋愛 結婚 家庭円満 癒し 幸運 成功運 勝負運 家族運 厄除祈願 天然石 お守り プレゼント 送料無料","ONESIZE","【C】ブラウンクオーツ","X11","Y13",,"0","9","59","50","庄司 泰久"
"2026/08/01 10:24:41","WEB画面","7992054","7992054X11Y15","【シンプル/おしゃれ】16mm パワーストーン ネックレス メンズ レディース 瑪瑙 オブシディアン タイガーアイ NEK ★REV 7992054 黒曜石 茶水晶 虎目石 金運 財運 仕事運 恋愛 結婚 家庭円満 癒し 幸運 成功運 勝負運 家族運 厄除祈願 天然石 お守り プレゼント 送料無料","ONESIZE","【E】六字真言","X11","Y15",,"0","3","33","30","庄司 泰久"
"2026/08/01 10:24:41","WEB画面","7992054","7992054X11Y16","【シンプル/おしゃれ】16mm パワーストーン ネックレス メンズ レディース 瑪瑙 オブシディアン タイガーアイ NEK ★REV 7992054 黒曜石 茶水晶 虎目石 金運 財運 仕事運 恋愛 結婚 家庭円満 癒し 幸運 成功運 勝負運 家族運 厄除祈願 天然石 お守り プレゼント 送料無料","ONESIZE","【F】虹オブシディアン","X11","Y16",,"0","4","34","30","庄司 泰久"
"2026/08/01 10:24:41","WEB画面","7992054","7992054X11Y18","【シンプル/おしゃれ】16mm パワーストーン ネックレス メンズ レディース 瑪瑙 オブシディアン タイガーアイ NEK ★REV 7992054 黒曜石 茶水晶 虎目石 金運 財運 仕事運 恋愛 結婚 家庭円満 癒し 幸運 成功運 勝負運 家族運 厄除祈願 天然石 お守り プレゼント 送料無料","ONESIZE","【H】アメジスト","X11","Y18",,"0","3","53","50","庄司 泰久"
"2026/08/01 10:25:37","WEB画面","7987029","7987029X11Y13","【直射日光をはね返す】コカゲル キャップ 洗濯機洗いOK 体感マイナス10℃ UV NEK ★REV CC2R502 7987029 アウトドア SEK サイズ調整 大きいサイズ ユニセックス アウトドア 夏 対策 熱中症 木陰 日よけ 日焼け 送料無料","ONESIZE","ベージュ","X11","Y13",,"0","49","44","-5","大木 望"
"2026/08/01 10:25:42","WEB画面","7987076","7987076X11Y15","【超軽量55g】特価 キャップ 帽子 メッシュキャップ ランニングキャップ NEK ★REV 7987076 メンズ レディース 速乾 軽量 ジョギング アウトドア キャンプ スポーツ 釣り 海 プール","アジャスタータイプ","ベージュ","X11","Y15",,"0","0","30","30","庄司 泰久"
"2026/08/01 10:25:42","WEB画面","7987076","7987076X11Y16","【超軽量55g】特価 キャップ 帽子 メッシュキャップ ランニングキャップ NEK ★REV 7987076 メンズ レディース 速乾 軽量 ジョギング アウトドア キャンプ スポーツ 釣り 海 プール","アジャスタータイプ","ピンク","X11","Y16",,"0","2","12","10","庄司 泰久"
"2026/08/01 10:25:42","WEB画面","7987076","7987076X11Y17","【超軽量55g】特価 キャップ 帽子 メッシュキャップ ランニングキャップ NEK ★REV 7987076 メンズ レディース 速乾 軽量 ジョギング アウトドア キャンプ スポーツ 釣り 海 プール","アジャスタータイプ","ライトブルー","X11","Y17",,"0","0","30","30","庄司 泰久"
"2026/08/01 10:25:42","WEB画面","7987076","7987076X11Y19","【超軽量55g】特価 キャップ 帽子 メッシュキャップ ランニングキャップ NEK ★REV 7987076 メンズ レディース 速乾 軽量 ジョギング アウトドア キャンプ スポーツ 釣り 海 プール","アジャスタータイプ","ブルー","X11","Y19",,"0","5","35","30","庄司 泰久"
"2026/08/01 10:26:19","WEB画面","7987026","7987026X11Y13","【大きいサイズあり】キャップ 11cm つば長 帽子 メンズ レディース ★REV 7987026 深め 深い ゴルフ 無地 日焼け止め UVカット 送料無料","普通サイズ","ベージュ","X11","Y13",,"0","0","10","10","庄司 泰久"
"2026/08/01 10:26:19","WEB画面","7987026","7987026X12Y11","【大きいサイズあり】キャップ 11cm つば長 帽子 メンズ レディース ★REV 7987026 深め 深い ゴルフ 無地 日焼け止め UVカット 送料無料","大きいサイズ","ブラック","X12","Y11",,"0","0","35","35","庄司 泰久"
"2026/08/01 10:27:10","WEB画面","7992099","7992099X11Y13","アンクレット メンズ レディース 手作り 送料無料 つけっぱなし お守り アンク アクセサリー シルバー ターコイズ NEK ALI ★REV 7992099 190813 プレゼント ギフト","ONESIZE","フクロウ","X11","Y13",,"0","0","15","15","庄司 泰久"
"2026/08/01 10:27:10","WEB画面","7992099","7992099X11Y15","アンクレット メンズ レディース 手作り 送料無料 つけっぱなし お守り アンク アクセサリー シルバー ターコイズ NEK ALI ★REV 7992099 190813 プレゼント ギフト","ONESIZE","ハート","X11","Y15",,"0","0","20","20","庄司 泰久"
"2026/08/01 10:27:10","WEB画面","7992099","7992099X11Y17","アンクレット メンズ レディース 手作り 送料無料 つけっぱなし お守り アンク アクセサリー シルバー ターコイズ NEK ALI ★REV 7992099 190813 プレゼント ギフト","ONESIZE","波","X11","Y17",,"0","0","35","35","庄司 泰久"
"2026/08/01 10:27:10","WEB画面","7992099","7992099X11Y18","アンクレット メンズ レディース 手作り 送料無料 つけっぱなし お守り アンク アクセサリー シルバー ターコイズ NEK ALI ★REV 7992099 190813 プレゼント ギフト","ONESIZE","ヒトデ","X11","Y18",,"0","4","9","5","庄司 泰久"
"2026/08/01 10:27:10","WEB画面","7992099","7992099X11Y19","アンクレット メンズ レディース 手作り 送料無料 つけっぱなし お守り アンク アクセサリー シルバー ターコイズ NEK ALI ★REV 7992099 190813 プレゼント ギフト","ONESIZE","カメ/ヒトデ","X11","Y19",,"0","2","22","20","庄司 泰久"
"2026/08/01 10:28:35","WEB画面","7986481","7986481X11Y11","【丸眼鏡】偏光サングラス 丸眼鏡 丸めがね メンズ レディース UV400 紫外線カット NEK ★REVL 7986481 ラドライブ 釣り ゴルフ アウトドア 軽量 おしゃれ 送料無料","ONESIZE","A","X11","Y11",,"0","3","28","25","庄司 泰久"
"2026/08/01 10:28:35","WEB画面","7986481","7986481X11Y14","【丸眼鏡】偏光サングラス 丸眼鏡 丸めがね メンズ レディース UV400 紫外線カット NEK ★REVL 7986481 ラドライブ 釣り ゴルフ アウトドア 軽量 おしゃれ 送料無料","ONESIZE","D","X11","Y14",,"0","4","24","20","庄司 泰久"
"2026/08/01 10:30:25","受注取込","7987988","7987988X12Y15","【AVIREX 限定】サファリハット メンズ 大きいサイズ BIGサイズ アドベンチャーハット 17158300 17158400 釣り 帽子 ハット ★REV NEK 7987988 大きめ 普通サイズ AVIREX 限定 かっこいい アウトドア ブラックシリーズ アビレックス 帽子 キャップ ブランド 撥水加工","大きいサイズ_17158400","グレージュ(73)","X12","Y15",,"0","55","54","-1",
"2026/08/01 10:30:55","受注取込","7997141","7997141X11Y11","特大 スイカ ドーナツ 浮き輪 浮輪 送料無料 プール 大人用 子供用 NEK 7997141 ★REV 120cm 90cm 80cm 70cm 60cm サイズ 大きい 大きめ うきわ ウキワ すいか 海 海水浴 ビックフロート 水上 レジャー かわいい フローティングベッド 西瓜 子供用浮き輪 大人 子供 こども","120cm","スイカ","X11","Y11",,"0","1026","1025","-1",
"2026/08/01 10:32:31","受注取込","7987400","7987400X11Y11","【とにかくデカい！/普通サイズあり！】キャップ メンズ 大きいサイズ 帽子 深め ビッグサイズ ★REVM 7987400 BIG SIZE メンズキャップ帽子 大きめ 大きい帽子 メンズ帽子 レディース 春 夏 春夏 プレゼント ギフト 母の日 父の日 送料無料","大きいサイズ","A-ブラック","X11","Y11",,"0","166","165","-1",
"2026/08/01 10:33:01","受注取込","7987439","7987439X11Y14","【通気性◎】メッシュキャップ メンズ 帽子 7987439 ★REV 野球帽 普通サイズ 56cm～59cm 大きいサイズ ビッグサイズ 59cm～63cm BIG 刺繍 プレゼント ギフト 送料無料","普通サイズ","ネイビー","X11","Y14",,"0","4","3","-1",
"2026/08/01 10:36:21","WEB画面","7997141","7997141X11Y12","特大 スイカ ドーナツ 浮き輪 浮輪 送料無料 プール 大人用 子供用 NEK 7997141 ★REV 120cm 90cm 80cm 70cm 60cm サイズ 大きい 大きめ うきわ ウキワ すいか 海 海水浴 ビックフロート 水上 レジャー かわいい フローティングベッド 西瓜 子供用浮き輪 大人 子供 こども","120cm","ドーナツイチゴ","X11","Y12",,"0","28","29","1","立花"
"2026/08/01 10:36:21","WEB画面","7997141","7997141X11Y13","特大 スイカ ドーナツ 浮き輪 浮輪 送料無料 プール 大人用 子供用 NEK 7997141 ★REV 120cm 90cm 80cm 70cm 60cm サイズ 大きい 大きめ うきわ ウキワ すいか 海 海水浴 ビックフロート 水上 レジャー かわいい フローティングベッド 西瓜 子供用浮き輪 大人 子供 こども","120cm","ドーナツチョコ","X11","Y13",,"0","33","34","1","立花"
"2026/08/01 10:37:01","受注取込","7995525","7995525X1Y15","AVIREX 限定モデル キャップ 帽子 父の日 贈り物 プレゼント メンズ ★REV ブラックシリーズ 黒 アビレックス アヴィレックス メッシュキャップ ハンチング ローキャップ バケット ハット ワークキャップ レディース かっこいい yos プレゼント ギフト","ONESIZE","【O】サファリハット_17158400_BIG","X1","Y15",,"0","76","75","-1",
"2026/08/01 10:40:33","受注取込","7987085","7987085X12Y41","【とにかくデカい！】大きいサイズ キャップ 大きめ 深い 深め ビッグサイズ BIG SIZE ★REV 7987085 メンズキャップ帽子 大きい帽子 メンズ帽子 レディース 春 夏 春夏 プレゼント ギフト 母の日 父の日 送料無料","SU","31","X12","Y41",,"0","16","15","-1",
"2026/08/01 10:43:30","受注取込","7994812","7994812X12Y11","サファリハット メンズ 釣り 帽子 ハット レディース SUNS(サンズ)  撥水 アウトドア 登山 キャンプ バーベキュー NEK ★REV H-051 H-053 送料無料 大きいサイズあり キッズサイズ 子供 UVカット アドベンチャーハット 父の日 プレゼント ユニセックス 春 夏 夏フェス ギフト","大きいサイズ","BK/BLACK(H_051)","X12","Y11",,"0","451","450","-1",
"2026/08/01 10:52:01","受注取込","7994812","7994812X12Y33","サファリハット メンズ 釣り 帽子 ハット レディース SUNS(サンズ)  撥水 アウトドア 登山 キャンプ バーベキュー NEK ★REV H-051 H-053 送料無料 大きいサイズあり キッズサイズ 子供 UVカット アドベンチャーハット 父の日 プレゼント ユニセックス 春 夏 夏フェス ギフト","大きいサイズ","GREIGE(H-051)","X12","Y33",,"0","48","47","-1",
"2026/08/01 11:03:55","受注取込","7994812","7994812X11Y33","サファリハット メンズ 釣り 帽子 ハット レディース SUNS(サンズ)  撥水 アウトドア 登山 キャンプ バーベキュー NEK ★REV H-051 H-053 送料無料 大きいサイズあり キッズサイズ 子供 UVカット アドベンチャーハット 父の日 プレゼント ユニセックス 春 夏 夏フェス ギフト","普通サイズ","GREIGE(H-051)","X11","Y33",,"0","120","119","-1",
"2026/08/01 11:06:25","受注取込","7994812","7994812X12Y13","サファリハット メンズ 釣り 帽子 ハット レディース SUNS(サンズ)  撥水 アウトドア 登山 キャンプ バーベキュー NEK ★REV H-051 H-053 送料無料 大きいサイズあり キッズサイズ 子供 UVカット アドベンチャーハット 父の日 プレゼント ユニセックス 春 夏 夏フェス ギフト","大きいサイズ","NAVY(H_051)","X12","Y13",,"0","47","46","-1",
"2026/08/01 11:12:23","受注取込","7986509","7986509X11Y14","【使い勝手しやすいベルト】ベルト メンズ レディース 120cm ガチャベルト NEK ★REVL 7986509 フリーサイズ プレゼント 大きいサイズ サバゲー キャンプ アウトドア 登山 作業服 ギフト 送料無料","ONESIZE","ブラウン","X11","Y14",,"0","20","19","-1",
"2026/08/01 11:19:56","受注取込","7992723","7992723X12Y11","お得！ 送料無料 4枚入り 福袋 Dickies ディッキーズ ボクサーパンツ メンズ かわいい NEK ★REV <br> パンツ ボクサーパンツ セット メンズ下着 メンズボクサーパンツ メンズボクサー 大きいサイズ 大きめ 特大 3L 下着 インナー メンズ usa まとめ買い プレゼント ギフト","L","福袋4枚セット","X12","Y11",,"0","288","287","-1",
"2026/08/01 11:21:53","受注取込","7994812","7994812X11Y33","サファリハット メンズ 釣り 帽子 ハット レディース SUNS(サンズ)  撥水 アウトドア 登山 キャンプ バーベキュー NEK ★REV H-051 H-053 送料無料 大きいサイズあり キッズサイズ 子供 UVカット アドベンチャーハット 父の日 プレゼント ユニセックス 春 夏 夏フェス ギフト","普通サイズ","GREIGE(H-051)","X11","Y33",,"0","119","118","-1",
"2026/08/01 11:23:55","受注取込","7988215","7988215X17Y12","【とにかくデカい！】 大きいサイズ キャップ メッシュキャップ 送料無料 大きめ ビッグサイズ BIG SIZE ★REV 7988215 <br> 帽子 ハット キャップ ワークキャップ メンズキャップ 大きいサイズ バケット 大きい帽子 メンズ バケハ メンズ帽子 大きい 頭 メッシュ 全39カラー","GG","2","X17","Y12",,"0","19","18","-1",
"2026/08/01 11:24:32","受注取込","7994812","7994812X11Y16","サファリハット メンズ 釣り 帽子 ハット レディース SUNS(サンズ)  撥水 アウトドア 登山 キャンプ バーベキュー NEK ★REV H-051 H-053 送料無料 大きいサイズあり キッズサイズ 子供 UVカット アドベンチャーハット 父の日 プレゼント ユニセックス 春 夏 夏フェス ギフト","普通サイズ","GRAY(H_051)","X11","Y16",,"0","36","35","-1",
"2026/08/01 11:29:25","受注取込","7997141","7997141X11Y13","特大 スイカ ドーナツ 浮き輪 浮輪 送料無料 プール 大人用 子供用 NEK 7997141 ★REV 120cm 90cm 80cm 70cm 60cm サイズ 大きい 大きめ うきわ ウキワ すいか 海 海水浴 ビックフロート 水上 レジャー かわいい フローティングベッド 西瓜 子供用浮き輪 大人 子供 こども","120cm","ドーナツチョコ","X11","Y13",,"0","34","33","-1",
"2026/08/01 11:29:25","受注取込","7997141","7997141X11Y11","特大 スイカ ドーナツ 浮き輪 浮輪 送料無料 プール 大人用 子供用 NEK 7997141 ★REV 120cm 90cm 80cm 70cm 60cm サイズ 大きい 大きめ うきわ ウキワ すいか 海 海水浴 ビックフロート 水上 レジャー かわいい フローティングベッド 西瓜 子供用浮き輪 大人 子供 こども","120cm","スイカ","X11","Y11",,"0","1025","1024","-1",
"2026/08/01 11:37:01","受注取込","7987697","7987697X11Y11","【速攻配達】冷やスマPRO 盛夏用 スマホ熱中症対策 冷却 クーラー ★REV NEK スマートフォン専用常温保冷剤 熱暴走 結露なし スマホ 冷感 冷却 HIYASUMA","ONESIZE","ホワイト","X11","Y11",,"0","729","728","-1",
"2026/08/01 11:43:43","受注取込","7987942","7987942X11Y13","【どこでもデスク】ベッドテーブル テーブル 折りたたみテーブル 小さい 一人用 おしゃれ ★REV 7987942 サイドテーブル ミニテーブル コンパクト 多機能 ノートパソコン デスク センターテーブル ローテーブル 送料無料","ONESIZE","ナチュラル(木目)","X11","Y13",,"0","1","0","-1",
"2026/08/01 11:43:53","WEB画面","7997141","7997141X11Y12","特大 スイカ ドーナツ 浮き輪 浮輪 送料無料 プール 大人用 子供用 NEK 7997141 ★REV 120cm 90cm 80cm 70cm 60cm サイズ 大きい 大きめ うきわ ウキワ すいか 海 海水浴 ビックフロート 水上 レジャー かわいい フローティングベッド 西瓜 子供用浮き輪 大人 子供 こども","120cm","ドーナツイチゴ","X11","Y12",,"0","29","30","1","立花"
"2026/08/01 11:46:19","受注取込","7994812","7994812X12Y24","サファリハット メンズ 釣り 帽子 ハット レディース SUNS(サンズ)  撥水 アウトドア 登山 キャンプ バーベキュー NEK ★REV H-051 H-053 送料無料 大きいサイズあり キッズサイズ 子供 UVカット アドベンチャーハット 父の日 プレゼント ユニセックス 春 夏 夏フェス ギフト","大きいサイズ","BEIGE(H_051)","X12","Y24",,"0","43","42","-1",
"2026/08/01 11:47:25","受注取込","7994812","7994812X11Y11","サファリハット メンズ 釣り 帽子 ハット レディース SUNS(サンズ)  撥水 アウトドア 登山 キャンプ バーベキュー NEK ★REV H-051 H-053 送料無料 大きいサイズあり キッズサイズ 子供 UVカット アドベンチャーハット 父の日 プレゼント ユニセックス 春 夏 夏フェス ギフト","普通サイズ","BK/BLACK(H_051)","X11","Y11",,"0","43","41","-2",
"2026/08/01 11:51:01","受注取込","7986572","7986572X11Y43","【新型/IQOS イルマ i ワン用】アイコス イルマiワン ILUMA ケース 保護ケース NEK ★REVL 7986572 iqosイルマワン イルマワンカバー 耐衝撃 おしゃれ iqos iluma one 専用 IQOSイルマワン保護ケース レザー ヒョウ柄 ペイズリー 保護カバー アイコスケース アクセサリー 送料無料","イルマiワン","87","X11","Y43",,"0","1","0","-1",
"2026/08/01 11:55:25","受注取込","7994812","7994812X12Y20","サファリハット メンズ 釣り 帽子 ハット レディース SUNS(サンズ)  撥水 アウトドア 登山 キャンプ バーベキュー NEK ★REV H-051 H-053 送料無料 大きいサイズあり キッズサイズ 子供 UVカット アドベンチャーハット 父の日 プレゼント ユニセックス 春 夏 夏フェス ギフト","大きいサイズ","PURPLE(H_051)","X12","Y20",,"0","13","12","-1",
"2026/08/01 11:56:18","受注取込","7987848","7987848X11Y14","【ROUTE66】キャップ ローキャップ 帽子 メンズ レディース 7987848 Vintage アメカジ おしゃれ ルート66 アメリカ USA","ONESIZE","ブラック","X11","Y14",,"0","5","4","-1",
"2026/08/01 11:59:55","受注取込","7997141","7997141X12Y12","特大 スイカ ドーナツ 浮き輪 浮輪 送料無料 プール 大人用 子供用 NEK 7997141 ★REV 120cm 90cm 80cm 70cm 60cm サイズ 大きい 大きめ うきわ ウキワ すいか 海 海水浴 ビックフロート 水上 レジャー かわいい フローティングベッド 西瓜 子供用浮き輪 大人 子供 こども","90cm","ドーナツイチゴ","X12","Y12",,"0","41","40","-1",
"2026/08/01 11:59:55","受注取込","7997141","7997141X14Y13","特大 スイカ ドーナツ 浮き輪 浮輪 送料無料 プール 大人用 子供用 NEK 7997141 ★REV 120cm 90cm 80cm 70cm 60cm サイズ 大きい 大きめ うきわ ウキワ すいか 海 海水浴 ビックフロート 水上 レジャー かわいい フローティングベッド 西瓜 子供用浮き輪 大人 子供 こども","70cm","ドーナツチョコ","X14","Y13",,"0","62","61","-1",
"2026/08/01 11:59:55","受注取込","7997141","7997141X15Y12","特大 スイカ ドーナツ 浮き輪 浮輪 送料無料 プール 大人用 子供用 NEK 7997141 ★REV 120cm 90cm 80cm 70cm 60cm サイズ 大きい 大きめ うきわ ウキワ すいか 海 海水浴 ビックフロート 水上 レジャー かわいい フローティングベッド 西瓜 子供用浮き輪 大人 子供 こども","60cm","ドーナツイチゴ","X15","Y12",,"0","29","28","-1",
"2026/08/01 11:59:55","受注取込","7987078","7987078X11Y11","【3個の福袋！即出荷】ビーチボール 水遊び ビーチバレー 浮き輪 フロート NEK ★REV 7987078 サッカーボール 30cm アウトドア キャンプ 海 プール 川 リゾート 送料無料","ONESIZE","3個セット","X11","Y11",,"0","67","66","-1",
"2026/08/01 12:00:56","受注取込","7987400","7987400X11Y26","【とにかくデカい！/普通サイズあり！】キャップ メンズ 大きいサイズ 帽子 深め ビッグサイズ ★REVM 7987400 BIG SIZE メンズキャップ帽子 大きめ 大きい帽子 メンズ帽子 レディース 春 夏 春夏 プレゼント ギフト 母の日 父の日 送料無料","大きいサイズ","P-ブラック","X11","Y26",,"0","52","51","-1",
"2026/08/01 12:01:09","WEB画面","7994226","7994226X11Y14","【大きいサイズもあり 限定モデル】AVIREX メッシュキャップ メンズ 帽子 メンズ キャップ メンズ 14023200 14670200 レディース ★REV 父の日 贈り物 プレゼント ブランド アビレックス 送料無料 正規品 ブラック 黒 ネイビー 紺 グレー 灰 yos プレゼント ギフト","普通サイズ_14023200","01_ホワイト","X11","Y14",,"0","18","17","-1","立花"
"2026/08/01 12:03:34","WEB画面","7994226","7994226X11Y13","【大きいサイズもあり 限定モデル】AVIREX メッシュキャップ メンズ 帽子 メンズ キャップ メンズ 14023200 14670200 レディース ★REV 父の日 贈り物 プレゼント ブランド アビレックス 送料無料 正規品 ブラック 黒 ネイビー 紺 グレー 灰 yos プレゼント ギフト","普通サイズ_14023200","85_グレー","X11","Y13",,"0","17","18","1","立花"
"2026/08/01 12:10:25","受注取込","7997141","7997141X11Y11","特大 スイカ ドーナツ 浮き輪 浮輪 送料無料 プール 大人用 子供用 NEK 7997141 ★REV 120cm 90cm 80cm 70cm 60cm サイズ 大きい 大きめ うきわ ウキワ すいか 海 海水浴 ビックフロート 水上 レジャー かわいい フローティングベッド 西瓜 子供用浮き輪 大人 子供 こども","120cm","スイカ","X11","Y11",,"0","1024","1023","-1",
"2026/08/01 12:11:55","受注取込","7987794","7987794X12Y18","【大きいサイズもあり】キャスハンチング キャップ メンズ レディース CULTURE MART NEK 101294 ★REV 7987794 ハンチング帽子 ハンチング帽 秋冬 帽子 ハンチング キャスケット メンズ帽子 レディース帽子秋冬 秋冬帽子 メンズハンチング おしゃれ カルチャーマート","大きいサイズ","インディゴ×デニム","X12","Y18",,"0","26","25","-1",
"2026/08/01 12:15:05","受注取込","7987400","7987400X11Y16","【とにかくデカい！/普通サイズあり！】キャップ メンズ 大きいサイズ 帽子 深め ビッグサイズ ★REVM 7987400 BIG SIZE メンズキャップ帽子 大きめ 大きい帽子 メンズ帽子 レディース 春 夏 春夏 プレゼント ギフト 母の日 父の日 送料無料","大きいサイズ","F-ブラック","X11","Y16",,"0","57","56","-1",
"2026/08/01 12:16:18","受注取込","7987075","7987075X11Y12","アンクレット レディース メンズ つけっぱなし NEK ★REV 7987075 ゴールド シルバー アクセサリー プレゼント ギフト おしゃれ 送料無料","ONESIZE","B","X11","Y12",,"0","14","13","-1",
"2026/08/01 12:18:02","受注取込","7986778","7986778X12Y11","【高純度テラヘルツ/3通りの使い方可能】 テラヘルツ ネックレス アンクレット ブレスレット NEK ★REV 7986778 メンズ レディース 鏡面多面カット 3.0mm 健康 テラヘルツ波 パワーストーン 天然石 アクセサリー プレゼント ギフト プチギフト 母の日 父の日 送料無料","多面カット","テラヘルツ","X12","Y11",,"0","25","24","-1",
"2026/08/01 12:20:04","受注取込","7987757","7987757X11Y12","【カーボンスタイル 大きいサイズ】メッシュキャップ キャップ 帽子 蒸れない ★REV 7987757 大きいサイズ カーボン調 プレゼント ギフト 送料無料","ONESIZE","カーキ","X11","Y12",,"0","3","2","-1",
"2026/08/01 12:28:01","受注取込","8003112","8003112X12Y16","AVIREX アビレックス タンクトップ メンズ 無地 アヴィレックス メンズアメカジトップス ★REV NEK 6143503 全10色 プレゼント ギフト","M","ネイビー(ROYAL)(86)","X12","Y16",,"0","2","1","-1",
"2026/08/01 12:29:55","受注取込","7987626","7987626X11Y11","【お得な5個セット】LEDライト キーホルダー 小型LEDライト NEK ★REV 7987626 キーライト 高輝度 5灯 LR44 ボタン電池 LTG 送料無料","ONESIZE","5本セット","X11","Y11",,"0","145","144","-1",
"2026/08/01 12:30:11","受注取込","7987345","7987345X11Y14","【とにかくデカい！】 大きいサイズ キャップ 送料無料 大きめ ビッグサイズ ★REV 7987345 BIG SIZE 帽子 ハット キャップ キャスケット メンズキャップ 大きいサイズ バケット 大きい帽子 メンズ メンズ帽子 大きい 頭 メッシュキャップ","AAA","4","X11","Y14",,"0","20","19","-1",
"2026/08/01 12:31:25","受注取込","7994812","7994812X12Y11","サファリハット メンズ 釣り 帽子 ハット レディース SUNS(サンズ)  撥水 アウトドア 登山 キャンプ バーベキュー NEK ★REV H-051 H-053 送料無料 大きいサイズあり キッズサイズ 子供 UVカット アドベンチャーハット 父の日 プレゼント ユニセックス 春 夏 夏フェス ギフト","大きいサイズ","BK/BLACK(H_051)","X12","Y11",,"0","450","449","-1",
"2026/08/01 12:32:28","受注取込","7988047","7988047X11Y14","2WAY ミニ ボストンバッグ メンズ レディース ★REV 7988047 小さめ 小型 ショルダーバッグ ミニバッグ ドラムバッグ 小旅行 アウトドア キャンプ ジム 軽量 送料無料","ONESIZE","パープル","X11","Y14",,"0","60","59","-1",
"2026/08/01 12:33:55","受注取込","7994812","7994812X12Y11","サファリハット メンズ 釣り 帽子 ハット レディース SUNS(サンズ)  撥水 アウトドア 登山 キャンプ バーベキュー NEK ★REV H-051 H-053 送料無料 大きいサイズあり キッズサイズ 子供 UVカット アドベンチャーハット 父の日 プレゼント ユニセックス 春 夏 夏フェス ギフト","大きいサイズ","BK/BLACK(H_051)","X12","Y11",,"0","449","448","-1",
"2026/08/01 12:37:30","WEB画面","7986533","7986533X11Y16","【ダメージ加工がCOOL】LA Los Angeles 帽子 キャップ Vintage メンズ レディース ★REVL 7986533 くすみカラー こなれ感 深め しっかり素材 送料無料","ONESIZE","カーキ","X11","Y16",,"0","10","11","1","早乙女"
"2026/08/01 12:38:25","受注取込","7987400","7987400X11Y15","【とにかくデカい！/普通サイズあり！】キャップ メンズ 大きいサイズ 帽子 深め ビッグサイズ ★REVM 7987400 BIG SIZE メンズキャップ帽子 大きめ 大きい帽子 メンズ帽子 レディース 春 夏 春夏 プレゼント ギフト 母の日 父の日 送料無料","大きいサイズ","E-ベージュ","X11","Y15",,"0","57","56","-1",
"2026/08/01 12:40:00","受注取込","7987400","7987400X11Y11","【とにかくデカい！/普通サイズあり！】キャップ メンズ 大きいサイズ 帽子 深め ビッグサイズ ★REVM 7987400 BIG SIZE メンズキャップ帽子 大きめ 大きい帽子 メンズ帽子 レディース 春 夏 春夏 プレゼント ギフト 母の日 父の日 送料無料","大きいサイズ","A-ブラック","X11","Y11",,"0","165","164","-1",
"2026/08/01 12:44:14","WEB画面","7987090","7987090X11Y11","【使い方色々!】ポーチ ベルトポーチ 小物入れ 小銭入れ カードケース NEK ★REV 7987090 短財布 財布 メンズ レディース カラビナ ミリタリー サバゲー キャンプ アウトドア メディカルポーチ 防災グッズ 送料無料","ONESIZE","ブラック","X11","Y11",,"0","23","13","-10","大木 望"
"2026/08/01 12:44:14","WEB画面","7987090","7987090X11Y12","【使い方色々!】ポーチ ベルトポーチ 小物入れ 小銭入れ カードケース NEK ★REV 7987090 短財布 財布 メンズ レディース カラビナ ミリタリー サバゲー キャンプ アウトドア メディカルポーチ 防災グッズ 送料無料","ONESIZE","カーキ","X11","Y12",,"0","26","16","-10","大木 望"
"2026/08/01 12:44:14","WEB画面","7987090","7987090X11Y13","【使い方色々!】ポーチ ベルトポーチ 小物入れ 小銭入れ カードケース NEK ★REV 7987090 短財布 財布 メンズ レディース カラビナ ミリタリー サバゲー キャンプ アウトドア メディカルポーチ 防災グッズ 送料無料","ONESIZE","オリーブ","X11","Y13",,"0","22","12","-10","大木 望"
"2026/08/01 12:45:40","WEB画面","7988124","7988124X11Y17","大きいサイズ キャップ 帽子 メンズ フルキャップ ベースボールキャップ コットンキャップ 野球帽 ワンポイント ★REV 7988124 イーグル 鷲 刺繍 ミリタリー BIGSIZE キングサイズ 送料無料","ONESIZE","メッシュホワイト","X11","Y17",,"0","28","18","-10","大木 望"
"2026/08/01 12:46:55","受注取込","7987006","7987006X11Y14","【くすみカラー】サファリハット ハット アドベンチャーハット レディース メンズ NEK ★REV 7987006 アウトドア キャンプ 釣り 日焼け止め 速乾 通気性 日よけ 送料無料","ONESIZE","オリーブ","X11","Y14",,"0","5","4","-1",
"2026/08/01 12:47:03","WEB画面","7988124","7988124X11Y11","大きいサイズ キャップ 帽子 メンズ フルキャップ ベースボールキャップ コットンキャップ 野球帽 ワンポイント ★REV 7988124 イーグル 鷲 刺繍 ミリタリー BIGSIZE キングサイズ 送料無料","ONESIZE","ブラック","X11","Y11",,"0","22","19","-3","大木 望"
"2026/08/01 12:47:03","WEB画面","7988124","7988124X11Y12","大きいサイズ キャップ 帽子 メンズ フルキャップ ベースボールキャップ コットンキャップ 野球帽 ワンポイント ★REV 7988124 イーグル 鷲 刺繍 ミリタリー BIGSIZE キングサイズ 送料無料","ONESIZE","ネイビー","X11","Y12",,"0","33","30","-3","大木 望"
"2026/08/01 12:47:55","受注取込","7988459","7988459X12Y25","【速攻配達】ドッグウェア 犬 服 犬服 暖かい 冬 冬服 男の子 女の子 アディドッグ adidog ★REVG NEK 7988459 7988345 ペット服 小型犬 つなぎ パーカー お散歩 かっこいい かわいい サロペット ロンパース オーバーオール 裏起毛","S","CEFINE_ブラック","X12","Y25",,"0","2","1","-1",
"2026/08/01 12:51:30","受注取込","7988332","7988332X11Y15","【ワンちゃん格上げ！】 ドッグウェア 犬服 アディドッグ adidog ★REVG new dogs ペット服 小型犬 ノースリーブ NEK 7988332 犬の服 タンクトップ 犬洋服 犬用服 ペット 犬 服 犬用 かっこいい かわいい サロペット ロンパース オーバーオール 男の子 女の子","XS","adidog(ダークグリーン)","X11","Y15",,"0","13","12","-1",
"2026/08/01 12:51:30","受注取込","7988332","7988332X11Y16","【ワンちゃん格上げ！】 ドッグウェア 犬服 アディドッグ adidog ★REVG new dogs ペット服 小型犬 ノースリーブ NEK 7988332 犬の服 タンクトップ 犬洋服 犬用服 ペット 犬 服 犬用 かっこいい かわいい サロペット ロンパース オーバーオール 男の子 女の子","XS","adidog(ゴールド×ブラック)","X11","Y16",,"0","10","9","-1",
"2026/08/01 12:52:25","受注取込","7994812","7994812X12Y33","サファリハット メンズ 釣り 帽子 ハット レディース SUNS(サンズ)  撥水 アウトドア 登山 キャンプ バーベキュー NEK ★REV H-051 H-053 送料無料 大きいサイズあり キッズサイズ 子供 UVカット アドベンチャーハット 父の日 プレゼント ユニセックス 春 夏 夏フェス ギフト","大きいサイズ","GREIGE(H-051)","X12","Y33",,"0","47","46","-1",
"2026/08/01 12:52:41","WEB画面","7986521","7986521X11Y14","【背中ひんやりメッシュ！】フロート 浮き輪 ベッドタイプ 150cm 大人用 ビーチマット NEK ★REVL 7986521 リゾート プール 海 SNS映え PVC素材 送料無料","ONESIZE","グリーン","X11","Y14",,"0","25","20","-5","大木 望"
"2026/08/01 12:53:44","WEB画面","7987168","7987168X11Y11","バーベキューコンロ 一人用 簡易式 焚き火台 グリル LTG 小型 コンパクト 小さい 小さめ 収納ケース付き 軽量 NEK ★REVL 7987168 少人数 七輪 しちりん 炭火焼 網焼き ソロキャンプ キャンプ ソロキャン 釣り ツーリング アウトドア BBQ コンパクト 送料無料","ONESIZE","シルバー","X11","Y11",,"0","75","65","-10","大木 望"
"2026/08/01 12:55:25","受注取込","7988386","7988386X11Y13","【高輝度・省電力】LED 卓上 ライト 間接照明 おしゃれ テーブルランプ 北欧 ベッドライト ★REV 7988386 照明 ランプ 一人暮らし ナイトランプ ムードランプ インテリア 雑貨 スタンドライト フロアライト ベッドサイド ルームライト 寝室 usb 電気スタンド フロアランプ","ONESIZE","パープル","X11","Y13",,"0","84","83","-1",
"2026/08/01 13:00:29","受注取込","7987400","7987400X11Y13","【とにかくデカい！/普通サイズあり！】キャップ メンズ 大きいサイズ 帽子 深め ビッグサイズ ★REVM 7987400 BIG SIZE メンズキャップ帽子 大きめ 大きい帽子 メンズ帽子 レディース 春 夏 春夏 プレゼント ギフト 母の日 父の日 送料無料","大きいサイズ","C-グレー","X11","Y13",,"0","40","39","-1",
"2026/08/01 13:00:37","受注取込","7992723","7992723X12Y11","お得！ 送料無料 4枚入り 福袋 Dickies ディッキーズ ボクサーパンツ メンズ かわいい NEK ★REV <br> パンツ ボクサーパンツ セット メンズ下着 メンズボクサーパンツ メンズボクサー 大きいサイズ 大きめ 特大 3L 下着 インナー メンズ usa まとめ買い プレゼント ギフト","L","福袋4枚セット","X12","Y11",,"0","287","286","-1",
"2026/08/01 13:03:36","WEB画面","7994812","7994812X12Y11","サファリハット メンズ 釣り 帽子 ハット レディース SUNS(サンズ)  撥水 アウトドア 登山 キャンプ バーベキュー NEK ★REV H-051 H-053 送料無料 大きいサイズあり キッズサイズ 子供 UVカット アドベンチャーハット 父の日 プレゼント ユニセックス 春 夏 夏フェス ギフト","大きいサイズ","BK/BLACK(H_051)","X12","Y11",,"0","448","449","1","立花"
"2026/08/01 13:04:25","受注取込","7994812","7994812X12Y11","サファリハット メンズ 釣り 帽子 ハット レディース SUNS(サンズ)  撥水 アウトドア 登山 キャンプ バーベキュー NEK ★REV H-051 H-053 送料無料 大きいサイズあり キッズサイズ 子供 UVカット アドベンチャーハット 父の日 プレゼント ユニセックス 春 夏 夏フェス ギフト","大きいサイズ","BK/BLACK(H_051)","X12","Y11",,"0","449","448","-1",
"2026/08/01 13:10:55","受注取込","7997141","7997141X11Y11","特大 スイカ ドーナツ 浮き輪 浮輪 送料無料 プール 大人用 子供用 NEK 7997141 ★REV 120cm 90cm 80cm 70cm 60cm サイズ 大きい 大きめ うきわ ウキワ すいか 海 海水浴 ビックフロート 水上 レジャー かわいい フローティングベッド 西瓜 子供用浮き輪 大人 子供 こども","120cm","スイカ","X11","Y11",,"0","1023","1022","-1",
"2026/08/01 13:13:24","WEB画面","7997141","7997141X13Y12","特大 スイカ ドーナツ 浮き輪 浮輪 送料無料 プール 大人用 子供用 NEK 7997141 ★REV 120cm 90cm 80cm 70cm 60cm サイズ 大きい 大きめ うきわ ウキワ すいか 海 海水浴 ビックフロート 水上 レジャー かわいい フローティングベッド 西瓜 子供用浮き輪 大人 子供 こども","80cm","ドーナツイチゴ","X13","Y12",,"0","77","67","-10","大木 望"
"2026/08/01 13:13:25","受注取込","7997141","7997141X11Y12","特大 スイカ ドーナツ 浮き輪 浮輪 送料無料 プール 大人用 子供用 NEK 7997141 ★REV 120cm 90cm 80cm 70cm 60cm サイズ 大きい 大きめ うきわ ウキワ すいか 海 海水浴 ビックフロート 水上 レジャー かわいい フローティングベッド 西瓜 子供用浮き輪 大人 子供 こども","120cm","ドーナツイチゴ","X11","Y12",,"0","30","29","-1",
"2026/08/01 13:13:25","受注取込","7997141","7997141X11Y13","特大 スイカ ドーナツ 浮き輪 浮輪 送料無料 プール 大人用 子供用 NEK 7997141 ★REV 120cm 90cm 80cm 70cm 60cm サイズ 大きい 大きめ うきわ ウキワ すいか 海 海水浴 ビックフロート 水上 レジャー かわいい フローティングベッド 西瓜 子供用浮き輪 大人 子供 こども","120cm","ドーナツチョコ","X11","Y13",,"0","33","32","-1",
"2026/08/01 13:15:11","WEB画面","7997141","7997141X16Y14","特大 スイカ ドーナツ 浮き輪 浮輪 送料無料 プール 大人用 子供用 NEK 7997141 ★REV 120cm 90cm 80cm 70cm 60cm サイズ 大きい 大きめ うきわ ウキワ すいか 海 海水浴 ビックフロート 水上 レジャー かわいい フローティングベッド 西瓜 子供用浮き輪 大人 子供 こども","ONESIZE","スイカストライプ","X16","Y14",,"0","59","58","-1","大木 望"
"2026/08/01 13:15:11","WEB画面","7997141","7997141X14Y13","特大 スイカ ドーナツ 浮き輪 浮輪 送料無料 プール 大人用 子供用 NEK 7997141 ★REV 120cm 90cm 80cm 70cm 60cm サイズ 大きい 大きめ うきわ ウキワ すいか 海 海水浴 ビックフロート 水上 レジャー かわいい フローティングベッド 西瓜 子供用浮き輪 大人 子供 こども","70cm","ドーナツチョコ","X14","Y13",,"0","61","56","-5","大木 望"
"2026/08/01 13:16:55","受注取込","7994812","7994812X12Y25","サファリハット メンズ 釣り 帽子 ハット レディース SUNS(サンズ)  撥水 アウトドア 登山 キャンプ バーベキュー NEK ★REV H-051 H-053 送料無料 大きいサイズあり キッズサイズ 子供 UVカット アドベンチャーハット 父の日 プレゼント ユニセックス 春 夏 夏フェス ギフト","大きいサイズ","BROWN(H_051)","X12","Y25",,"0","19","18","-1",
"2026/08/01 13:19:40","受注取込","8003102","8003102X19Y12","やみつきになる！ ストレッチ AVIREX アビレックス Tシャツ メンズ ★REV NEK 6143501 6143502 Vネック クルーネック 半袖 プレゼント ギフト","クルーネック_チャコール_019","Mサイズ","X19","Y12",,"0","3","2","-1",
"2026/08/01 13:21:01","受注取込","8003112","8003112X14Y16","AVIREX アビレックス タンクトップ メンズ 無地 アヴィレックス メンズアメカジトップス ★REV NEK 6143503 全10色 プレゼント ギフト","XL","ネイビー(ROYAL)(86)","X14","Y16",,"0","2","1","-1",
"2026/08/01 13:22:21","WEB画面","7987026","7987026X11Y11","【大きいサイズあり】キャップ 11cm つば長 帽子 メンズ レディース ★REV 7987026 深め 深い ゴルフ 無地 日焼け止め UVカット 送料無料","普通サイズ","ブラック","X11","Y11",,"0","10","6","-4","大木 望"
"2026/08/01 13:22:21","WEB画面","7987026","7987026X11Y12","【大きいサイズあり】キャップ 11cm つば長 帽子 メンズ レディース ★REV 7987026 深め 深い ゴルフ 無地 日焼け止め UVカット 送料無料","普通サイズ","グレー","X11","Y12",,"0","25","22","-3","大木 望"
"2026/08/01 13:22:21","WEB画面","7987026","7987026X11Y13","【大きいサイズあり】キャップ 11cm つば長 帽子 メンズ レディース ★REV 7987026 深め 深い ゴルフ 無地 日焼け止め UVカット 送料無料","普通サイズ","ベージュ","X11","Y13",,"0","10","7","-3","大木 望"
"2026/08/01 13:22:21","WEB画面","7987026","7987026X12Y11","【大きいサイズあり】キャップ 11cm つば長 帽子 メンズ レディース ★REV 7987026 深め 深い ゴルフ 無地 日焼け止め UVカット 送料無料","大きいサイズ","ブラック","X12","Y11",,"0","35","30","-5","大木 望"
"2026/08/01 13:22:21","WEB画面","7987026","7987026X12Y13","【大きいサイズあり】キャップ 11cm つば長 帽子 メンズ レディース ★REV 7987026 深め 深い ゴルフ 無地 日焼け止め UVカット 送料無料","大きいサイズ","ベージュ","X12","Y13",,"0","9","6","-3","大木 望"
"2026/08/01 13:22:21","WEB画面","7987026","7987026X12Y14","【大きいサイズあり】キャップ 11cm つば長 帽子 メンズ レディース ★REV 7987026 深め 深い ゴルフ 無地 日焼け止め UVカット 送料無料","大きいサイズ","ネイビー","X12","Y14",,"0","7","4","-3","大木 望"
"2026/08/01 13:24:18","WEB画面","7986891","7986891X11Y15","【穴なしで調整自由】ベルト レディース リングベルト 穴なし NEK ★REV 7986891 おしゃれ レザー アクセサリー 送料無料","ONESIZE","キャメル","X11","Y15",,"0","17","10","-7","大木 望"
"2026/08/01 13:24:25","受注取込","7997141","7997141X11Y11","特大 スイカ ドーナツ 浮き輪 浮輪 送料無料 プール 大人用 子供用 NEK 7997141 ★REV 120cm 90cm 80cm 70cm 60cm サイズ 大きい 大きめ うきわ ウキワ すいか 海 海水浴 ビックフロート 水上 レジャー かわいい フローティングベッド 西瓜 子供用浮き輪 大人 子供 こども","120cm","スイカ","X11","Y11",,"0","1022","1021","-1",
"2026/08/01 13:28:18","WEB画面","7986891","7986891X11Y12","【穴なしで調整自由】ベルト レディース リングベルト 穴なし NEK ★REV 7986891 おしゃれ レザー アクセサリー 送料無料","ONESIZE","ブラック","X11","Y12",,"0","15","8","-7","大木 望"
"2026/08/01 13:32:18","受注取込","7988088","7988088X14Y11","安全靴 スニーカー エアウォーク AIR WALK Y_YU AW-920 グリーン フレックスフィット ローカット メンズ セーフティシューズ 樹脂先芯 軽量 衝撃吸収 負担軽減 作業靴 オシャレ  かかとが踏める ムレにくい","26.5cm ","グリーン","X14","Y11",,"0","157","156","-1",
"2026/08/01 13:36:31","受注取込","7994812","7994812X11Y33","サファリハット メンズ 釣り 帽子 ハット レディース SUNS(サンズ)  撥水 アウトドア 登山 キャンプ バーベキュー NEK ★REV H-051 H-053 送料無料 大きいサイズあり キッズサイズ 子供 UVカット アドベンチャーハット 父の日 プレゼント ユニセックス 春 夏 夏フェス ギフト","普通サイズ","GREIGE(H-051)","X11","Y33",,"0","118","117","-1",
"2026/08/01 13:36:31","受注取込","7994812","7994812X12Y16","サファリハット メンズ 釣り 帽子 ハット レディース SUNS(サンズ)  撥水 アウトドア 登山 キャンプ バーベキュー NEK ★REV H-051 H-053 送料無料 大きいサイズあり キッズサイズ 子供 UVカット アドベンチャーハット 父の日 プレゼント ユニセックス 春 夏 夏フェス ギフト","大きいサイズ","GRAY(H_051)","X12","Y16",,"0","99","98","-1",
"2026/08/01 13:41:41","WEB画面","7986989","7986989X11Y21","【本革/特価/16色展開】本革 ショルダーバッグ ポーチ レディース ミニショルダーバッグ NEK ★REV 7986989 斜めがけ お財布 ショルダー お財布バッグ 送料無料","ONESIZE","ターコイズ","X11","Y21",,"0","30","25","-5","大木 望"
"2026/08/01 13:41:41","WEB画面","7986989","7986989X11Y25","【本革/特価/16色展開】本革 ショルダーバッグ ポーチ レディース ミニショルダーバッグ NEK ★REV 7986989 斜めがけ お財布 ショルダー お財布バッグ 送料無料","ONESIZE","ホワイト","X11","Y25",,"0","15","13","-2","大木 望"
"2026/08/01 13:41:41","WEB画面","7986989","7986989X11Y26","【本革/特価/16色展開】本革 ショルダーバッグ ポーチ レディース ミニショルダーバッグ NEK ★REV 7986989 斜めがけ お財布 ショルダー お財布バッグ 送料無料","ONESIZE","ゴールド","X11","Y26",,"0","28","23","-5","大木 望"
"2026/08/01 13:42:25","受注取込","7987400","7987400X12Y15","【とにかくデカい！/普通サイズあり！】キャップ メンズ 大きいサイズ 帽子 深め ビッグサイズ ★REVM 7987400 BIG SIZE メンズキャップ帽子 大きめ 大きい帽子 メンズ帽子 レディース 春 夏 春夏 プレゼント ギフト 母の日 父の日 送料無料","普通サイズ","E-ベージュ","X12","Y15",,"0","7","6","-1",
"2026/08/01 13:45:00","WEB画面","7988640","7988640X11Y14","【本革製でこの価格！大容量】本革 牛革 トートバッグ レディース メンズ トート バッグ 手提げバッグ ビジネス 通勤 送料無料 速攻配達 ★REV 7988640 プレゼント ギフト","ONESIZE","レッド","X11","Y14",,"0","5","3","-2","大木 望"
"2026/08/01 13:45:30","受注取込","7995525","7995525X1Y14","AVIREX 限定モデル キャップ 帽子 父の日 贈り物 プレゼント メンズ ★REV ブラックシリーズ 黒 アビレックス アヴィレックス メッシュキャップ ハンチング ローキャップ バケット ハット ワークキャップ レディース かっこいい yos プレゼント ギフト","ONESIZE","【N】サファリハット_17158300","X1","Y14",,"0","135","134","-1",
"2026/08/01 13:45:30","受注取込","7994226","7994226X11Y13","【大きいサイズもあり 限定モデル】AVIREX メッシュキャップ メンズ 帽子 メンズ キャップ メンズ 14023200 14670200 レディース ★REV 父の日 贈り物 プレゼント ブランド アビレックス 送料無料 正規品 ブラック 黒 ネイビー 紺 グレー 灰 yos プレゼント ギフト","普通サイズ_14023200","85_グレー","X11","Y13",,"0","18","17","-1",
"2026/08/01 13:45:51","WEB画面","7988640","7988640X11Y15","【本革製でこの価格！大容量】本革 牛革 トートバッグ レディース メンズ トート バッグ 手提げバッグ ビジネス 通勤 送料無料 速攻配達 ★REV 7988640 プレゼント ギフト","ONESIZE","ブラック","X11","Y15",,"0","12","10","-2","大木 望"
"2026/08/01 13:46:55","受注取込","7997141","7997141X12Y12","特大 スイカ ドーナツ 浮き輪 浮輪 送料無料 プール 大人用 子供用 NEK 7997141 ★REV 120cm 90cm 80cm 70cm 60cm サイズ 大きい 大きめ うきわ ウキワ すいか 海 海水浴 ビックフロート 水上 レジャー かわいい フローティングベッド 西瓜 子供用浮き輪 大人 子供 こども","90cm","ドーナツイチゴ","X12","Y12",,"0","40","39","-1",
"2026/08/01 13:47:32","受注取込","7987076","7987076X11Y14","【超軽量55g】特価 キャップ 帽子 メッシュキャップ ランニングキャップ NEK ★REV 7987076 メンズ レディース 速乾 軽量 ジョギング アウトドア キャンプ スポーツ 釣り 海 プール","アジャスタータイプ","ライトグレー","X11","Y14",,"0","15","14","-1",
"2026/08/01 13:47:55","受注取込","7987481","7987481X11Y11","【お得な2個セット】犬 ナスカン キーホルダー キーフック キーケース NEK ★REV 7987481 カラナビ プレゼント ギフト アクセサリー 送料無料","ONESIZE","2個セット","X11","Y11",,"0","16","15","-1",
"2026/08/01 13:48:18","受注取込","7997141","7997141X11Y12","特大 スイカ ドーナツ 浮き輪 浮輪 送料無料 プール 大人用 子供用 NEK 7997141 ★REV 120cm 90cm 80cm 70cm 60cm サイズ 大きい 大きめ うきわ ウキワ すいか 海 海水浴 ビックフロート 水上 レジャー かわいい フローティングベッド 西瓜 子供用浮き輪 大人 子供 こども","120cm","ドーナツイチゴ","X11","Y12",,"0","29","28","-1",
"2026/08/01 13:48:18","受注取込","7990254","7990254X11Y12","【送料無料 速攻配達】AVIREX ニットキャップ ニット帽 帽子 メンズ レディース スウェットキャップ  NEK ★REV 14649300 ルーズ キャップ ブランド アビレックス リバーシブル AX REVERSIBLE SWEAT CAP 送料無料 プレゼント ギフト","ONESIZE","ブラック(80)","X11","Y12",,"0","341","340","-1",
"2026/08/01 13:48:18","受注取込","7990254","7990254X11Y13","【送料無料 速攻配達】AVIREX ニットキャップ ニット帽 帽子 メンズ レディース スウェットキャップ  NEK ★REV 14649300 ルーズ キャップ ブランド アビレックス リバーシブル AX REVERSIBLE SWEAT CAP 送料無料 プレゼント ギフト","ONESIZE","グレー(85)","X11","Y13",,"0","268","267","-1",
"2026/08/01 13:51:01","受注取込","7986572","7986572X11Y12","【新型/IQOS イルマ i ワン用】アイコス イルマiワン ILUMA ケース 保護ケース NEK ★REVL 7986572 iqosイルマワン イルマワンカバー 耐衝撃 おしゃれ iqos iluma one 専用 IQOSイルマワン保護ケース レザー ヒョウ柄 ペイズリー 保護カバー アイコスケース アクセサリー 送料無料","イルマiワン","56","X11","Y12",,"0","17","15","-2",
"2026/08/01 13:54:55","受注取込","7987554","7987554X11Y15","【速攻配達！電池付き！大音量で撃退】防犯ブザー 防犯アラーム 防犯ベル 防犯グッズ 大音量 生活防水 NEK ★REVF 7987554 ランドセル 子ども 男の子 女の子 大人 女性 小学生 中学生 卒園 入学 LEDライト付 キャンプ 登山 アウトドア プレゼント ギフト 送料無料","ONESIZE","ブルー","X11","Y15",,"0","40","39","-1",
"2026/08/01 13:54:55","受注取込","7987554","7987554X11Y14","【速攻配達！電池付き！大音量で撃退】防犯ブザー 防犯アラーム 防犯ベル 防犯グッズ 大音量 生活防水 NEK ★REVF 7987554 ランドセル 子ども 男の子 女の子 大人 女性 小学生 中学生 卒園 入学 LEDライト付 キャンプ 登山 アウトドア プレゼント ギフト 送料無料","ONESIZE","シルバー","X11","Y14",,"0","69","68","-1",
"2026/08/01 13:55:14","WEB画面","7988044","7988044X11Y13","ショルダーバッグ メンズ ワンショルダー 斜め掛け ★REV 7988044 おしゃれバッグ Vintage 斜めがけ メンズボディバック かっこいい ボディバッグ レザー ワンショルダーバッグ カバン 鞄 かばん レザー調 メンズバッグ 斜めがけ メンズショルダーバック 散歩 送料無料","ONESIZE","C_ブラウン","X11","Y13",,"0","36","35","-1","大木 望"
"2026/08/01 13:55:14","WEB画面","7988044","7988044X11Y14","ショルダーバッグ メンズ ワンショルダー 斜め掛け ★REV 7988044 おしゃれバッグ Vintage 斜めがけ メンズボディバック かっこいい ボディバッグ レザー ワンショルダーバッグ カバン 鞄 かばん レザー調 メンズバッグ 斜めがけ メンズショルダーバック 散歩 送料無料","ONESIZE","D_ブラック","X11","Y14",,"0","30","28","-2","大木 望"
"2026/08/01 13:55:14","WEB画面","7988044","7988044X11Y15","ショルダーバッグ メンズ ワンショルダー 斜め掛け ★REV 7988044 おしゃれバッグ Vintage 斜めがけ メンズボディバック かっこいい ボディバッグ レザー ワンショルダーバッグ カバン 鞄 かばん レザー調 メンズバッグ 斜めがけ メンズショルダーバック 散歩 送料無料","ONESIZE","E_ブラウン","X11","Y15",,"0","25","23","-2","大木 望"
"2026/08/01 13:55:14","WEB画面","7988044","7988044X11Y16","ショルダーバッグ メンズ ワンショルダー 斜め掛け ★REV 7988044 おしゃれバッグ Vintage 斜めがけ メンズボディバック かっこいい ボディバッグ レザー ワンショルダーバッグ カバン 鞄 かばん レザー調 メンズバッグ 斜めがけ メンズショルダーバック 散歩 送料無料","ONESIZE","F_ダークブラウン","X11","Y16",,"0","21","20","-1","大木 望"
"2026/08/01 13:55:14","WEB画面","7988044","7988044X11Y17","ショルダーバッグ メンズ ワンショルダー 斜め掛け ★REV 7988044 おしゃれバッグ Vintage 斜めがけ メンズボディバック かっこいい ボディバッグ レザー ワンショルダーバッグ カバン 鞄 かばん レザー調 メンズバッグ 斜めがけ メンズショルダーバック 散歩 送料無料","ONESIZE","G_ブラック","X11","Y17",,"0","28","27","-1","大木 望"
"2026/08/01 13:55:14","WEB画面","7988044","7988044X11Y18","ショルダーバッグ メンズ ワンショルダー 斜め掛け ★REV 7988044 おしゃれバッグ Vintage 斜めがけ メンズボディバック かっこいい ボディバッグ レザー ワンショルダーバッグ カバン 鞄 かばん レザー調 メンズバッグ 斜めがけ メンズショルダーバック 散歩 送料無料","ONESIZE","H_ダークブラウン","X11","Y18",,"0","27","26","-1","大木 望"
"2026/08/01 13:55:14","WEB画面","7988044","7988044X11Y19","ショルダーバッグ メンズ ワンショルダー 斜め掛け ★REV 7988044 おしゃれバッグ Vintage 斜めがけ メンズボディバック かっこいい ボディバッグ レザー ワンショルダーバッグ カバン 鞄 かばん レザー調 メンズバッグ 斜めがけ メンズショルダーバック 散歩 送料無料","ONESIZE","I_ブラウン","X11","Y19",,"0","20","18","-2","大木 望"
"2026/08/01 13:55:14","WEB画面","7988044","7988044X11Y20","ショルダーバッグ メンズ ワンショルダー 斜め掛け ★REV 7988044 おしゃれバッグ Vintage 斜めがけ メンズボディバック かっこいい ボディバッグ レザー ワンショルダーバッグ カバン 鞄 かばん レザー調 メンズバッグ 斜めがけ メンズショルダーバック 散歩 送料無料","ONESIZE","J_ブラック","X11","Y20",,"0","20","18","-2","大木 望"
"2026/08/01 13:55:14","WEB画面","7988044","7988044X11Y22","ショルダーバッグ メンズ ワンショルダー 斜め掛け ★REV 7988044 おしゃれバッグ Vintage 斜めがけ メンズボディバック かっこいい ボディバッグ レザー ワンショルダーバッグ カバン 鞄 かばん レザー調 メンズバッグ 斜めがけ メンズショルダーバック 散歩 送料無料","ONESIZE","L_キャメル","X11","Y22",,"0","16","14","-2","大木 望"
"2026/08/01 13:56:25","受注取込","7987400","7987400X11Y18","【とにかくデカい！/普通サイズあり！】キャップ メンズ 大きいサイズ 帽子 深め ビッグサイズ ★REVM 7987400 BIG SIZE メンズキャップ帽子 大きめ 大きい帽子 メンズ帽子 レディース 春 夏 春夏 プレゼント ギフト 母の日 父の日 送料無料","大きいサイズ","H-オリーブ","X11","Y18",,"0","18","17","-1",
"2026/08/01 13:57:01","受注取込","7994812","7994812X12Y11","サファリハット メンズ 釣り 帽子 ハット レディース SUNS(サンズ)  撥水 アウトドア 登山 キャンプ バーベキュー NEK ★REV H-051 H-053 送料無料 大きいサイズあり キッズサイズ 子供 UVカット アドベンチャーハット 父の日 プレゼント ユニセックス 春 夏 夏フェス ギフト","大きいサイズ","BK/BLACK(H_051)","X12","Y11",,"0","448","447","-1",
"2026/08/01 13:58:46","受注取込","7987642","7987642X11Y13","【送料無料】ミニ財布 メンズ 本革 レディース 二つ折り 財布 カードケース LTG カード入れ 多い NEK ★REV 7987642 折りたたみ コンパクト 小さい財布 小銭入れ コインスルー お札が折れない スキミング防止 ファスナー コインケース ミニマリスト ラウンドジッパー","ONESIZE","オレンジ","X11","Y13",,"0","18","17","-1",
"2026/08/01 13:59:02","WEB画面","7992099","7992099X11Y13","アンクレット メンズ レディース 手作り 送料無料 つけっぱなし お守り アンク アクセサリー シルバー ターコイズ NEK ALI ★REV 7992099 190813 プレゼント ギフト","ONESIZE","フクロウ","X11","Y13",,"0","15","13","-2","植野"
"2026/08/01 13:59:02","WEB画面","7992099","7992099X11Y15","アンクレット メンズ レディース 手作り 送料無料 つけっぱなし お守り アンク アクセサリー シルバー ターコイズ NEK ALI ★REV 7992099 190813 プレゼント ギフト","ONESIZE","ハート","X11","Y15",,"0","20","18","-2","植野"
"2026/08/01 13:59:02","WEB画面","7992099","7992099X11Y17","アンクレット メンズ レディース 手作り 送料無料 つけっぱなし お守り アンク アクセサリー シルバー ターコイズ NEK ALI ★REV 7992099 190813 プレゼント ギフト","ONESIZE","波","X11","Y17",,"0","35","33","-2","植野"
"2026/08/01 13:59:02","WEB画面","7992099","7992099X11Y19","アンクレット メンズ レディース 手作り 送料無料 つけっぱなし お守り アンク アクセサリー シルバー ターコイズ NEK ALI ★REV 7992099 190813 プレゼント ギフト","ONESIZE","カメ/ヒトデ","X11","Y19",,"0","22","20","-2","植野"
"2026/08/01 13:59:25","受注取込","7986751","7986751X12Y11","【グリップ力効果/洗濯可能】トレーニンググローブ 手袋 筋トレ 筋トレグローブ NEK ★REV 7986751 レディース メンズ ジム手袋 指無し ウェイトリフティング 防滑 クッション性 伸びる 洗濯OK バーベル サイクリング ヨガ グリップ 衝撃吸収 通気性 送料無料","M","ピンク","X12","Y11",,"0","16","15","-1",
"2026/08/01 13:59:36","WEB画面","7986705","7986705X11Y12","【美シルエット/こなれ感UP】ハンチング キャスケット キャスハンチング 帽子 メンズ  レディース NEK ★REVL 7986705 デニム素材 コットン100％ おしゃれ ピンストライプ 送料無料","ONESIZE","ブラックデニム","X11","Y12",,"0","13","10","-3","大木 望"
"2026/08/01 13:59:46","受注取込","7994812","7994812X12Y33","サファリハット メンズ 釣り 帽子 ハット レディース SUNS(サンズ)  撥水 アウトドア 登山 キャンプ バーベキュー NEK ★REV H-051 H-053 送料無料 大きいサイズあり キッズサイズ 子供 UVカット アドベンチャーハット 父の日 プレゼント ユニセックス 春 夏 夏フェス ギフト","大きいサイズ","GREIGE(H-051)","X12","Y33",,"0","46","45","-1",
"2026/08/01 14:00:55","受注取込","7992723","7992723X12Y11","お得！ 送料無料 4枚入り 福袋 Dickies ディッキーズ ボクサーパンツ メンズ かわいい NEK ★REV <br> パンツ ボクサーパンツ セット メンズ下着 メンズボクサーパンツ メンズボクサー 大きいサイズ 大きめ 特大 3L 下着 インナー メンズ usa まとめ買い プレゼント ギフト","L","福袋4枚セット","X12","Y11",,"0","286","285","-1",
"2026/08/01 14:01:13","WEB画面","7986988","7986988X11Y11","【おしゃれ】バケットハット 帽子 メンズ レディース デニム パッチワーク NEK ★REV 7986988 Vintage ジーンズ 送料無料","ONESIZE","A","X11","Y11",,"0","4","0","-4","大木 望"
"2026/08/01 14:01:13","WEB画面","7986988","7986988X11Y12","【おしゃれ】バケットハット 帽子 メンズ レディース デニム パッチワーク NEK ★REV 7986988 Vintage ジーンズ 送料無料","ONESIZE","B","X11","Y12",,"0","14","12","-2","大木 望"
"2026/08/01 14:01:55","受注取込","7987794","7987794X11Y15","【大きいサイズもあり】キャスハンチング キャップ メンズ レディース CULTURE MART NEK 101294 ★REV 7987794 ハンチング帽子 ハンチング帽 秋冬 帽子 ハンチング キャスケット メンズ帽子 レディース帽子秋冬 秋冬帽子 メンズハンチング おしゃれ カルチャーマート","普通サイズ","デニム×ヒッコリー(5)","X11","Y15",,"0","48","47","-1",
"2026/08/01 14:02:46","WEB画面","7986604","7986604X11Y12","【スマイル刺繍】 SMILE キャップ 帽子 メンズ レディース ユニセックス コットン 刺繍 ★REVL 7986604 送料無料","ONESIZE","チャコール","X11","Y12",,"0","9","6","-3","大木 望"
"2026/08/01 14:02:46","WEB画面","7986604","7986604X11Y13","【スマイル刺繍】 SMILE キャップ 帽子 メンズ レディース ユニセックス コットン 刺繍 ★REVL 7986604 送料無料","ONESIZE","ブラウン","X11","Y13",,"0","14","12","-2","大木 望"
"2026/08/01 14:02:46","WEB画面","7986604","7986604X11Y14","【スマイル刺繍】 SMILE キャップ 帽子 メンズ レディース ユニセックス コットン 刺繍 ★REVL 7986604 送料無料","ONESIZE","ホワイト","X11","Y14",,"0","5","2","-3","大木 望"
"2026/08/01 14:05:29","WEB画面","7986593","7986593X11Y15","【ヒョウ柄】レディース メンズ 帽子 アニマル柄 キャスケット ヒョウ柄 レオパード ハンチング NEK ★REVO 7986593 ベレー帽 帽子 おしゃれ かわいい  送料無料","ONESIZE","E","X11","Y15",,"0","21","18","-3","大木 望"
"2026/08/01 14:07:09","WEB画面","7986720","7986720X11Y14","【ダメージ加工がCOOL】帽子 キャップ Vintage メンズ レディース くすみカラー ★REVL 7986720 こなれ感 深め しっかり素材 送料無料","ONESIZE","ベージュ","X11","Y14",,"0","20","16","-4","大木 望"
"2026/08/01 14:07:09","WEB画面","7986720","7986720X11Y16","【ダメージ加工がCOOL】帽子 キャップ Vintage メンズ レディース くすみカラー ★REVL 7986720 こなれ感 深め しっかり素材 送料無料","ONESIZE","ホワイト","X11","Y16",,"0","6","3","-3","大木 望"
"2026/08/01 14:07:09","WEB画面","7986720","7986720X11Y18","【ダメージ加工がCOOL】帽子 キャップ Vintage メンズ レディース くすみカラー ★REVL 7986720 こなれ感 深め しっかり素材 送料無料","ONESIZE","ライトブラウン","X11","Y18",,"0","21","18","-3","大木 望"
"2026/08/01 14:09:55","WEB画面","7986677","7986677X11Y21","【深め/美シルエット】Vintage ダメージ加工 メッシュキャップ キャップ 帽子 メンズ レディース ★REVL 7986677 野球帽 ウォッシュ加工 A-Frame Trucker アメカジ 無地 おしゃれ 送料無料","ONESIZE","ホワイト","X11","Y21",,"0","22","17","-5","大木 望"
"2026/08/01 14:11:23","WEB画面","7987002","7987002X11Y11","【Vintage感が超カッコいい 深め】帽子 キャップ メンズ レディース Vintage クラッシュ加工 ★REVL 7987002 デニム ジーンズ 送料無料","ONESIZE","チャコール","X11","Y11",,"0","18","15","-3","大木 望"
"2026/08/01 14:11:23","WEB画面","7987002","7987002X11Y15","【Vintage感が超カッコいい 深め】帽子 キャップ メンズ レディース Vintage クラッシュ加工 ★REVL 7987002 デニム ジーンズ 送料無料","ONESIZE","ブルー","X11","Y15",,"0","25","22","-3","大木 望"
"2026/08/01 14:17:32","WEB画面","7987345","7987345X11Y14","【とにかくデカい！】 大きいサイズ キャップ 送料無料 大きめ ビッグサイズ ★REV 7987345 BIG SIZE 帽子 ハット キャップ キャスケット メンズキャップ 大きいサイズ バケット 大きい帽子 メンズ メンズ帽子 大きい 頭 メッシュキャップ","AAA","4","X11","Y14",,"0","19","18","-1","立花"
"2026/08/01 14:21:53","WEB画面","7994812","7994812X12Y11","サファリハット メンズ 釣り 帽子 ハット レディース SUNS(サンズ)  撥水 アウトドア 登山 キャンプ バーベキュー NEK ★REV H-051 H-053 送料無料 大きいサイズあり キッズサイズ 子供 UVカット アドベンチャーハット 父の日 プレゼント ユニセックス 春 夏 夏フェス ギフト","大きいサイズ","BK/BLACK(H_051)","X12","Y11",,"0","447","448","1","立花"
"2026/08/01 14:21:53","WEB画面","7994812","7994812X13Y12","サファリハット メンズ 釣り 帽子 ハット レディース SUNS(サンズ)  撥水 アウトドア 登山 キャンプ バーベキュー NEK ★REV H-051 H-053 送料無料 大きいサイズあり キッズサイズ 子供 UVカット アドベンチャーハット 父の日 プレゼント ユニセックス 春 夏 夏フェス ギフト","キッズサイズ","BLACK(H_051)","X13","Y12",,"0","6","7","1","立花"
"2026/08/01 14:22:55","受注取込","7994812","7994812X12Y33","サファリハット メンズ 釣り 帽子 ハット レディース SUNS(サンズ)  撥水 アウトドア 登山 キャンプ バーベキュー NEK ★REV H-051 H-053 送料無料 大きいサイズあり キッズサイズ 子供 UVカット アドベンチャーハット 父の日 プレゼント ユニセックス 春 夏 夏フェス ギフト","大きいサイズ","GREIGE(H-051)","X12","Y33",,"0","45","44","-1",
"2026/08/01 14:30:55","受注取込","7988359","7988359X11Y11","キーケース メンズ レディース 本革 レザー スマートキー キーホルダー 鍵 キーチェーン 小銭入れ プレゼント ミニギフト 父の日 母の日 ★REV 7988359","ONESIZE","キャメル","X11","Y11",,"0","10","9","-1",
"2026/08/01 14:33:25","受注取込","7994812","7994812X11Y24","サファリハット メンズ 釣り 帽子 ハット レディース SUNS(サンズ)  撥水 アウトドア 登山 キャンプ バーベキュー NEK ★REV H-051 H-053 送料無料 大きいサイズあり キッズサイズ 子供 UVカット アドベンチャーハット 父の日 プレゼント ユニセックス 春 夏 夏フェス ギフト","普通サイズ","BEIGE(H_051)","X11","Y24",,"0","28","27","-1",
"2026/08/01 14:34:09","WEB画面","7987002","7987002X11Y11","【Vintage感が超カッコいい 深め】帽子 キャップ メンズ レディース Vintage クラッシュ加工 ★REVL 7987002 デニム ジーンズ 送料無料","ONESIZE","チャコール","X11","Y11",,"0","15","12","-3","大木 望"
"2026/08/01 14:34:09","WEB画面","7987002","7987002X11Y15","【Vintage感が超カッコいい 深め】帽子 キャップ メンズ レディース Vintage クラッシュ加工 ★REVL 7987002 デニム ジーンズ 送料無料","ONESIZE","ブルー","X11","Y15",,"0","22","19","-3","大木 望"
"2026/08/01 14:35:07","WEB画面","7987002","7987002X11Y11","【Vintage感が超カッコいい 深め】帽子 キャップ メンズ レディース Vintage クラッシュ加工 ★REVL 7987002 デニム ジーンズ 送料無料","ONESIZE","チャコール","X11","Y11",,"0","12","15","3","大木 望"
"2026/08/01 14:35:07","WEB画面","7987002","7987002X11Y15","【Vintage感が超カッコいい 深め】帽子 キャップ メンズ レディース Vintage クラッシュ加工 ★REVL 7987002 デニム ジーンズ 送料無料","ONESIZE","ブルー","X11","Y15",,"0","19","22","3","大木 望"
"2026/08/01 14:36:07","WEB画面","7986618","7986618X11Y11","【お得な2個入り】 LED電球 E26口金 40W形相当 6W 500LM 昼白色 RGB 16色 調光調色 ★REVL 7986618 カラフル マルチカラー リモコン付き 記憶機能 16色選択可 リモート 装飾照明電球 パーティー/リビングルーム/カフェー/舞台 2個入り 送料無料","2個セット","ホワイト","X11","Y11",,"0","4","3","-1","大木 望"
"2026/08/01 14:39:01","受注取込","7987345","7987345X19Y12","【とにかくデカい！】 大きいサイズ キャップ 送料無料 大きめ ビッグサイズ ★REV 7987345 BIG SIZE 帽子 ハット キャップ キャスケット メンズキャップ 大きいサイズ バケット 大きい帽子 メンズ メンズ帽子 大きい 頭 メッシュキャップ","III","2","X19","Y12",,"0","13","12","-1",
"2026/08/01 14:43:47","受注取込","7992099","7992099X11Y20","アンクレット メンズ レディース 手作り 送料無料 つけっぱなし お守り アンク アクセサリー シルバー ターコイズ NEK ALI ★REV 7992099 190813 プレゼント ギフト","ONESIZE","クジラ","X11","Y20",,"0","10","9","-1",
"2026/08/01 14:43:55","受注取込","7997141","7997141X13Y13","特大 スイカ ドーナツ 浮き輪 浮輪 送料無料 プール 大人用 子供用 NEK 7997141 ★REV 120cm 90cm 80cm 70cm 60cm サイズ 大きい 大きめ うきわ ウキワ すいか 海 海水浴 ビックフロート 水上 レジャー かわいい フローティングベッド 西瓜 子供用浮き輪 大人 子供 こども","80cm","ドーナツチョコ","X13","Y13",,"0","10","9","-1",
"2026/08/01 14:43:55","受注取込","7994812","7994812X11Y12","サファリハット メンズ 釣り 帽子 ハット レディース SUNS(サンズ)  撥水 アウトドア 登山 キャンプ バーベキュー NEK ★REV H-051 H-053 送料無料 大きいサイズあり キッズサイズ 子供 UVカット アドベンチャーハット 父の日 プレゼント ユニセックス 春 夏 夏フェス ギフト","普通サイズ","BLACK(H_051)","X11","Y12",,"0","37","36","-1",
"2026/08/01 14:48:18","受注取込","7986662","7986662X11Y11","【溶岩石とオニキスの力】パワーストーン ブレスレット メンズ レディース バングル NEK ★REVL 7986662 スピリチュアル 天然石 エネルギーアクセサリー プレゼント ギフト 送料無料","ONESIZE","ブラック","X11","Y11",,"0","5","4","-1",
"2026/08/01 14:48:18","受注取込","7986546","7986546X11Y11","【超かわいい】メガネ リング 指輪 レディース 韓国 おもしろ 個性的 フリーサイズ NEK ★REVO 7986546 華奢 ユニーク モチーフリング おしゃれ アクセサリー","ONESIZE","シルバー","X11","Y11",,"0","32","31","-1",
"2026/08/01 14:52:25","受注取込","7994812","7994812X12Y11","サファリハット メンズ 釣り 帽子 ハット レディース SUNS(サンズ)  撥水 アウトドア 登山 キャンプ バーベキュー NEK ★REV H-051 H-053 送料無料 大きいサイズあり キッズサイズ 子供 UVカット アドベンチャーハット 父の日 プレゼント ユニセックス 春 夏 夏フェス ギフト","大きいサイズ","BK/BLACK(H_051)","X12","Y11",,"0","448","447","-1",
"2026/08/01 14:54:00","受注取込","7987076","7987076X11Y11","【超軽量55g】特価 キャップ 帽子 メッシュキャップ ランニングキャップ NEK ★REV 7987076 メンズ レディース 速乾 軽量 ジョギング アウトドア キャンプ スポーツ 釣り 海 プール","アジャスタータイプ","ブラック","X11","Y11",,"0","64","63","-1",
"2026/08/01 14:54:00","受注取込","7986572","7986572X11Y47","【新型/IQOS イルマ i ワン用】アイコス イルマiワン ILUMA ケース 保護ケース NEK ★REVL 7986572 iqosイルマワン イルマワンカバー 耐衝撃 おしゃれ iqos iluma one 専用 IQOSイルマワン保護ケース レザー ヒョウ柄 ペイズリー 保護カバー アイコスケース アクセサリー 送料無料","イルマiワン","91","X11","Y47",,"0","23","22","-1",
"2026/08/01 14:56:49","受注取込","7986747","7986747X12Y11","【日焼けシェード付き】サファリハット シェード メンズ 釣り 帽子 ハット レディース SUNS(サンズ) 撥水 アウトドア 登山 キャンプ バーベキュー NEK ★REVL H-051 送料無料 大きいサイズあり キッズサイズ 子供 UVカット アドベンチャーハット 父の日 プレゼント ユニセックス 春 夏 夏フェス ギフト","大きいサイズ","SHADE_BK/BLACK(H_051)","X12","Y11",,"0","126","125","-1",
"2026/08/01 15:01:55","受注取込","7997141","7997141X11Y12","特大 スイカ ドーナツ 浮き輪 浮輪 送料無料 プール 大人用 子供用 NEK 7997141 ★REV 120cm 90cm 80cm 70cm 60cm サイズ 大きい 大きめ うきわ ウキワ すいか 海 海水浴 ビックフロート 水上 レジャー かわいい フローティングベッド 西瓜 子供用浮き輪 大人 子供 こども","120cm","ドーナツイチゴ","X11","Y12",,"0","28","27","-1",
"2026/08/01 15:05:31","受注取込","8003102","8003102X14Y13","やみつきになる！ ストレッチ AVIREX アビレックス Tシャツ メンズ ★REV NEK 6143501 6143502 Vネック クルーネック 半袖 プレゼント ギフト","Vネック_チャコール_019","Lサイズ","X14","Y13",,"0","3","2","-1",
"2026/08/01 15:07:25","受注取込","7997141","7997141X12Y11","特大 スイカ ドーナツ 浮き輪 浮輪 送料無料 プール 大人用 子供用 NEK 7997141 ★REV 120cm 90cm 80cm 70cm 60cm サイズ 大きい 大きめ うきわ ウキワ すいか 海 海水浴 ビックフロート 水上 レジャー かわいい フローティングベッド 西瓜 子供用浮き輪 大人 子供 こども","90cm","スイカ","X12","Y11",,"0","64","63","-1",
"2026/08/01 15:07:25","受注取込","7986710","7986710X11Y12","【春夏秋冬対応/くすみカラー】トートバッグ クロシェバッグ エコバッグ レディース NEK ★REVO 7986710 メッシュ クロシェ編み ナチュラル ニット A4 軽量 かぎ編み おしゃれ 大容量 リゾート 通勤 通学 学生 送料無料","ONESIZE","ライトブラウン","X11","Y12",,"0","36","35","-1",
"2026/08/01 15:08:25","受注取込","7987354","7987354X11Y12","USAブランド 靴下 ソックス NEK ★REV 7987354 メンズ レディース FRUIT OF THE LOOM フルーツオブザルーム プレゼント ギフト 送料無料","メンズ","スニーカー【短】","X11","Y12",,"0","4","3","-1",
"2026/08/01 15:08:31","受注取込","7987697","7987697X11Y11","【速攻配達】冷やスマPRO 盛夏用 スマホ熱中症対策 冷却 クーラー ★REV NEK スマートフォン専用常温保冷剤 熱暴走 結露なし スマホ 冷感 冷却 HIYASUMA","ONESIZE","ホワイト","X11","Y11",,"0","728","727","-1",
"2026/08/01 15:19:27","受注取込","7994812","7994812X11Y11","サファリハット メンズ 釣り 帽子 ハット レディース SUNS(サンズ)  撥水 アウトドア 登山 キャンプ バーベキュー NEK ★REV H-051 H-053 送料無料 大きいサイズあり キッズサイズ 子供 UVカット アドベンチャーハット 父の日 プレゼント ユニセックス 春 夏 夏フェス ギフト","普通サイズ","BK/BLACK(H_051)","X11","Y11",,"0","41","40","-1",
"2026/08/01 15:25:25","受注取込","7994812","7994812X12Y22","サファリハット メンズ 釣り 帽子 ハット レディース SUNS(サンズ)  撥水 アウトドア 登山 キャンプ バーベキュー NEK ★REV H-051 H-053 送料無料 大きいサイズあり キッズサイズ 子供 UVカット アドベンチャーハット 父の日 プレゼント ユニセックス 春 夏 夏フェス ギフト","大きいサイズ","BROWN/BEIGE(H_051)","X12","Y22",,"0","16","15","-1",
"2026/08/01 15:27:13","WEB画面","7994812","7994812X11Y12","サファリハット メンズ 釣り 帽子 ハット レディース SUNS(サンズ)  撥水 アウトドア 登山 キャンプ バーベキュー NEK ★REV H-051 H-053 送料無料 大きいサイズあり キッズサイズ 子供 UVカット アドベンチャーハット 父の日 プレゼント ユニセックス 春 夏 夏フェス ギフト","普通サイズ","BLACK(H_051)","X11","Y12",,"0","36","33","-3","村垣 文香"
"2026/08/01 15:28:25","受注取込","7988215","7988215X17Y13","【とにかくデカい！】 大きいサイズ キャップ メッシュキャップ 送料無料 大きめ ビッグサイズ BIG SIZE ★REV 7988215 <br> 帽子 ハット キャップ ワークキャップ メンズキャップ 大きいサイズ バケット 大きい帽子 メンズ バケハ メンズ帽子 大きい 頭 メッシュ 全39カラー","GG","3","X17","Y13",,"0","28","27","-1",
"2026/08/01 15:28:36","在庫CSV取込","7992054","7992054X11Y12","【シンプル/おしゃれ】16mm パワーストーン ネックレス メンズ レディース 瑪瑙 オブシディアン タイガーアイ NEK ★REV 7992054 黒曜石 茶水晶 虎目石 金運 財運 仕事運 恋愛 結婚 家庭円満 癒し 幸運 成功運 勝負運 家族運 厄除祈願 天然石 お守り プレゼント 送料無料","ONESIZE","【B】タイガーアイズ","X11","Y12",,"0","39","34","-5","植野"
"2026/08/01 15:28:36","在庫CSV取込","7992054","7992054X11Y17","【シンプル/おしゃれ】16mm パワーストーン ネックレス メンズ レディース 瑪瑙 オブシディアン タイガーアイ NEK ★REV 7992054 黒曜石 茶水晶 虎目石 金運 財運 仕事運 恋愛 結婚 家庭円満 癒し 幸運 成功運 勝負運 家族運 厄除祈願 天然石 お守り プレゼント 送料無料","ONESIZE","【G】レッドタイガーアイ","X11","Y17",,"0","20","15","-5","植野"
"2026/08/01 15:28:36","在庫CSV取込","7986623","7986623X11Y12","【真鍮で愉しむ経年変化】真鍮 ウォレットチェーン フック付き 回転フック 財布チェーン NEK ★REVL 7986623 ナスフック キーリング キーケース キーホルダー メンズ レディース リング アクセサリー おしゃれ プレゼント ギフト 送料無料","ONESIZE","B","X11","Y12",,"0","10","7","-3","植野"
"2026/08/01 15:28:36","在庫CSV取込","FBA-7987400","FBA-7987400X11Y22","【FBA専用】帽子 7987400","ONESIZE","L-ホワイト","X11","Y22",,"0","0","-3","-3","植野"
"2026/08/01 15:28:36","在庫CSV取込","FBA-7987400","FBA-7987400X11Y26","【FBA専用】帽子 7987400","ONESIZE","P-ブラック","X11","Y26",,"0","30","25","-5","植野"
"2026/08/01 15:28:36","在庫CSV取込","7994812","7994812X11Y15","サファリハット メンズ 釣り 帽子 ハット レディース SUNS(サンズ)  撥水 アウトドア 登山 キャンプ バーベキュー NEK ★REV H-051 H-053 送料無料 大きいサイズあり キッズサイズ 子供 UVカット アドベンチャーハット 父の日 プレゼント ユニセックス 春 夏 夏フェス ギフト","普通サイズ","WINE(H_051)","X11","Y15",,"0","21","19","-2","植野"
"2026/08/01 15:28:36","在庫CSV取込","7994812","7994812X11Y16","サファリハット メンズ 釣り 帽子 ハット レディース SUNS(サンズ)  撥水 アウトドア 登山 キャンプ バーベキュー NEK ★REV H-051 H-053 送料無料 大きいサイズあり キッズサイズ 子供 UVカット アドベンチャーハット 父の日 プレゼント ユニセックス 春 夏 夏フェス ギフト","普通サイズ","GRAY(H_051)","X11","Y16",,"0","35","30","-5","植野"
"2026/08/01 15:28:36","在庫CSV取込","7994812","7994812X11Y20","サファリハット メンズ 釣り 帽子 ハット レディース SUNS(サンズ)  撥水 アウトドア 登山 キャンプ バーベキュー NEK ★REV H-051 H-053 送料無料 大きいサイズあり キッズサイズ 子供 UVカット アドベンチャーハット 父の日 プレゼント ユニセックス 春 夏 夏フェス ギフト","普通サイズ","PURPLE(H_051)","X11","Y20",,"0","14","9","-5","植野"
"2026/08/01 15:28:36","在庫CSV取込","7992540","7992540X11Y18","AVIREX ワークキャップ メンズ 大きいサイズ 大きめ キャップ ブランド 帽子 アメカジ アビレックス 春 夏 秋 冬 綿100％ ★REV 18490000 14787700 80264100 7992540 ネイビー/ベージュ/ブラック/カーキ プレゼント ギフト","ONESIZE","【H】GRAY_スウェット","X11","Y18",,"0","10","7","-3","植野"
"2026/08/01 15:28:36","在庫CSV取込","7997141","7997141X15Y11","特大 スイカ ドーナツ 浮き輪 浮輪 送料無料 プール 大人用 子供用 NEK 7997141 ★REV 120cm 90cm 80cm 70cm 60cm サイズ 大きい 大きめ うきわ ウキワ すいか 海 海水浴 ビックフロート 水上 レジャー かわいい フローティングベッド 西瓜 子供用浮き輪 大人 子供 こども","60cm","スイカ","X15","Y11",,"0","93","90","-3","植野"
"2026/08/01 15:28:36","在庫CSV取込","7997141","7997141X15Y13","特大 スイカ ドーナツ 浮き輪 浮輪 送料無料 プール 大人用 子供用 NEK 7997141 ★REV 120cm 90cm 80cm 70cm 60cm サイズ 大きい 大きめ うきわ ウキワ すいか 海 海水浴 ビックフロート 水上 レジャー かわいい フローティングベッド 西瓜 子供用浮き輪 大人 子供 こども","60cm","ドーナツチョコ","X15","Y13",,"0","49","46","-3","植野"
"2026/08/01 15:28:36","在庫CSV取込","7987642","7987642X11Y16","【送料無料】ミニ財布 メンズ 本革 レディース 二つ折り 財布 カードケース LTG カード入れ 多い NEK ★REV 7987642 折りたたみ コンパクト 小さい財布 小銭入れ コインスルー お札が折れない スキミング防止 ファスナー コインケース ミニマリスト ラウンドジッパー","ONESIZE","グリーン","X11","Y16",,"0","17","16","-1","植野"
"2026/08/01 15:28:36","在庫CSV取込","7987642","7987642X11Y19","【送料無料】ミニ財布 メンズ 本革 レディース 二つ折り 財布 カードケース LTG カード入れ 多い NEK ★REV 7987642 折りたたみ コンパクト 小さい財布 小銭入れ コインスルー お札が折れない スキミング防止 ファスナー コインケース ミニマリスト ラウンドジッパー","ONESIZE","モーヴピンク","X11","Y19",,"0","27","26","-1","植野"
"2026/08/01 15:28:36","在庫CSV取込","7986780","7986780X11Y16","【首元に、高見えデザイン】ネックレス ゴールド レディース シルバー べダル 上品 NEK ★REV 7986780 ラグジュアリー 重ねづけラウンドレターペンダント スネークチェーン ジュエリー","ONESIZE","F","X11","Y16",,"0","17","14","-3","植野"
"2026/08/01 15:28:36","在庫CSV取込","7986696","7986696X11Y12","ショルダーバッグ バナナショルダー バッグ レディース メンズ 斜めがけ NEK ★REVL 7986696 おしゃれ シンプル 無地 撥水 軽量 送料無料","ONESIZE","ブラック","X11","Y12",,"0","30","25","-5","植野"
"2026/08/01 15:28:36","在庫CSV取込","7986821","7986821X11Y16","巾着バッグ ドローストリングバッグ ショルダーバッグ ★REV 7986821 バケットバッグ 2way 肩掛け 手提げ ショルダー 軽量 ナイロン レディース メンズ 送料無料","ONESIZE","グレー","X11","Y16",,"0","40","37","-3","植野"
"2026/08/01 15:28:36","在庫CSV取込","7987062","7987062X11Y17","【直射日光をはね返す】コカゲル サファリハット 洗濯機洗いOK 体感マイナス10℃ アドベンチャー NEK CC2R501 ★REV 7987062 ブッシュハット UV アウトドア SEK サイズ調整 大きいサイズ ユニセックス アウトドア 夏 対策 熱中症 木陰 日よけ 日焼け 送料無料","M(57.0～58.5)","グレージュ","X11","Y17",,"0","19","17","-2","植野"
"2026/08/01 15:28:36","在庫CSV取込","7987062","7987062X12Y11","【直射日光をはね返す】コカゲル サファリハット 洗濯機洗いOK 体感マイナス10℃ アドベンチャー NEK CC2R501 ★REV 7987062 ブッシュハット UV アウトドア SEK サイズ調整 大きいサイズ ユニセックス アウトドア 夏 対策 熱中症 木陰 日よけ 日焼け 送料無料","L(58.5～60.0)","ブラック","X12","Y11",,"0","92","89","-3","植野"
"2026/08/01 15:28:36","在庫CSV取込","7987494","7987494X11Y11","【Knock on wood/幸運を呼び込む】【TEAM LVFT】 ブレスレット バングル メンズ レディース 黒白2個入り つけっぱなし可能 NEK ★REV 7987494 7987472 男女兼用 ユニセックス プレゼント プチギフト 母の日 父の日 送料無料","フリーサイズ","Knock_on_wood(472)","X11","Y11",,"0","58","38","-20","植野"
"2026/08/01 15:28:36","在庫CSV取込","7987073","7987073X11Y15","【くすみカラー 超軽量】バケットハット サファリハット メンズ レディース 普通サイズ 大きいサイズ NEK ★REV 7987073 アドベンチャーハット 撥水 速乾 軽量 折り畳める UV カット アウトドア キャンプ 登山 ウォーキング 散歩 日焼け防止 紫外線防止 送料無料","普通サイズ","オリーブ","X11","Y15",,"0","17","12","-5","植野"
"2026/08/01 15:28:36","在庫CSV取込","7987345","7987345X23Y12","【とにかくデカい！】 大きいサイズ キャップ 送料無料 大きめ ビッグサイズ ★REV 7987345 BIG SIZE 帽子 ハット キャップ キャスケット メンズキャップ 大きいサイズ バケット 大きい帽子 メンズ メンズ帽子 大きい 頭 メッシュキャップ","MMM","2","X23","Y12",,"0","11","8","-3","植野"
"2026/08/01 15:28:36","在庫CSV取込","7987883","7987883X11Y13","【カウリ貝】麦わら帽子 メンズ レディース ストローハット 中折れハット ★REV 7987883 幅広 帽子 麦わらハット 夏 ペーパー ハット おしゃれ プレゼント プチギフト 送料無料","ONESIZE","グレー","X11","Y13",,"0","14","11","-3","植野"
"2026/08/01 15:28:36","在庫CSV取込","7987883","7987883X11Y14","【カウリ貝】麦わら帽子 メンズ レディース ストローハット 中折れハット ★REV 7987883 幅広 帽子 麦わらハット 夏 ペーパー ハット おしゃれ プレゼント プチギフト 送料無料","ONESIZE","ブラウン","X11","Y14",,"0","9","7","-2","植野"
"2026/08/01 15:28:36","在庫CSV取込","7990512","7990512X11Y12","リーフ ネックレス レディース ロングネックレス 葉っぱ 大きめ アクセサリー かわいい ナチュラル アンティーク風 プレゼント 贈り物 ギフト NEK 7990512 プレゼント ギフト","ONESIZE","ダークブラウン","X11","Y12",,"0","16","13","-3","植野"
"2026/08/01 15:28:36","在庫CSV取込","7987891","7987891X11Y14","【ヤシの木】麦わら帽子 メンズ レディース ストローハット 中折れハット ★REV 7987891 帽子 麦わらハット 夏 ペーパー ハット おしゃれ プレゼント プチギフト","ONESIZE","ベージュ","X11","Y14",,"0","14","12","-2","植野"
"2026/08/01 15:28:36","在庫CSV取込","7986504","7986504X13Y11","【7cm厚底】厚底サンダル レディース EVA 軽量 7cm 厚底 トングサンダル ★REVO 7986504 ビーチサンダル 韓国ファッション 美脚 脚長 疲れにくい 軽い おしゃれ ブラック グレージュ 送料無料","39-40(24.5?25.0cm)","ブラック","X13","Y11",,"0","56","51","-5","植野"
"2026/08/01 15:28:36","在庫CSV取込","7986989","7986989X11Y16","【本革/特価/16色展開】本革 ショルダーバッグ ポーチ レディース ミニショルダーバッグ NEK ★REV 7986989 斜めがけ お財布 ショルダー お財布バッグ 送料無料","ONESIZE","ブラック","X11","Y16",,"0","43","41","-2","植野"
"2026/08/01 15:28:36","在庫CSV取込","7986989","7986989X11Y22","【本革/特価/16色展開】本革 ショルダーバッグ ポーチ レディース ミニショルダーバッグ NEK ★REV 7986989 斜めがけ お財布 ショルダー お財布バッグ 送料無料","ONESIZE","ネイビー","X11","Y22",,"0","45","43","-2","植野"
"2026/08/01 15:28:36","在庫CSV取込","7987076","7987076X11Y17","【超軽量55g】特価 キャップ 帽子 メッシュキャップ ランニングキャップ NEK ★REV 7987076 メンズ レディース 速乾 軽量 ジョギング アウトドア キャンプ スポーツ 釣り 海 プール","アジャスタータイプ","ライトブルー","X11","Y17",,"0","30","28","-2","植野"
"2026/08/01 15:28:36","在庫CSV取込","7986481","7986481X11Y13","【丸眼鏡】偏光サングラス 丸眼鏡 丸めがね メンズ レディース UV400 紫外線カット NEK ★REVL 7986481 ラドライブ 釣り ゴルフ アウトドア 軽量 おしゃれ 送料無料","ONESIZE","C","X11","Y13",,"0","8","5","-3","植野"
"2026/08/01 15:28:36","在庫CSV取込","7986511","7986511X11Y14","【本革】 キーケース メンズ レディース 本革 レザー スマートキー キーホルダー 鍵 NEK ★REVL 7986511 キーチェーン 小銭入れ プレゼント ミニギフト 父の日 母の日 送料無料","ONESIZE","キャメル","X11","Y14",,"0","13","11","-2","植野"
"2026/08/01 15:29:01","受注取込","7987437","7987437X11Y14","【のびーーる 楽々ストレッチ】カジュアルベルト メッシュベルト メンズ レディース 大きいサイズ 普通サイズ 7987437 ★REV NEK 35mm 115cm 125cm 伸縮 カジュアル シンプル おしゃれ プレゼント ギフト 父の日 母の日 送料無料","115cm","オリーブ","X11","Y14",,"0","20","19","-1",
"2026/08/01 15:29:40","WEB画面","7994812","7994812X11Y12","サファリハット メンズ 釣り 帽子 ハット レディース SUNS(サンズ)  撥水 アウトドア 登山 キャンプ バーベキュー NEK ★REV H-051 H-053 送料無料 大きいサイズあり キッズサイズ 子供 UVカット アドベンチャーハット 父の日 プレゼント ユニセックス 春 夏 夏フェス ギフト","普通サイズ","BLACK(H_051)","X11","Y12",,"0","33","32","-1","村垣 文香"
"2026/08/01 15:36:55","受注取込","7987400","7987400X11Y17","【とにかくデカい！/普通サイズあり！】キャップ メンズ 大きいサイズ 帽子 深め ビッグサイズ ★REVM 7987400 BIG SIZE メンズキャップ帽子 大きめ 大きい帽子 メンズ帽子 レディース 春 夏 春夏 プレゼント ギフト 母の日 父の日 送料無料","大きいサイズ","G-オレンジ","X11","Y17",,"0","13","12","-1",
"2026/08/01 15:40:18","受注取込","7986712","7986712X11Y17","【超協力マグネット/選べる33種】帽子クリップ ハットクリップ キャップクリップ  NEK ★REV 7986712 帽子収納ホルダー 収納フック キーホルダー 強力マグネット レザー調 アクセサリー チャーム キーリング キーケース 送料無料","ONESIZE","7","X11","Y17",,"0","78","77","-1",
"2026/08/01 15:41:57","WEB画面","7994812","7994812X11Y11","サファリハット メンズ 釣り 帽子 ハット レディース SUNS(サンズ)  撥水 アウトドア 登山 キャンプ バーベキュー NEK ★REV H-051 H-053 送料無料 大きいサイズあり キッズサイズ 子供 UVカット アドベンチャーハット 父の日 プレゼント ユニセックス 春 夏 夏フェス ギフト","普通サイズ","BK/BLACK(H_051)","X11","Y11",,"0","40","65","25","村垣 文香"
"2026/08/01 15:45:49","受注取込","7986989","7986989X11Y16","【本革/特価/16色展開】本革 ショルダーバッグ ポーチ レディース ミニショルダーバッグ NEK ★REV 7986989 斜めがけ お財布 ショルダー お財布バッグ 送料無料","ONESIZE","ブラック","X11","Y16",,"0","41","40","-1",
"2026/08/01 15:47:31","WEB画面","FBA-7987400","FBA-7987400X11Y22","【FBA専用】帽子 7987400","ONESIZE","L-ホワイト","X11","Y22",,"0","-3","0","3","植野"
"2026/08/01 15:48:26","WEB画面","7988215","7988215X17Y11","【とにかくデカい！】 大きいサイズ キャップ メッシュキャップ 送料無料 大きめ ビッグサイズ BIG SIZE ★REV 7988215 <br> 帽子 ハット キャップ ワークキャップ メンズキャップ 大きいサイズ バケット 大きい帽子 メンズ バケハ メンズ帽子 大きい 頭 メッシュ 全39カラー","GG","1","X17","Y11",,"0","25","22","-3","植野"
"2026/08/01 15:51:55","受注取込","7997141","7997141X12Y12","特大 スイカ ドーナツ 浮き輪 浮輪 送料無料 プール 大人用 子供用 NEK 7997141 ★REV 120cm 90cm 80cm 70cm 60cm サイズ 大きい 大きめ うきわ ウキワ すいか 海 海水浴 ビックフロート 水上 レジャー かわいい フローティングベッド 西瓜 子供用浮き輪 大人 子供 こども","90cm","ドーナツイチゴ","X12","Y12",,"0","39","38","-1",
"2026/08/01 15:53:01","受注取込","7994812","7994812X11Y33","サファリハット メンズ 釣り 帽子 ハット レディース SUNS(サンズ)  撥水 アウトドア 登山 キャンプ バーベキュー NEK ★REV H-051 H-053 送料無料 大きいサイズあり キッズサイズ 子供 UVカット アドベンチャーハット 父の日 プレゼント ユニセックス 春 夏 夏フェス ギフト","普通サイズ","GREIGE(H-051)","X11","Y33",,"0","117","116","-1",
"2026/08/01 15:59:25","受注取込","7994812","7994812X12Y11","サファリハット メンズ 釣り 帽子 ハット レディース SUNS(サンズ)  撥水 アウトドア 登山 キャンプ バーベキュー NEK ★REV H-051 H-053 送料無料 大きいサイズあり キッズサイズ 子供 UVカット アドベンチャーハット 父の日 プレゼント ユニセックス 春 夏 夏フェス ギフト","大きいサイズ","BK/BLACK(H_051)","X12","Y11",,"0","447","446","-1",
"2026/08/01 15:59:31","受注取込","7987515","7987515X12Y15","【選べる6柄×3サイズ】ネックレス チェーン メンズ レディース NEK ★REV 7987515 サージカルステンレス316L 50cm 60cm 70cm シンプル おしゃれ プレゼント プチギフト バレンタイン クリスマス 送料無料","60cm","E","X12","Y15",,"0","13","12","-1",
"2026/08/01 16:00:55","受注取込","7988215","7988215X17Y13","【とにかくデカい！】 大きいサイズ キャップ メッシュキャップ 送料無料 大きめ ビッグサイズ BIG SIZE ★REV 7988215 <br> 帽子 ハット キャップ ワークキャップ メンズキャップ 大きいサイズ バケット 大きい帽子 メンズ バケハ メンズ帽子 大きい 頭 メッシュ 全39カラー","GG","3","X17","Y13",,"0","27","26","-1",
"2026/08/01 16:07:12","受注取込","7987794","7987794X12Y11","【大きいサイズもあり】キャスハンチング キャップ メンズ レディース CULTURE MART NEK 101294 ★REV 7987794 ハンチング帽子 ハンチング帽 秋冬 帽子 ハンチング キャスケット メンズ帽子 レディース帽子秋冬 秋冬帽子 メンズハンチング おしゃれ カルチャーマート","大きいサイズ","ベージュ(1)","X12","Y11",,"0","144","143","-1",
"2026/08/01 16:09:25","受注取込","7988215","7988215X14Y11","【とにかくデカい！】 大きいサイズ キャップ メッシュキャップ 送料無料 大きめ ビッグサイズ BIG SIZE ★REV 7988215 <br> 帽子 ハット キャップ ワークキャップ メンズキャップ 大きいサイズ バケット 大きい帽子 メンズ バケハ メンズ帽子 大きい 頭 メッシュ 全39カラー","DD","1","X14","Y11",,"0","6","5","-1",
"2026/08/01 16:10:55","受注取込","7986770","7986770X11Y41","【新型 アイコス イルマ i ワン 対応】アイコス イルマワン ILUMA i ケース 保護ケース iqosイルマワン イルマワンカバー NEK ★REV 7986770 耐衝撃 おしゃれ iqos iluma one 専用 IQOSイルマワン保護ケース レザー ヒョウ柄 ペイズリー 保護カバー アクセサリー アイコスケース 送料無料","イルマワン","31","X11","Y41",,"0","11","10","-1",
"2026/08/01 16:10:55","受注取込","7994812","7994812X11Y11","サファリハット メンズ 釣り 帽子 ハット レディース SUNS(サンズ)  撥水 アウトドア 登山 キャンプ バーベキュー NEK ★REV H-051 H-053 送料無料 大きいサイズあり キッズサイズ 子供 UVカット アドベンチャーハット 父の日 プレゼント ユニセックス 春 夏 夏フェス ギフト","普通サイズ","BK/BLACK(H_051)","X11","Y11",,"0","65","64","-1",
"2026/08/01 16:11:01","受注取込","8003102","8003102X17Y13","やみつきになる！ ストレッチ AVIREX アビレックス Tシャツ メンズ ★REV NEK 6143501 6143502 Vネック クルーネック 半袖 プレゼント ギフト","クルーネック_ブラック_009","Lサイズ","X17","Y13",,"0","5","4","-1",
"2026/08/01 16:14:41","WEB画面","7994812","7994812X11Y11","サファリハット メンズ 釣り 帽子 ハット レディース SUNS(サンズ)  撥水 アウトドア 登山 キャンプ バーベキュー NEK ★REV H-051 H-053 送料無料 大きいサイズあり キッズサイズ 子供 UVカット アドベンチャーハット 父の日 プレゼント ユニセックス 春 夏 夏フェス ギフト","普通サイズ","BK/BLACK(H_051)","X11","Y11",,"0","64","62","-2","村垣 文香"
"2026/08/01 16:19:31","受注取込","7987408","7987408X11Y12","【2WAY 本革】レディースベルト リバーシブル ビジネス NEK ★REV 7987408 ロゴ フォーマル シンプル カジュアル スーツ レザー 本革 送料無料","ONESIZE","A-ベージュ","X11","Y12",,"0","11","10","-1",
"2026/08/01 16:22:01","受注取込","7988450","7988450X11Y11","【撫でるだけ！】ペット グルーミング グローブ ブラシ 手袋 犬 猫 マッサージ NEK 7988450 ブラシ 抜け毛抜き 毛玉除去 毛取り マッサージ手袋 抜け毛対策 グルーミンググローブ ペット用品 ペットグッズ 換毛期 右手用 プレゼント ギフト","ONESIZE","ブルー","X11","Y11",,"0","62","61","-1",
"2026/08/01 16:23:52","WEB画面","7987714","7987714X11Y11","【なんと6+1個入り！速攻配達】水風船 水ふうせん 何度も使える ゴミが出ない プール クラッシュボール ★REV NEK 7987714 水遊び 海 川 お風呂 水鉄砲 子供 おもちゃ 繰り返し BALL 水 風船 ボール エコ ウォーターボム リサイクル 安心 安全 送料無料","ワンサイズ","まる形6+1","X11","Y11",,"0","1","7","6","村垣 文香"
"2026/08/01 16:24:25","受注取込","7986519","7986519X11Y11","【ごっそり鼻毛処理！お得な10本セット】鼻毛カッター 鼻毛トリマー  耳かき NEK ★REVL 7986519 男性用 女性用 送料無料","ONESIZE","アイボリー","X11","Y11",,"0","15","14","-1",
"2026/08/01 16:30:18","受注取込","7997141","7997141X12Y11","特大 スイカ ドーナツ 浮き輪 浮輪 送料無料 プール 大人用 子供用 NEK 7997141 ★REV 120cm 90cm 80cm 70cm 60cm サイズ 大きい 大きめ うきわ ウキワ すいか 海 海水浴 ビックフロート 水上 レジャー かわいい フローティングベッド 西瓜 子供用浮き輪 大人 子供 こども","90cm","スイカ","X12","Y11",,"0","63","62","-1",
"2026/08/01 16:30:18","受注取込","7987085","7987085X11Y37","【とにかくデカい！】大きいサイズ キャップ 大きめ 深い 深め ビッグサイズ BIG SIZE ★REV 7987085 メンズキャップ帽子 大きい帽子 メンズ帽子 レディース 春 夏 春夏 プレゼント ギフト 母の日 父の日 送料無料","YA","27","X11","Y37",,"0","16","15","-1",
"2026/08/01 16:31:25","受注取込","7986751","7986751X12Y14","【グリップ力効果/洗濯可能】トレーニンググローブ 手袋 筋トレ 筋トレグローブ NEK ★REV 7986751 レディース メンズ ジム手袋 指無し ウェイトリフティング 防滑 クッション性 伸びる 洗濯OK バーベル サイクリング ヨガ グリップ 衝撃吸収 通気性 送料無料","M","パステル","X12","Y14",,"0","13","12","-1",
"2026/08/01 16:31:25","受注取込","7987400","7987400X11Y12","【とにかくデカい！/普通サイズあり！】キャップ メンズ 大きいサイズ 帽子 深め ビッグサイズ ★REVM 7987400 BIG SIZE メンズキャップ帽子 大きめ 大きい帽子 メンズ帽子 レディース 春 夏 春夏 プレゼント ギフト 母の日 父の日 送料無料","大きいサイズ","B-ホワイト","X11","Y12",,"0","39","38","-1",
"2026/08/01 16:31:25","受注取込","7987400","7987400X11Y15","【とにかくデカい！/普通サイズあり！】キャップ メンズ 大きいサイズ 帽子 深め ビッグサイズ ★REVM 7987400 BIG SIZE メンズキャップ帽子 大きめ 大きい帽子 メンズ帽子 レディース 春 夏 春夏 プレゼント ギフト 母の日 父の日 送料無料","大きいサイズ","E-ベージュ","X11","Y15",,"0","56","55","-1",
"2026/08/01 16:34:17","WEB画面","7988391","7988391X11Y13","【おまけ付き 速攻配達】テント ワンタッチ 2人用 1人用 2-3人用 折りたたみテント ★REV 7988391 自動ポップアップテント 撥水加工 紫外線防止 登山 折りたたみ 防水 通気性 アウトドア 登山 運動会 日よけ キャンプ サンシェード uvカット 簡単 アウトドア バーベキュー","ONESIZE","グリーン","X11","Y13",,"0","19","20","1","星島"
"2026/08/01 16:36:55","受注取込","7997141","7997141X16Y17","特大 スイカ ドーナツ 浮き輪 浮輪 送料無料 プール 大人用 子供用 NEK 7997141 ★REV 120cm 90cm 80cm 70cm 60cm サイズ 大きい 大きめ うきわ ウキワ すいか 海 海水浴 ビックフロート 水上 レジャー かわいい フローティングベッド 西瓜 子供用浮き輪 大人 子供 こども","ONESIZE","ブルーストライプ","X16","Y17",,"0","53","52","-1",
"2026/08/01 16:43:07","WEB画面","7987697","7987697X11Y11","【速攻配達】冷やスマPRO 盛夏用 スマホ熱中症対策 冷却 クーラー ★REV NEK スマートフォン専用常温保冷剤 熱暴走 結露なし スマホ 冷感 冷却 HIYASUMA","ONESIZE","ホワイト","X11","Y11",,"0","727","427","-300","大木 望"
"2026/08/01 16:54:55","受注取込","7992723","7992723X13Y11","お得！ 送料無料 4枚入り 福袋 Dickies ディッキーズ ボクサーパンツ メンズ かわいい NEK ★REV <br> パンツ ボクサーパンツ セット メンズ下着 メンズボクサーパンツ メンズボクサー 大きいサイズ 大きめ 特大 3L 下着 インナー メンズ usa まとめ買い プレゼント ギフト","LL","福袋4枚セット","X13","Y11",,"0","32","31","-1",
"2026/08/01 16:55:01","受注取込","7992723","7992723X12Y11","お得！ 送料無料 4枚入り 福袋 Dickies ディッキーズ ボクサーパンツ メンズ かわいい NEK ★REV <br> パンツ ボクサーパンツ セット メンズ下着 メンズボクサーパンツ メンズボクサー 大きいサイズ 大きめ 特大 3L 下着 インナー メンズ usa まとめ買い プレゼント ギフト","L","福袋4枚セット","X12","Y11",,"0","285","284","-1",
"2026/08/01 16:58:01","受注取込","7987070","7987070X11Y11","【お得な2枚組】X-LARGE XLARGE エクストララージ ボクサーパンツ メンズ アンダーウェア 下着 NEK ★REVL 7987070 かっこいい ツルツル おすすめ 人気 カモフラ タイダイ 炎 迷彩 カモ柄 ブランド 男性 紳士 プレゼント プチギフト 父の日 誕生日 彼氏 父 息子 ギフト 記念日 大きいサイズ 福袋 送料無料","M","2枚組","X11","Y11",,"0","17","16","-1",
"2026/08/01 17:02:25","受注取込","7994812","7994812X11Y33","サファリハット メンズ 釣り 帽子 ハット レディース SUNS(サンズ)  撥水 アウトドア 登山 キャンプ バーベキュー NEK ★REV H-051 H-053 送料無料 大きいサイズあり キッズサイズ 子供 UVカット アドベンチャーハット 父の日 プレゼント ユニセックス 春 夏 夏フェス ギフト","普通サイズ","GREIGE(H-051)","X11","Y33",,"0","116","115","-1",
"2026/08/01 17:03:55","受注取込","7994812","7994812X11Y33","サファリハット メンズ 釣り 帽子 ハット レディース SUNS(サンズ)  撥水 アウトドア 登山 キャンプ バーベキュー NEK ★REV H-051 H-053 送料無料 大きいサイズあり キッズサイズ 子供 UVカット アドベンチャーハット 父の日 プレゼント ユニセックス 春 夏 夏フェス ギフト","普通サイズ","GREIGE(H-051)","X11","Y33",,"0","115","114","-1",
"2026/08/01 17:08:18","在庫CSV取込","7986515","7986515X11Y12","【風は私の味方♪】携帯扇風機 ハンディファン 強風 静音 1～199段階風量調節 3WAY NEK ★REVL 7986515（手持ち・首掛け・卓上）小型 軽量 USB充電式 LED残量表示 照明ライト付き 調整 ネックストラップ付 アウトドア/通勤/花火大会/旅行/登山 熱中症対策 送料無料","ONESIZE","グレー","X11","Y12",,"0","30","29","-1","星島"
"2026/08/01 17:08:18","在庫CSV取込","7987681","7987681X11Y11","【超高輝度 500ルーメン】COB LED ライト マルチライト 500ルーメン キーホルダー NEK ★REV 7987681 充電式 栓抜き対応 カラビナ カラナビ 磁石 マグネット ワークライト キャンプ アウトドア 作業灯 防災 現場 Type-c USB プレゼント ギフト 送料無料","ONESIZE","ブラック","X11","Y11",,"0","50","49","-1","星島"
"2026/08/01 17:08:18","在庫CSV取込","7986554","7986554X11Y11","【お得な6個セット】ネックレス 6点セット レディース バタフライ 蝶 インフィニティ NEK ★REVO 7986554 ダブルリング 重ね付け シルバー アクセサリー","ONESIZE","6点セット","X11","Y11",,"0","17","16","-1","星島"
"2026/08/01 17:08:18","在庫CSV取込","7988607","7988607X11Y12","【超絶可愛い】マスク 日本製 フリルマスク レディース 抗菌 防臭 ワイヤー入り UVカット おしゃれ 可愛い 送料無料 エレガント 洗えるマスク NEK 7988607 プレゼント ギフト","ONESIZE","ベージュ","X11","Y12",,"0","10","9","-1","星島"
"2026/08/01 17:08:18","在庫CSV取込","7990381","7990381X11Y13","【15柄展開】マスク 洗えるマスク カラーマスク レース メンズ レディース ペイズリー カモフラ 花柄 レオパード柄 新作 15柄展開 ★REV NEK 7990381 プレゼント ギフト","ONESIZE","C","X11","Y13",,"0","20","19","-1","星島"
"2026/08/01 17:08:18","在庫CSV取込","7990453","7990453X11Y20","【魅せるマスク】マスク カラーマスク ペイズリー 迷彩 カモフラージュ 総柄 おしゃれ かわいい ストレッチ 大人用 14色展開 NEK 7990453 プレゼント ギフト","一般成人用サイズ","迷彩A","X11","Y20",,"0","85","84","-1","星島"
"2026/08/01 17:08:18","在庫CSV取込","7988090","7988090X14Y11","安全靴 スニーカー エアウォーク AIR WALK Y_YU AW-890 ブルー迷彩 アクティブライト ローカット メンズ セーフティシューズ 樹脂先芯 軽量 衝撃吸収 負担軽減 作業靴 オシャレ","26.5cm ","ブルー迷彩","X14","Y11",,"0","149","148","-1","星島"
"2026/08/01 17:08:18","在庫CSV取込","7986850","7986850X11Y12","【耐滑底/おしゃれ】安全靴 スニーカー エアウォーク ミッドカット AIR WALK AW-940 AW-950 Y_YU ★REV 7986850 メンズ おしゃれ 耐滑底 樹脂先芯 ストレッチロック セーフティシューズ 作業靴 送料無料","25.0cm","AW-950_ホワイト","X11","Y12",,"0","143","142","-1","星島"
"2026/08/01 17:08:18","在庫CSV取込","7990413","7990413X11Y21","【超おしゃれ】マスク スカーフマスク 送料無料 感染対策 女性 レディース スカーフ マスクスカーフ 花柄 おしゃれ エレガント 防塵 花粉 UVカット 洗える NEK 7990413","ONESIZE","K","X11","Y21",,"0","25","24","-1","星島"
"2026/08/01 17:08:18","在庫CSV取込","7990413","7990413X11Y13","【超おしゃれ】マスク スカーフマスク 送料無料 感染対策 女性 レディース スカーフ マスクスカーフ 花柄 おしゃれ エレガント 防塵 花粉 UVカット 洗える NEK 7990413","ONESIZE","C","X11","Y13",,"0","4","3","-1","星島"
"2026/08/01 17:08:18","在庫CSV取込","7992250","7992250X19Y12","iPhone XS ケース バンカーリング 付き 落ちない シリコン ケース 透明 スケルトン 輪 送料無料 iphone XR ケース iPhone8 ケース iphone XS MAX  iphone X リング付 iPhone7 Plus スマホケース カバー クリア アイフォン アクセサリー NEK ALI 7992250 190715","iPhone_11_pro_MAX","ブルー","X19","Y12",,"0","8","7","-1","星島"
"2026/08/01 17:08:18","在庫CSV取込","7987082","7987082X11Y14","【超冷感】アームカバー UPF50＋ UVカット レディース uvカット アームカバー NEK ★REVA 7987082 指先まで 日焼け止め 腕カバー アームカバー uv 冷感 日焼け止め 手袋 アームカバー 日焼け対策 アームカバー 日焼け 冷感 夏 アウトドア 運転 自転車 ゴルフ 送料無料","ONESIZE","ライトグレー","X11","Y14",,"0","5","4","-1","星島"
"2026/08/01 17:08:18","在庫CSV取込","7987984","7987984X11Y11","大きいサイズ オーバーサイズ Tシャツ 半袖 メンズ レディース NEK 7987984 無地 ワンポイント 刺繍 コットン ストリート カジュアル おしゃれ 送料無料","M","3-1_ホワイト","X11","Y11",,"0","0","-1","-1","星島"
"2026/08/01 17:08:18","在庫CSV取込","7992495","7992495X11Y21","ブレスレット バングル メンズ レディース サバイバル パラコード 笛付き リフレクター素材 サバゲー ミリタリー アクセサリー プレゼント 送料無料  NEK ALI 7992495 190707","ONESIZE","K","X11","Y21",,"0","14","13","-1","星島"
"2026/08/01 17:08:18","在庫CSV取込","7992495","7992495X11Y13","ブレスレット バングル メンズ レディース サバイバル パラコード 笛付き リフレクター素材 サバゲー ミリタリー アクセサリー プレゼント 送料無料  NEK ALI 7992495 190707","ONESIZE","C","X11","Y13",,"0","27","26","-1","星島"
"2026/08/01 17:08:18","在庫CSV取込","7986688","7986688X14Y13","【竹炭消臭インソール付】サンダル メンズ スポーツサンダル ★REVL 7986688 防滑 水陸両用 レジャー アウトドアサンダル ウォーターシューズ マジックテープ ブラック 歩きやすい 海 ビーチ 夏レジャー 送料無料","26.5cm","ダークブラウン","X14","Y13",,"0","11","10","-1","星島"
"2026/08/01 17:08:18","在庫CSV取込","7987409","7987409X11Y14","【130cm 大きいサイズ対応】本革 床革 ベルト メンズ 130cm NEK ★REV 7987409 大きいサイズ対応 シンセティックレザー ビジネスベルト カジュアルベルト 父の日 送料無料","ONESIZE","ブラウンB","X11","Y14",,"0","13","12","-1","星島"
"2026/08/01 17:08:18","在庫CSV取込","7988248","7988248X11Y12","リュック メンズ レディース 防水 防災リュック 避難 スポーツ 軽量 リュックサック 32L ★REV 7988248 バックパック デイパック アウトドア キャンプ ジム 登山 散歩  送料無料","ONESIZE","ブラック","X11","Y12",,"0","112","111","-1","星島"
"2026/08/01 17:08:18","在庫CSV取込","7986850","7986850X16Y12","【耐滑底/おしゃれ】安全靴 スニーカー エアウォーク ミッドカット AIR WALK AW-940 AW-950 Y_YU ★REV 7986850 メンズ おしゃれ 耐滑底 樹脂先芯 ストレッチロック セーフティシューズ 作業靴 送料無料","28.0cm","AW-950_ホワイト","X16","Y12",,"0","13","12","-1","星島"
"2026/08/01 17:08:18","在庫CSV取込","7987006","7987006X11Y11","【くすみカラー】サファリハット ハット アドベンチャーハット レディース メンズ NEK ★REV 7987006 アウトドア キャンプ 釣り 日焼け止め 速乾 通気性 日よけ 送料無料","ONESIZE","ブラック","X11","Y11",,"0","16","15","-1","星島"
"2026/08/01 17:08:18","在庫CSV取込","7987092","7987092X11Y14","【本革】キーケース スマートキーケース メンズ レディース NEK ★REV 7987092 ポーチ LEATHER 本革 本皮 おしゃれ コスメポーチ 小銭入れ 送料無料","ONESIZE","ブルーグレー","X11","Y14",,"0","6","5","-1","星島"
"2026/08/01 17:08:18","在庫CSV取込","7987077","7987077X14Y13","リカバリーサンダル サンダル メンズ レディース 厚底 スポーツサンダル ★REV 7987077 速乾 軽量 アウトドア キャンプ 水遊び 海 山 川 送料無料","41-42(25.5～26.0cm)","オレンジ","X14","Y13",,"0","5","4","-1","星島"
"2026/08/01 17:08:18","在庫CSV取込","7987175","7987175X11Y15","LA ロサンゼルス LOS ANGELESS キャップ 帽子 野球帽 アウトドア ★REV 7987175 メンズ レディース 野球 ローキャップ Vintage プレゼント ギフト","ONESIZE","カーキ","X11","Y15",,"0","11","10","-1","星島"
"2026/08/01 17:08:18","在庫CSV取込","7987455","7987455X11Y11","【足首おしゃれ】アンクレット レディース アクセサリー ゴールド シルバー 喜平 NEK ★REV 7987455 プレゼント プチギフト 送料無料","ワンサイズ","ゴールド","X11","Y11",,"0","4","3","-1","星島"
"2026/08/01 17:08:18","在庫CSV取込","9009978","9009978X9Y7","帽子 メンズ AVIREX アビレックス 送料無料 キャップ 父の日 プレゼント 贈り物 ニットキャップ メッシュキャップ 大きいサイズ レディース ディッキーズ ローキャップ ワークキャップ ハット ハンチング おしゃれ ロゴ 刺繍 プリント アメカジ HYPE 通販 yos ギフト","I","-7","X9","Y7",,"0","1","0","-1","星島"
"2026/08/01 17:08:18","在庫CSV取込","7988610","7988610X11Y12","【おまけ付き】タックルボックス ルアーケース 釣り具ケース 収納 防水 タックルケース 釣り ワームケース ケース 釣り針 シンカー フライボックス 7988610 プレゼント ギフト","中","オリーブ","X11","Y12",,"0","40","39","-1","星島"
"2026/08/01 17:08:18","在庫CSV取込","9009978","9009978X14Y3","帽子 メンズ AVIREX アビレックス 送料無料 キャップ 父の日 プレゼント 贈り物 ニットキャップ メッシュキャップ 大きいサイズ レディース ディッキーズ ローキャップ ワークキャップ ハット ハンチング おしゃれ ロゴ 刺繍 プリント アメカジ HYPE 通販 yos ギフト","N","-3","X14","Y3",,"0","10","9","-1","星島"
"2026/08/01 17:08:18","在庫CSV取込","9009978","9009978X16Y2","帽子 メンズ AVIREX アビレックス 送料無料 キャップ 父の日 プレゼント 贈り物 ニットキャップ メッシュキャップ 大きいサイズ レディース ディッキーズ ローキャップ ワークキャップ ハット ハンチング おしゃれ ロゴ 刺繍 プリント アメカジ HYPE 通販 yos ギフト","P","-2","X16","Y2",,"0","10","9","-1","星島"
"2026/08/01 17:08:18","在庫CSV取込","7988047","7988047X11Y11","2WAY ミニ ボストンバッグ メンズ レディース ★REV 7988047 小さめ 小型 ショルダーバッグ ミニバッグ ドラムバッグ 小旅行 アウトドア キャンプ ジム 軽量 送料無料","ONESIZE","ブラック","X11","Y11",,"0","69","68","-1","星島"
"2026/08/01 17:08:18","在庫CSV取込","7987924","7987924X11Y13","【蒸れない 通気性抜群】メッシュキャップ 帽子 キャップ メンズ レディース アウトドア キャンプ ゴルフ ランニング ★REV 7987924","ONESIZE","オリーブ","X11","Y13",,"0","8","7","-1","星島"
"2026/08/01 17:08:18","在庫CSV取込","7987891","7987891X11Y11","【ヤシの木】麦わら帽子 メンズ レディース ストローハット 中折れハット ★REV 7987891 帽子 麦わらハット 夏 ペーパー ハット おしゃれ プレゼント プチギフト","ONESIZE","ブラウン","X11","Y11",,"0","18","17","-1","星島"
"2026/08/01 17:08:18","在庫CSV取込","7987883","7987883X11Y11","【カウリ貝】麦わら帽子 メンズ レディース ストローハット 中折れハット ★REV 7987883 幅広 帽子 麦わらハット 夏 ペーパー ハット おしゃれ プレゼント プチギフト 送料無料","ONESIZE","カーキ","X11","Y11",,"0","0","-1","-1","星島"
"2026/08/01 17:08:18","在庫CSV取込","7992099","7992099X11Y11","アンクレット メンズ レディース 手作り 送料無料 つけっぱなし お守り アンク アクセサリー シルバー ターコイズ NEK ALI ★REV 7992099 190813 プレゼント ギフト","ONESIZE","ゾウ","X11","Y11",,"0","12","11","-1","星島"
"2026/08/01 17:08:18","在庫CSV取込","7999489","7999489X11Y13","5WAY ボディバッグ メンズ 鞄 ショルダーバッグ ウエストバッグ ★REV 7999489 アウトドア キャンプ ミリタリー 無地 迷彩 カモフラージュ 多機能 小さめ 小さい 小型 斜め掛け Military プレゼント ギフト","ONESIZE","カーキ","X11","Y13",,"0","0","-1","-1","星島"
"2026/08/01 17:08:54","受注取込","7986651","7986651X11Y11","【銅×グラフェンの力で、スマホを瞬冷！】スマホ熱中症対策 冷却 クーラー NEK ★REVL 7986651 スマートフォン 保冷 結露なし スマホ 冷感 冷却 iphone アクセサリー 送料無料","ONESIZE","ブラック","X11","Y11",,"0","110","109","-1",
"2026/08/01 17:11:25","受注取込","7987559","7987559X11Y11","ミニ財布 ミニウォレット 短財布 メンズ レディース ウォレット NEK ★REV 7987559 プレゼント ギフト 父の日 母の日 プチギフト 誕プレ 送料無料","ONESIZE","グレー","X11","Y11",,"0","10","9","-1",
"2026/08/01 17:12:25","受注取込","7987714","7987714X11Y11","【なんと6+1個入り！速攻配達】水風船 水ふうせん 何度も使える ゴミが出ない プール クラッシュボール ★REV NEK 7987714 水遊び 海 川 お風呂 水鉄砲 子供 おもちゃ 繰り返し BALL 水 風船 ボール エコ ウォーターボム リサイクル 安心 安全 送料無料","ワンサイズ","まる形6+1","X11","Y11",,"0","7","6","-1",
"2026/08/01 17:13:25","受注取込","7987400","7987400X11Y15","【とにかくデカい！/普通サイズあり！】キャップ メンズ 大きいサイズ 帽子 深め ビッグサイズ ★REVM 7987400 BIG SIZE メンズキャップ帽子 大きめ 大きい帽子 メンズ帽子 レディース 春 夏 春夏 プレゼント ギフト 母の日 父の日 送料無料","大きいサイズ","E-ベージュ","X11","Y15",,"0","55","54","-1",
"2026/08/01 17:14:55","受注取込","7994812","7994812X12Y11","サファリハット メンズ 釣り 帽子 ハット レディース SUNS(サンズ)  撥水 アウトドア 登山 キャンプ バーベキュー NEK ★REV H-051 H-053 送料無料 大きいサイズあり キッズサイズ 子供 UVカット アドベンチャーハット 父の日 プレゼント ユニセックス 春 夏 夏フェス ギフト","大きいサイズ","BK/BLACK(H_051)","X12","Y11",,"0","446","445","-1",
"2026/08/01 17:17:22","WEB画面","7987085","7987085X11Y20","【とにかくデカい！】大きいサイズ キャップ 大きめ 深い 深め ビッグサイズ BIG SIZE ★REV 7987085 メンズキャップ帽子 大きい帽子 メンズ帽子 レディース 春 夏 春夏 プレゼント ギフト 母の日 父の日 送料無料","YA","10","X11","Y20",,"0","8","5","-3","大木 望"
"2026/08/01 17:17:22","WEB画面","7987085","7987085X11Y22","【とにかくデカい！】大きいサイズ キャップ 大きめ 深い 深め ビッグサイズ BIG SIZE ★REV 7987085 メンズキャップ帽子 大きい帽子 メンズ帽子 レディース 春 夏 春夏 プレゼント ギフト 母の日 父の日 送料無料","YA","12","X11","Y22",,"0","11","9","-2","大木 望"
"2026/08/01 17:17:22","WEB画面","7987085","7987085X11Y23","【とにかくデカい！】大きいサイズ キャップ 大きめ 深い 深め ビッグサイズ BIG SIZE ★REV 7987085 メンズキャップ帽子 大きい帽子 メンズ帽子 レディース 春 夏 春夏 プレゼント ギフト 母の日 父の日 送料無料","YA","13","X11","Y23",,"0","14","10","-4","大木 望"
"2026/08/01 17:17:22","WEB画面","7987085","7987085X11Y26","【とにかくデカい！】大きいサイズ キャップ 大きめ 深い 深め ビッグサイズ BIG SIZE ★REV 7987085 メンズキャップ帽子 大きい帽子 メンズ帽子 レディース 春 夏 春夏 プレゼント ギフト 母の日 父の日 送料無料","YA","16","X11","Y26",,"0","6","4","-2","大木 望"
"2026/08/01 17:17:22","WEB画面","7987085","7987085X11Y28","【とにかくデカい！】大きいサイズ キャップ 大きめ 深い 深め ビッグサイズ BIG SIZE ★REV 7987085 メンズキャップ帽子 大きい帽子 メンズ帽子 レディース 春 夏 春夏 プレゼント ギフト 母の日 父の日 送料無料","YA","18","X11","Y28",,"0","21","18","-3","大木 望"
"2026/08/01 17:17:22","WEB画面","7987085","7987085X11Y37","【とにかくデカい！】大きいサイズ キャップ 大きめ 深い 深め ビッグサイズ BIG SIZE ★REV 7987085 メンズキャップ帽子 大きい帽子 メンズ帽子 レディース 春 夏 春夏 プレゼント ギフト 母の日 父の日 送料無料","YA","27","X11","Y37",,"0","15","11","-4","大木 望"
"2026/08/01 17:17:22","WEB画面","7987085","7987085X11Y39","【とにかくデカい！】大きいサイズ キャップ 大きめ 深い 深め ビッグサイズ BIG SIZE ★REV 7987085 メンズキャップ帽子 大きい帽子 メンズ帽子 レディース 春 夏 春夏 プレゼント ギフト 母の日 父の日 送料無料","YA","29","X11","Y39",,"0","22","18","-4","大木 望"
"2026/08/01 17:17:22","WEB画面","7987085","7987085X12Y33","【とにかくデカい！】大きいサイズ キャップ 大きめ 深い 深め ビッグサイズ BIG SIZE ★REV 7987085 メンズキャップ帽子 大きい帽子 メンズ帽子 レディース 春 夏 春夏 プレゼント ギフト 母の日 父の日 送料無料","SU","23","X12","Y33",,"0","18","16","-2","大木 望"
"2026/08/01 17:18:01","受注取込","7987143","7987143X12Y13","【安全な犬の散歩】犬 リード 5m LED照明 伸縮リード ライト付 リード カジュアル ★REVL 7987143 大小中型犬 訓練 トレーニング 犬のリード ペット 散歩 犬用 カジュアル 迷子防止 かわいい 犬 大型犬 ストラップ ロングリード ドッグリード 自動巻き 散歩用ライト付 衝撃吸収 360°フリー伸縮 ワンタッチ格納 送料無料","【大型犬】","レッド","X12","Y13",,"0","13","12","-1",
"2026/08/01 17:18:46","受注取込","7986745","7986745X13Y11","【内に炎を宿す神秘の天然石】フレイムストーン パワーストーン スピリチュアル NEK ★REV 7986745 天然石 ブレスレット アクセサリー レディース メンズ エネルギー 金運 守護 情熱 自信 集中力 プレゼント ギフト 送料無料","10mm","フレイムストーン","X13","Y11",,"0","26","25","-1",
"2026/08/01 17:22:06","在庫CSV取込","7992099","7992099X11Y17","アンクレット メンズ レディース 手作り 送料無料 つけっぱなし お守り アンク アクセサリー シルバー ターコイズ NEK ALI ★REV 7992099 190813 プレゼント ギフト","ONESIZE","波","X11","Y17",,"0","33","32","-1","星島"
"2026/08/01 17:22:07","在庫CSV取込","7986467","7986467X11Y12","【スタイルに合わせて使える2WAY仕様】ゴムベルト レディース 伸縮 ストライプ ACRHT042 NEK 7986467 2cm幅 フック式 ベルトループ対応 ウエストマーク 選べる4カラー","ONESIZE","グレージュ","X11","Y12",,"0","99","98","-1","星島"
"2026/08/01 17:22:07","在庫CSV取込","7994732","7994732X12Y11","フラミンゴ 浮き輪 7994732 インスタ映え ビックフロート 海水浴 海 プール 水上 レジャー フローティングベッド 180621 プレゼント ギフト","子供用","ピンク系","X12","Y11",,"0","30","29","-1","星島"
"2026/08/01 17:22:07","在庫CSV取込","7988614","7988614X11Y13","【超絶おしゃれ】マスク デコマスク レディース ビーズマスク デコレーションマスク 新作 6色展開 NEK 7988614 プレゼント ギフト","ONESIZE","ネイビー","X11","Y13",,"0","16","15","-1","星島"
"2026/08/01 17:22:07","在庫CSV取込","7988607","7988607X11Y13","【超絶可愛い】マスク 日本製 フリルマスク レディース 抗菌 防臭 ワイヤー入り UVカット おしゃれ 可愛い 送料無料 エレガント 洗えるマスク NEK 7988607 プレゼント ギフト","ONESIZE","ブラック","X11","Y13",,"0","6","5","-1","星島"
"2026/08/01 17:22:07","在庫CSV取込","7990381","7990381X11Y23","【15柄展開】マスク 洗えるマスク カラーマスク レース メンズ レディース ペイズリー カモフラ 花柄 レオパード柄 新作 15柄展開 ★REV NEK 7990381 プレゼント ギフト","ONESIZE","M","X11","Y23",,"0","142","141","-1","星島"
"2026/08/01 17:22:07","在庫CSV取込","7990381","7990381X11Y14","【15柄展開】マスク 洗えるマスク カラーマスク レース メンズ レディース ペイズリー カモフラ 花柄 レオパード柄 新作 15柄展開 ★REV NEK 7990381 プレゼント ギフト","ONESIZE","D","X11","Y14",,"0","152","151","-1","星島"
"2026/08/01 17:22:07","在庫CSV取込","7990453","7990453X11Y24","【魅せるマスク】マスク カラーマスク ペイズリー 迷彩 カモフラージュ 総柄 おしゃれ かわいい ストレッチ 大人用 14色展開 NEK 7990453 プレゼント ギフト","一般成人用サイズ","迷彩E","X11","Y24",,"0","270","269","-1","星島"
"2026/08/01 17:22:07","在庫CSV取込","7990453","7990453X11Y14","【魅せるマスク】マスク カラーマスク ペイズリー 迷彩 カモフラージュ 総柄 おしゃれ かわいい ストレッチ 大人用 14色展開 NEK 7990453 プレゼント ギフト","一般成人用サイズ","ペイズリーD","X11","Y14",,"0","7","6","-1","星島"
"2026/08/01 17:22:07","在庫CSV取込","7988088","7988088X14Y11","安全靴 スニーカー エアウォーク AIR WALK Y_YU AW-920 グリーン フレックスフィット ローカット メンズ セーフティシューズ 樹脂先芯 軽量 衝撃吸収 負担軽減 作業靴 オシャレ  かかとが踏める ムレにくい","26.5cm ","グリーン","X14","Y11",,"0","156","155","-1","星島"
"2026/08/01 17:22:07","在庫CSV取込","7988088","7988088X11Y11","安全靴 スニーカー エアウォーク AIR WALK Y_YU AW-920 グリーン フレックスフィット ローカット メンズ セーフティシューズ 樹脂先芯 軽量 衝撃吸収 負担軽減 作業靴 オシャレ  かかとが踏める ムレにくい","25.0cm ","グリーン","X11","Y11",,"0","82","81","-1","星島"
"2026/08/01 17:22:07","在庫CSV取込","7986648","7986648X11Y12","【孔雀石】パワーストーン ブレスレット 孔雀石 マラカイト メンズ レディース NEK ★REVL 7986648 バングル スピリチュアル 天然石 エネルギーアクセサリー プレゼント ギフト 送料無料","ONESIZE","オリーブ","X11","Y12",,"0","0","-1","-1","星島"
"2026/08/01 17:22:07","在庫CSV取込","7986663","7986663X11Y11","【最強！溶岩石とオニキス】パワーストーン ブレスレット メンズ レディース バングル NEK ★REVL 7986663 スピリチュアル 天然石 エネルギーアクセサリー プレゼント ギフト 送料無料","ONESIZE","ブラック","X11","Y11",,"0","49","48","-1","星島"
"2026/08/01 17:22:07","在庫CSV取込","7990700","7990700X11Y12","マスク マスク在庫あり マスク 日本製 洗えるマスク 布マスク 送料無料 洗えるマスク日本製 手作りマスク NEK 7990700","一般成人用サイズ","ピンク","X11","Y12",,"0","6","5","-1","星島"
"2026/08/01 17:22:07","在庫CSV取込","7992250","7992250X18Y13","iPhone XS ケース バンカーリング 付き 落ちない シリコン ケース 透明 スケルトン 輪 送料無料 iphone XR ケース iPhone8 ケース iphone XS MAX  iphone X リング付 iPhone7 Plus スマホケース カバー クリア アイフォン アクセサリー NEK ALI 7992250 190715","iPhone_11_pro","ブラック","X18","Y13",,"0","5","4","-1","星島"
"2026/08/01 17:22:07","在庫CSV取込","7987082","7987082X11Y13","【超冷感】アームカバー UPF50＋ UVカット レディース uvカット アームカバー NEK ★REVA 7987082 指先まで 日焼け止め 腕カバー アームカバー uv 冷感 日焼け止め 手袋 アームカバー 日焼け対策 アームカバー 日焼け 冷感 夏 アウトドア 運転 自転車 ゴルフ 送料無料","ONESIZE","ベージュ","X11","Y13",,"0","11","10","-1","星島"
"2026/08/01 17:22:07","在庫CSV取込","7987983","7987983X13Y13","大きいサイズ オーバーサイズ Tシャツ 半袖 メンズ レディース NEK 7987983 ステッチ刺繍 コットン ストリート カジュアル おしゃれ 送料無料","XL","3-3_ブラック","X13","Y13",,"0","0","-1","-1","星島"
"2026/08/01 17:22:07","在庫CSV取込","7987071","7987071X11Y13","【UV冷感】アームカバー UPF50＋ UVカット レディース uvカット アームカバー NEK ★REVA 7987071 指先まで 日焼け止め 腕カバー アームカバー uv 冷感 日焼け止め 手袋 アームカバー 日焼け対策 アームカバー 日焼け 冷感 夏 アウトドア 運転 自転車 ゴルフ 送料無料","ONESIZE","ブルー","X11","Y13",,"0","13","12","-1","星島"
"2026/08/01 17:22:07","在庫CSV取込","7992495","7992495X11Y22","ブレスレット バングル メンズ レディース サバイバル パラコード 笛付き リフレクター素材 サバゲー ミリタリー アクセサリー プレゼント 送料無料  NEK ALI 7992495 190707","ONESIZE","L","X11","Y22",,"0","15","14","-1","星島"
"2026/08/01 17:22:07","在庫CSV取込","7992495","7992495X11Y14","ブレスレット バングル メンズ レディース サバイバル パラコード 笛付き リフレクター素材 サバゲー ミリタリー アクセサリー プレゼント 送料無料  NEK ALI 7992495 190707","ONESIZE","D","X11","Y14",,"0","18","17","-1","星島"
"2026/08/01 17:22:07","在庫CSV取込","7986677","7986677X11Y16","【深め/美シルエット】Vintage ダメージ加工 メッシュキャップ キャップ 帽子 メンズ レディース ★REVL 7986677 野球帽 ウォッシュ加工 A-Frame Trucker アメカジ 無地 おしゃれ 送料無料","ONESIZE","オリーブ","X11","Y16",,"0","2","1","-1","星島"
"2026/08/01 17:22:07","在庫CSV取込","7987367","7987367X11Y14","【2023年最新！熱中症対策】 ネッククーラー 首掛け扇風機 携帯扇風機 ネックファン ★REV 7987367 急速冷却 小型 羽根なし 首かけ 充電式 扇風機 5000mAh大容量 軽量 3段階風量調節 ひんやり 子供 大人 男女兼用 通勤 通学 家事 熱中症対策 プレゼント ギフト","ONESIZE","ブラック","X11","Y14",,"0","22","21","-1","星島"
"2026/08/01 17:22:07","在庫CSV取込","7986688","7986688X14Y12","【竹炭消臭インソール付】サンダル メンズ スポーツサンダル ★REVL 7986688 防滑 水陸両用 レジャー アウトドアサンダル ウォーターシューズ マジックテープ ブラック 歩きやすい 海 ビーチ 夏レジャー 送料無料","26.5cm","ブラウン","X14","Y12",,"0","0","-1","-1","星島"
"2026/08/01 17:22:07","在庫CSV取込","7986688","7986688X12Y11","【竹炭消臭インソール付】サンダル メンズ スポーツサンダル ★REVL 7986688 防滑 水陸両用 レジャー アウトドアサンダル ウォーターシューズ マジックテープ ブラック 歩きやすい 海 ビーチ 夏レジャー 送料無料","25.5cm","ブラック","X12","Y11",,"0","4","3","-1","星島"
"2026/08/01 17:22:07","在庫CSV取込","7986697","7986697X12Y12","【5cm厚底/履くだけで足元美人】 シャワーサンダル トングサンダル サンダル レディース ★REV 7986697 メンズ 厚底 5cmアップ 美脚 防滑 軽量 おしゃれ 人字サンダル 黒 クロ BLACK 韓国ファッション 送料無料","24.0cm～24.5cm","シャワーサンダル","X12","Y12",,"0","6","5","-1","星島"
"2026/08/01 17:22:07","在庫CSV取込","7992099","7992099X11Y20","アンクレット メンズ レディース 手作り 送料無料 つけっぱなし お守り アンク アクセサリー シルバー ターコイズ NEK ALI ★REV 7992099 190813 プレゼント ギフト","ONESIZE","クジラ","X11","Y20",,"0","9","8","-1","星島"
"2026/08/01 17:22:07","在庫CSV取込","7987004","7987004X11Y11","ショルダーバッグ トートバッグ メンズ レディース Military ★REV 7987004 ミリタリー バッグ 軽量 撥水 MA-1 送料無料","ONESIZE","ブラック","X11","Y11",,"0","0","-1","-1","星島"
"2026/08/01 17:22:07","在庫CSV取込","7987006","7987006X11Y15","【くすみカラー】サファリハット ハット アドベンチャーハット レディース メンズ NEK ★REV 7987006 アウトドア キャンプ 釣り 日焼け止め 速乾 通気性 日よけ 送料無料","ONESIZE","ブラウン","X11","Y15",,"0","5","4","-1","星島"
"2026/08/01 17:22:07","在庫CSV取込","7987080","7987080X11Y12","【防災 災害 アウトドア】収納ボックス コンテナボックス ソフトコンテナ バッグ ★REV 7987080 メンズ レディース ミリタリー Military タクティカルバッグ 防災 防災リュックのサブ キャンプ アウトドア サバゲー 釣り カメラ撮影 鞄 カバン ツールボックス 送料無料","ONESIZE","カーキ","X11","Y12",,"0","18","17","-1","星島"
"2026/08/01 17:22:07","在庫CSV取込","7987035","7987035X11Y13","【畳める】折りたたみ 防災リュック リュックサック バックパック NEK ★REVL 7987035 デイパック アウトドア キャンプ スポーツ ジム 撥水 軽量 パッカブル 通勤 通学 旅行 送料無料","ONESIZE","オレンジ","X11","Y13",,"0","2","1","-1","星島"
"2026/08/01 17:22:07","在庫CSV取込","7987031","7987031X11Y13","【大人気SUNSより当店限定！】ミニトート バッグ レディース メンズ トートバッグ トート NEK ★REVL 7987031 CRB-001 ミニ 仕切り ポケット ランチバッグ マザーズバッグ 収納 ミリタリー MA-1 シンプル おしゃれ 便利 無地 通勤 通学 ユニセックス ジッパー付き 撥水","ONESIZE","ブラウン","X11","Y13",,"0","57","56","-1","星島"
"2026/08/01 17:22:07","在庫CSV取込","7987493","7987493X11Y12","【楽あけくん】 瓶オープナー 缶オープナー キャップオープナー 蓋開け ジャーオープナー NEK ★REV 7987493 ツイスト 力節約 びん蓋開け ジャムのフタや缶 滑り止め 安全 らくらく 力の弱い 女性 お年寄り お子様 キッチンツール キッチン用品 送料無料","ONESIZE","グリーン","X11","Y12",,"0","39","38","-1","星島"
"2026/08/01 17:22:07","在庫CSV取込","9009978","9009978X16Y8","帽子 メンズ AVIREX アビレックス 送料無料 キャップ 父の日 プレゼント 贈り物 ニットキャップ メッシュキャップ 大きいサイズ レディース ディッキーズ ローキャップ ワークキャップ ハット ハンチング おしゃれ ロゴ 刺繍 プリント アメカジ HYPE 通販 yos ギフト","P","-8","X16","Y8",,"0","11","10","-1","星島"
"2026/08/01 17:22:07","在庫CSV取込","7988498","7988498X11Y11","【速攻配達 2個セット】LED ソーラーライト 人感センサー ガーデンライト 防犯ライト 3つ点灯モード 太陽光発電 IP65防水 自動点灯 消灯 屋外ウォールライト ガーデン 玄関 駐車場 停電 防災ライト 地震 津波 台風 防災対応 2個セット セキュリティーライト ★REV 7988498","ONESIZE","ブラック","X11","Y11",,"0","29","28","-1","星島"
"2026/08/01 17:22:07","在庫CSV取込","9009978","9009978X16Y6","帽子 メンズ AVIREX アビレックス 送料無料 キャップ 父の日 プレゼント 贈り物 ニットキャップ メッシュキャップ 大きいサイズ レディース ディッキーズ ローキャップ ワークキャップ ハット ハンチング おしゃれ ロゴ 刺繍 プリント アメカジ HYPE 通販 yos ギフト","P","-6","X16","Y6",,"0","11","10","-1","星島"
"2026/08/01 17:22:07","在庫CSV取込","7999489","7999489X11Y11","5WAY ボディバッグ メンズ 鞄 ショルダーバッグ ウエストバッグ ★REV 7999489 アウトドア キャンプ ミリタリー 無地 迷彩 カモフラージュ 多機能 小さめ 小さい 小型 斜め掛け Military プレゼント ギフト","ONESIZE","ベージュカモ","X11","Y11",,"0","3","2","-1","星島"
"2026/08/01 17:22:07","在庫CSV取込","7995525","7995525X1Y9","AVIREX 限定モデル キャップ 帽子 父の日 贈り物 プレゼント メンズ ★REV ブラックシリーズ 黒 アビレックス アヴィレックス メッシュキャップ ハンチング ローキャップ バケット ハット ワークキャップ レディース かっこいい yos プレゼント ギフト","ONESIZE","【I】ワークキャップ_14587800_80","X1","Y9",,"0","165","164","-1","星島"
"2026/08/01 17:22:07","在庫CSV取込","7988248","7988248X11Y13","リュック メンズ レディース 防水 防災リュック 避難 スポーツ 軽量 リュックサック 32L ★REV 7988248 バックパック デイパック アウトドア キャンプ ジム 登山 散歩  送料無料","ONESIZE","レッド","X11","Y13",,"0","7","6","-1","星島"
"2026/08/01 17:22:07","在庫CSV取込","7992097","7992097X11Y11","アンクレット レディース 手作り 送料無料 つけっぱなし お守り アンク アクセサリー パイナップル ひまわり NEK ALI 7992097 シルバー 190813 プレゼント ギフト","ONESIZE","シルバー","X11","Y11",,"0","3","2","-1","星島"
"2026/08/01 17:22:07","在庫CSV取込","7987852","7987852X11Y13","メッシュキャップ メンズ レディース キャップ 帽子 ★REV 7987852 メンズ レディース アップリケ刺繍 狼 ウルフ","ONESIZE","ブラック","X11","Y13",,"0","2","1","-1","星島"
"2026/08/01 17:22:07","在庫CSV取込","9009978","9009978X9Y5","帽子 メンズ AVIREX アビレックス 送料無料 キャップ 父の日 プレゼント 贈り物 ニットキャップ メッシュキャップ 大きいサイズ レディース ディッキーズ ローキャップ ワークキャップ ハット ハンチング おしゃれ ロゴ 刺繍 プリント アメカジ HYPE 通販 yos ギフト","I","-5","X9","Y5",,"0","0","-1","-1","星島"
"2026/08/01 17:22:07","在庫CSV取込","7990623","7990623X11Y13","ドアオープナー リールキーホルダー付 アシストフック NEK 7990623 触らない 外出時 ボタン押し スイッチ類押し 便利グッズ ウィルス対策 接触防止 エレベーター ノータッチ キーホルダー プレゼント ギフト 送料無料","A","ブロンズ","X11","Y13",,"0","1","0","-1","星島"
"2026/08/01 17:33:55","WEB画面","7992097","7992097X11Y11","アンクレット レディース 手作り 送料無料 つけっぱなし お守り アンク アクセサリー パイナップル ひまわり NEK ALI 7992097 シルバー 190813 プレゼント ギフト","ONESIZE","シルバー","X11","Y11",,"0","2","12","10","星島"
"2026/08/01 17:36:40","WEB画面","9009978","9009978X9Y5","帽子 メンズ AVIREX アビレックス 送料無料 キャップ 父の日 プレゼント 贈り物 ニットキャップ メッシュキャップ 大きいサイズ レディース ディッキーズ ローキャップ ワークキャップ ハット ハンチング おしゃれ ロゴ 刺繍 プリント アメカジ HYPE 通販 yos ギフト","I","-5","X9","Y5",,"0","-1","1","2","星島"
"2026/08/01 17:36:56","WEB画面","9009978","9009978X9Y5","帽子 メンズ AVIREX アビレックス 送料無料 キャップ 父の日 プレゼント 贈り物 ニットキャップ メッシュキャップ 大きいサイズ レディース ディッキーズ ローキャップ ワークキャップ ハット ハンチング おしゃれ ロゴ 刺繍 プリント アメカジ HYPE 通販 yos ギフト","I","-5","X9","Y5",,"0","1","0","-1","星島"
"2026/08/01 17:37:54","WEB画面","7990623","7990623X11Y12","ドアオープナー リールキーホルダー付 アシストフック NEK 7990623 触らない 外出時 ボタン押し スイッチ類押し 便利グッズ ウィルス対策 接触防止 エレベーター ノータッチ キーホルダー プレゼント ギフト 送料無料","A","シルバー","X11","Y12",,"0","-1","0","1","星島"
"2026/08/01 17:37:54","WEB画面","7990623","7990623X11Y13","ドアオープナー リールキーホルダー付 アシストフック NEK 7990623 触らない 外出時 ボタン押し スイッチ類押し 便利グッズ ウィルス対策 接触防止 エレベーター ノータッチ キーホルダー プレゼント ギフト 送料無料","A","ブロンズ","X11","Y13",,"0","0","2","2","星島"
"2026/08/01 17:37:55","受注取込","7997141","7997141X11Y11","特大 スイカ ドーナツ 浮き輪 浮輪 送料無料 プール 大人用 子供用 NEK 7997141 ★REV 120cm 90cm 80cm 70cm 60cm サイズ 大きい 大きめ うきわ ウキワ すいか 海 海水浴 ビックフロート 水上 レジャー かわいい フローティングベッド 西瓜 子供用浮き輪 大人 子供 こども","120cm","スイカ","X11","Y11",,"0","1021","1020","-1",
"2026/08/01 17:39:19","WEB画面","7986471","7986471X11Y11","【おしゃれなシースルー】メッシュトートバッグ エコバッグ NEK ★REVL 7986471レディース シースルー エコバッグ A4対応 軽量168g ナイロンメッシュ 大容量 トートバッグ 肩掛け サブバッグ ショッピングバッグ ビーチバッグ 通勤 通学 おしゃれ 夏バッグ 送料無料","ONESIZE","ブラウン","X11","Y11",,"0","0","25","25","門田"
"2026/08/01 17:39:39","WEB画面","7986471","7986471X11Y12","【おしゃれなシースルー】メッシュトートバッグ エコバッグ NEK ★REVL 7986471レディース シースルー エコバッグ A4対応 軽量168g ナイロンメッシュ 大容量 トートバッグ 肩掛け サブバッグ ショッピングバッグ ビーチバッグ 通勤 通学 おしゃれ 夏バッグ 送料無料","ONESIZE","ブラック","X11","Y12",,"0","0","25","25","門田"
"2026/08/01 17:39:39","WEB画面","7986471","7986471X11Y13","【おしゃれなシースルー】メッシュトートバッグ エコバッグ NEK ★REVL 7986471レディース シースルー エコバッグ A4対応 軽量168g ナイロンメッシュ 大容量 トートバッグ 肩掛け サブバッグ ショッピングバッグ ビーチバッグ 通勤 通学 おしゃれ 夏バッグ 送料無料","ONESIZE","ピンク","X11","Y13",,"0","0","25","25","門田"
"2026/08/01 17:39:39","WEB画面","7986471","7986471X11Y14","【おしゃれなシースルー】メッシュトートバッグ エコバッグ NEK ★REVL 7986471レディース シースルー エコバッグ A4対応 軽量168g ナイロンメッシュ 大容量 トートバッグ 肩掛け サブバッグ ショッピングバッグ ビーチバッグ 通勤 通学 おしゃれ 夏バッグ 送料無料","ONESIZE","アイボリー","X11","Y14",,"0","0","25","25","門田"
"2026/08/01 17:40:55","受注取込","7987400","7987400X11Y11","【とにかくデカい！/普通サイズあり！】キャップ メンズ 大きいサイズ 帽子 深め ビッグサイズ ★REVM 7987400 BIG SIZE メンズキャップ帽子 大きめ 大きい帽子 メンズ帽子 レディース 春 夏 春夏 プレゼント ギフト 母の日 父の日 送料無料","大きいサイズ","A-ブラック","X11","Y11",,"0","164","163","-1",
"2026/08/01 17:41:55","受注取込","7994812","7994812X12Y25","サファリハット メンズ 釣り 帽子 ハット レディース SUNS(サンズ)  撥水 アウトドア 登山 キャンプ バーベキュー NEK ★REV H-051 H-053 送料無料 大きいサイズあり キッズサイズ 子供 UVカット アドベンチャーハット 父の日 プレゼント ユニセックス 春 夏 夏フェス ギフト","大きいサイズ","BROWN(H_051)","X12","Y25",,"0","18","17","-1",
"2026/08/01 17:48:46","受注取込","7987367","7987367X11Y11","【2023年最新！熱中症対策】 ネッククーラー 首掛け扇風機 携帯扇風機 ネックファン ★REV 7987367 急速冷却 小型 羽根なし 首かけ 充電式 扇風機 5000mAh大容量 軽量 3段階風量調節 ひんやり 子供 大人 男女兼用 通勤 通学 家事 熱中症対策 プレゼント ギフト","ONESIZE","ホワイト","X11","Y11",,"0","90","89","-1",
"2026/08/01 17:54:58","WEB画面","7986821","7986821X11Y12","巾着バッグ ドローストリングバッグ ショルダーバッグ ★REV 7986821 バケットバッグ 2way 肩掛け 手提げ ショルダー 軽量 ナイロン レディース メンズ 送料無料","ONESIZE","オリーブ","X11","Y12",,"0","50","51","1","立花"
"2026/08/01 17:55:38","WEB画面","7987400","7987400X11Y30","【とにかくデカい！/普通サイズあり！】キャップ メンズ 大きいサイズ 帽子 深め ビッグサイズ ★REVM 7987400 BIG SIZE メンズキャップ帽子 大きめ 大きい帽子 メンズ帽子 レディース 春 夏 春夏 プレゼント ギフト 母の日 父の日 送料無料","大きいサイズ","T-ブラック","X11","Y30",,"0","10","11","1","立花"
"2026/08/01 17:58:25","受注取込","7997141","7997141X12Y11","特大 スイカ ドーナツ 浮き輪 浮輪 送料無料 プール 大人用 子供用 NEK 7997141 ★REV 120cm 90cm 80cm 70cm 60cm サイズ 大きい 大きめ うきわ ウキワ すいか 海 海水浴 ビックフロート 水上 レジャー かわいい フローティングベッド 西瓜 子供用浮き輪 大人 子供 こども","90cm","スイカ","X12","Y11",,"0","62","61","-1",
"2026/08/01 18:00:35","受注取込","7988215","7988215X17Y13","【とにかくデカい！】 大きいサイズ キャップ メッシュキャップ 送料無料 大きめ ビッグサイズ BIG SIZE ★REV 7988215 <br> 帽子 ハット キャップ ワークキャップ メンズキャップ 大きいサイズ バケット 大きい帽子 メンズ バケハ メンズ帽子 大きい 頭 メッシュ 全39カラー","GG","3","X17","Y13",,"0","26","25","-1",
"2026/08/01 18:00:35","受注取込","7988208","7988208X11Y14","【旅行にピッタリ】ボストンバッグ ボストン メンズ レディース ★REV 7988208 小旅行 大容量 2泊 大きい ゴルフ ビジネス 出張 修学旅行 収納ポケット多数 シンプル 送料無料","ONESIZE","ブラウン","X11","Y14",,"0","3","2","-1",
"2026/08/01 18:00:55","受注取込","7987400","7987400X11Y13","【とにかくデカい！/普通サイズあり！】キャップ メンズ 大きいサイズ 帽子 深め ビッグサイズ ★REVM 7987400 BIG SIZE メンズキャップ帽子 大きめ 大きい帽子 メンズ帽子 レディース 春 夏 春夏 プレゼント ギフト 母の日 父の日 送料無料","大きいサイズ","C-グレー","X11","Y13",,"0","39","38","-1",
"2026/08/01 18:06:12","WEB画面","7986473","7986473X11Y11","【軽量/コンパクト】日傘 軽量 190g UVカット率 100% UPF50+ 完全遮光 NEK ★REVL 7986473  遮熱 ワンタッチ自動開閉 折りたたみ傘 コンパクト 紫外線遮断 耐風撥水 晴雨兼用 携帯便利 メンズ レディース 母の日 父の日 送料無料","ONESIZE","ブラック","X11","Y11",,"0","0","30","30","門田"
"2026/08/01 18:06:12","WEB画面","7986473","7986473X11Y12","【軽量/コンパクト】日傘 軽量 190g UVカット率 100% UPF50+ 完全遮光 NEK ★REVL 7986473  遮熱 ワンタッチ自動開閉 折りたたみ傘 コンパクト 紫外線遮断 耐風撥水 晴雨兼用 携帯便利 メンズ レディース 母の日 父の日 送料無料","ONESIZE","アイボリー","X11","Y12",,"0","0","20","20","門田"
"2026/08/01 18:06:12","WEB画面","7986473","7986473X11Y13","【軽量/コンパクト】日傘 軽量 190g UVカット率 100% UPF50+ 完全遮光 NEK ★REVL 7986473  遮熱 ワンタッチ自動開閉 折りたたみ傘 コンパクト 紫外線遮断 耐風撥水 晴雨兼用 携帯便利 メンズ レディース 母の日 父の日 送料無料","ONESIZE","サックス","X11","Y13",,"0","0","20","20","門田"
"2026/08/01 18:06:12","WEB画面","7986473","7986473X11Y14","【軽量/コンパクト】日傘 軽量 190g UVカット率 100% UPF50+ 完全遮光 NEK ★REVL 7986473  遮熱 ワンタッチ自動開閉 折りたたみ傘 コンパクト 紫外線遮断 耐風撥水 晴雨兼用 携帯便利 メンズ レディース 母の日 父の日 送料無料","ONESIZE","ミント","X11","Y14",,"0","0","20","20","門田"
"2026/08/01 18:06:12","WEB画面","7986473","7986473X11Y15","【軽量/コンパクト】日傘 軽量 190g UVカット率 100% UPF50+ 完全遮光 NEK ★REVL 7986473  遮熱 ワンタッチ自動開閉 折りたたみ傘 コンパクト 紫外線遮断 耐風撥水 晴雨兼用 携帯便利 メンズ レディース 母の日 父の日 送料無料","ONESIZE","サーモンピンク","X11","Y15",,"0","0","20","20","門田"
"2026/08/01 18:06:12","WEB画面","7986473","7986473X11Y16","【軽量/コンパクト】日傘 軽量 190g UVカット率 100% UPF50+ 完全遮光 NEK ★REVL 7986473  遮熱 ワンタッチ自動開閉 折りたたみ傘 コンパクト 紫外線遮断 耐風撥水 晴雨兼用 携帯便利 メンズ レディース 母の日 父の日 送料無料","ONESIZE","ラベンダー","X11","Y16",,"0","0","20","20","門田"
"2026/08/01 18:15:25","受注取込","7986778","7986778X12Y11","【高純度テラヘルツ/3通りの使い方可能】 テラヘルツ ネックレス アンクレット ブレスレット NEK ★REV 7986778 メンズ レディース 鏡面多面カット 3.0mm 健康 テラヘルツ波 パワーストーン 天然石 アクセサリー プレゼント ギフト プチギフト 母の日 父の日 送料無料","多面カット","テラヘルツ","X12","Y11",,"0","24","23","-1",
"2026/08/01 18:17:01","受注取込","7986706","7986706X12Y11","【特大！すっぽりかぶって、小顔見せ】バケットハット チューリップハット 帽子 NEK ★REVL 7986706 メンズ レディース 大きいサイズ 普通サイズ  デニム素材 コットン100％ おしゃれ フリンジ 送料無料","大きいサイズ","ブラック","X12","Y11",,"0","154","153","-1",
"2026/08/01 18:20:01","受注取込","7987026","7987026X12Y11","【大きいサイズあり】キャップ 11cm つば長 帽子 メンズ レディース ★REV 7987026 深め 深い ゴルフ 無地 日焼け止め UVカット 送料無料","大きいサイズ","ブラック","X12","Y11",,"0","30","29","-1",
"2026/08/01 18:20:01","受注取込","7994812","7994812X12Y14","サファリハット メンズ 釣り 帽子 ハット レディース SUNS(サンズ)  撥水 アウトドア 登山 キャンプ バーベキュー NEK ★REV H-051 H-053 送料無料 大きいサイズあり キッズサイズ 子供 UVカット アドベンチャーハット 父の日 プレゼント ユニセックス 春 夏 夏フェス ギフト","大きいサイズ","KHAKI(H_051)","X12","Y14",,"0","34","33","-1",
"2026/08/01 18:25:31","受注取込","7987409","7987409X11Y13","【130cm 大きいサイズ対応】本革 床革 ベルト メンズ 130cm NEK ★REV 7987409 大きいサイズ対応 シンセティックレザー ビジネスベルト カジュアルベルト 父の日 送料無料","ONESIZE","ブラックB","X11","Y13",,"0","29","28","-1",
"2026/08/01 18:31:55","受注取込","8003112","8003112X14Y13","AVIREX アビレックス タンクトップ メンズ 無地 アヴィレックス メンズアメカジトップス ★REV NEK 6143503 全10色 プレゼント ギフト","XL","グレー(14)","X14","Y13",,"0","2","1","-1",
"2026/08/01 18:34:55","受注取込","7988215","7988215X27Y13","【とにかくデカい！】 大きいサイズ キャップ メッシュキャップ 送料無料 大きめ ビッグサイズ BIG SIZE ★REV 7988215 <br> 帽子 ハット キャップ ワークキャップ メンズキャップ 大きいサイズ バケット 大きい帽子 メンズ バケハ メンズ帽子 大きい 頭 メッシュ 全39カラー","QQ","3","X27","Y13",,"0","16","15","-1",
"2026/08/01 18:34:55","受注取込","7988215","7988215X14Y12","【とにかくデカい！】 大きいサイズ キャップ メッシュキャップ 送料無料 大きめ ビッグサイズ BIG SIZE ★REV 7988215 <br> 帽子 ハット キャップ ワークキャップ メンズキャップ 大きいサイズ バケット 大きい帽子 メンズ バケハ メンズ帽子 大きい 頭 メッシュ 全39カラー","DD","2","X14","Y12",,"0","18","17","-1",
"2026/08/01 18:36:01","受注取込","7988103","7988103X11Y11","収納 サンバイザーホルダー マルチ 車 黒 カーポケット ドライブポケット おしゃれ NEK ★REV 7988103 サンバイザーポケット カー用品 収納 カー用品 サンバイザー カード ペン カードポケット 収納ホルダー サングラスホルダー 車 眼鏡ホルダー モジュール","ONESIZE","ブラック","X11","Y11",,"0","5","4","-1",
"2026/08/01 18:40:25","受注取込","7994812","7994812X12Y13","サファリハット メンズ 釣り 帽子 ハット レディース SUNS(サンズ)  撥水 アウトドア 登山 キャンプ バーベキュー NEK ★REV H-051 H-053 送料無料 大きいサイズあり キッズサイズ 子供 UVカット アドベンチャーハット 父の日 プレゼント ユニセックス 春 夏 夏フェス ギフト","大きいサイズ","NAVY(H_051)","X12","Y13",,"0","46","45","-1",
"2026/08/01 18:40:38","受注取込","7988215","7988215X14Y14","【とにかくデカい！】 大きいサイズ キャップ メッシュキャップ 送料無料 大きめ ビッグサイズ BIG SIZE ★REV 7988215 <br> 帽子 ハット キャップ ワークキャップ メンズキャップ 大きいサイズ バケット 大きい帽子 メンズ バケハ メンズ帽子 大きい 頭 メッシュ 全39カラー","DD","4","X14","Y14",,"0","28","27","-1",
"2026/08/01 18:43:25","受注取込","7997141","7997141X11Y11","特大 スイカ ドーナツ 浮き輪 浮輪 送料無料 プール 大人用 子供用 NEK 7997141 ★REV 120cm 90cm 80cm 70cm 60cm サイズ 大きい 大きめ うきわ ウキワ すいか 海 海水浴 ビックフロート 水上 レジャー かわいい フローティングベッド 西瓜 子供用浮き輪 大人 子供 こども","120cm","スイカ","X11","Y11",,"0","1020","1019","-1",
"2026/08/01 18:48:01","受注取込","7986651","7986651X11Y11","【銅×グラフェンの力で、スマホを瞬冷！】スマホ熱中症対策 冷却 クーラー NEK ★REVL 7986651 スマートフォン 保冷 結露なし スマホ 冷感 冷却 iphone アクセサリー 送料無料","ONESIZE","ブラック","X11","Y11",,"0","109","108","-1",
"2026/08/01 18:52:55","受注取込","7988215","7988215X13Y15","【とにかくデカい！】 大きいサイズ キャップ メッシュキャップ 送料無料 大きめ ビッグサイズ BIG SIZE ★REV 7988215 <br> 帽子 ハット キャップ ワークキャップ メンズキャップ 大きいサイズ バケット 大きい帽子 メンズ バケハ メンズ帽子 大きい 頭 メッシュ 全39カラー","CC","5","X13","Y15",,"0","16","15","-1",
"2026/08/01 19:00:55","受注取込","7994812","7994812X11Y13","サファリハット メンズ 釣り 帽子 ハット レディース SUNS(サンズ)  撥水 アウトドア 登山 キャンプ バーベキュー NEK ★REV H-051 H-053 送料無料 大きいサイズあり キッズサイズ 子供 UVカット アドベンチャーハット 父の日 プレゼント ユニセックス 春 夏 夏フェス ギフト","普通サイズ","NAVY(H_051)","X11","Y13",,"0","84","83","-1",
"2026/08/01 19:05:55","受注取込","7994812","7994812X12Y13","サファリハット メンズ 釣り 帽子 ハット レディース SUNS(サンズ)  撥水 アウトドア 登山 キャンプ バーベキュー NEK ★REV H-051 H-053 送料無料 大きいサイズあり キッズサイズ 子供 UVカット アドベンチャーハット 父の日 プレゼント ユニセックス 春 夏 夏フェス ギフト","大きいサイズ","NAVY(H_051)","X12","Y13",,"0","45","44","-1",
"2026/08/01 19:10:01","受注取込","7988215","7988215X12Y11","【とにかくデカい！】 大きいサイズ キャップ メッシュキャップ 送料無料 大きめ ビッグサイズ BIG SIZE ★REV 7988215 <br> 帽子 ハット キャップ ワークキャップ メンズキャップ 大きいサイズ バケット 大きい帽子 メンズ バケハ メンズ帽子 大きい 頭 メッシュ 全39カラー","BB","1","X12","Y11",,"0","38","37","-1",
"2026/08/01 19:13:31","受注取込","7986676","7986676X11Y14","【通気性抜群/薄手コットンニット】ハット 帽子 チューリップハット メンズ レディース NEK ★REVL 7986676 折りたたみ可能  UVカット 春夏ハット おしゃれ 無地 送料無料","ONESIZE","ブラック杢","X11","Y14",,"0","10","9","-1",
"2026/08/01 19:16:18","受注取込","7987087","7987087X11Y12","Cloud 深め 帽子 キャップ メンズ レディース ★REV 7987087 Vintage CRUSH加工 サイド刺繍 おしゃれ 送料無料","ONESIZE","ブラック","X11","Y12",,"0","8","7","-1",
"2026/08/01 19:18:55","受注取込","7994812","7994812X12Y11","サファリハット メンズ 釣り 帽子 ハット レディース SUNS(サンズ)  撥水 アウトドア 登山 キャンプ バーベキュー NEK ★REV H-051 H-053 送料無料 大きいサイズあり キッズサイズ 子供 UVカット アドベンチャーハット 父の日 プレゼント ユニセックス 春 夏 夏フェス ギフト","大きいサイズ","BK/BLACK(H_051)","X12","Y11",,"0","445","444","-1",
"2026/08/01 19:21:55","受注取込","7987988","7987988X12Y15","【AVIREX 限定】サファリハット メンズ 大きいサイズ BIGサイズ アドベンチャーハット 17158300 17158400 釣り 帽子 ハット ★REV NEK 7987988 大きめ 普通サイズ AVIREX 限定 かっこいい アウトドア ブラックシリーズ アビレックス 帽子 キャップ ブランド 撥水加工","大きいサイズ_17158400","グレージュ(73)","X12","Y15",,"0","54","53","-1",
"2026/08/01 19:24:55","受注取込","7992723","7992723X12Y11","お得！ 送料無料 4枚入り 福袋 Dickies ディッキーズ ボクサーパンツ メンズ かわいい NEK ★REV <br> パンツ ボクサーパンツ セット メンズ下着 メンズボクサーパンツ メンズボクサー 大きいサイズ 大きめ 特大 3L 下着 インナー メンズ usa まとめ買い プレゼント ギフト","L","福袋4枚セット","X12","Y11",,"0","284","283","-1",
"2026/08/01 19:28:55","受注取込","7987345","7987345X17Y14","【とにかくデカい！】 大きいサイズ キャップ 送料無料 大きめ ビッグサイズ ★REV 7987345 BIG SIZE 帽子 ハット キャップ キャスケット メンズキャップ 大きいサイズ バケット 大きい帽子 メンズ メンズ帽子 大きい 頭 メッシュキャップ","GGG","4","X17","Y14",,"0","4","3","-1",
"2026/08/01 19:28:55","受注取込","7987345","7987345X18Y13","【とにかくデカい！】 大きいサイズ キャップ 送料無料 大きめ ビッグサイズ ★REV 7987345 BIG SIZE 帽子 ハット キャップ キャスケット メンズキャップ 大きいサイズ バケット 大きい帽子 メンズ メンズ帽子 大きい 頭 メッシュキャップ","HHH","3","X18","Y13",,"0","21","20","-1",
"2026/08/01 19:34:25","受注取込","8003112","8003112X11Y11","AVIREX アビレックス タンクトップ メンズ 無地 アヴィレックス メンズアメカジトップス ★REV NEK 6143503 全10色 プレゼント ギフト","S","ホワイト(01)","X11","Y11",,"0","3","0","-3",
"2026/08/01 19:38:00","受注取込","7987757","7987757X11Y11","【カーボンスタイル 大きいサイズ】メッシュキャップ キャップ 帽子 蒸れない ★REV 7987757 大きいサイズ カーボン調 プレゼント ギフト 送料無料","ONESIZE","ブラック","X11","Y11",,"0","79","78","-1",
"2026/08/01 19:40:12","受注取込","7987782","7987782X11Y11","【お得なMilitaryショルダー】ショルダーバッグ サコッシュ ポーチ ★REV 7987782 メンズ レディース ミリタリー MA-1 プレゼント ギフト 送料無料","ONESIZE","オリーブ","X11","Y11",,"0","4","3","-1",
"2026/08/01 19:40:59","受注取込","7987891","7987891X11Y14","【ヤシの木】麦わら帽子 メンズ レディース ストローハット 中折れハット ★REV 7987891 帽子 麦わらハット 夏 ペーパー ハット おしゃれ プレゼント プチギフト","ONESIZE","ベージュ","X11","Y14",,"0","12","11","-1",
"2026/08/01 19:41:30","受注取込","7994812","7994812X11Y17","サファリハット メンズ 釣り 帽子 ハット レディース SUNS(サンズ)  撥水 アウトドア 登山 キャンプ バーベキュー NEK ★REV H-051 H-053 送料無料 大きいサイズあり キッズサイズ 子供 UVカット アドベンチャーハット 父の日 プレゼント ユニセックス 春 夏 夏フェス ギフト","普通サイズ","YELLOW(H_051)","X11","Y17",,"0","18","17","-1",
"2026/08/01 19:41:30","受注取込","7987065","7987065X11Y11","【衝撃に強い】安全靴 スニーカー エアウォーク ミッドカット ハイカット ミドルカット AIR WALK AW-970 AW-980 Y_YU ★REV 7987065 メンズ おしゃれ 耐滑底 樹脂先芯 超軽量 マジックテープ セーフティシューズ 作業靴","25.0cm","AW-970_BLACK","X11","Y11",,"0","81","80","-1",
"2026/08/01 19:41:30","受注取込","8003102","8003102X16Y14","やみつきになる！ ストレッチ AVIREX アビレックス Tシャツ メンズ ★REV NEK 6143501 6143502 Vネック クルーネック 半袖 プレゼント ギフト","クルーネック_ホワイト_001","XLサイズ","X16","Y14",,"0","2","1","-1",
"2026/08/01 19:47:17","受注取込","7986822","7986822X11Y11","【耐強風/12本骨】 折りたたみ傘 大きいサイズ メンズ レディース 117cm 自動開閉 ★REV 7986822 遮蔽率99.9% UVカット UPF50+ 日傘 晴雨兼用 収納袋 紫外線遮断 雨傘 丈夫 頑丈 傘 完全遮光 ワンタッチ かさ 送料無料","ONESIZE","ブラック","X11","Y11",,"0","2","1","-1",
"2026/08/01 19:50:01","受注取込","7994812","7994812X11Y20","サファリハット メンズ 釣り 帽子 ハット レディース SUNS(サンズ)  撥水 アウトドア 登山 キャンプ バーベキュー NEK ★REV H-051 H-053 送料無料 大きいサイズあり キッズサイズ 子供 UVカット アドベンチャーハット 父の日 プレゼント ユニセックス 春 夏 夏フェス ギフト","普通サイズ","PURPLE(H_051)","X11","Y20",,"0","9","8","-1",
"2026/08/01 19:53:55","受注取込","7994812","7994812X12Y16","サファリハット メンズ 釣り 帽子 ハット レディース SUNS(サンズ)  撥水 アウトドア 登山 キャンプ バーベキュー NEK ★REV H-051 H-053 送料無料 大きいサイズあり キッズサイズ 子供 UVカット アドベンチャーハット 父の日 プレゼント ユニセックス 春 夏 夏フェス ギフト","大きいサイズ","GRAY(H_051)","X12","Y16",,"0","98","97","-1",
"2026/08/01 19:57:02","受注取込","7994812","7994812X12Y33","サファリハット メンズ 釣り 帽子 ハット レディース SUNS(サンズ)  撥水 アウトドア 登山 キャンプ バーベキュー NEK ★REV H-051 H-053 送料無料 大きいサイズあり キッズサイズ 子供 UVカット アドベンチャーハット 父の日 プレゼント ユニセックス 春 夏 夏フェス ギフト","大きいサイズ","GREIGE(H-051)","X12","Y33",,"0","44","43","-1",
"2026/08/01 19:57:02","受注取込","7994812","7994812X12Y12","サファリハット メンズ 釣り 帽子 ハット レディース SUNS(サンズ)  撥水 アウトドア 登山 キャンプ バーベキュー NEK ★REV H-051 H-053 送料無料 大きいサイズあり キッズサイズ 子供 UVカット アドベンチャーハット 父の日 プレゼント ユニセックス 春 夏 夏フェス ギフト","大きいサイズ","BLACK(H_051)","X12","Y12",,"0","54","53","-1",
"2026/08/01 19:59:55","受注取込","7997141","7997141X11Y11","特大 スイカ ドーナツ 浮き輪 浮輪 送料無料 プール 大人用 子供用 NEK 7997141 ★REV 120cm 90cm 80cm 70cm 60cm サイズ 大きい 大きめ うきわ ウキワ すいか 海 海水浴 ビックフロート 水上 レジャー かわいい フローティングベッド 西瓜 子供用浮き輪 大人 子供 こども","120cm","スイカ","X11","Y11",,"0","1019","1018","-1",
"2026/08/01 20:04:31","受注取込","7988215","7988215X12Y14","【とにかくデカい！】 大きいサイズ キャップ メッシュキャップ 送料無料 大きめ ビッグサイズ BIG SIZE ★REV 7988215 <br> 帽子 ハット キャップ ワークキャップ メンズキャップ 大きいサイズ バケット 大きい帽子 メンズ バケハ メンズ帽子 大きい 頭 メッシュ 全39カラー","BB","4","X12","Y14",,"0","8","7","-1",
"2026/08/01 20:06:25","受注取込","7988450","7988450X11Y11","【撫でるだけ！】ペット グルーミング グローブ ブラシ 手袋 犬 猫 マッサージ NEK 7988450 ブラシ 抜け毛抜き 毛玉除去 毛取り マッサージ手袋 抜け毛対策 グルーミンググローブ ペット用品 ペットグッズ 換毛期 右手用 プレゼント ギフト","ONESIZE","ブルー","X11","Y11",,"0","61","60","-1",
"2026/08/01 20:07:31","受注取込","7992723","7992723X14Y11","お得！ 送料無料 4枚入り 福袋 Dickies ディッキーズ ボクサーパンツ メンズ かわいい NEK ★REV <br> パンツ ボクサーパンツ セット メンズ下着 メンズボクサーパンツ メンズボクサー 大きいサイズ 大きめ 特大 3L 下着 インナー メンズ usa まとめ買い プレゼント ギフト","3L","福袋4枚セット","X14","Y11",,"0","197","196","-1",
"2026/08/01 20:07:31","受注取込","7987070","7987070X12Y11","【お得な2枚組】X-LARGE XLARGE エクストララージ ボクサーパンツ メンズ アンダーウェア 下着 NEK ★REVL 7987070 かっこいい ツルツル おすすめ 人気 カモフラ タイダイ 炎 迷彩 カモ柄 ブランド 男性 紳士 プレゼント プチギフト 父の日 誕生日 彼氏 父 息子 ギフト 記念日 大きいサイズ 福袋 送料無料","L","2枚組","X12","Y11",,"0","31","30","-1",
"2026/08/01 20:10:29","受注取込","7986691","7986691X11Y14","【電池付き】掛け時計 ウォールクロック 壁掛け時計 北欧 シンプル アンティーク レトロ ★REVL 7986691 置時計 PUレザー モダンインテリア 送料無料","ONESIZE","グレー","X11","Y14",,"0","33","32","-1",
"2026/08/01 20:13:25","受注取込","7994812","7994812X11Y33","サファリハット メンズ 釣り 帽子 ハット レディース SUNS(サンズ)  撥水 アウトドア 登山 キャンプ バーベキュー NEK ★REV H-051 H-053 送料無料 大きいサイズあり キッズサイズ 子供 UVカット アドベンチャーハット 父の日 プレゼント ユニセックス 春 夏 夏フェス ギフト","普通サイズ","GREIGE(H-051)","X11","Y33",,"0","114","113","-1",
"2026/08/01 20:13:25","受注取込","7994812","7994812X11Y25","サファリハット メンズ 釣り 帽子 ハット レディース SUNS(サンズ)  撥水 アウトドア 登山 キャンプ バーベキュー NEK ★REV H-051 H-053 送料無料 大きいサイズあり キッズサイズ 子供 UVカット アドベンチャーハット 父の日 プレゼント ユニセックス 春 夏 夏フェス ギフト","普通サイズ","BROWN(H_051)","X11","Y25",,"0","30","29","-1",
"2026/08/01 20:16:18","受注取込","7988215","7988215X21Y11","【とにかくデカい！】 大きいサイズ キャップ メッシュキャップ 送料無料 大きめ ビッグサイズ BIG SIZE ★REV 7988215 <br> 帽子 ハット キャップ ワークキャップ メンズキャップ 大きいサイズ バケット 大きい帽子 メンズ バケハ メンズ帽子 大きい 頭 メッシュ 全39カラー","KK","1","X21","Y11",,"0","9","8","-1",
"2026/08/01 20:16:25","受注取込","7994812","7994812X11Y33","サファリハット メンズ 釣り 帽子 ハット レディース SUNS(サンズ)  撥水 アウトドア 登山 キャンプ バーベキュー NEK ★REV H-051 H-053 送料無料 大きいサイズあり キッズサイズ 子供 UVカット アドベンチャーハット 父の日 プレゼント ユニセックス 春 夏 夏フェス ギフト","普通サイズ","GREIGE(H-051)","X11","Y33",,"0","113","112","-1",
"2026/08/01 20:16:25","受注取込","7994812","7994812X13Y33","サファリハット メンズ 釣り 帽子 ハット レディース SUNS(サンズ)  撥水 アウトドア 登山 キャンプ バーベキュー NEK ★REV H-051 H-053 送料無料 大きいサイズあり キッズサイズ 子供 UVカット アドベンチャーハット 父の日 プレゼント ユニセックス 春 夏 夏フェス ギフト","キッズサイズ","GREIGE(H-051)","X13","Y33",,"0","8","7","-1",
"2026/08/01 20:20:01","受注取込","7987490","7987490X11Y11","【手首を太く逞しくする】前腕筋 筋トレ 握力 手首 前腕部の強化 腕相撲 ★REV 7987490 バスケットボール テニス ゴルフ 柔道 剣道 空手 格闘技 プレゼント ギフト 送料無料","ONESIZE","ブラック","X11","Y11",,"0","99","98","-1",
"2026/08/01 20:20:01","受注取込","7987794","7987794X12Y15","【大きいサイズもあり】キャスハンチング キャップ メンズ レディース CULTURE MART NEK 101294 ★REV 7987794 ハンチング帽子 ハンチング帽 秋冬 帽子 ハンチング キャスケット メンズ帽子 レディース帽子秋冬 秋冬帽子 メンズハンチング おしゃれ カルチャーマート","大きいサイズ","デニム×ヒッコリー(5)","X12","Y15",,"0","44","43","-1",
"2026/08/01 20:20:13","受注取込","7987035","7987035X11Y13","【畳める】折りたたみ 防災リュック リュックサック バックパック NEK ★REVL 7987035 デイパック アウトドア キャンプ スポーツ ジム 撥水 軽量 パッカブル 通勤 通学 旅行 送料無料","ONESIZE","オレンジ","X11","Y13",,"0","1","0","-1",
"2026/08/01 20:34:31","受注取込","7987802","7987802X11Y12","健康サンダル 足つぼ スリッパ 健康 サンダル 健康スリッパ 天然石 パワーストーン レディース メンズ オフィス ★REV 7987802 リラックス ストーン 足裏 足うら 刺激 ツボ押し つぼ押し 超強力 マッサージ 室内 屋外 野外 リフレクソロジー 足ツボサンダル 石 岩 送料無料","35-36(22.5～23.0cm)","レッド","X11","Y12",,"0","19","18","-1",
"2026/08/01 20:40:06","受注取込","7987070","7987070X12Y11","【お得な2枚組】X-LARGE XLARGE エクストララージ ボクサーパンツ メンズ アンダーウェア 下着 NEK ★REVL 7987070 かっこいい ツルツル おすすめ 人気 カモフラ タイダイ 炎 迷彩 カモ柄 ブランド 男性 紳士 プレゼント プチギフト 父の日 誕生日 彼氏 父 息子 ギフト 記念日 大きいサイズ 福袋 送料無料","L","2枚組","X12","Y11",,"0","30","29","-1",
"2026/08/01 20:42:25","受注取込","7997141","7997141X11Y12","特大 スイカ ドーナツ 浮き輪 浮輪 送料無料 プール 大人用 子供用 NEK 7997141 ★REV 120cm 90cm 80cm 70cm 60cm サイズ 大きい 大きめ うきわ ウキワ すいか 海 海水浴 ビックフロート 水上 レジャー かわいい フローティングベッド 西瓜 子供用浮き輪 大人 子供 こども","120cm","ドーナツイチゴ","X11","Y12",,"0","27","26","-1",
"2026/08/01 20:44:03","受注取込","7987697","7987697X11Y11","【速攻配達】冷やスマPRO 盛夏用 スマホ熱中症対策 冷却 クーラー ★REV NEK スマートフォン専用常温保冷剤 熱暴走 結露なし スマホ 冷感 冷却 HIYASUMA","ONESIZE","ホワイト","X11","Y11",,"0","427","426","-1",
"2026/08/01 20:46:13","受注取込","7986822","7986822X11Y11","【耐強風/12本骨】 折りたたみ傘 大きいサイズ メンズ レディース 117cm 自動開閉 ★REV 7986822 遮蔽率99.9% UVカット UPF50+ 日傘 晴雨兼用 収納袋 紫外線遮断 雨傘 丈夫 頑丈 傘 完全遮光 ワンタッチ かさ 送料無料","ONESIZE","ブラック","X11","Y11",,"0","1","0","-1",
"2026/08/01 20:46:59","受注取込","7995525","7995525X1Y14","AVIREX 限定モデル キャップ 帽子 父の日 贈り物 プレゼント メンズ ★REV ブラックシリーズ 黒 アビレックス アヴィレックス メッシュキャップ ハンチング ローキャップ バケット ハット ワークキャップ レディース かっこいい yos プレゼント ギフト","ONESIZE","【N】サファリハット_17158300","X1","Y14",,"0","134","133","-1",
"2026/08/01 20:50:02","受注取込","7994812","7994812X12Y33","サファリハット メンズ 釣り 帽子 ハット レディース SUNS(サンズ)  撥水 アウトドア 登山 キャンプ バーベキュー NEK ★REV H-051 H-053 送料無料 大きいサイズあり キッズサイズ 子供 UVカット アドベンチャーハット 父の日 プレゼント ユニセックス 春 夏 夏フェス ギフト","大きいサイズ","GREIGE(H-051)","X12","Y33",,"0","43","42","-1",
"2026/08/01 20:50:02","受注取込","7987610","7987610X11Y11","【お得3本セット】ピンセット イルマ ワン テリア ILUMA TEREA アイコス NEK ★REV 7987610 IQOS グロー プルーム 電子タバコ お掃除 DIY LTG プラモデル 模型 工作 クリーニングフィルター クリーナー プレゼント ギフト 母の日 父の日 送料無料","ONESIZE","3本セット","X11","Y11",,"0","11","10","-1",
"2026/08/01 20:58:25","受注取込","7987697","7987697X11Y11","【速攻配達】冷やスマPRO 盛夏用 スマホ熱中症対策 冷却 クーラー ★REV NEK スマートフォン専用常温保冷剤 熱暴走 結露なし スマホ 冷感 冷却 HIYASUMA","ONESIZE","ホワイト","X11","Y11",,"0","426","425","-1",
"2026/08/01 21:05:55","受注取込","7987026","7987026X11Y13","【大きいサイズあり】キャップ 11cm つば長 帽子 メンズ レディース ★REV 7987026 深め 深い ゴルフ 無地 日焼け止め UVカット 送料無料","普通サイズ","ベージュ","X11","Y13",,"0","7","6","-1",
"2026/08/01 21:11:25","受注取込","7987169","7987169X11Y15","【本革 コンパクト】財布 レディース メンズ ミニ財布 短財布 ミニウォレット NEK ★REVH 7987169 エンボス レザー 革 本革 牛革 ショートウォレット さいふ ウォレット 多機能 大容量 男性 ギフト 紳士用 プレゼント 薄い スリム 収納 ラウンドファスナー 送料無料","ONESIZE","グリーン×オレンジ","X11","Y15",,"0","9","8","-1",
"2026/08/01 21:13:31","受注取込","7987846","7987846X11Y12","【大容量】ボディバッグ バッグ メンズ レディース タクティカル 斜めがけバッグ ★REV 7987846 ショルダー ワンショルダー ミリタリー プレゼント ギフト 父の日 Ipad 送料無料","ONESIZE","ブラック","X11","Y12",,"0","2","1","-1",
"2026/08/01 21:14:39","受注取込","7994812","7994812X12Y22","サファリハット メンズ 釣り 帽子 ハット レディース SUNS(サンズ)  撥水 アウトドア 登山 キャンプ バーベキュー NEK ★REV H-051 H-053 送料無料 大きいサイズあり キッズサイズ 子供 UVカット アドベンチャーハット 父の日 プレゼント ユニセックス 春 夏 夏フェス ギフト","大きいサイズ","BROWN/BEIGE(H_051)","X12","Y22",,"0","15","14","-1",
"2026/08/01 21:18:11","受注取込","9009978","9009978X1Y1","帽子 メンズ AVIREX アビレックス 送料無料 キャップ 父の日 プレゼント 贈り物 ニットキャップ メッシュキャップ 大きいサイズ レディース ディッキーズ ローキャップ ワークキャップ ハット ハンチング おしゃれ ロゴ 刺繍 プリント アメカジ HYPE 通販 yos ギフト","A","-1","X1","Y1",,"0","5","4","-1",
"2026/08/01 21:20:35","受注取込","7987070","7987070X12Y11","【お得な2枚組】X-LARGE XLARGE エクストララージ ボクサーパンツ メンズ アンダーウェア 下着 NEK ★REVL 7987070 かっこいい ツルツル おすすめ 人気 カモフラ タイダイ 炎 迷彩 カモ柄 ブランド 男性 紳士 プレゼント プチギフト 父の日 誕生日 彼氏 父 息子 ギフト 記念日 大きいサイズ 福袋 送料無料","L","2枚組","X12","Y11",,"0","29","28","-1",
"2026/08/01 21:24:55","受注取込","7994812","7994812X13Y21","サファリハット メンズ 釣り 帽子 ハット レディース SUNS(サンズ)  撥水 アウトドア 登山 キャンプ バーベキュー NEK ★REV H-051 H-053 送料無料 大きいサイズあり キッズサイズ 子供 UVカット アドベンチャーハット 父の日 プレゼント ユニセックス 春 夏 夏フェス ギフト","キッズサイズ","PINK(H_051)","X13","Y21",,"0","4","3","-1",
"2026/08/01 21:28:55","受注取込","7987952","7987952X11Y13","2WAY ボストンバッグ 大容量 メンズ レディース ショルダーバッグ 旅行 ★REV 7987952 アウトドア キャンプ スポーツ ジム ゴルフ 肩掛け シューズ収納 軽量 防水 靴収納 スポーツバッグ ジムバッグ 2wayバック 男 女子 ボストンバック 靴 収納 ボストン メンズ 送料無料","ONESIZE","オリーブ","X11","Y13",,"0","12","11","-1",
"2026/08/01 21:32:18","受注取込","7988450","7988450X11Y11","【撫でるだけ！】ペット グルーミング グローブ ブラシ 手袋 犬 猫 マッサージ NEK 7988450 ブラシ 抜け毛抜き 毛玉除去 毛取り マッサージ手袋 抜け毛対策 グルーミンググローブ ペット用品 ペットグッズ 換毛期 右手用 プレゼント ギフト","ONESIZE","ブルー","X11","Y11",,"0","60","59","-1",
"2026/08/01 21:32:18","受注取込","7994812","7994812X12Y16","サファリハット メンズ 釣り 帽子 ハット レディース SUNS(サンズ)  撥水 アウトドア 登山 キャンプ バーベキュー NEK ★REV H-051 H-053 送料無料 大きいサイズあり キッズサイズ 子供 UVカット アドベンチャーハット 父の日 プレゼント ユニセックス 春 夏 夏フェス ギフト","大きいサイズ","GRAY(H_051)","X12","Y16",,"0","97","96","-1",
"2026/08/01 21:32:18","受注取込","7992723","7992723X11Y11","お得！ 送料無料 4枚入り 福袋 Dickies ディッキーズ ボクサーパンツ メンズ かわいい NEK ★REV <br> パンツ ボクサーパンツ セット メンズ下着 メンズボクサーパンツ メンズボクサー 大きいサイズ 大きめ 特大 3L 下着 インナー メンズ usa まとめ買い プレゼント ギフト","M","福袋4枚セット","X11","Y11",,"0","206","205","-1",
"2026/08/01 21:32:30","受注取込","7987345","7987345X11Y12","【とにかくデカい！】 大きいサイズ キャップ 送料無料 大きめ ビッグサイズ ★REV 7987345 BIG SIZE 帽子 ハット キャップ キャスケット メンズキャップ 大きいサイズ バケット 大きい帽子 メンズ メンズ帽子 大きい 頭 メッシュキャップ","AAA","2","X11","Y12",,"0","13","12","-1",
"2026/08/01 21:32:55","受注取込","7994812","7994812X12Y11","サファリハット メンズ 釣り 帽子 ハット レディース SUNS(サンズ)  撥水 アウトドア 登山 キャンプ バーベキュー NEK ★REV H-051 H-053 送料無料 大きいサイズあり キッズサイズ 子供 UVカット アドベンチャーハット 父の日 プレゼント ユニセックス 春 夏 夏フェス ギフト","大きいサイズ","BK/BLACK(H_051)","X12","Y11",,"0","444","443","-1",
"2026/08/01 21:38:00","受注取込","7994812","7994812X13Y33","サファリハット メンズ 釣り 帽子 ハット レディース SUNS(サンズ)  撥水 アウトドア 登山 キャンプ バーベキュー NEK ★REV H-051 H-053 送料無料 大きいサイズあり キッズサイズ 子供 UVカット アドベンチャーハット 父の日 プレゼント ユニセックス 春 夏 夏フェス ギフト","キッズサイズ","GREIGE(H-051)","X13","Y33",,"0","7","6","-1",
"2026/08/01 21:40:33","受注取込","7987076","7987076X11Y13","【超軽量55g】特価 キャップ 帽子 メッシュキャップ ランニングキャップ NEK ★REV 7987076 メンズ レディース 速乾 軽量 ジョギング アウトドア キャンプ スポーツ 釣り 海 プール","アジャスタータイプ","ネイビー","X11","Y13",,"0","27","26","-1",
"2026/08/01 21:42:55","受注取込","7988215","7988215X13Y14","【とにかくデカい！】 大きいサイズ キャップ メッシュキャップ 送料無料 大きめ ビッグサイズ BIG SIZE ★REV 7988215 <br> 帽子 ハット キャップ ワークキャップ メンズキャップ 大きいサイズ バケット 大きい帽子 メンズ バケハ メンズ帽子 大きい 頭 メッシュ 全39カラー","CC","4","X13","Y14",,"0","31","28","-3",
"2026/08/01 21:46:31","受注取込","8003102","8003102X19Y14","やみつきになる！ ストレッチ AVIREX アビレックス Tシャツ メンズ ★REV NEK 6143501 6143502 Vネック クルーネック 半袖 プレゼント ギフト","クルーネック_チャコール_019","XLサイズ","X19","Y14",,"0","3","2","-1",
"2026/08/01 21:46:31","受注取込","8003102","8003102X17Y14","やみつきになる！ ストレッチ AVIREX アビレックス Tシャツ メンズ ★REV NEK 6143501 6143502 Vネック クルーネック 半袖 プレゼント ギフト","クルーネック_ブラック_009","XLサイズ","X17","Y14",,"0","3","2","-1",
"2026/08/01 21:46:55","受注取込","7994812","7994812X12Y11","サファリハット メンズ 釣り 帽子 ハット レディース SUNS(サンズ)  撥水 アウトドア 登山 キャンプ バーベキュー NEK ★REV H-051 H-053 送料無料 大きいサイズあり キッズサイズ 子供 UVカット アドベンチャーハット 父の日 プレゼント ユニセックス 春 夏 夏フェス ギフト","大きいサイズ","BK/BLACK(H_051)","X12","Y11",,"0","443","442","-1",
"2026/08/01 21:49:25","受注取込","8003102","8003102X16Y13","やみつきになる！ ストレッチ AVIREX アビレックス Tシャツ メンズ ★REV NEK 6143501 6143502 Vネック クルーネック 半袖 プレゼント ギフト","クルーネック_ホワイト_001","Lサイズ","X16","Y13",,"0","5","4","-1",
"2026/08/01 21:49:25","受注取込","8003102","8003102X12Y13","やみつきになる！ ストレッチ AVIREX アビレックス Tシャツ メンズ ★REV NEK 6143501 6143502 Vネック クルーネック 半袖 プレゼント ギフト","Vネック_ブラック_009","Lサイズ","X12","Y13",,"0","2","1","-1",
"2026/08/01 21:49:25","受注取込","8003102","8003102X11Y13","やみつきになる！ ストレッチ AVIREX アビレックス Tシャツ メンズ ★REV NEK 6143501 6143502 Vネック クルーネック 半袖 プレゼント ギフト","Vネック_ホワイト_001","Lサイズ","X11","Y13",,"0","7","6","-1",
"2026/08/01 21:49:31","受注取込","7987405","7987405X11Y11","【組み立て簡単】テント タープテント ヘキサタープ 軽量 キャンプ アウトドア ★REV 7987405 レジャー 海水浴 日よけ 日差しカット 運動会 コンパクト 折りたたみ グランピング用品","ONESIZE","グリーン","X11","Y11",,"0","16","15","-1",
"2026/08/01 21:50:11","受注取込","7986521","7986521X11Y12","【背中ひんやりメッシュ！】フロート 浮き輪 ベッドタイプ 150cm 大人用 ビーチマット NEK ★REVL 7986521 リゾート プール 海 SNS映え PVC素材 送料無料","ONESIZE","ストロベリー","X11","Y12",,"0","18","17","-1",
"2026/08/01 21:52:25","受注取込","7986547","7986547X11Y11","【お得な5枚10点セット】福袋 おなかぷにぷに3Dキャラクターシール 犬猫アニマル NEK ★REVO 7986547 ピンセット付き ぷにぷに触感 ストレス解消 癒しデコシール プレゼント ギフト 送料無料","ONESIZE","5枚10点アソート","X11","Y11",,"0","696","695","-1",
"2026/08/01 21:52:31","受注取込","7986751","7986751X11Y14","【グリップ力効果/洗濯可能】トレーニンググローブ 手袋 筋トレ 筋トレグローブ NEK ★REV 7986751 レディース メンズ ジム手袋 指無し ウェイトリフティング 防滑 クッション性 伸びる 洗濯OK バーベル サイクリング ヨガ グリップ 衝撃吸収 通気性 送料無料","S","パステル","X11","Y14",,"0","5","4","-1",
"2026/08/01 21:57:25","受注取込","7987400","7987400X11Y16","【とにかくデカい！/普通サイズあり！】キャップ メンズ 大きいサイズ 帽子 深め ビッグサイズ ★REVM 7987400 BIG SIZE メンズキャップ帽子 大きめ 大きい帽子 メンズ帽子 レディース 春 夏 春夏 プレゼント ギフト 母の日 父の日 送料無料","大きいサイズ","F-ブラック","X11","Y16",,"0","56","55","-1",
"2026/08/01 21:58:30","受注取込","7988103","7988103X11Y12","収納 サンバイザーホルダー マルチ 車 黒 カーポケット ドライブポケット おしゃれ NEK ★REV 7988103 サンバイザーポケット カー用品 収納 カー用品 サンバイザー カード ペン カードポケット 収納ホルダー サングラスホルダー 車 眼鏡ホルダー モジュール","ONESIZE","オリーブ","X11","Y12",,"0","29","28","-1",
"2026/08/01 22:00:14","受注取込","7988047","7988047X11Y11","2WAY ミニ ボストンバッグ メンズ レディース ★REV 7988047 小さめ 小型 ショルダーバッグ ミニバッグ ドラムバッグ 小旅行 アウトドア キャンプ ジム 軽量 送料無料","ONESIZE","ブラック","X11","Y11",,"0","68","67","-1",
"2026/08/01 22:00:25","受注取込","7994812","7994812X12Y11","サファリハット メンズ 釣り 帽子 ハット レディース SUNS(サンズ)  撥水 アウトドア 登山 キャンプ バーベキュー NEK ★REV H-051 H-053 送料無料 大きいサイズあり キッズサイズ 子供 UVカット アドベンチャーハット 父の日 プレゼント ユニセックス 春 夏 夏フェス ギフト","大きいサイズ","BK/BLACK(H_051)","X12","Y11",,"0","442","441","-1",
"2026/08/01 22:02:00","受注取込","7987642","7987642X11Y11","【送料無料】ミニ財布 メンズ 本革 レディース 二つ折り 財布 カードケース LTG カード入れ 多い NEK ★REV 7987642 折りたたみ コンパクト 小さい財布 小銭入れ コインスルー お札が折れない スキミング防止 ファスナー コインケース ミニマリスト ラウンドジッパー","ONESIZE","ブラック","X11","Y11",,"0","32","31","-1",
"2026/08/01 22:04:55","受注取込","7987076","7987076X11Y14","【超軽量55g】特価 キャップ 帽子 メッシュキャップ ランニングキャップ NEK ★REV 7987076 メンズ レディース 速乾 軽量 ジョギング アウトドア キャンプ スポーツ 釣り 海 プール","アジャスタータイプ","ライトグレー","X11","Y14",,"0","14","13","-1",
"2026/08/01 22:05:01","受注取込","7987076","7987076X11Y15","【超軽量55g】特価 キャップ 帽子 メッシュキャップ ランニングキャップ NEK ★REV 7987076 メンズ レディース 速乾 軽量 ジョギング アウトドア キャンプ スポーツ 釣り 海 プール","アジャスタータイプ","ベージュ","X11","Y15",,"0","30","29","-1",
"2026/08/01 22:11:55","受注取込","7986669","7986669X11Y16","【12mm小粒/おしゃれ】12mm パワーストーン ネックレス チョーカー メンズ レディース NEK ★REVL 7986669 アメジスト タイガーアイ ラピスラズリ 瑪瑙 メノウ オブシディアン ドラゴンアゲート 金運 財運 仕事運 恋愛 結婚 家庭円満 癒し 厄除祈願 天然石 お守り プレゼント おしゃれ アクセサリー 送料無料","ONESIZE","ラピスラズリ","X11","Y16",,"0","34","33","-1",
"2026/08/01 22:11:55","受注取込","7986549","7986549X11Y13","【天然素材】パワーストーン パワーウッド ブレスレット レディース メンズ アクセサリー NEK ★REVO 7986549 プレゼント ギフト 母の日 クリスマス 送料無料","ONESIZE","C","X11","Y13",,"0","12","11","-1",
"2026/08/01 22:11:55","受注取込","7986549","7986549X11Y12","【天然素材】パワーストーン パワーウッド ブレスレット レディース メンズ アクセサリー NEK ★REVO 7986549 プレゼント ギフト 母の日 クリスマス 送料無料","ONESIZE","B","X11","Y12",,"0","22","21","-1",
"2026/08/01 22:11:55","受注取込","7987400","7987400X11Y26","【とにかくデカい！/普通サイズあり！】キャップ メンズ 大きいサイズ 帽子 深め ビッグサイズ ★REVM 7987400 BIG SIZE メンズキャップ帽子 大きめ 大きい帽子 メンズ帽子 レディース 春 夏 春夏 プレゼント ギフト 母の日 父の日 送料無料","大きいサイズ","P-ブラック","X11","Y26",,"0","51","50","-1",
"2026/08/01 22:14:01","受注取込","7988047","7988047X11Y13","2WAY ミニ ボストンバッグ メンズ レディース ★REV 7988047 小さめ 小型 ショルダーバッグ ミニバッグ ドラムバッグ 小旅行 アウトドア キャンプ ジム 軽量 送料無料","ONESIZE","ネイビー","X11","Y13",,"0","8","7","-1",
"2026/08/01 22:18:55","受注取込","7994812","7994812X11Y12","サファリハット メンズ 釣り 帽子 ハット レディース SUNS(サンズ)  撥水 アウトドア 登山 キャンプ バーベキュー NEK ★REV H-051 H-053 送料無料 大きいサイズあり キッズサイズ 子供 UVカット アドベンチャーハット 父の日 プレゼント ユニセックス 春 夏 夏フェス ギフト","普通サイズ","BLACK(H_051)","X11","Y12",,"0","32","31","-1",
"2026/08/01 22:18:55","受注取込","7997141","7997141X11Y11","特大 スイカ ドーナツ 浮き輪 浮輪 送料無料 プール 大人用 子供用 NEK 7997141 ★REV 120cm 90cm 80cm 70cm 60cm サイズ 大きい 大きめ うきわ ウキワ すいか 海 海水浴 ビックフロート 水上 レジャー かわいい フローティングベッド 西瓜 子供用浮き輪 大人 子供 こども","120cm","スイカ","X11","Y11",,"0","1018","1017","-1",
"2026/08/01 22:21:25","受注取込","7994812","7994812X12Y11","サファリハット メンズ 釣り 帽子 ハット レディース SUNS(サンズ)  撥水 アウトドア 登山 キャンプ バーベキュー NEK ★REV H-051 H-053 送料無料 大きいサイズあり キッズサイズ 子供 UVカット アドベンチャーハット 父の日 プレゼント ユニセックス 春 夏 夏フェス ギフト","大きいサイズ","BK/BLACK(H_051)","X12","Y11",,"0","441","440","-1",
"2026/08/01 22:22:55","受注取込","7997141","7997141X13Y11","特大 スイカ ドーナツ 浮き輪 浮輪 送料無料 プール 大人用 子供用 NEK 7997141 ★REV 120cm 90cm 80cm 70cm 60cm サイズ 大きい 大きめ うきわ ウキワ すいか 海 海水浴 ビックフロート 水上 レジャー かわいい フローティングベッド 西瓜 子供用浮き輪 大人 子供 こども","80cm","スイカ","X13","Y11",,"0","45","44","-1",
"2026/08/01 22:24:31","受注取込","7987481","7987481X11Y11","【お得な2個セット】犬 ナスカン キーホルダー キーフック キーケース NEK ★REV 7987481 カラナビ プレゼント ギフト アクセサリー 送料無料","ONESIZE","2個セット","X11","Y11",,"0","15","14","-1",
"2026/08/01 22:26:55","受注取込","7988359","7988359X11Y11","キーケース メンズ レディース 本革 レザー スマートキー キーホルダー 鍵 キーチェーン 小銭入れ プレゼント ミニギフト 父の日 母の日 ★REV 7988359","ONESIZE","キャメル","X11","Y11",,"0","9","8","-1",
"2026/08/01 22:30:26","受注取込","7992054","7992054X11Y19","【シンプル/おしゃれ】16mm パワーストーン ネックレス メンズ レディース 瑪瑙 オブシディアン タイガーアイ NEK ★REV 7992054 黒曜石 茶水晶 虎目石 金運 財運 仕事運 恋愛 結婚 家庭円満 癒し 幸運 成功運 勝負運 家族運 厄除祈願 天然石 お守り プレゼント 送料無料","ONESIZE","【I】ブルータイガーアイ","X11","Y19",,"0","58","57","-1",
"2026/08/01 22:36:25","受注取込","7994812","7994812X11Y33","サファリハット メンズ 釣り 帽子 ハット レディース SUNS(サンズ)  撥水 アウトドア 登山 キャンプ バーベキュー NEK ★REV H-051 H-053 送料無料 大きいサイズあり キッズサイズ 子供 UVカット アドベンチャーハット 父の日 プレゼント ユニセックス 春 夏 夏フェス ギフト","普通サイズ","GREIGE(H-051)","X11","Y33",,"0","112","111","-1",
"2026/08/01 22:49:01","受注取込","7987515","7987515X11Y11","【選べる6柄×3サイズ】ネックレス チェーン メンズ レディース NEK ★REV 7987515 サージカルステンレス316L 50cm 60cm 70cm シンプル おしゃれ プレゼント プチギフト バレンタイン クリスマス 送料無料","50cm","A","X11","Y11",,"0","6","5","-1",
"2026/08/01 22:53:25","受注取込","7987714","7987714X11Y16","【なんと6+1個入り！速攻配達】水風船 水ふうせん 何度も使える ゴミが出ない プール クラッシュボール ★REV NEK 7987714 水遊び 海 川 お風呂 水鉄砲 子供 おもちゃ 繰り返し BALL 水 風船 ボール エコ ウォーターボム リサイクル 安心 安全 送料無料","ワンサイズ","オシャレアソート6+1","X11","Y16",,"0","10","9","-1",
"2026/08/01 23:07:31","受注取込","7987093","7987093X11Y11","【新型iphone/IQOS対応】急速5A 3股 Type-C 充電ケーブル スマホケーブル 1.2m 2m 3m typec NEK ★REVL 7987093 新型iphone IQOS対応 USB A→Type-C×3 充電ケーブル 3in1 急速 送料無料","1.2m","ブラック_TypeA/TypeC×3","X11","Y11",,"0","60","55","-5",
"2026/08/01 23:10:32","受注取込","7986530","7986530X11Y12","【ちょうどいい長さの25cm】全7通り Type-C 充電ケーブル スマホケーブル 急速6A NEK ★REVL 7986530 USB A→Type-C Type-C→Type-C Type-C→ライトニング スマホアクセサリー 新型iphone IQOS対応 短いケーブル 送料無料","ONESIZE","B_Type-C/Lightning【L字型】","X11","Y12",,"0","23","22","-1",
"2026/08/01 23:13:01","受注取込","7997141","7997141X16Y14","特大 スイカ ドーナツ 浮き輪 浮輪 送料無料 プール 大人用 子供用 NEK 7997141 ★REV 120cm 90cm 80cm 70cm 60cm サイズ 大きい 大きめ うきわ ウキワ すいか 海 海水浴 ビックフロート 水上 レジャー かわいい フローティングベッド 西瓜 子供用浮き輪 大人 子供 こども","ONESIZE","スイカストライプ","X16","Y14",,"0","58","57","-1",
"2026/08/01 23:13:55","受注取込","7988215","7988215X13Y11","【とにかくデカい！】 大きいサイズ キャップ メッシュキャップ 送料無料 大きめ ビッグサイズ BIG SIZE ★REV 7988215 <br> 帽子 ハット キャップ ワークキャップ メンズキャップ 大きいサイズ バケット 大きい帽子 メンズ バケハ メンズ帽子 大きい 頭 メッシュ 全39カラー","CC","1","X13","Y11",,"0","27","26","-1",
"2026/08/01 23:16:25","受注取込","7987697","7987697X11Y11","【速攻配達】冷やスマPRO 盛夏用 スマホ熱中症対策 冷却 クーラー ★REV NEK スマートフォン専用常温保冷剤 熱暴走 結露なし スマホ 冷感 冷却 HIYASUMA","ONESIZE","ホワイト","X11","Y11",,"0","425","424","-1",
"2026/08/01 23:18:00","受注取込","7987400","7987400X11Y26","【とにかくデカい！/普通サイズあり！】キャップ メンズ 大きいサイズ 帽子 深め ビッグサイズ ★REVM 7987400 BIG SIZE メンズキャップ帽子 大きめ 大きい帽子 メンズ帽子 レディース 春 夏 春夏 プレゼント ギフト 母の日 父の日 送料無料","大きいサイズ","P-ブラック","X11","Y26",,"0","50","49","-1",
"2026/08/01 23:20:58","受注取込","7994812","7994812X12Y25","サファリハット メンズ 釣り 帽子 ハット レディース SUNS(サンズ)  撥水 アウトドア 登山 キャンプ バーベキュー NEK ★REV H-051 H-053 送料無料 大きいサイズあり キッズサイズ 子供 UVカット アドベンチャーハット 父の日 プレゼント ユニセックス 春 夏 夏フェス ギフト","大きいサイズ","BROWN(H_051)","X12","Y25",,"0","17","16","-1",
"2026/08/01 23:22:25","受注取込","7997141","7997141X11Y11","特大 スイカ ドーナツ 浮き輪 浮輪 送料無料 プール 大人用 子供用 NEK 7997141 ★REV 120cm 90cm 80cm 70cm 60cm サイズ 大きい 大きめ うきわ ウキワ すいか 海 海水浴 ビックフロート 水上 レジャー かわいい フローティングベッド 西瓜 子供用浮き輪 大人 子供 こども","120cm","スイカ","X11","Y11",,"0","1017","1016","-1",
"2026/08/01 23:30:55","受注取込","7987400","7987400X12Y11","【とにかくデカい！/普通サイズあり！】キャップ メンズ 大きいサイズ 帽子 深め ビッグサイズ ★REVM 7987400 BIG SIZE メンズキャップ帽子 大きめ 大きい帽子 メンズ帽子 レディース 春 夏 春夏 プレゼント ギフト 母の日 父の日 送料無料","普通サイズ","A-ブラック","X12","Y11",,"0","12","11","-1",
"2026/08/01 23:33:55","受注取込","7987078","7987078X11Y11","【3個の福袋！即出荷】ビーチボール 水遊び ビーチバレー 浮き輪 フロート NEK ★REV 7987078 サッカーボール 30cm アウトドア キャンプ 海 プール 川 リゾート 送料無料","ONESIZE","3個セット","X11","Y11",,"0","66","65","-1",
"2026/08/01 23:40:14","受注取込","7987026","7987026X12Y12","【大きいサイズあり】キャップ 11cm つば長 帽子 メンズ レディース ★REV 7987026 深め 深い ゴルフ 無地 日焼け止め UVカット 送料無料","大きいサイズ","グレー","X12","Y12",,"0","16","15","-1",
"2026/08/01 23:41:01","受注取込","7986601","7986601X11Y11","【首元リセット/癒しの深温波】テラハーモニー TeraHarmony 天然 テラヘルツ NEK ★REVL 7986601 健康 リラックス 安眠 天然石 パワーストーン お風呂 テラヘルツ鉱石 温泉 健康グッズ 健康器具 テラヘル マッサージ 肩こり 腰痛 疲労 母の日 父の日送料無料","ONESIZE","ブラック","X11","Y11",,"0","7","6","-1",
"2026/08/01 23:41:01","受注取込","7986596","7986596X11Y11","【繰り返し使える！高純度テラヘルツ】高純度 テラヘルツ フェイスマスク NEK ★REVL 7986596 重さ608g・包み込む美容ケア・リラクゼーション用 健康 テラヘルツ波 パワーストーン 天然石 アクセサリー プレゼント ギフト プチギフト 母の日 父の日 送料無料","フェイスマスク","メタリッククローム","X11","Y11",,"0","37","36","-1",
