"更新日時","更新理由","商品基本コード","商品コード","商品名","属性1名","属性2名","属性1コード","属性2コード","倉庫名","実在庫区分","変動前","変動後","増減値","ユーザー"
"2026/08/05 00:03:25","受注取込","7994812","7994812X11Y33","サファリハット メンズ 釣り 帽子 ハット レディース SUNS(サンズ)  撥水 アウトドア 登山 キャンプ バーベキュー NEK ★REV H-051 H-053 送料無料 大きいサイズあり キッズサイズ 子供 UVカット アドベンチャーハット 父の日 プレゼント ユニセックス 春 夏 夏フェス ギフト","普通サイズ","GREIGE(H-051)","X11","Y33",,"0","91","90","-1",
"2026/08/05 00:07:26","受注取込","7987076","7987076X11Y14","【超軽量55g】特価 キャップ 帽子 メッシュキャップ ランニングキャップ NEK ★REV 7987076 メンズ レディース 速乾 軽量 ジョギング アウトドア キャンプ スポーツ 釣り 海 プール","アジャスタータイプ","ライトグレー","X11","Y14",,"0","12","11","-1",
"2026/08/05 00:09:55","受注取込","7987988","7987988X12Y15","【AVIREX 限定】サファリハット メンズ 大きいサイズ BIGサイズ アドベンチャーハット 17158300 17158400 釣り 帽子 ハット ★REV NEK 7987988 大きめ 普通サイズ AVIREX 限定 かっこいい アウトドア ブラックシリーズ アビレックス 帽子 キャップ ブランド 撥水加工","大きいサイズ_17158400","グレージュ(73)","X12","Y15",,"0","39","38","-1",
"2026/08/05 00:14:56","受注取込","7994812","7994812X11Y33","サファリハット メンズ 釣り 帽子 ハット レディース SUNS(サンズ)  撥水 アウトドア 登山 キャンプ バーベキュー NEK ★REV H-051 H-053 送料無料 大きいサイズあり キッズサイズ 子供 UVカット アドベンチャーハット 父の日 プレゼント ユニセックス 春 夏 夏フェス ギフト","普通サイズ","GREIGE(H-051)","X11","Y33",,"0","90","89","-1",
"2026/08/05 00:14:56","受注取込","7987400","7987400X11Y33","【とにかくデカい！/普通サイズあり！】キャップ メンズ 大きいサイズ 帽子 深め ビッグサイズ ★REVM 7987400 BIG SIZE メンズキャップ帽子 大きめ 大きい帽子 メンズ帽子 レディース 春 夏 春夏 プレゼント ギフト 母の日 父の日 送料無料","大きいサイズ","W-グレー","X11","Y33",,"0","16","15","-1",
"2026/08/05 00:23:56","受注取込","7994812","7994812X11Y13","サファリハット メンズ 釣り 帽子 ハット レディース SUNS(サンズ)  撥水 アウトドア 登山 キャンプ バーベキュー NEK ★REV H-051 H-053 送料無料 大きいサイズあり キッズサイズ 子供 UVカット アドベンチャーハット 父の日 プレゼント ユニセックス 春 夏 夏フェス ギフト","普通サイズ","NAVY(H_051)","X11","Y13",,"0","77","76","-1",
"2026/08/05 00:32:35","受注取込","7986722","7986722X11Y13","【本革仕様】パワーグリップ 筋トレグローブ トレーニンググローブ リストラップ 本革 NEK ★REVL 7986722 本皮 ジム トレーニング デッドリフト ベンチプレス 手袋 グローブ 握力補助 ラットプルダウン 筋トレ バーベル 懸垂 左右セット ウェイトリフティング 滑り止め加工 送料無料","ONESIZE","グレー","X11","Y13",,"0","18","17","-1",
"2026/08/05 00:39:25","受注取込","7997141","7997141X11Y11","特大 スイカ ドーナツ 浮き輪 浮輪 送料無料 プール 大人用 子供用 NEK 7997141 ★REV 120cm 90cm 80cm 70cm 60cm サイズ 大きい 大きめ うきわ ウキワ すいか 海 海水浴 ビックフロート 水上 レジャー かわいい フローティングベッド 西瓜 子供用浮き輪 大人 子供 こども","120cm","スイカ","X11","Y11",,"0","946","945","-1",
"2026/08/05 00:39:25","受注取込","7986651","7986651X11Y11","【銅×グラフェンの力で、スマホを瞬冷！】スマホ熱中症対策 冷却 クーラー NEK ★REVL 7986651 スマートフォン 保冷 結露なし スマホ 冷感 冷却 iphone アクセサリー 送料無料","ONESIZE","ブラック","X11","Y11",,"0","98","97","-1",
"2026/08/05 00:41:30","受注取込","7994812","7994812X12Y33","サファリハット メンズ 釣り 帽子 ハット レディース SUNS(サンズ)  撥水 アウトドア 登山 キャンプ バーベキュー NEK ★REV H-051 H-053 送料無料 大きいサイズあり キッズサイズ 子供 UVカット アドベンチャーハット 父の日 プレゼント ユニセックス 春 夏 夏フェス ギフト","大きいサイズ","GREIGE(H-051)","X12","Y33",,"0","15","14","-1",
"2026/08/05 00:45:55","受注取込","7986747","7986747X12Y11","【日焼けシェード付き】サファリハット シェード メンズ 釣り 帽子 ハット レディース SUNS(サンズ) 撥水 アウトドア 登山 キャンプ バーベキュー NEK ★REVL H-051 送料無料 大きいサイズあり キッズサイズ 子供 UVカット アドベンチャーハット 父の日 プレゼント ユニセックス 春 夏 夏フェス ギフト","大きいサイズ","SHADE_BK/BLACK(H_051)","X12","Y11",,"0","118","117","-1",
"2026/08/05 00:53:55","受注取込","7997141","7997141X12Y13","特大 スイカ ドーナツ 浮き輪 浮輪 送料無料 プール 大人用 子供用 NEK 7997141 ★REV 120cm 90cm 80cm 70cm 60cm サイズ 大きい 大きめ うきわ ウキワ すいか 海 海水浴 ビックフロート 水上 レジャー かわいい フローティングベッド 西瓜 子供用浮き輪 大人 子供 こども","90cm","ドーナツチョコ","X12","Y13",,"0","36","35","-1",
"2026/08/05 01:04:30","受注取込","7994226","7994226X12Y12","【大きいサイズもあり 限定モデル】AVIREX メッシュキャップ メンズ 帽子 メンズ キャップ メンズ 14023200 14670200 レディース ★REV 父の日 贈り物 プレゼント ブランド アビレックス 送料無料 正規品 ブラック 黒 ネイビー 紺 グレー 灰 yos プレゼント ギフト","大きいサイズ_14670200","80_ブラック","X12","Y12",,"0","33","32","-1",
"2026/08/05 01:04:55","受注取込","7987087","7987087X11Y14","Cloud 深め 帽子 キャップ メンズ レディース ★REV 7987087 Vintage CRUSH加工 サイド刺繍 おしゃれ 送料無料","ONESIZE","ベージュ","X11","Y14",,"0","20","19","-1",
"2026/08/05 01:04:55","受注取込","7987087","7987087X11Y12","Cloud 深め 帽子 キャップ メンズ レディース ★REV 7987087 Vintage CRUSH加工 サイド刺繍 おしゃれ 送料無料","ONESIZE","ブラック","X11","Y12",,"0","5","4","-1",
"2026/08/05 01:05:31","受注取込","7987087","7987087X11Y18","Cloud 深め 帽子 キャップ メンズ レディース ★REV 7987087 Vintage CRUSH加工 サイド刺繍 おしゃれ 送料無料","ONESIZE","ワイン","X11","Y18",,"0","3","2","-1",
"2026/08/05 01:10:31","受注取込","7986799","7986799X11Y11","【なんと！5股/データー転送OK】type-c ケーブル 新型iphone/IQOS対応 充電ケーブル NEK ★REVL 7986799 スマホケーブル 1.5m USB A→Type-C×3 充電ケーブル 5in1 急速 スマホ アクセサリー送料無料","ONESIZE","ブラック","X11","Y11",,"0","13","12","-1",
"2026/08/05 01:14:55","受注取込","7994812","7994812X11Y33","サファリハット メンズ 釣り 帽子 ハット レディース SUNS(サンズ)  撥水 アウトドア 登山 キャンプ バーベキュー NEK ★REV H-051 H-053 送料無料 大きいサイズあり キッズサイズ 子供 UVカット アドベンチャーハット 父の日 プレゼント ユニセックス 春 夏 夏フェス ギフト","普通サイズ","GREIGE(H-051)","X11","Y33",,"0","89","88","-1",
"2026/08/05 01:20:05","受注取込","7987070","7987070X12Y11","【お得な2枚組】X-LARGE XLARGE エクストララージ ボクサーパンツ メンズ アンダーウェア 下着 NEK ★REVL 7987070 かっこいい ツルツル おすすめ 人気 カモフラ タイダイ 炎 迷彩 カモ柄 ブランド 男性 紳士 プレゼント プチギフト 父の日 誕生日 彼氏 父 息子 ギフト 記念日 大きいサイズ 福袋 送料無料","L","2枚組","X12","Y11",,"0","20","19","-1",
"2026/08/05 01:32:01","受注取込","7998075","7998075X12Y11","他店圧倒価格♪最安値に挑戦！ 1点までメール便送料無料 ワッチキャップ ニット帽子 ニットキャップ 7998075 【MB】【ALI】■05161126【wow未販売】 sg追加200125 sg追加200125","大きいサイズ(～65cm)","ブラック杢","X12","Y11",,"0","238","237","-1",
"2026/08/05 01:34:55","受注取込","7994812","7994812X12Y13","サファリハット メンズ 釣り 帽子 ハット レディース SUNS(サンズ)  撥水 アウトドア 登山 キャンプ バーベキュー NEK ★REV H-051 H-053 送料無料 大きいサイズあり キッズサイズ 子供 UVカット アドベンチャーハット 父の日 プレゼント ユニセックス 春 夏 夏フェス ギフト","大きいサイズ","NAVY(H_051)","X12","Y13",,"0","30","29","-1",
"2026/08/05 01:34:55","受注取込","7987070","7987070X13Y11","【お得な2枚組】X-LARGE XLARGE エクストララージ ボクサーパンツ メンズ アンダーウェア 下着 NEK ★REVL 7987070 かっこいい ツルツル おすすめ 人気 カモフラ タイダイ 炎 迷彩 カモ柄 ブランド 男性 紳士 プレゼント プチギフト 父の日 誕生日 彼氏 父 息子 ギフト 記念日 大きいサイズ 福袋 送料無料","XL","2枚組","X13","Y11",,"0","8","7","-1",
"2026/08/05 01:37:25","受注取込","7987883","7987883X11Y14","【カウリ貝】麦わら帽子 メンズ レディース ストローハット 中折れハット ★REV 7987883 幅広 帽子 麦わらハット 夏 ペーパー ハット おしゃれ プレゼント プチギフト 送料無料","ONESIZE","ブラウン","X11","Y14",,"0","7","6","-1",
"2026/08/05 01:41:29","受注取込","7986618","7986618X11Y11","【お得な2個入り】 LED電球 E26口金 40W形相当 6W 500LM 昼白色 RGB 16色 調光調色 ★REVL 7986618 カラフル マルチカラー リモコン付き 記憶機能 16色選択可 リモート 装飾照明電球 パーティー/リビングルーム/カフェー/舞台 2個入り 送料無料","2個セット","ホワイト","X11","Y11",,"0","3","0","-3",
"2026/08/05 01:47:00","受注取込","7997141","7997141X16Y14","特大 スイカ ドーナツ 浮き輪 浮輪 送料無料 プール 大人用 子供用 NEK 7997141 ★REV 120cm 90cm 80cm 70cm 60cm サイズ 大きい 大きめ うきわ ウキワ すいか 海 海水浴 ビックフロート 水上 レジャー かわいい フローティングベッド 西瓜 子供用浮き輪 大人 子供 こども","ONESIZE","スイカストライプ","X16","Y14",,"0","55","54","-1",
"2026/08/05 01:47:55","受注取込","7994812","7994812X12Y11","サファリハット メンズ 釣り 帽子 ハット レディース SUNS(サンズ)  撥水 アウトドア 登山 キャンプ バーベキュー NEK ★REV H-051 H-053 送料無料 大きいサイズあり キッズサイズ 子供 UVカット アドベンチャーハット 父の日 プレゼント ユニセックス 春 夏 夏フェス ギフト","大きいサイズ","BK/BLACK(H_051)","X12","Y11",,"0","385","384","-1",
"2026/08/05 02:13:38","受注取込","7986706","7986706X12Y11","【特大！すっぽりかぶって、小顔見せ】バケットハット チューリップハット 帽子 NEK ★REVL 7986706 メンズ レディース 大きいサイズ 普通サイズ  デニム素材 コットン100％ おしゃれ フリンジ 送料無料","大きいサイズ","ブラック","X12","Y11",,"0","132","131","-1",
"2026/08/05 02:19:55","受注取込","7994812","7994812X11Y33","サファリハット メンズ 釣り 帽子 ハット レディース SUNS(サンズ)  撥水 アウトドア 登山 キャンプ バーベキュー NEK ★REV H-051 H-053 送料無料 大きいサイズあり キッズサイズ 子供 UVカット アドベンチャーハット 父の日 プレゼント ユニセックス 春 夏 夏フェス ギフト","普通サイズ","GREIGE(H-051)","X11","Y33",,"0","88","87","-1",
"2026/08/05 02:51:25","受注取込","7987345","7987345X20Y11","【とにかくデカい！】 大きいサイズ キャップ 送料無料 大きめ ビッグサイズ ★REV 7987345 BIG SIZE 帽子 ハット キャップ キャスケット メンズキャップ 大きいサイズ バケット 大きい帽子 メンズ メンズ帽子 大きい 頭 メッシュキャップ","JJJ","1","X20","Y11",,"0","33","32","-1",
"2026/08/05 03:16:28","受注取込","7987330","7987330X11Y11","【大容量おしゃれ】リュックサック リュック バックパック ★REV 7987330 デイバッグ バッグ メンズ レディース おしゃれ 大容量 通学 通勤 小旅行 ブラック 黒 撥水 送料無料","ONESIZE","ブラック(かえる)","X11","Y11",,"0","1","0","-1",
"2026/08/05 03:24:25","受注取込","7987297","7987297X12Y11","iPhone15 ケース クリア MagSafe 対応 マグネット搭載 NEK ★REV 7987297 iPhone15 Proケース iPhone15 plus ケース iPhone15 Pro Max スマホケース マグセーフ対応 耐衝撃 衝撃吸収 汚れ防止 ハイブリッドクリアケース スケルトン クリア 送料無料","iPhone15plus","クリア","X12","Y11",,"0","67","66","-1",
"2026/08/05 03:32:31","受注取込","7994812","7994812X12Y18","サファリハット メンズ 釣り 帽子 ハット レディース SUNS(サンズ)  撥水 アウトドア 登山 キャンプ バーベキュー NEK ★REV H-051 H-053 送料無料 大きいサイズあり キッズサイズ 子供 UVカット アドベンチャーハット 父の日 プレゼント ユニセックス 春 夏 夏フェス ギフト","大きいサイズ","BEIGE/WINE(H_051)","X12","Y18",,"0","97","96","-1",
"2026/08/05 03:40:38","受注取込","7992723","7992723X13Y11","お得！ 送料無料 4枚入り 福袋 Dickies ディッキーズ ボクサーパンツ メンズ かわいい NEK ★REV <br> パンツ ボクサーパンツ セット メンズ下着 メンズボクサーパンツ メンズボクサー 大きいサイズ 大きめ 特大 3L 下着 インナー メンズ usa まとめ買い プレゼント ギフト","LL","福袋4枚セット","X13","Y11",,"0","30","29","-1",
"2026/08/05 03:52:55","受注取込","7987297","7987297X12Y11","iPhone15 ケース クリア MagSafe 対応 マグネット搭載 NEK ★REV 7987297 iPhone15 Proケース iPhone15 plus ケース iPhone15 Pro Max スマホケース マグセーフ対応 耐衝撃 衝撃吸収 汚れ防止 ハイブリッドクリアケース スケルトン クリア 送料無料","iPhone15plus","クリア","X12","Y11",,"0","66","65","-1",
"2026/08/05 04:04:50","受注取込","7994812","7994812X12Y11","サファリハット メンズ 釣り 帽子 ハット レディース SUNS(サンズ)  撥水 アウトドア 登山 キャンプ バーベキュー NEK ★REV H-051 H-053 送料無料 大きいサイズあり キッズサイズ 子供 UVカット アドベンチャーハット 父の日 プレゼント ユニセックス 春 夏 夏フェス ギフト","大きいサイズ","BK/BLACK(H_051)","X12","Y11",,"0","384","383","-1",
"2026/08/05 04:14:25","受注取込","7987678","7987678X13Y14","【洗濯可能】トレーニンググローブ 手袋 筋トレ 筋トレグローブ メンズ レディース 指無し NEK ★REV 7987678 ウェイトリフティング 防滑 クッション性 伸びる 洗濯OK バーベル サイクリング ヨガ グリップ","L","B-ブラック","X13","Y14",,"0","10","9","-1",
"2026/08/05 04:16:02","受注取込","7986719","7986719X11Y17","【お買い得3個セット】ブレスレット メンズ レディース 天然石 パワーストーン オニキス NEK ★REVL 7986719 8mm アクセサリー 3連 プレゼント ギフト 厄除け 運気 アップ","ONESIZE","7","X11","Y17",,"0","10","9","-1",
"2026/08/05 04:28:46","受注取込","7987559","7987559X11Y11","ミニ財布 ミニウォレット 短財布 メンズ レディース ウォレット NEK ★REV 7987559 プレゼント ギフト 父の日 母の日 プチギフト 誕プレ 送料無料","ONESIZE","グレー","X11","Y11",,"0","8","7","-1",
"2026/08/05 04:48:31","受注取込","7994812","7994812X11Y12","サファリハット メンズ 釣り 帽子 ハット レディース SUNS(サンズ)  撥水 アウトドア 登山 キャンプ バーベキュー NEK ★REV H-051 H-053 送料無料 大きいサイズあり キッズサイズ 子供 UVカット アドベンチャーハット 父の日 プレゼント ユニセックス 春 夏 夏フェス ギフト","普通サイズ","BLACK(H_051)","X11","Y12",,"0","54","53","-1",
"2026/08/05 04:48:31","受注取込","7994812","7994812X11Y16","サファリハット メンズ 釣り 帽子 ハット レディース SUNS(サンズ)  撥水 アウトドア 登山 キャンプ バーベキュー NEK ★REV H-051 H-053 送料無料 大きいサイズあり キッズサイズ 子供 UVカット アドベンチャーハット 父の日 プレゼント ユニセックス 春 夏 夏フェス ギフト","普通サイズ","GRAY(H_051)","X11","Y16",,"0","47","46","-1",
"2026/08/05 04:56:55","受注取込","7988215","7988215X17Y13","【とにかくデカい！】 大きいサイズ キャップ メッシュキャップ 送料無料 大きめ ビッグサイズ BIG SIZE ★REV 7988215 <br> 帽子 ハット キャップ ワークキャップ メンズキャップ 大きいサイズ バケット 大きい帽子 メンズ バケハ メンズ帽子 大きい 頭 メッシュ 全39カラー","GG","3","X17","Y13",,"0","21","20","-1",
"2026/08/05 04:57:00","受注取込","7987345","7987345X19Y11","【とにかくデカい！】 大きいサイズ キャップ 送料無料 大きめ ビッグサイズ ★REV 7987345 BIG SIZE 帽子 ハット キャップ キャスケット メンズキャップ 大きいサイズ バケット 大きい帽子 メンズ メンズ帽子 大きい 頭 メッシュキャップ","III","1","X19","Y11",,"0","11","10","-1",
"2026/08/05 05:02:55","受注取込","7988070","7988070X11Y14","【カシミヤタッチ！】マフラー レディース メンズ 大判 バイカラー NEK ★REV 7988070 リバーシブル 大きいマフラー あたたかい 無地 大判ストール 厚手マフラー ソフトタッチ カシミヤタッチ カシミアタッチ カジュアル 無地 暖かい 秋冬 小物 防寒 ショール 送料無料","ONESIZE","パープル","X11","Y14",,"0","8","7","-1",
"2026/08/05 05:21:55","受注取込","7997141","7997141X11Y12","特大 スイカ ドーナツ 浮き輪 浮輪 送料無料 プール 大人用 子供用 NEK 7997141 ★REV 120cm 90cm 80cm 70cm 60cm サイズ 大きい 大きめ うきわ ウキワ すいか 海 海水浴 ビックフロート 水上 レジャー かわいい フローティングベッド 西瓜 子供用浮き輪 大人 子供 こども","120cm","ドーナツイチゴ","X11","Y12",,"0","5","4","-1",
"2026/08/05 05:24:25","受注取込","9009978","9009978X8Y5","帽子 メンズ AVIREX アビレックス 送料無料 キャップ 父の日 プレゼント 贈り物 ニットキャップ メッシュキャップ 大きいサイズ レディース ディッキーズ ローキャップ ワークキャップ ハット ハンチング おしゃれ ロゴ 刺繍 プリント アメカジ HYPE 通販 yos ギフト","H","-5","X8","Y5",,"0","10","9","-1",
"2026/08/05 05:27:25","受注取込","7997141","7997141X11Y11","特大 スイカ ドーナツ 浮き輪 浮輪 送料無料 プール 大人用 子供用 NEK 7997141 ★REV 120cm 90cm 80cm 70cm 60cm サイズ 大きい 大きめ うきわ ウキワ すいか 海 海水浴 ビックフロート 水上 レジャー かわいい フローティングベッド 西瓜 子供用浮き輪 大人 子供 こども","120cm","スイカ","X11","Y11",,"0","945","944","-1",
"2026/08/05 05:32:31","受注取込","7987796","7987796X11Y15","【足首おしゃれ】アンクレット レディース メンズ お守り アンク ブレスレット NEK ★REV 7987796 ANKLET アクセサリー 幸運 クローバー 星 スクエア 7種 シルバー 2連 鈴 送料無料","ONESIZE","E","X11","Y15",,"0","7","6","-1",
"2026/08/05 05:37:55","受注取込","7994812","7994812X12Y33","サファリハット メンズ 釣り 帽子 ハット レディース SUNS(サンズ)  撥水 アウトドア 登山 キャンプ バーベキュー NEK ★REV H-051 H-053 送料無料 大きいサイズあり キッズサイズ 子供 UVカット アドベンチャーハット 父の日 プレゼント ユニセックス 春 夏 夏フェス ギフト","大きいサイズ","GREIGE(H-051)","X12","Y33",,"0","14","13","-1",
"2026/08/05 05:40:45","受注取込","7986509","7986509X11Y11","【使い勝手しやすいベルト】ベルト メンズ レディース 120cm ガチャベルト NEK ★REVL 7986509 フリーサイズ プレゼント 大きいサイズ サバゲー キャンプ アウトドア 登山 作業服 ギフト 送料無料","ONESIZE","ブラック","X11","Y11",,"0","3","2","-1",
"2026/08/05 05:49:55","受注取込","7994812","7994812X13Y32","サファリハット メンズ 釣り 帽子 ハット レディース SUNS(サンズ)  撥水 アウトドア 登山 キャンプ バーベキュー NEK ★REV H-051 H-053 送料無料 大きいサイズあり キッズサイズ 子供 UVカット アドベンチャーハット 父の日 プレゼント ユニセックス 春 夏 夏フェス ギフト","キッズサイズ","T.BLUE(H_051)","X13","Y32",,"0","36","35","-1",
"2026/08/05 05:52:01","受注取込","7987344","7987344X11Y11","【4個入でお得】カラビナ パラコード キーホルダー キーチェーン 4本セット NEK ★REV 7987344 帽子フック おしゃれ キーリング アウトドア リュック バッグ キャンプ 非常用 災害 ロープ 紐 便利 代用 防災 丈夫 コンパクト 軽量 プレゼント ギフト 送料無料","ONESIZE","4色セット","X11","Y11",,"0","66","65","-1",
"2026/08/05 05:52:25","受注取込","7994812","7994812X12Y16","サファリハット メンズ 釣り 帽子 ハット レディース SUNS(サンズ)  撥水 アウトドア 登山 キャンプ バーベキュー NEK ★REV H-051 H-053 送料無料 大きいサイズあり キッズサイズ 子供 UVカット アドベンチャーハット 父の日 プレゼント ユニセックス 春 夏 夏フェス ギフト","大きいサイズ","GRAY(H_051)","X12","Y16",,"0","87","86","-1",
"2026/08/05 05:52:25","受注取込","7994812","7994812X13Y32","サファリハット メンズ 釣り 帽子 ハット レディース SUNS(サンズ)  撥水 アウトドア 登山 キャンプ バーベキュー NEK ★REV H-051 H-053 送料無料 大きいサイズあり キッズサイズ 子供 UVカット アドベンチャーハット 父の日 プレゼント ユニセックス 春 夏 夏フェス ギフト","キッズサイズ","T.BLUE(H_051)","X13","Y32",,"0","35","34","-1",
"2026/08/05 06:01:55","受注取込","7988044","7988044X11Y22","ショルダーバッグ メンズ ワンショルダー 斜め掛け ★REV 7988044 おしゃれバッグ Vintage 斜めがけ メンズボディバック かっこいい ボディバッグ レザー ワンショルダーバッグ カバン 鞄 かばん レザー調 メンズバッグ 斜めがけ メンズショルダーバック 散歩 送料無料","ONESIZE","L_キャメル","X11","Y22",,"0","14","13","-1",
"2026/08/05 06:01:55","受注取込","7986531","7986531X11Y32","【新型/IQOS イルマ i ワン用】アイコス イルマiワン ILUMA ケース 保護ケース NEK ★REVL 7986531 iqosイルマワン イルマワンカバー 耐衝撃 おしゃれ iqos iluma one 専用 IQOSイルマワン保護ケース レザー ヒョウ柄 ペイズリー 保護カバー アイコスケース アクセサリー 送料無料","ONESIZE","115","X11","Y32",,"0","8","7","-1",
"2026/08/05 06:09:31","受注取込","7986720","7986720X11Y14","【ダメージ加工がCOOL】帽子 キャップ Vintage メンズ レディース くすみカラー ★REVL 7986720 こなれ感 深め しっかり素材 送料無料","ONESIZE","ベージュ","X11","Y14",,"0","16","15","-1",
"2026/08/05 06:30:13","受注取込","7987379","7987379X11Y12","ボストンバッグ メンズ レディース ★REV 7987379 ダッフルバッグ シンセティックレザー ビジネスバッグ 撥水 防傷 プレゼント ギフト 父の日 母の日 旅行 出張 送料無料","ONESIZE","ダークブラウン","X11","Y12",,"0","5","4","-1",
"2026/08/05 06:30:55","受注取込","7995525","7995525X1Y12","AVIREX 限定モデル キャップ 帽子 父の日 贈り物 プレゼント メンズ ★REV ブラックシリーズ 黒 アビレックス アヴィレックス メッシュキャップ ハンチング ローキャップ バケット ハット ワークキャップ レディース かっこいい yos プレゼント ギフト","ONESIZE","【L】ワークキャップ_14787700_80","X1","Y12",,"0","100","99","-1",
"2026/08/05 06:32:25","受注取込","7987083","7987083X12Y13","LOGOS サファリハット メンズ レディース LS3Q600Q NEK ★REV 7987083 パッチワーク アドベンチャーハット サファリハット 帽子 アウトドア 超軽量 バケットハット ヒモつき キャンプ お洒落 ブランド","大きいサイズ","マルチC-ピンク","X12","Y13",,"0","6","5","-1",
"2026/08/05 06:33:25","受注取込","7986849","7986849X11Y14","【ゴージャスに遊ぶ】トランプ プラスチック 54枚 撥水 NEK ★REV 7986849 ブラック ゴールド シルバー ピンクゴールド カードゲーム マジックトランプ パーティーグッズ プレゼント ギフト ポーカー ブラックジャック 手品 送料無料","ONESIZE","D","X11","Y14",,"0","11","10","-1",
"2026/08/05 06:36:25","受注取込","7994812","7994812X11Y33","サファリハット メンズ 釣り 帽子 ハット レディース SUNS(サンズ)  撥水 アウトドア 登山 キャンプ バーベキュー NEK ★REV H-051 H-053 送料無料 大きいサイズあり キッズサイズ 子供 UVカット アドベンチャーハット 父の日 プレゼント ユニセックス 春 夏 夏フェス ギフト","普通サイズ","GREIGE(H-051)","X11","Y33",,"0","87","86","-1",
"2026/08/05 06:38:55","受注取込","7986747","7986747X12Y11","【日焼けシェード付き】サファリハット シェード メンズ 釣り 帽子 ハット レディース SUNS(サンズ) 撥水 アウトドア 登山 キャンプ バーベキュー NEK ★REVL H-051 送料無料 大きいサイズあり キッズサイズ 子供 UVカット アドベンチャーハット 父の日 プレゼント ユニセックス 春 夏 夏フェス ギフト","大きいサイズ","SHADE_BK/BLACK(H_051)","X12","Y11",,"0","117","116","-1",
"2026/08/05 06:40:28","受注取込","7994812","7994812X12Y25","サファリハット メンズ 釣り 帽子 ハット レディース SUNS(サンズ)  撥水 アウトドア 登山 キャンプ バーベキュー NEK ★REV H-051 H-053 送料無料 大きいサイズあり キッズサイズ 子供 UVカット アドベンチャーハット 父の日 プレゼント ユニセックス 春 夏 夏フェス ギフト","大きいサイズ","BROWN(H_051)","X12","Y25",,"0","15","14","-1",
"2026/08/05 06:45:25","受注取込","7994812","7994812X12Y11","サファリハット メンズ 釣り 帽子 ハット レディース SUNS(サンズ)  撥水 アウトドア 登山 キャンプ バーベキュー NEK ★REV H-051 H-053 送料無料 大きいサイズあり キッズサイズ 子供 UVカット アドベンチャーハット 父の日 プレゼント ユニセックス 春 夏 夏フェス ギフト","大きいサイズ","BK/BLACK(H_051)","X12","Y11",,"0","383","382","-1",
"2026/08/05 06:46:25","受注取込","7988452","7988452X11Y11","【日本製 姫路レザー】日本製 ベルト メンズ 本革 本皮 ★REV SRI-07 3.9cm幅 一枚革 ヌメ革 姫路レザー ビジネス カジュアル 送料無料","ONESIZE","ブラック","X11","Y11",,"0","1","0","-1",
"2026/08/05 06:46:25","受注取込","7988172","7988172X11Y11","【栃木レザー 日本製 】ベルト ビジネスベルト メンズ 本革 本皮 レザー 栃木レザー ★REV TDBT-1006 日本製 カジュアルベルト プレゼント ギフト MADE IN JAPAN クリスマス 父の日 誕生日プレゼント 送料無料","ONESIZE","ブラック","X11","Y11",,"0","4","3","-1",
"2026/08/05 06:50:25","受注取込","7994812","7994812X11Y33","サファリハット メンズ 釣り 帽子 ハット レディース SUNS(サンズ)  撥水 アウトドア 登山 キャンプ バーベキュー NEK ★REV H-051 H-053 送料無料 大きいサイズあり キッズサイズ 子供 UVカット アドベンチャーハット 父の日 プレゼント ユニセックス 春 夏 夏フェス ギフト","普通サイズ","GREIGE(H-051)","X11","Y33",,"0","86","85","-1",
"2026/08/05 06:50:25","受注取込","7994226","7994226X12Y12","【大きいサイズもあり 限定モデル】AVIREX メッシュキャップ メンズ 帽子 メンズ キャップ メンズ 14023200 14670200 レディース ★REV 父の日 贈り物 プレゼント ブランド アビレックス 送料無料 正規品 ブラック 黒 ネイビー 紺 グレー 灰 yos プレゼント ギフト","大きいサイズ_14670200","80_ブラック","X12","Y12",,"0","32","31","-1",
"2026/08/05 06:51:25","受注取込","7987297","7987297X12Y11","iPhone15 ケース クリア MagSafe 対応 マグネット搭載 NEK ★REV 7987297 iPhone15 Proケース iPhone15 plus ケース iPhone15 Pro Max スマホケース マグセーフ対応 耐衝撃 衝撃吸収 汚れ防止 ハイブリッドクリアケース スケルトン クリア 送料無料","iPhone15plus","クリア","X12","Y11",,"0","65","64","-1",
"2026/08/05 07:02:32","受注取込","7994812","7994812X12Y33","サファリハット メンズ 釣り 帽子 ハット レディース SUNS(サンズ)  撥水 アウトドア 登山 キャンプ バーベキュー NEK ★REV H-051 H-053 送料無料 大きいサイズあり キッズサイズ 子供 UVカット アドベンチャーハット 父の日 プレゼント ユニセックス 春 夏 夏フェス ギフト","大きいサイズ","GREIGE(H-051)","X12","Y33",,"0","13","12","-1",
"2026/08/05 07:08:25","受注取込","7994812","7994812X12Y31","サファリハット メンズ 釣り 帽子 ハット レディース SUNS(サンズ)  撥水 アウトドア 登山 キャンプ バーベキュー NEK ★REV H-051 H-053 送料無料 大きいサイズあり キッズサイズ 子供 UVカット アドベンチャーハット 父の日 プレゼント ユニセックス 春 夏 夏フェス ギフト","大きいサイズ","RENGA(H_051)","X12","Y31",,"0","44","43","-1",
"2026/08/05 07:08:31","受注取込","7987401","7987401X11Y14","大きいサイズ キャップ メッシュキャップ 帽子 ★REV 7987401 メンズ 野球帽 迷彩 カモフラ シャドーカモ 刺繍 送料無料","ONESIZE","ネイビーシャードカモ","X11","Y14",,"0","4","3","-1",
"2026/08/05 07:10:59","受注取込","7993384","7993384X14Y11","ビジネスシューズ メンズ 超軽量 AIR GRAM 防水 防滑 幅広 EEE 靴 ローファー シューズ メンズ ブラック 黒 1723 Y_KO SHA 190210 プレゼント ギフト","26.5cm","ブラック","X14","Y11",,"0","79","78","-1",
"2026/08/05 07:15:17","受注取込","7987437","7987437X11Y12","【のびーーる 楽々ストレッチ】カジュアルベルト メッシュベルト メンズ レディース 大きいサイズ 普通サイズ 7987437 ★REV NEK 35mm 115cm 125cm 伸縮 カジュアル シンプル おしゃれ プレゼント ギフト 父の日 母の日 送料無料","115cm","グレー","X11","Y12",,"0","24","23","-1",
"2026/08/05 07:20:55","受注取込","7986598","7986598X11Y11","【熊対策/大音量】 熊対策！熊避け！大音量アラーム&ライト 120dB 害獣避け 害鳥避け NEK ★REVL 7986598 害獣対策 くま避け 熊よけ べアBEAR クマよけ 熊避け 熊・猪などの野生動物対策に アウトドア キャンプ 登山 ハイキング トレッキング アクセサリー 非常用 緊急用 笛 防犯 防災グッズ 送料無料","ONESIZE","ブラック","X11","Y11",,"0","163","162","-1",
"2026/08/05 07:20:55","受注取込","7986589","7986589X11Y11","【痛みにくく/空間が映える】バナナスタンド バナナツリー バナナハンガー おしゃれ ★REVL 7986589 キーフック  キッチン用品 バナナラック ステンレス製 耐荷重約1kg インテリア プレゼント ギフト 送料無料","ONESIZE","シルバー","X11","Y11",,"0","23","22","-1",
"2026/08/05 07:20:55","受注取込","7992723","7992723X11Y11","お得！ 送料無料 4枚入り 福袋 Dickies ディッキーズ ボクサーパンツ メンズ かわいい NEK ★REV <br> パンツ ボクサーパンツ セット メンズ下着 メンズボクサーパンツ メンズボクサー 大きいサイズ 大きめ 特大 3L 下着 インナー メンズ usa まとめ買い プレゼント ギフト","M","福袋4枚セット","X11","Y11",,"0","196","195","-1",
"2026/08/05 07:26:25","受注取込","7986572","7986572X11Y33","【新型/IQOS イルマ i ワン用】アイコス イルマiワン ILUMA ケース 保護ケース NEK ★REVL 7986572 iqosイルマワン イルマワンカバー 耐衝撃 おしゃれ iqos iluma one 専用 IQOSイルマワン保護ケース レザー ヒョウ柄 ペイズリー 保護カバー アイコスケース アクセサリー 送料無料","イルマiワン","77","X11","Y33",,"0","14","13","-1",
"2026/08/05 07:26:25","受注取込","7986572","7986572X11Y31","【新型/IQOS イルマ i ワン用】アイコス イルマiワン ILUMA ケース 保護ケース NEK ★REVL 7986572 iqosイルマワン イルマワンカバー 耐衝撃 おしゃれ iqos iluma one 専用 IQOSイルマワン保護ケース レザー ヒョウ柄 ペイズリー 保護カバー アイコスケース アクセサリー 送料無料","イルマiワン","75","X11","Y31",,"0","6","5","-1",
"2026/08/05 07:28:01","受注取込","7994812","7994812X11Y32","サファリハット メンズ 釣り 帽子 ハット レディース SUNS(サンズ)  撥水 アウトドア 登山 キャンプ バーベキュー NEK ★REV H-051 H-053 送料無料 大きいサイズあり キッズサイズ 子供 UVカット アドベンチャーハット 父の日 プレゼント ユニセックス 春 夏 夏フェス ギフト","普通サイズ","T.BLUE(H_051)","X11","Y32",,"0","19","18","-1",
"2026/08/05 07:30:26","受注取込","7994812","7994812X11Y32","サファリハット メンズ 釣り 帽子 ハット レディース SUNS(サンズ)  撥水 アウトドア 登山 キャンプ バーベキュー NEK ★REV H-051 H-053 送料無料 大きいサイズあり キッズサイズ 子供 UVカット アドベンチャーハット 父の日 プレゼント ユニセックス 春 夏 夏フェス ギフト","普通サイズ","T.BLUE(H_051)","X11","Y32",,"0","18","17","-1",
"2026/08/05 07:36:05","受注取込","7986520","7986520X11Y12","名刺入れ 天然木 名刺ケース 薄型 軽量 27枚 木目 カードケース クレジットカードケース NEK ★REVL 7986520 送料無料","ONESIZE","B","X11","Y12",,"0","17","16","-1",
"2026/08/05 07:40:26","受注取込","7987093","7987093X11Y13","【新型iphone/IQOS対応】急速5A 3股 Type-C 充電ケーブル スマホケーブル 1.2m 2m 3m typec NEK ★REVL 7987093 新型iphone IQOS対応 USB A→Type-C×3 充電ケーブル 3in1 急速 送料無料","1.2m","ブラック_TypeC/TypeC×3","X11","Y13",,"0","79","78","-1",
"2026/08/05 07:40:28","受注取込","7986716","7986716X11Y11","【紫外線でプロ級チェック】アニサキスライト UV 紫外線ライト ブラックライト NEK ★REVL 7986716 365nm 充電式 TYPE-C充電  USB 光学レンズ アニサキス検出 生活 食事 釣り 掃除 コンパクト 送料無料","1本","ブラック(TYPE-C)","X11","Y11",,"0","82","81","-1",
"2026/08/05 07:41:55","受注取込","9009978","9009978X18Y2","帽子 メンズ AVIREX アビレックス 送料無料 キャップ 父の日 プレゼント 贈り物 ニットキャップ メッシュキャップ 大きいサイズ レディース ディッキーズ ローキャップ ワークキャップ ハット ハンチング おしゃれ ロゴ 刺繍 プリント アメカジ HYPE 通販 yos ギフト","R","-2","X18","Y2",,"0","8","7","-1",
"2026/08/05 07:41:55","受注取込","7987344","7987344X11Y11","【4個入でお得】カラビナ パラコード キーホルダー キーチェーン 4本セット NEK ★REV 7987344 帽子フック おしゃれ キーリング アウトドア リュック バッグ キャンプ 非常用 災害 ロープ 紐 便利 代用 防災 丈夫 コンパクト 軽量 プレゼント ギフト 送料無料","ONESIZE","4色セット","X11","Y11",,"0","65","64","-1",
"2026/08/05 07:44:56","受注取込","7988215","7988215X24Y15","【とにかくデカい！】 大きいサイズ キャップ メッシュキャップ 送料無料 大きめ ビッグサイズ BIG SIZE ★REV 7988215 <br> 帽子 ハット キャップ ワークキャップ メンズキャップ 大きいサイズ バケット 大きい帽子 メンズ バケハ メンズ帽子 大きい 頭 メッシュ 全39カラー","NN","5","X24","Y15",,"0","6","5","-1",
"2026/08/05 07:44:56","受注取込","7987891","7987891X11Y12","【ヤシの木】麦わら帽子 メンズ レディース ストローハット 中折れハット ★REV 7987891 帽子 麦わらハット 夏 ペーパー ハット おしゃれ プレゼント プチギフト","ONESIZE","ホワイト","X11","Y12",,"0","10","9","-1",
"2026/08/05 07:48:29","受注取込","7997141","7997141X12Y13","特大 スイカ ドーナツ 浮き輪 浮輪 送料無料 プール 大人用 子供用 NEK 7997141 ★REV 120cm 90cm 80cm 70cm 60cm サイズ 大きい 大きめ うきわ ウキワ すいか 海 海水浴 ビックフロート 水上 レジャー かわいい フローティングベッド 西瓜 子供用浮き輪 大人 子供 こども","90cm","ドーナツチョコ","X12","Y13",,"0","35","34","-1",
"2026/08/05 07:48:29","受注取込","7994812","7994812X11Y11","サファリハット メンズ 釣り 帽子 ハット レディース SUNS(サンズ)  撥水 アウトドア 登山 キャンプ バーベキュー NEK ★REV H-051 H-053 送料無料 大きいサイズあり キッズサイズ 子供 UVカット アドベンチャーハット 父の日 プレゼント ユニセックス 春 夏 夏フェス ギフト","普通サイズ","BK/BLACK(H_051)","X11","Y11",,"0","48","47","-1",
"2026/08/05 07:53:55","受注取込","7997141","7997141X12Y11","特大 スイカ ドーナツ 浮き輪 浮輪 送料無料 プール 大人用 子供用 NEK 7997141 ★REV 120cm 90cm 80cm 70cm 60cm サイズ 大きい 大きめ うきわ ウキワ すいか 海 海水浴 ビックフロート 水上 レジャー かわいい フローティングベッド 西瓜 子供用浮き輪 大人 子供 こども","90cm","スイカ","X12","Y11",,"0","49","48","-1",
"2026/08/05 07:54:01","受注取込","7988215","7988215X17Y14","【とにかくデカい！】 大きいサイズ キャップ メッシュキャップ 送料無料 大きめ ビッグサイズ BIG SIZE ★REV 7988215 <br> 帽子 ハット キャップ ワークキャップ メンズキャップ 大きいサイズ バケット 大きい帽子 メンズ バケハ メンズ帽子 大きい 頭 メッシュ 全39カラー","GG","4","X17","Y14",,"0","16","15","-1",
"2026/08/05 07:57:26","受注取込","7986598","7986598X11Y11","【熊対策/大音量】 熊対策！熊避け！大音量アラーム&ライト 120dB 害獣避け 害鳥避け NEK ★REVL 7986598 害獣対策 くま避け 熊よけ べアBEAR クマよけ 熊避け 熊・猪などの野生動物対策に アウトドア キャンプ 登山 ハイキング トレッキング アクセサリー 非常用 緊急用 笛 防犯 防災グッズ 送料無料","ONESIZE","ブラック","X11","Y11",,"0","162","161","-1",
"2026/08/05 08:01:56","受注取込","7987400","7987400X11Y28","【とにかくデカい！/普通サイズあり！】キャップ メンズ 大きいサイズ 帽子 深め ビッグサイズ ★REVM 7987400 BIG SIZE メンズキャップ帽子 大きめ 大きい帽子 メンズ帽子 レディース 春 夏 春夏 プレゼント ギフト 母の日 父の日 送料無料","大きいサイズ","R-グレー","X11","Y28",,"0","9","8","-1",
"2026/08/05 08:03:00","受注取込","7988332","7988332X13Y11","【ワンちゃん格上げ！】 ドッグウェア 犬服 アディドッグ adidog ★REVG new dogs ペット服 小型犬 ノースリーブ NEK 7988332 犬の服 タンクトップ 犬洋服 犬用服 ペット 犬 服 犬用 かっこいい かわいい サロペット ロンパース オーバーオール 男の子 女の子","M","adidog(ブラック)","X13","Y11",,"0","10","9","-1",
"2026/08/05 08:04:01","受注取込","7992723","7992723X14Y11","お得！ 送料無料 4枚入り 福袋 Dickies ディッキーズ ボクサーパンツ メンズ かわいい NEK ★REV <br> パンツ ボクサーパンツ セット メンズ下着 メンズボクサーパンツ メンズボクサー 大きいサイズ 大きめ 特大 3L 下着 インナー メンズ usa まとめ買い プレゼント ギフト","3L","福袋4枚セット","X14","Y11",,"0","191","190","-1",
"2026/08/05 08:04:01","受注取込","8003102","8003102X22Y11","やみつきになる！ ストレッチ AVIREX アビレックス Tシャツ メンズ ★REV NEK 6143501 6143502 Vネック クルーネック 半袖 プレゼント ギフト","クルーネック_ネイビー(ロイヤル)_086","Sサイズ","X22","Y11",,"0","2","1","-1",
"2026/08/05 08:04:27","受注取込","7997141","7997141X16Y17","特大 スイカ ドーナツ 浮き輪 浮輪 送料無料 プール 大人用 子供用 NEK 7997141 ★REV 120cm 90cm 80cm 70cm 60cm サイズ 大きい 大きめ うきわ ウキワ すいか 海 海水浴 ビックフロート 水上 レジャー かわいい フローティングベッド 西瓜 子供用浮き輪 大人 子供 こども","ONESIZE","ブルーストライプ","X16","Y17",,"0","51","50","-1",
"2026/08/05 08:13:55","受注取込","7987400","7987400X11Y11","【とにかくデカい！/普通サイズあり！】キャップ メンズ 大きいサイズ 帽子 深め ビッグサイズ ★REVM 7987400 BIG SIZE メンズキャップ帽子 大きめ 大きい帽子 メンズ帽子 レディース 春 夏 春夏 プレゼント ギフト 母の日 父の日 送料無料","大きいサイズ","A-ブラック","X11","Y11",,"0","138","137","-1",
"2026/08/05 08:21:57","受注取込","7987400","7987400X11Y25","【とにかくデカい！/普通サイズあり！】キャップ メンズ 大きいサイズ 帽子 深め ビッグサイズ ★REVM 7987400 BIG SIZE メンズキャップ帽子 大きめ 大きい帽子 メンズ帽子 レディース 春 夏 春夏 プレゼント ギフト 母の日 父の日 送料無料","大きいサイズ","O-ネイビー","X11","Y25",,"0","19","18","-1",
"2026/08/05 08:23:25","受注取込","7987400","7987400X11Y19","【とにかくデカい！/普通サイズあり！】キャップ メンズ 大きいサイズ 帽子 深め ビッグサイズ ★REVM 7987400 BIG SIZE メンズキャップ帽子 大きめ 大きい帽子 メンズ帽子 レディース 春 夏 春夏 プレゼント ギフト 母の日 父の日 送料無料","大きいサイズ","I-ネイビー","X11","Y19",,"0","25","24","-1",
"2026/08/05 08:23:25","受注取込","7987400","7987400X11Y16","【とにかくデカい！/普通サイズあり！】キャップ メンズ 大きいサイズ 帽子 深め ビッグサイズ ★REVM 7987400 BIG SIZE メンズキャップ帽子 大きめ 大きい帽子 メンズ帽子 レディース 春 夏 春夏 プレゼント ギフト 母の日 父の日 送料無料","大きいサイズ","F-ブラック","X11","Y16",,"0","41","40","-1",
"2026/08/05 08:27:01","受注取込","7986482","7986482X11Y13","【大人気SUNSより当店限定！】バケットハット レインハット パッカブル NEK MADE-031 ★REVL 7986482 メンズ レディース サファリハット 撥水 速乾 軽量 折り畳める UVカット フェス アウトドア キャンプ 登山 ウォーキング 散歩 日焼け防止 紫外線防止 送料無料","ONESIZE","グレージュ","X11","Y13",,"0","46","45","-1",
"2026/08/05 08:31:33","受注取込","7987400","7987400X11Y11","【とにかくデカい！/普通サイズあり！】キャップ メンズ 大きいサイズ 帽子 深め ビッグサイズ ★REVM 7987400 BIG SIZE メンズキャップ帽子 大きめ 大きい帽子 メンズ帽子 レディース 春 夏 春夏 プレゼント ギフト 母の日 父の日 送料無料","大きいサイズ","A-ブラック","X11","Y11",,"0","137","136","-1",
"2026/08/05 08:32:26","受注取込","7986601","7986601X11Y11","【首元リセット/癒しの深温波】テラハーモニー TeraHarmony 天然 テラヘルツ NEK ★REVL 7986601 健康 リラックス 安眠 天然石 パワーストーン お風呂 テラヘルツ鉱石 温泉 健康グッズ 健康器具 テラヘル マッサージ 肩こり 腰痛 疲労 母の日 父の日送料無料","ONESIZE","ブラック","X11","Y11",,"0","6","5","-1",
"2026/08/05 08:35:00","受注取込","7987076","7987076X11Y11","【超軽量55g】特価 キャップ 帽子 メッシュキャップ ランニングキャップ NEK ★REV 7987076 メンズ レディース 速乾 軽量 ジョギング アウトドア キャンプ スポーツ 釣り 海 プール","アジャスタータイプ","ブラック","X11","Y11",,"0","43","42","-1",
"2026/08/05 08:37:55","受注取込","7987380","7987380X11Y11","【本革】ショルダーバッグ メンズ レディース サコッシュ バッグ ★REV 7987380 本革 本皮 レザー GENUINE LEATHER プレゼント ギフト 母の日 父の日 送料無料","ONESIZE","キャメル","X11","Y11",,"0","4","3","-1",
"2026/08/05 08:38:31","受注取込","7987516","7987516X13Y12","【選べる2色×4サイズ】ネックレス ワックスコード チョーカー メンズ レディース 41cm 50cm 60cm 70cm NEK ★REV 7987516 シンプル おしゃれ プレゼント プチギフト バレンタイン クリスマス 送料無料","60cm","ダークブラウン2mm","X13","Y12",,"0","8","7","-1",
"2026/08/05 08:40:24","受注取込","7986691","7986691X11Y11","【電池付き】掛け時計 ウォールクロック 壁掛け時計 北欧 シンプル アンティーク レトロ ★REVL 7986691 置時計 PUレザー モダンインテリア 送料無料","ONESIZE","ベージュ","X11","Y11",,"0","8","7","-1",
"2026/08/05 08:40:38","受注取込","7988215","7988215X20Y13","【とにかくデカい！】 大きいサイズ キャップ メッシュキャップ 送料無料 大きめ ビッグサイズ BIG SIZE ★REV 7988215 <br> 帽子 ハット キャップ ワークキャップ メンズキャップ 大きいサイズ バケット 大きい帽子 メンズ バケハ メンズ帽子 大きい 頭 メッシュ 全39カラー","JJ","3","X20","Y13",,"0","63","62","-1",
"2026/08/05 08:46:56","受注取込","7988215","7988215X16Y15","【とにかくデカい！】 大きいサイズ キャップ メッシュキャップ 送料無料 大きめ ビッグサイズ BIG SIZE ★REV 7988215 <br> 帽子 ハット キャップ ワークキャップ メンズキャップ 大きいサイズ バケット 大きい帽子 メンズ バケハ メンズ帽子 大きい 頭 メッシュ 全39カラー","FF","5","X16","Y15",,"0","69","68","-1",
"2026/08/05 08:50:57","受注取込","7992723","7992723X11Y11","お得！ 送料無料 4枚入り 福袋 Dickies ディッキーズ ボクサーパンツ メンズ かわいい NEK ★REV <br> パンツ ボクサーパンツ セット メンズ下着 メンズボクサーパンツ メンズボクサー 大きいサイズ 大きめ 特大 3L 下着 インナー メンズ usa まとめ買い プレゼント ギフト","M","福袋4枚セット","X11","Y11",,"0","195","194","-1",
"2026/08/05 08:54:32","受注取込","7987400","7987400X11Y26","【とにかくデカい！/普通サイズあり！】キャップ メンズ 大きいサイズ 帽子 深め ビッグサイズ ★REVM 7987400 BIG SIZE メンズキャップ帽子 大きめ 大きい帽子 メンズ帽子 レディース 春 夏 春夏 プレゼント ギフト 母の日 父の日 送料無料","大きいサイズ","P-ブラック","X11","Y26",,"0","48","47","-1",
"2026/08/05 08:58:58","受注取込","7997141","7997141X11Y11","特大 スイカ ドーナツ 浮き輪 浮輪 送料無料 プール 大人用 子供用 NEK 7997141 ★REV 120cm 90cm 80cm 70cm 60cm サイズ 大きい 大きめ うきわ ウキワ すいか 海 海水浴 ビックフロート 水上 レジャー かわいい フローティングベッド 西瓜 子供用浮き輪 大人 子供 こども","120cm","スイカ","X11","Y11",,"0","944","943","-1",
"2026/08/05 09:00:28","受注取込","7995525","7995525X1Y15","AVIREX 限定モデル キャップ 帽子 父の日 贈り物 プレゼント メンズ ★REV ブラックシリーズ 黒 アビレックス アヴィレックス メッシュキャップ ハンチング ローキャップ バケット ハット ワークキャップ レディース かっこいい yos プレゼント ギフト","ONESIZE","【O】サファリハット_17158400_BIG","X1","Y15",,"0","51","50","-1",
"2026/08/05 09:01:55","受注取込","7987090","7987090X11Y11","【使い方色々!】ポーチ ベルトポーチ 小物入れ 小銭入れ カードケース NEK ★REV 7987090 短財布 財布 メンズ レディース カラビナ ミリタリー サバゲー キャンプ アウトドア メディカルポーチ 防災グッズ 送料無料","ONESIZE","ブラック","X11","Y11",,"0","12","11","-1",
"2026/08/05 09:04:30","受注取込","7987075","7987075X11Y23","アンクレット レディース メンズ つけっぱなし NEK ★REV 7987075 ゴールド シルバー アクセサリー プレゼント ギフト おしゃれ 送料無料","ONESIZE","M","X11","Y23",,"0","22","21","-1",
"2026/08/05 09:11:27","受注取込","7997141","7997141X11Y12","特大 スイカ ドーナツ 浮き輪 浮輪 送料無料 プール 大人用 子供用 NEK 7997141 ★REV 120cm 90cm 80cm 70cm 60cm サイズ 大きい 大きめ うきわ ウキワ すいか 海 海水浴 ビックフロート 水上 レジャー かわいい フローティングベッド 西瓜 子供用浮き輪 大人 子供 こども","120cm","ドーナツイチゴ","X11","Y12",,"0","4","3","-1",
"2026/08/05 09:11:33","受注取込","7987400","7987400X11Y13","【とにかくデカい！/普通サイズあり！】キャップ メンズ 大きいサイズ 帽子 深め ビッグサイズ ★REVM 7987400 BIG SIZE メンズキャップ帽子 大きめ 大きい帽子 メンズ帽子 レディース 春 夏 春夏 プレゼント ギフト 母の日 父の日 送料無料","大きいサイズ","C-グレー","X11","Y13",,"0","37","36","-1",
"2026/08/05 09:20:12","受注取込","7986706","7986706X12Y12","【特大！すっぽりかぶって、小顔見せ】バケットハット チューリップハット 帽子 NEK ★REVL 7986706 メンズ レディース 大きいサイズ 普通サイズ  デニム素材 コットン100％ おしゃれ フリンジ 送料無料","大きいサイズ","ベージュ","X12","Y12",,"0","136","135","-1",
"2026/08/05 09:22:29","受注取込","7987400","7987400X11Y12","【とにかくデカい！/普通サイズあり！】キャップ メンズ 大きいサイズ 帽子 深め ビッグサイズ ★REVM 7987400 BIG SIZE メンズキャップ帽子 大きめ 大きい帽子 メンズ帽子 レディース 春 夏 春夏 プレゼント ギフト 母の日 父の日 送料無料","大きいサイズ","B-ホワイト","X11","Y12",,"0","34","33","-1",
"2026/08/05 09:34:28","受注取込","7987345","7987345X11Y12","【とにかくデカい！】 大きいサイズ キャップ 送料無料 大きめ ビッグサイズ ★REV 7987345 BIG SIZE 帽子 ハット キャップ キャスケット メンズキャップ 大きいサイズ バケット 大きい帽子 メンズ メンズ帽子 大きい 頭 メッシュキャップ","AAA","2","X11","Y12",,"0","11","10","-1",
"2026/08/05 09:43:31","受注取込","7986593","7986593X11Y15","【ヒョウ柄】レディース メンズ 帽子 アニマル柄 キャスケット ヒョウ柄 レオパード ハンチング NEK ★REVO 7986593 ベレー帽 帽子 おしゃれ かわいい  送料無料","ONESIZE","E","X11","Y15",,"0","17","16","-1",
"2026/08/05 09:48:00","受注取込","7988103","7988103X11Y12","収納 サンバイザーホルダー マルチ 車 黒 カーポケット ドライブポケット おしゃれ NEK ★REV 7988103 サンバイザーポケット カー用品 収納 カー用品 サンバイザー カード ペン カードポケット 収納ホルダー サングラスホルダー 車 眼鏡ホルダー モジュール","ONESIZE","オリーブ","X11","Y12",,"0","28","27","-1",
"2026/08/05 09:49:55","受注取込","7987074","7987074X11Y13","【くすみカラー 超軽量】サファリハット バケットハット メンズ レディース 普通サイズ 大きいサイズ アドベンチャーハット NEK ★REV 7987074 撥水 速乾 軽量 折り畳める UV カット アウトドア キャンプ 登山 ウォーキング 散歩 日焼け防止 紫外線防止 送料無料","普通サイズ","グレー","X11","Y13",,"0","11","10","-1",
"2026/08/05 09:57:55","受注取込","7994812","7994812X12Y33","サファリハット メンズ 釣り 帽子 ハット レディース SUNS(サンズ)  撥水 アウトドア 登山 キャンプ バーベキュー NEK ★REV H-051 H-053 送料無料 大きいサイズあり キッズサイズ 子供 UVカット アドベンチャーハット 父の日 プレゼント ユニセックス 春 夏 夏フェス ギフト","大きいサイズ","GREIGE(H-051)","X12","Y33",,"0","12","11","-1",
"2026/08/05 10:10:20","WEB画面","7987626","7987626X11Y11","【お得な5個セット】LEDライト キーホルダー 小型LEDライト NEK ★REV 7987626 キーライト 高輝度 5灯 LR44 ボタン電池 LTG 送料無料","ONESIZE","5本セット","X11","Y11",,"0","140","90","-50","大木 望"
"2026/08/05 10:10:30","受注取込","7992723","7992723X12Y11","お得！ 送料無料 4枚入り 福袋 Dickies ディッキーズ ボクサーパンツ メンズ かわいい NEK ★REV <br> パンツ ボクサーパンツ セット メンズ下着 メンズボクサーパンツ メンズボクサー 大きいサイズ 大きめ 特大 3L 下着 インナー メンズ usa まとめ買い プレゼント ギフト","L","福袋4枚セット","X12","Y11",,"0","277","276","-1",
"2026/08/05 10:11:00","受注取込","7987892","7987892X11Y11","【深めのシルエット】メッシュキャップ キャップ 帽子 メンズ レディース 大きいサイズ 普通サイズ ★REV 7987892","普通サイズ","A","X11","Y11",,"0","14","13","-1",
"2026/08/05 10:11:00","受注取込","7987892","7987892X11Y14","【深めのシルエット】メッシュキャップ キャップ 帽子 メンズ レディース 大きいサイズ 普通サイズ ★REV 7987892","普通サイズ","D","X11","Y14",,"0","13","12","-1",
"2026/08/05 10:12:17","WEB画面","7987093","7987093X11Y13","【新型iphone/IQOS対応】急速5A 3股 Type-C 充電ケーブル スマホケーブル 1.2m 2m 3m typec NEK ★REVL 7987093 新型iphone IQOS対応 USB A→Type-C×3 充電ケーブル 3in1 急速 送料無料","1.2m","ブラック_TypeC/TypeC×3","X11","Y13",,"0","78","43","-35","大木 望"
"2026/08/05 10:14:31","受注取込","7994812","7994812X11Y26","サファリハット メンズ 釣り 帽子 ハット レディース SUNS(サンズ)  撥水 アウトドア 登山 キャンプ バーベキュー NEK ★REV H-051 H-053 送料無料 大きいサイズあり キッズサイズ 子供 UVカット アドベンチャーハット 父の日 プレゼント ユニセックス 春 夏 夏フェス ギフト","普通サイズ","BLACK/BEIGE(H_051)","X11","Y26",,"0","19","18","-1",
"2026/08/05 10:14:56","受注取込","7986789","7986789X11Y11","【小さな笛が身を守る/お得な2個セット】キーホルダー 防犯ホイッスル 防災ホイッスル 口笛 防犯グッズ NEK ★REV 7986789 護身用 女性 災害 大音量 ランドセル 子ども 男の子 女の子 大人 小学生 中学生 卒園 入学 キャンプ 登山 アウトドア プレゼント ギフト アクセサリー 送料無料","ONESIZE","ゴールド×シルバー(2個セット)","X11","Y11",,"0","2","0","-2",
"2026/08/05 10:15:54","WEB画面","8003102","8003102X19Y12","やみつきになる！ ストレッチ AVIREX アビレックス Tシャツ メンズ ★REV NEK 6143501 6143502 Vネック クルーネック 半袖 プレゼント ギフト","クルーネック_チャコール_019","Mサイズ","X19","Y12",,"0","2","3","1","早乙女"
"2026/08/05 10:16:15","WEB画面","7986545","7986545X11Y11","【お得な2枚組】AVIREX アビレックス  アヴィレックス ボクサーパンツ メンズ NEK ★REVL 7986545 アンダーウェア 下着 かっこいい おすすめ 人気 カモフラ 迷彩 カモ柄 ロゴ ブランド 男性 紳士 プレゼント プチギフト 父の日 誕生日 彼氏 父 息子 ギフト 記念日 福袋 送料無料","M","2枚組","X11","Y11",,"0","30","0","-30","大木 望"
"2026/08/05 10:16:15","WEB画面","7986545","7986545X12Y11","【お得な2枚組】AVIREX アビレックス  アヴィレックス ボクサーパンツ メンズ NEK ★REVL 7986545 アンダーウェア 下着 かっこいい おすすめ 人気 カモフラ 迷彩 カモ柄 ロゴ ブランド 男性 紳士 プレゼント プチギフト 父の日 誕生日 彼氏 父 息子 ギフト 記念日 福袋 送料無料","L","2枚組","X12","Y11",,"0","35","5","-30","大木 望"
"2026/08/05 10:16:15","WEB画面","7986545","7986545X13Y11","【お得な2枚組】AVIREX アビレックス  アヴィレックス ボクサーパンツ メンズ NEK ★REVL 7986545 アンダーウェア 下着 かっこいい おすすめ 人気 カモフラ 迷彩 カモ柄 ロゴ ブランド 男性 紳士 プレゼント プチギフト 父の日 誕生日 彼氏 父 息子 ギフト 記念日 福袋 送料無料","XL","2枚組","X13","Y11",,"0","31","1","-30","大木 望"
"2026/08/05 10:16:26","受注取込","7988125","7988125X11Y11","【カーボンスタイル 大きいサイズ】メッシュキャップ キャップ 帽子 ★REV 7988125 大きいサイズ 大きめ ビッグサイズ BIGサイズ シンプル 無地 カーボン調 プレゼント ギフト 送料無料","ONESIZE","ブラック","X11","Y11",,"0","45","44","-1",
"2026/08/05 10:17:55","受注取込","7994812","7994812X12Y12","サファリハット メンズ 釣り 帽子 ハット レディース SUNS(サンズ)  撥水 アウトドア 登山 キャンプ バーベキュー NEK ★REV H-051 H-053 送料無料 大きいサイズあり キッズサイズ 子供 UVカット アドベンチャーハット 父の日 プレゼント ユニセックス 春 夏 夏フェス ギフト","大きいサイズ","BLACK(H_051)","X12","Y12",,"0","83","82","-1",
"2026/08/05 10:19:25","受注取込","7987078","7987078X11Y11","【3個の福袋！即出荷】ビーチボール 水遊び ビーチバレー 浮き輪 フロート NEK ★REV 7987078 サッカーボール 30cm アウトドア キャンプ 海 プール 川 リゾート 送料無料","ONESIZE","3個セット","X11","Y11",,"0","63","62","-1",
"2026/08/05 10:21:22","WEB画面","7986598","7986598X11Y11","【熊対策/大音量】 熊対策！熊避け！大音量アラーム&ライト 120dB 害獣避け 害鳥避け NEK ★REVL 7986598 害獣対策 くま避け 熊よけ べアBEAR クマよけ 熊避け 熊・猪などの野生動物対策に アウトドア キャンプ 登山 ハイキング トレッキング アクセサリー 非常用 緊急用 笛 防犯 防災グッズ 送料無料","ONESIZE","ブラック","X11","Y11",,"0","161","131","-30","大木 望"
"2026/08/05 10:21:55","受注取込","7986734","7986734X13Y12","【スヌーピー/PEANUT】スニーカー スリッポン レディース PEANUT スヌーピー SNOOPY Y_KO 83H46 ★REV 7986734 アウトドア 靴 厚底 メッシュ 軽量","23.5cm","ネイビー","X13","Y12",,"0","26","25","-1",
"2026/08/05 10:21:55","受注取込","7997141","7997141X16Y14","特大 スイカ ドーナツ 浮き輪 浮輪 送料無料 プール 大人用 子供用 NEK 7997141 ★REV 120cm 90cm 80cm 70cm 60cm サイズ 大きい 大きめ うきわ ウキワ すいか 海 海水浴 ビックフロート 水上 レジャー かわいい フローティングベッド 西瓜 子供用浮き輪 大人 子供 こども","ONESIZE","スイカストライプ","X16","Y14",,"0","54","53","-1",
"2026/08/05 10:24:49","WEB画面","7997141","7997141X11Y11","特大 スイカ ドーナツ 浮き輪 浮輪 送料無料 プール 大人用 子供用 NEK 7997141 ★REV 120cm 90cm 80cm 70cm 60cm サイズ 大きい 大きめ うきわ ウキワ すいか 海 海水浴 ビックフロート 水上 レジャー かわいい フローティングベッド 西瓜 子供用浮き輪 大人 子供 こども","120cm","スイカ","X11","Y11",,"0","943","944","1","立花"
"2026/08/05 10:25:35","WEB画面","7994812","7994812X11Y33","サファリハット メンズ 釣り 帽子 ハット レディース SUNS(サンズ)  撥水 アウトドア 登山 キャンプ バーベキュー NEK ★REV H-051 H-053 送料無料 大きいサイズあり キッズサイズ 子供 UVカット アドベンチャーハット 父の日 プレゼント ユニセックス 春 夏 夏フェス ギフト","普通サイズ","GREIGE(H-051)","X11","Y33",,"0","85","86","1","立花"
"2026/08/05 10:26:04","WEB画面","7986710","7986710X11Y18","【春夏秋冬対応/くすみカラー】トートバッグ クロシェバッグ エコバッグ レディース NEK ★REVO 7986710 メッシュ クロシェ編み ナチュラル ニット A4 軽量 かぎ編み おしゃれ 大容量 リゾート 通勤 通学 学生 送料無料","ONESIZE","アイボリー","X11","Y18",,"0","55","30","-25","大木 望"
"2026/08/05 10:26:56","受注取込","7997141","7997141X16Y16","特大 スイカ ドーナツ 浮き輪 浮輪 送料無料 プール 大人用 子供用 NEK 7997141 ★REV 120cm 90cm 80cm 70cm 60cm サイズ 大きい 大きめ うきわ ウキワ すいか 海 海水浴 ビックフロート 水上 レジャー かわいい フローティングベッド 西瓜 子供用浮き輪 大人 子供 こども","ONESIZE","イエローストライプ","X16","Y16",,"0","48","47","-1",
"2026/08/05 10:29:01","受注取込","7987612","7987612X11Y11","本革 レザー ハンチング 帽子 キャップ メンズ 鳥打帽 キャスケット 本皮 ★REV 7987612 おしゃれ ブラック ダークブラウン プレゼント ギフト 父の日 送料無料","ONESIZE","ブラック","X11","Y11",,"0","21","20","-1",
"2026/08/05 10:29:01","受注取込","7987400","7987400X11Y26","【とにかくデカい！/普通サイズあり！】キャップ メンズ 大きいサイズ 帽子 深め ビッグサイズ ★REVM 7987400 BIG SIZE メンズキャップ帽子 大きめ 大きい帽子 メンズ帽子 レディース 春 夏 春夏 プレゼント ギフト 母の日 父の日 送料無料","大きいサイズ","P-ブラック","X11","Y26",,"0","47","46","-1",
"2026/08/05 10:29:01","受注取込","7986572","7986572X11Y18","【新型/IQOS イルマ i ワン用】アイコス イルマiワン ILUMA ケース 保護ケース NEK ★REVL 7986572 iqosイルマワン イルマワンカバー 耐衝撃 おしゃれ iqos iluma one 専用 IQOSイルマワン保護ケース レザー ヒョウ柄 ペイズリー 保護カバー アイコスケース アクセサリー 送料無料","イルマiワン","62","X11","Y18",,"0","6","5","-1",
"2026/08/05 10:29:01","受注取込","7987345","7987345X15Y13","【とにかくデカい！】 大きいサイズ キャップ 送料無料 大きめ ビッグサイズ ★REV 7987345 BIG SIZE 帽子 ハット キャップ キャスケット メンズキャップ 大きいサイズ バケット 大きい帽子 メンズ メンズ帽子 大きい 頭 メッシュキャップ","EEE","3","X15","Y13",,"0","27","26","-1",
"2026/08/05 10:31:27","WEB画面","7986545","7986545X11Y11","【お得な2枚組】AVIREX アビレックス  アヴィレックス ボクサーパンツ メンズ NEK ★REVL 7986545 アンダーウェア 下着 かっこいい おすすめ 人気 カモフラ 迷彩 カモ柄 ロゴ ブランド 男性 紳士 プレゼント プチギフト 父の日 誕生日 彼氏 父 息子 ギフト 記念日 福袋 送料無料","M","2枚組","X11","Y11",,"0","0","30","30","大木 望"
"2026/08/05 10:31:27","WEB画面","7986545","7986545X12Y11","【お得な2枚組】AVIREX アビレックス  アヴィレックス ボクサーパンツ メンズ NEK ★REVL 7986545 アンダーウェア 下着 かっこいい おすすめ 人気 カモフラ 迷彩 カモ柄 ロゴ ブランド 男性 紳士 プレゼント プチギフト 父の日 誕生日 彼氏 父 息子 ギフト 記念日 福袋 送料無料","L","2枚組","X12","Y11",,"0","5","35","30","大木 望"
"2026/08/05 10:31:27","WEB画面","7986545","7986545X13Y11","【お得な2枚組】AVIREX アビレックス  アヴィレックス ボクサーパンツ メンズ NEK ★REVL 7986545 アンダーウェア 下着 かっこいい おすすめ 人気 カモフラ 迷彩 カモ柄 ロゴ ブランド 男性 紳士 プレゼント プチギフト 父の日 誕生日 彼氏 父 息子 ギフト 記念日 福袋 送料無料","XL","2枚組","X13","Y11",,"0","1","31","30","大木 望"
"2026/08/05 10:33:02","受注取込","7986755","7986755X12Y11","【長さで選ぶ？5股を選ぶ？】5m 5股 スマホ ケーブル A-TO-C Type-C 長さ5m iPhone NEK ★REVL 7986755 6A SPEED 急速 充電器 ライトニング Micro-USB iPhone15 iPhone16 ipad ipad mini IQOS アイコス イルマ イルマワン プライム スマホアクセサリー 送料無料","3type-C×ライトニング×Micro-USB(1.6m)","ライトパープル","X12","Y11",,"0","6","3","-3",
"2026/08/05 10:34:31","受注取込","7986674","7986674X11Y12","【深め/美シルエット】メッシュキャップ キャップ 帽子 メンズ レディース スエード風 ★REVL 7986674 野球帽 A-Frame Trucker 無地 刺繍 10色展開 送料無料","ONESIZE","B","X11","Y12",,"0","8","7","-1",
"2026/08/05 10:35:25","WEB画面","7986530","7986530X11Y12","【ちょうどいい長さの25cm】全7通り Type-C 充電ケーブル スマホケーブル 急速6A NEK ★REVL 7986530 USB A→Type-C Type-C→Type-C Type-C→ライトニング スマホアクセサリー 新型iphone IQOS対応 短いケーブル 送料無料","ONESIZE","B_Type-C/Lightning【L字型】","X11","Y12",,"0","21","11","-10","大木 望"
"2026/08/05 10:36:57","受注取込","7986528","7986528X11Y12","【Ploom AURA】プルーム オーラ カバー ケース レザー調 ストラップ付 保護 耐衝撃 NEK ★REVL 7986528 おしゃれ プルームオーラ 保護ケース 保護カバー アクセサリー 送料無料","ONESIZE","B","X11","Y12",,"0","10","9","-1",
"2026/08/05 10:37:31","受注取込","7987076","7987076X11Y12","【超軽量55g】特価 キャップ 帽子 メッシュキャップ ランニングキャップ NEK ★REV 7987076 メンズ レディース 速乾 軽量 ジョギング アウトドア キャンプ スポーツ 釣り 海 プール","アジャスタータイプ","ダークグレー","X11","Y12",,"0","16","15","-1",
"2026/08/05 10:38:25","受注取込","7987124","7987124X11Y16","【おしゃれで衛生的】靴ベラ くつべら コンパクトシューホーン スーツ NEK ★REV 7987124 子供 衛生的 潔癖 折り畳み 携帯 軽量 収納 営業 出張 ビジネスマン 無地 シンプル 合皮 合成皮革 レザー プレゼント ギフト","ONESIZE","イエロー","X11","Y16",,"0","25","24","-1",
"2026/08/05 10:38:25","受注取込","7988044","7988044X11Y20","ショルダーバッグ メンズ ワンショルダー 斜め掛け ★REV 7988044 おしゃれバッグ Vintage 斜めがけ メンズボディバック かっこいい ボディバッグ レザー ワンショルダーバッグ カバン 鞄 かばん レザー調 メンズバッグ 斜めがけ メンズショルダーバック 散歩 送料無料","ONESIZE","J_ブラック","X11","Y20",,"0","18","17","-1",
"2026/08/05 10:40:53","WEB画面","7986986","7986986X11Y13","【UVカット・撥水】バケットハット ハット 帽子 メンズ レディース UVカット 撥水 NEK ★REV 7986986 バイカラー 軽量 通気性 おしゃれ 送料無料","ONESIZE","オリーブ","X11","Y13",,"0","20","10","-10","大木 望"
"2026/08/05 10:42:12","WEB画面","7986986","7986986X11Y11","【UVカット・撥水】バケットハット ハット 帽子 メンズ レディース UVカット 撥水 NEK ★REV 7986986 バイカラー 軽量 通気性 おしゃれ 送料無料","ONESIZE","ネイビー","X11","Y11",,"0","17","12","-5","大木 望"
"2026/08/05 10:42:12","WEB画面","7986986","7986986X11Y12","【UVカット・撥水】バケットハット ハット 帽子 メンズ レディース UVカット 撥水 NEK ★REV 7986986 バイカラー 軽量 通気性 おしゃれ 送料無料","ONESIZE","ブラック","X11","Y12",,"0","13","8","-5","大木 望"
"2026/08/05 10:46:01","受注取込","7987319","7987319X11Y13","LOGOS ロゴス ニットキャップ ニット帽 帽子 NEK ★REV LS6P207Z 7987319 大きい 大きめ 大きいサイズ ニット素材 メンズ レディース ブランド プレゼント ギフト ミリタリー アメカジ ストリート アウトドア プレゼント ギフト 送料無料","ONESIZE","チャコール","X11","Y13",,"0","118","117","-1",
"2026/08/05 10:47:56","受注取込","7994812","7994812X12Y27","サファリハット メンズ 釣り 帽子 ハット レディース SUNS(サンズ)  撥水 アウトドア 登山 キャンプ バーベキュー NEK ★REV H-051 H-053 送料無料 大きいサイズあり キッズサイズ 子供 UVカット アドベンチャーハット 父の日 プレゼント ユニセックス 春 夏 夏フェス ギフト","大きいサイズ","CAMO(H_051)","X12","Y27",,"0","98","97","-1",
"2026/08/05 10:48:29","WEB画面","7987093","7987093X11Y11","【新型iphone/IQOS対応】急速5A 3股 Type-C 充電ケーブル スマホケーブル 1.2m 2m 3m typec NEK ★REVL 7987093 新型iphone IQOS対応 USB A→Type-C×3 充電ケーブル 3in1 急速 送料無料","1.2m","ブラック_TypeA/TypeC×3","X11","Y11",,"0","52","37","-15","大木 望"
"2026/08/05 10:48:56","受注取込","7994812","7994812X11Y33","サファリハット メンズ 釣り 帽子 ハット レディース SUNS(サンズ)  撥水 アウトドア 登山 キャンプ バーベキュー NEK ★REV H-051 H-053 送料無料 大きいサイズあり キッズサイズ 子供 UVカット アドベンチャーハット 父の日 プレゼント ユニセックス 春 夏 夏フェス ギフト","普通サイズ","GREIGE(H-051)","X11","Y33",,"0","86","85","-1",
"2026/08/05 10:51:24","WEB画面","7986681","7986681X11Y11","【クロシェ編み】バケットハット ハット 帽子 レディース 麻素材 ジュート NEK ★REVM 7986681 おしゃれ 無地 シンプル リゾート 夏のUV対策 送料無料","ONESIZE","ブラック","X11","Y11",,"0","27","22","-5","大木 望"
"2026/08/05 10:51:24","WEB画面","7986681","7986681X11Y12","【クロシェ編み】バケットハット ハット 帽子 レディース 麻素材 ジュート NEK ★REVM 7986681 おしゃれ 無地 シンプル リゾート 夏のUV対策 送料無料","ONESIZE","ベージュ","X11","Y12",,"0","30","15","-15","大木 望"
"2026/08/05 10:51:24","WEB画面","7986681","7986681X11Y13","【クロシェ編み】バケットハット ハット 帽子 レディース 麻素材 ジュート NEK ★REVM 7986681 おしゃれ 無地 シンプル リゾート 夏のUV対策 送料無料","ONESIZE","ブラウン","X11","Y13",,"0","30","28","-2","大木 望"
"2026/08/05 10:53:49","WEB画面","7988248","7988248X11Y13","リュック メンズ レディース 防水 防災リュック 避難 スポーツ 軽量 リュックサック 32L ★REV 7988248 バックパック デイパック アウトドア キャンプ ジム 登山 散歩  送料無料","ONESIZE","レッド","X11","Y13",,"0","6","3","-3","大木 望"
"2026/08/05 10:53:49","WEB画面","7988248","7988248X11Y15","リュック メンズ レディース 防水 防災リュック 避難 スポーツ 軽量 リュックサック 32L ★REV 7988248 バックパック デイパック アウトドア キャンプ ジム 登山 散歩  送料無料","ONESIZE","ライトグリーン","X11","Y15",,"0","-1","0","1","大木 望"
"2026/08/05 10:55:21","WEB画面","7997141","7997141X15Y11","特大 スイカ ドーナツ 浮き輪 浮輪 送料無料 プール 大人用 子供用 NEK 7997141 ★REV 120cm 90cm 80cm 70cm 60cm サイズ 大きい 大きめ うきわ ウキワ すいか 海 海水浴 ビックフロート 水上 レジャー かわいい フローティングベッド 西瓜 子供用浮き輪 大人 子供 こども","60cm","スイカ","X15","Y11",,"0","86","81","-5","大木 望"
"2026/08/05 10:56:35","WEB画面","FBA-7988215","FBA-7988215X14Y12","【FBA専用】 とにかくデカい！ 大きいサイズ キャップ 7988215","DD","2","X14","Y12",,"0","30","15","-15","大木 望"
"2026/08/05 10:56:55","受注取込","7988215","7988215X14Y12","【とにかくデカい！】 大きいサイズ キャップ メッシュキャップ 送料無料 大きめ ビッグサイズ BIG SIZE ★REV 7988215 <br> 帽子 ハット キャップ ワークキャップ メンズキャップ 大きいサイズ バケット 大きい帽子 メンズ バケハ メンズ帽子 大きい 頭 メッシュ 全39カラー","DD","2","X14","Y12",,"0","15","14","-1",
"2026/08/05 10:57:00","受注取込","7988215","7988215X25Y13","【とにかくデカい！】 大きいサイズ キャップ メッシュキャップ 送料無料 大きめ ビッグサイズ BIG SIZE ★REV 7988215 <br> 帽子 ハット キャップ ワークキャップ メンズキャップ 大きいサイズ バケット 大きい帽子 メンズ バケハ メンズ帽子 大きい 頭 メッシュ 全39カラー","OO","3","X25","Y13",,"0","3","2","-1",
"2026/08/05 10:57:35","WEB画面","7987344","7987344X11Y11","【4個入でお得】カラビナ パラコード キーホルダー キーチェーン 4本セット NEK ★REV 7987344 帽子フック おしゃれ キーリング アウトドア リュック バッグ キャンプ 非常用 災害 ロープ 紐 便利 代用 防災 丈夫 コンパクト 軽量 プレゼント ギフト 送料無料","ONESIZE","4色セット","X11","Y11",,"0","64","54","-10","大木 望"
"2026/08/05 10:58:30","受注取込","7987345","7987345X22Y11","【とにかくデカい！】 大きいサイズ キャップ 送料無料 大きめ ビッグサイズ ★REV 7987345 BIG SIZE 帽子 ハット キャップ キャスケット メンズキャップ 大きいサイズ バケット 大きい帽子 メンズ メンズ帽子 大きい 頭 メッシュキャップ","LLL","1","X22","Y11",,"0","14","13","-1",
"2026/08/05 10:58:30","受注取込","7987345","7987345X11Y13","【とにかくデカい！】 大きいサイズ キャップ 送料無料 大きめ ビッグサイズ ★REV 7987345 BIG SIZE 帽子 ハット キャップ キャスケット メンズキャップ 大きいサイズ バケット 大きい帽子 メンズ メンズ帽子 大きい 頭 メッシュキャップ","AAA","3","X11","Y13",,"0","10","9","-1",
"2026/08/05 10:58:30","受注取込","7987345","7987345X15Y12","【とにかくデカい！】 大きいサイズ キャップ 送料無料 大きめ ビッグサイズ ★REV 7987345 BIG SIZE 帽子 ハット キャップ キャスケット メンズキャップ 大きいサイズ バケット 大きい帽子 メンズ メンズ帽子 大きい 頭 メッシュキャップ","EEE","2","X15","Y12",,"0","29","28","-1",
"2026/08/05 10:58:30","受注取込","7987345","7987345X11Y12","【とにかくデカい！】 大きいサイズ キャップ 送料無料 大きめ ビッグサイズ ★REV 7987345 BIG SIZE 帽子 ハット キャップ キャスケット メンズキャップ 大きいサイズ バケット 大きい帽子 メンズ メンズ帽子 大きい 頭 メッシュキャップ","AAA","2","X11","Y12",,"0","10","9","-1",
"2026/08/05 10:59:22","WEB画面","7988124","7988124X11Y14","大きいサイズ キャップ 帽子 メンズ フルキャップ ベースボールキャップ コットンキャップ 野球帽 ワンポイント ★REV 7988124 イーグル 鷲 刺繍 ミリタリー BIGSIZE キングサイズ 送料無料","ONESIZE","メッシュブラック","X11","Y14",,"0","51","36","-15","大木 望"
"2026/08/05 10:59:56","受注取込","7997141","7997141X12Y13","特大 スイカ ドーナツ 浮き輪 浮輪 送料無料 プール 大人用 子供用 NEK 7997141 ★REV 120cm 90cm 80cm 70cm 60cm サイズ 大きい 大きめ うきわ ウキワ すいか 海 海水浴 ビックフロート 水上 レジャー かわいい フローティングベッド 西瓜 子供用浮き輪 大人 子供 こども","90cm","ドーナツチョコ","X12","Y13",,"0","34","33","-1",
"2026/08/05 11:00:24","WEB画面","FBA-7988215","FBA-7988215X22Y15","【FBA専用】 とにかくデカい！ 大きいサイズ キャップ 7988215","LL","5","X22","Y15",,"0","10","0","-10","大木 望"
"2026/08/05 11:01:39","WEB画面","FBA-7988215","FBA-7988215X23Y14","【FBA専用】 とにかくデカい！ 大きいサイズ キャップ 7988215","MM","4","X23","Y14",,"0","10","0","-10","大木 望"
"2026/08/05 11:03:01","受注取込","7987137","7987137X11Y13","【最安値に挑戦 日本製】GEVAERT ゲバルト ベルト YKK社製 軽量バックル使用 35mm幅 NEK ★REV 7987137 ゴムベルト GVT-1062 1063 1064 1011 1048 無地 カモフラ柄 ベルギー生地使用 日本製 メンズ レディース カジュアル 入学 卒業 通勤 通学 送料無料","ONESIZE","C","X11","Y13",,"0","3","2","-1",
"2026/08/05 11:04:26","受注取込","7994812","7994812X12Y33","サファリハット メンズ 釣り 帽子 ハット レディース SUNS(サンズ)  撥水 アウトドア 登山 キャンプ バーベキュー NEK ★REV H-051 H-053 送料無料 大きいサイズあり キッズサイズ 子供 UVカット アドベンチャーハット 父の日 プレゼント ユニセックス 春 夏 夏フェス ギフト","大きいサイズ","GREIGE(H-051)","X12","Y33",,"0","11","10","-1",
"2026/08/05 11:05:56","WEB画面","7986710","7986710X11Y13","【春夏秋冬対応/くすみカラー】トートバッグ クロシェバッグ エコバッグ レディース NEK ★REVO 7986710 メッシュ クロシェ編み ナチュラル ニット A4 軽量 かぎ編み おしゃれ 大容量 リゾート 通勤 通学 学生 送料無料","ONESIZE","ダークブラウン","X11","Y13",,"0","34","29","-5","大木 望"
"2026/08/05 11:08:23","WEB画面","FBA-7988215","FBA-7988215X14Y13","【FBA専用】 とにかくデカい！ 大きいサイズ キャップ 7988215","DD","3","X14","Y13",,"0","8","3","-5","大木 望"
"2026/08/05 11:09:56","受注取込","7988386","7988386X11Y12","【高輝度・省電力】LED 卓上 ライト 間接照明 おしゃれ テーブルランプ 北欧 ベッドライト ★REV 7988386 照明 ランプ 一人暮らし ナイトランプ ムードランプ インテリア 雑貨 スタンドライト フロアライト ベッドサイド ルームライト 寝室 usb 電気スタンド フロアランプ","ONESIZE","ブルー","X11","Y12",,"0","40","39","-1",
"2026/08/05 11:10:30","受注取込","7987345","7987345X11Y13","【とにかくデカい！】 大きいサイズ キャップ 送料無料 大きめ ビッグサイズ ★REV 7987345 BIG SIZE 帽子 ハット キャップ キャスケット メンズキャップ 大きいサイズ バケット 大きい帽子 メンズ メンズ帽子 大きい 頭 メッシュキャップ","AAA","3","X11","Y13",,"0","9","8","-1",
"2026/08/05 11:10:48","WEB画面","FBA-7988215","FBA-7988215X11Y11","【FBA専用】 とにかくデカい！ 大きいサイズ キャップ 7988215","AA","1","X11","Y11",,"0","9","4","-5","大木 望"
"2026/08/05 11:11:25","受注取込","7997141","7997141X11Y11","特大 スイカ ドーナツ 浮き輪 浮輪 送料無料 プール 大人用 子供用 NEK 7997141 ★REV 120cm 90cm 80cm 70cm 60cm サイズ 大きい 大きめ うきわ ウキワ すいか 海 海水浴 ビックフロート 水上 レジャー かわいい フローティングベッド 西瓜 子供用浮き輪 大人 子供 こども","120cm","スイカ","X11","Y11",,"0","944","943","-1",
"2026/08/05 11:12:07","WEB画面","7987073","7987073X12Y12","【くすみカラー 超軽量】バケットハット サファリハット メンズ レディース 普通サイズ 大きいサイズ NEK ★REV 7987073 アドベンチャーハット 撥水 速乾 軽量 折り畳める UV カット アウトドア キャンプ 登山 ウォーキング 散歩 日焼け防止 紫外線防止 送料無料","大きいサイズ","グレー","X12","Y12",,"0","34","29","-5","大木 望"
"2026/08/05 11:14:50","WEB画面","7987002","7987002X11Y13","【Vintage感が超カッコいい 深め】帽子 キャップ メンズ レディース Vintage クラッシュ加工 ★REVL 7987002 デニム ジーンズ 送料無料","ONESIZE","ブラック","X11","Y13",,"0","87","82","-5","大木 望"
"2026/08/05 11:16:04","WEB画面","7986674","7986674X11Y12","【深め/美シルエット】メッシュキャップ キャップ 帽子 メンズ レディース スエード風 ★REVL 7986674 野球帽 A-Frame Trucker 無地 刺繍 10色展開 送料無料","ONESIZE","B","X11","Y12",,"0","7","4","-3","大木 望"
"2026/08/05 11:17:48","WEB画面","7999489","7999489X11Y13","5WAY ボディバッグ メンズ 鞄 ショルダーバッグ ウエストバッグ ★REV 7999489 アウトドア キャンプ ミリタリー 無地 迷彩 カモフラージュ 多機能 小さめ 小さい 小型 斜め掛け Military プレゼント ギフト","ONESIZE","カーキ","X11","Y13",,"0","-1","0","1","大木 望"
"2026/08/05 11:19:24","WEB画面","7986645","7986645X11Y11","【ふわもち質感】 ダウン風 トートバッグ ミニトート バッグ レディース キルティング ショルダーバッグ ★REVA 7986645 2WAY仕様 くすみカラー おしゃれ 送料無料","ONESIZE","ブラック","X11","Y11",,"0","8","5","-3","大木 望"
"2026/08/05 11:20:04","受注取込","7986545","7986545X12Y11","【お得な2枚組】AVIREX アビレックス  アヴィレックス ボクサーパンツ メンズ NEK ★REVL 7986545 アンダーウェア 下着 かっこいい おすすめ 人気 カモフラ 迷彩 カモ柄 ロゴ ブランド 男性 紳士 プレゼント プチギフト 父の日 誕生日 彼氏 父 息子 ギフト 記念日 福袋 送料無料","L","2枚組","X12","Y11",,"0","35","34","-1",
"2026/08/05 11:20:04","受注取込","7987070","7987070X12Y11","【お得な2枚組】X-LARGE XLARGE エクストララージ ボクサーパンツ メンズ アンダーウェア 下着 NEK ★REVL 7987070 かっこいい ツルツル おすすめ 人気 カモフラ タイダイ 炎 迷彩 カモ柄 ブランド 男性 紳士 プレゼント プチギフト 父の日 誕生日 彼氏 父 息子 ギフト 記念日 大きいサイズ 福袋 送料無料","L","2枚組","X12","Y11",,"0","19","18","-1",
"2026/08/05 11:20:15","WEB画面","7986645","7986645X11Y14","【ふわもち質感】 ダウン風 トートバッグ ミニトート バッグ レディース キルティング ショルダーバッグ ★REVA 7986645 2WAY仕様 くすみカラー おしゃれ 送料無料","ONESIZE","ミスティブルー","X11","Y14",,"0","13","12","-1","大木 望"
"2026/08/05 11:23:47","WEB画面","7987061","7987061X11Y11","【お得な2組セット】アームカバー メンズ レディース 2組セット 冷感 NEK ★REV 7987061 ひんやり スポーツ 紫外線カット UVカット 男用 仕事 外 夏 運動 ゴルフ サイクリング 通気性 速乾性 接触冷感 UPF50+ 日焼け防止 送料無料","ONESIZE","ブラック","X11","Y11",,"0","420","416","-4","大木 望"
"2026/08/05 11:24:53","WEB画面","7987002","7987002X11Y14","【Vintage感が超カッコいい 深め】帽子 キャップ メンズ レディース Vintage クラッシュ加工 ★REVL 7987002 デニム ジーンズ 送料無料","ONESIZE","カーキ","X11","Y14",,"0","28","25","-3","大木 望"
"2026/08/05 11:26:58","受注取込","7997141","7997141X11Y12","特大 スイカ ドーナツ 浮き輪 浮輪 送料無料 プール 大人用 子供用 NEK 7997141 ★REV 120cm 90cm 80cm 70cm 60cm サイズ 大きい 大きめ うきわ ウキワ すいか 海 海水浴 ビックフロート 水上 レジャー かわいい フローティングベッド 西瓜 子供用浮き輪 大人 子供 こども","120cm","ドーナツイチゴ","X11","Y12",,"0","3","2","-1",
"2026/08/05 11:42:30","受注取込","7987345","7987345X15Y13","【とにかくデカい！】 大きいサイズ キャップ 送料無料 大きめ ビッグサイズ ★REV 7987345 BIG SIZE 帽子 ハット キャップ キャスケット メンズキャップ 大きいサイズ バケット 大きい帽子 メンズ メンズ帽子 大きい 頭 メッシュキャップ","EEE","3","X15","Y13",,"0","26","25","-1",
"2026/08/05 11:42:56","受注取込","7987522","7987522X11Y12","ショルダーバッグ メンズ ワンショルダー サコッシュ 斜め掛け おしゃれバッグ ★REV 7987522 斜めがけ メンズボディバック かっこいい ボディバッグ レザー ワンショルダーバッグ カバン 鞄 かばん レザー調 メンズバッグ 斜めがけ メンズショルダーバック 散歩 父の日","ONESIZE","B柄(ブラック)","X11","Y12",,"0","7","6","-1",
"2026/08/05 11:43:55","受注取込","7997141","7997141X15Y11","特大 スイカ ドーナツ 浮き輪 浮輪 送料無料 プール 大人用 子供用 NEK 7997141 ★REV 120cm 90cm 80cm 70cm 60cm サイズ 大きい 大きめ うきわ ウキワ すいか 海 海水浴 ビックフロート 水上 レジャー かわいい フローティングベッド 西瓜 子供用浮き輪 大人 子供 こども","60cm","スイカ","X15","Y11",,"0","81","80","-1",
"2026/08/05 11:47:30","受注取込","7987490","7987490X11Y11","【手首を太く逞しくする】前腕筋 筋トレ 握力 手首 前腕部の強化 腕相撲 ★REV 7987490 バスケットボール テニス ゴルフ 柔道 剣道 空手 格闘技 プレゼント ギフト 送料無料","ONESIZE","ブラック","X11","Y11",,"0","97","96","-1",
"2026/08/05 11:50:29","WEB画面","7986479","7986479X11Y11","【しっかりフレーム】偏光サングラス 調光サングラス メンズ レディース UV400 NEK ★REVL 7986479 紫外線カット ラウンド ボストン 丸メガネ ドライブ 釣り ゴルフ アウトドア 軽量 おしゃれ 送料無料","ONESIZE","ゴールド×グレー","X11","Y11",,"0","15","13","-2","大木 望"
"2026/08/05 11:53:31","受注取込","7997141","7997141X11Y12","特大 スイカ ドーナツ 浮き輪 浮輪 送料無料 プール 大人用 子供用 NEK 7997141 ★REV 120cm 90cm 80cm 70cm 60cm サイズ 大きい 大きめ うきわ ウキワ すいか 海 海水浴 ビックフロート 水上 レジャー かわいい フローティングベッド 西瓜 子供用浮き輪 大人 子供 こども","120cm","ドーナツイチゴ","X11","Y12",,"0","2","1","-1",
"2026/08/05 11:53:31","受注取込","7997141","7997141X11Y11","特大 スイカ ドーナツ 浮き輪 浮輪 送料無料 プール 大人用 子供用 NEK 7997141 ★REV 120cm 90cm 80cm 70cm 60cm サイズ 大きい 大きめ うきわ ウキワ すいか 海 海水浴 ビックフロート 水上 レジャー かわいい フローティングベッド 西瓜 子供用浮き輪 大人 子供 こども","120cm","スイカ","X11","Y11",,"0","943","942","-1",
"2026/08/05 11:56:01","受注取込","7986681","7986681X11Y11","【クロシェ編み】バケットハット ハット 帽子 レディース 麻素材 ジュート NEK ★REVM 7986681 おしゃれ 無地 シンプル リゾート 夏のUV対策 送料無料","ONESIZE","ブラック","X11","Y11",,"0","22","21","-1",
"2026/08/05 11:56:50","受注取込","7987065","7987065X13Y12","【衝撃に強い】安全靴 スニーカー エアウォーク ミッドカット ハイカット ミドルカット AIR WALK AW-970 AW-980 Y_YU ★REV 7987065 メンズ おしゃれ 耐滑底 樹脂先芯 超軽量 マジックテープ セーフティシューズ 作業靴","26.0cm","AW-980_WHITE","X13","Y12",,"0","71","70","-1",
"2026/08/05 11:56:50","受注取込","7986851","7986851X13Y11","【耐滑底/軽量】安全靴 スニーカー エアウォーク ミッドカット AIR WALK AW-641 Y_YU ★REV 7986851 メンズ おしゃれ 耐滑底 樹脂先芯 超軽量 セーフティシューズ 作業靴 送料無料","26.0cm","ホワイト","X13","Y11",,"0","48","47","-1",
"2026/08/05 11:57:06","受注取込","7994812","7994812X12Y11","サファリハット メンズ 釣り 帽子 ハット レディース SUNS(サンズ)  撥水 アウトドア 登山 キャンプ バーベキュー NEK ★REV H-051 H-053 送料無料 大きいサイズあり キッズサイズ 子供 UVカット アドベンチャーハット 父の日 プレゼント ユニセックス 春 夏 夏フェス ギフト","大きいサイズ","BK/BLACK(H_051)","X12","Y11",,"0","382","381","-1",
"2026/08/05 11:57:06","受注取込","7994812","7994812X11Y33","サファリハット メンズ 釣り 帽子 ハット レディース SUNS(サンズ)  撥水 アウトドア 登山 キャンプ バーベキュー NEK ★REV H-051 H-053 送料無料 大きいサイズあり キッズサイズ 子供 UVカット アドベンチャーハット 父の日 プレゼント ユニセックス 春 夏 夏フェス ギフト","普通サイズ","GREIGE(H-051)","X11","Y33",,"0","85","84","-1",
"2026/08/05 11:58:25","受注取込","7987400","7987400X11Y25","【とにかくデカい！/普通サイズあり！】キャップ メンズ 大きいサイズ 帽子 深め ビッグサイズ ★REVM 7987400 BIG SIZE メンズキャップ帽子 大きめ 大きい帽子 メンズ帽子 レディース 春 夏 春夏 プレゼント ギフト 母の日 父の日 送料無料","大きいサイズ","O-ネイビー","X11","Y25",,"0","18","17","-1",
"2026/08/05 11:58:25","受注取込","7987988","7987988X12Y15","【AVIREX 限定】サファリハット メンズ 大きいサイズ BIGサイズ アドベンチャーハット 17158300 17158400 釣り 帽子 ハット ★REV NEK 7987988 大きめ 普通サイズ AVIREX 限定 かっこいい アウトドア ブラックシリーズ アビレックス 帽子 キャップ ブランド 撥水加工","大きいサイズ_17158400","グレージュ(73)","X12","Y15",,"0","38","37","-1",
"2026/08/05 11:59:55","受注取込","7987122","7987122X11Y13","【深い ALLメッシュ】ハンチング キャスケット キャスハンチング キャップ 大きいサイズ NEK ★REV 7987122 深い 深め メンズ レディース ハンチング帽子 ハンチング帽 帽子 メンズ帽子 送料無料","ONESIZE","ブラック","X11","Y13",,"0","29","28","-1",
"2026/08/05 12:05:27","受注取込","7994812","7994812X11Y33","サファリハット メンズ 釣り 帽子 ハット レディース SUNS(サンズ)  撥水 アウトドア 登山 キャンプ バーベキュー NEK ★REV H-051 H-053 送料無料 大きいサイズあり キッズサイズ 子供 UVカット アドベンチャーハット 父の日 プレゼント ユニセックス 春 夏 夏フェス ギフト","普通サイズ","GREIGE(H-051)","X11","Y33",,"0","84","83","-1",
"2026/08/05 12:05:27","受注取込","7987952","7987952X11Y11","2WAY ボストンバッグ 大容量 メンズ レディース ショルダーバッグ 旅行 ★REV 7987952 アウトドア キャンプ スポーツ ジム ゴルフ 肩掛け シューズ収納 軽量 防水 靴収納 スポーツバッグ ジムバッグ 2wayバック 男 女子 ボストンバック 靴 収納 ボストン メンズ 送料無料","ONESIZE","パープル","X11","Y11",,"0","14","13","-1",
"2026/08/05 12:08:25","受注取込","7987085","7987085X11Y36","【とにかくデカい！】大きいサイズ キャップ 大きめ 深い 深め ビッグサイズ BIG SIZE ★REV 7987085 メンズキャップ帽子 大きい帽子 メンズ帽子 レディース 春 夏 春夏 プレゼント ギフト 母の日 父の日 送料無料","YA","26","X11","Y36",,"0","11","10","-1",
"2026/08/05 12:09:30","受注取込","7994812","7994812X12Y11","サファリハット メンズ 釣り 帽子 ハット レディース SUNS(サンズ)  撥水 アウトドア 登山 キャンプ バーベキュー NEK ★REV H-051 H-053 送料無料 大きいサイズあり キッズサイズ 子供 UVカット アドベンチャーハット 父の日 プレゼント ユニセックス 春 夏 夏フェス ギフト","大きいサイズ","BK/BLACK(H_051)","X12","Y11",,"0","381","380","-1",
"2026/08/05 12:10:56","受注取込","7994812","7994812X12Y11","サファリハット メンズ 釣り 帽子 ハット レディース SUNS(サンズ)  撥水 アウトドア 登山 キャンプ バーベキュー NEK ★REV H-051 H-053 送料無料 大きいサイズあり キッズサイズ 子供 UVカット アドベンチャーハット 父の日 プレゼント ユニセックス 春 夏 夏フェス ギフト","大きいサイズ","BK/BLACK(H_051)","X12","Y11",,"0","380","379","-1",
"2026/08/05 12:11:49","受注取込","7986564","7986564X11Y15","【当店限定/大きいサイズ】BlackRebel 帽子 キャップ メンズ レディース 大きいサイズ ★REVL 7986564 深め Vintage クラッシュ 加工 こなれ感 おしゃれ 送料無料","ONESIZE","グレー","X11","Y15",,"0","19","18","-1",
"2026/08/05 12:18:31","受注取込","7995525","7995525X1Y15","AVIREX 限定モデル キャップ 帽子 父の日 贈り物 プレゼント メンズ ★REV ブラックシリーズ 黒 アビレックス アヴィレックス メッシュキャップ ハンチング ローキャップ バケット ハット ワークキャップ レディース かっこいい yos プレゼント ギフト","ONESIZE","【O】サファリハット_17158400_BIG","X1","Y15",,"0","50","49","-1",
"2026/08/05 12:22:25","受注取込","7994812","7994812X11Y33","サファリハット メンズ 釣り 帽子 ハット レディース SUNS(サンズ)  撥水 アウトドア 登山 キャンプ バーベキュー NEK ★REV H-051 H-053 送料無料 大きいサイズあり キッズサイズ 子供 UVカット アドベンチャーハット 父の日 プレゼント ユニセックス 春 夏 夏フェス ギフト","普通サイズ","GREIGE(H-051)","X11","Y33",,"0","83","82","-1",
"2026/08/05 12:22:25","受注取込","7997141","7997141X13Y12","特大 スイカ ドーナツ 浮き輪 浮輪 送料無料 プール 大人用 子供用 NEK 7997141 ★REV 120cm 90cm 80cm 70cm 60cm サイズ 大きい 大きめ うきわ ウキワ すいか 海 海水浴 ビックフロート 水上 レジャー かわいい フローティングベッド 西瓜 子供用浮き輪 大人 子供 こども","80cm","ドーナツイチゴ","X13","Y12",,"0","65","64","-1",
"2026/08/05 12:23:27","受注取込","7994812","7994812X11Y33","サファリハット メンズ 釣り 帽子 ハット レディース SUNS(サンズ)  撥水 アウトドア 登山 キャンプ バーベキュー NEK ★REV H-051 H-053 送料無料 大きいサイズあり キッズサイズ 子供 UVカット アドベンチャーハット 父の日 プレゼント ユニセックス 春 夏 夏フェス ギフト","普通サイズ","GREIGE(H-051)","X11","Y33",,"0","82","81","-1",
"2026/08/05 12:24:20","受注取込","7988215","7988215X13Y12","【とにかくデカい！】 大きいサイズ キャップ メッシュキャップ 送料無料 大きめ ビッグサイズ BIG SIZE ★REV 7988215 <br> 帽子 ハット キャップ ワークキャップ メンズキャップ 大きいサイズ バケット 大きい帽子 メンズ バケハ メンズ帽子 大きい 頭 メッシュ 全39カラー","CC","2","X13","Y12",,"0","31","30","-1",
"2026/08/05 12:24:56","受注取込","7994812","7994812X12Y12","サファリハット メンズ 釣り 帽子 ハット レディース SUNS(サンズ)  撥水 アウトドア 登山 キャンプ バーベキュー NEK ★REV H-051 H-053 送料無料 大きいサイズあり キッズサイズ 子供 UVカット アドベンチャーハット 父の日 プレゼント ユニセックス 春 夏 夏フェス ギフト","大きいサイズ","BLACK(H_051)","X12","Y12",,"0","82","81","-1",
"2026/08/05 12:27:55","受注取込","7994812","7994812X12Y33","サファリハット メンズ 釣り 帽子 ハット レディース SUNS(サンズ)  撥水 アウトドア 登山 キャンプ バーベキュー NEK ★REV H-051 H-053 送料無料 大きいサイズあり キッズサイズ 子供 UVカット アドベンチャーハット 父の日 プレゼント ユニセックス 春 夏 夏フェス ギフト","大きいサイズ","GREIGE(H-051)","X12","Y33",,"0","10","9","-1",
"2026/08/05 12:30:17","受注取込","7987087","7987087X11Y14","Cloud 深め 帽子 キャップ メンズ レディース ★REV 7987087 Vintage CRUSH加工 サイド刺繍 おしゃれ 送料無料","ONESIZE","ベージュ","X11","Y14",,"0","19","18","-1",
"2026/08/05 12:31:30","受注取込","7987076","7987076X11Y11","【超軽量55g】特価 キャップ 帽子 メッシュキャップ ランニングキャップ NEK ★REV 7987076 メンズ レディース 速乾 軽量 ジョギング アウトドア キャンプ スポーツ 釣り 海 プール","アジャスタータイプ","ブラック","X11","Y11",,"0","42","41","-1",
"2026/08/05 12:31:30","受注取込","7998075","7998075X12Y14","他店圧倒価格♪最安値に挑戦！ 1点までメール便送料無料 ワッチキャップ ニット帽子 ニットキャップ 7998075 【MB】【ALI】■05161126【wow未販売】 sg追加200125 sg追加200125","大きいサイズ(～65cm)","ネイビー","X12","Y14",,"0","72","71","-1",
"2026/08/05 12:31:30","受注取込","7998075","7998075X12Y13","他店圧倒価格♪最安値に挑戦！ 1点までメール便送料無料 ワッチキャップ ニット帽子 ニットキャップ 7998075 【MB】【ALI】■05161126【wow未販売】 sg追加200125 sg追加200125","大きいサイズ(～65cm)","ブラウン杢","X12","Y13",,"0","86","85","-1",
"2026/08/05 12:31:30","受注取込","7986747","7986747X12Y11","【日焼けシェード付き】サファリハット シェード メンズ 釣り 帽子 ハット レディース SUNS(サンズ) 撥水 アウトドア 登山 キャンプ バーベキュー NEK ★REVL H-051 送料無料 大きいサイズあり キッズサイズ 子供 UVカット アドベンチャーハット 父の日 プレゼント ユニセックス 春 夏 夏フェス ギフト","大きいサイズ","SHADE_BK/BLACK(H_051)","X12","Y11",,"0","116","115","-1",
"2026/08/05 12:31:56","受注取込","7994812","7994812X11Y11","サファリハット メンズ 釣り 帽子 ハット レディース SUNS(サンズ)  撥水 アウトドア 登山 キャンプ バーベキュー NEK ★REV H-051 H-053 送料無料 大きいサイズあり キッズサイズ 子供 UVカット アドベンチャーハット 父の日 プレゼント ユニセックス 春 夏 夏フェス ギフト","普通サイズ","BK/BLACK(H_051)","X11","Y11",,"0","47","46","-1",
"2026/08/05 12:33:26","受注取込","7994812","7994812X11Y13","サファリハット メンズ 釣り 帽子 ハット レディース SUNS(サンズ)  撥水 アウトドア 登山 キャンプ バーベキュー NEK ★REV H-051 H-053 送料無料 大きいサイズあり キッズサイズ 子供 UVカット アドベンチャーハット 父の日 プレゼント ユニセックス 春 夏 夏フェス ギフト","普通サイズ","NAVY(H_051)","X11","Y13",,"0","76","75","-1",
"2026/08/05 12:34:31","受注取込","7994812","7994812X12Y24","サファリハット メンズ 釣り 帽子 ハット レディース SUNS(サンズ)  撥水 アウトドア 登山 キャンプ バーベキュー NEK ★REV H-051 H-053 送料無料 大きいサイズあり キッズサイズ 子供 UVカット アドベンチャーハット 父の日 プレゼント ユニセックス 春 夏 夏フェス ギフト","大きいサイズ","BEIGE(H_051)","X12","Y24",,"0","39","38","-1",
"2026/08/05 12:34:55","受注取込","7999489","7999489X11Y16","5WAY ボディバッグ メンズ 鞄 ショルダーバッグ ウエストバッグ ★REV 7999489 アウトドア キャンプ ミリタリー 無地 迷彩 カモフラージュ 多機能 小さめ 小さい 小型 斜め掛け Military プレゼント ギフト","ONESIZE","ブラック","X11","Y16",,"0","2","1","-1",
"2026/08/05 12:34:55","受注取込","7994812","7994812X12Y11","サファリハット メンズ 釣り 帽子 ハット レディース SUNS(サンズ)  撥水 アウトドア 登山 キャンプ バーベキュー NEK ★REV H-051 H-053 送料無料 大きいサイズあり キッズサイズ 子供 UVカット アドベンチャーハット 父の日 プレゼント ユニセックス 春 夏 夏フェス ギフト","大きいサイズ","BK/BLACK(H_051)","X12","Y11",,"0","379","378","-1",
"2026/08/05 12:38:31","受注取込","7995525","7995525X1Y8","AVIREX 限定モデル キャップ 帽子 父の日 贈り物 プレゼント メンズ ★REV ブラックシリーズ 黒 アビレックス アヴィレックス メッシュキャップ ハンチング ローキャップ バケット ハット ワークキャップ レディース かっこいい yos プレゼント ギフト","ONESIZE","【H】メッシュ_14587700_80","X1","Y8",,"0","252","251","-1",
"2026/08/05 12:40:39","受注取込","7986531","7986531X11Y21","【新型/IQOS イルマ i ワン用】アイコス イルマiワン ILUMA ケース 保護ケース NEK ★REVL 7986531 iqosイルマワン イルマワンカバー 耐衝撃 おしゃれ iqos iluma one 専用 IQOSイルマワン保護ケース レザー ヒョウ柄 ペイズリー 保護カバー アイコスケース アクセサリー 送料無料","ONESIZE","104","X11","Y21",,"0","18","17","-1",
"2026/08/05 12:40:39","受注取込","7997141","7997141X11Y11","特大 スイカ ドーナツ 浮き輪 浮輪 送料無料 プール 大人用 子供用 NEK 7997141 ★REV 120cm 90cm 80cm 70cm 60cm サイズ 大きい 大きめ うきわ ウキワ すいか 海 海水浴 ビックフロート 水上 レジャー かわいい フローティングベッド 西瓜 子供用浮き輪 大人 子供 こども","120cm","スイカ","X11","Y11",,"0","942","941","-1",
"2026/08/05 12:40:52","受注取込","7986677","7986677X11Y12","【深め/美シルエット】Vintage ダメージ加工 メッシュキャップ キャップ 帽子 メンズ レディース ★REVL 7986677 野球帽 ウォッシュ加工 A-Frame Trucker アメカジ 無地 おしゃれ 送料無料","ONESIZE","ブラック","X11","Y12",,"0","21","20","-1",
"2026/08/05 12:40:52","受注取込","7988044","7988044X11Y15","ショルダーバッグ メンズ ワンショルダー 斜め掛け ★REV 7988044 おしゃれバッグ Vintage 斜めがけ メンズボディバック かっこいい ボディバッグ レザー ワンショルダーバッグ カバン 鞄 かばん レザー調 メンズバッグ 斜めがけ メンズショルダーバック 散歩 送料無料","ONESIZE","E_ブラウン","X11","Y15",,"0","21","20","-1",
"2026/08/05 12:41:55","受注取込","7987140","7987140X11Y12","【COOLにマナーを】携帯灰皿 カラビナ付き 吸い殻入れ 金属製 フタ付き 小型 軽量 NEK ★REVL 7987140 喫煙グッズ アッシュトレイ 持ち運び便利 男性 メンズ レディース 送料無料","ONESIZE","B.シルバー","X11","Y12",,"0","17","16","-1",
"2026/08/05 12:44:55","受注取込","7997141","7997141X11Y12","特大 スイカ ドーナツ 浮き輪 浮輪 送料無料 プール 大人用 子供用 NEK 7997141 ★REV 120cm 90cm 80cm 70cm 60cm サイズ 大きい 大きめ うきわ ウキワ すいか 海 海水浴 ビックフロート 水上 レジャー かわいい フローティングベッド 西瓜 子供用浮き輪 大人 子供 こども","120cm","ドーナツイチゴ","X11","Y12",,"0","1","0","-1",
"2026/08/05 12:44:55","受注取込","7997141","7997141X11Y11","特大 スイカ ドーナツ 浮き輪 浮輪 送料無料 プール 大人用 子供用 NEK 7997141 ★REV 120cm 90cm 80cm 70cm 60cm サイズ 大きい 大きめ うきわ ウキワ すいか 海 海水浴 ビックフロート 水上 レジャー かわいい フローティングベッド 西瓜 子供用浮き輪 大人 子供 こども","120cm","スイカ","X11","Y11",,"0","941","940","-1",
"2026/08/05 12:49:10","在庫CSV取込","7986553","7986553X11Y11","【重ねるだけで、おしゃれ】指輪 メンズ レディース リング アクセサリー NEK ★REVO 7986553 ファランジリング フリーサイズ ピンキー ブラックマット シルバー ゴールド 半端リング アクセサリー 送料無料","ONESIZE","A","X11","Y11",,"0","25","15","-10","阿二"
"2026/08/05 12:49:10","在庫CSV取込","7987757","7987757X11Y14","【カーボンスタイル 大きいサイズ】メッシュキャップ キャップ 帽子 蒸れない ★REV 7987757 大きいサイズ カーボン調 プレゼント ギフト 送料無料","ONESIZE","チャコール","X11","Y14",,"0","17","12","-5","阿二"
"2026/08/05 12:49:10","在庫CSV取込","7986524","7986524X11Y16","【ミニマル】スマホショルダー サコッシュ ミニバッグ 軽量 撥水 コンパクト 収納力抜群 NEK ★REVL 7986524 レディース メンズ ユニセックス 斜めがけ ポーチ アウトドア 旅行 サブバッグ 送料無料","ONESIZE","パープル×グレー","X11","Y16",,"0","25","5","-20","阿二"
"2026/08/05 12:49:10","在庫CSV取込","7988248","7988248X11Y12","リュック メンズ レディース 防水 防災リュック 避難 スポーツ 軽量 リュックサック 32L ★REV 7988248 バックパック デイパック アウトドア キャンプ ジム 登山 散歩  送料無料","ONESIZE","ブラック","X11","Y12",,"0","111","101","-10","阿二"
"2026/08/05 12:49:10","在庫CSV取込","7987061","7987061X11Y11","【お得な2組セット】アームカバー メンズ レディース 2組セット 冷感 NEK ★REV 7987061 ひんやり スポーツ 紫外線カット UVカット 男用 仕事 外 夏 運動 ゴルフ サイクリング 通気性 速乾性 接触冷感 UPF50+ 日焼け防止 送料無料","ONESIZE","ブラック","X11","Y11",,"0","416","366","-50","阿二"
"2026/08/05 12:49:10","在庫CSV取込","7986481","7986481X11Y14","【丸眼鏡】偏光サングラス 丸眼鏡 丸めがね メンズ レディース UV400 紫外線カット NEK ★REVL 7986481 ラドライブ 釣り ゴルフ アウトドア 軽量 おしゃれ 送料無料","ONESIZE","D","X11","Y14",,"0","24","14","-10","阿二"
"2026/08/05 12:52:31","受注取込","7990254","7990254X11Y12","【送料無料 速攻配達】AVIREX ニットキャップ ニット帽 帽子 メンズ レディース スウェットキャップ  NEK ★REV 14649300 ルーズ キャップ ブランド アビレックス リバーシブル AX REVERSIBLE SWEAT CAP 送料無料 プレゼント ギフト","ONESIZE","ブラック(80)","X11","Y12",,"0","317","316","-1",
"2026/08/05 12:54:20","WEB画面","7994812","7994812X12Y33","サファリハット メンズ 釣り 帽子 ハット レディース SUNS(サンズ)  撥水 アウトドア 登山 キャンプ バーベキュー NEK ★REV H-051 H-053 送料無料 大きいサイズあり キッズサイズ 子供 UVカット アドベンチャーハット 父の日 プレゼント ユニセックス 春 夏 夏フェス ギフト","大きいサイズ","GREIGE(H-051)","X12","Y33",,"0","9","23","14","村垣 文香"
"2026/08/05 12:54:25","受注取込","7986656","7986656X11Y11","【五路財神の金運・開運】指輪 リング オープンリング メンズ レディース 五路財神 NEK ★REVA 7986656 アクセサリー ギフト プレゼント 送料無料","ONESIZE","シルバー×ゴールド","X11","Y11",,"0","14","13","-1",
"2026/08/05 12:54:25","受注取込","7994812","7994812X12Y13","サファリハット メンズ 釣り 帽子 ハット レディース SUNS(サンズ)  撥水 アウトドア 登山 キャンプ バーベキュー NEK ★REV H-051 H-053 送料無料 大きいサイズあり キッズサイズ 子供 UVカット アドベンチャーハット 父の日 プレゼント ユニセックス 春 夏 夏フェス ギフト","大きいサイズ","NAVY(H_051)","X12","Y13",,"0","29","28","-1",
"2026/08/05 12:54:41","WEB画面","7994812","7994812X12Y33","サファリハット メンズ 釣り 帽子 ハット レディース SUNS(サンズ)  撥水 アウトドア 登山 キャンプ バーベキュー NEK ★REV H-051 H-053 送料無料 大きいサイズあり キッズサイズ 子供 UVカット アドベンチャーハット 父の日 プレゼント ユニセックス 春 夏 夏フェス ギフト","大きいサイズ","GREIGE(H-051)","X12","Y33",,"0","23","123","100","村垣 文香"
"2026/08/05 12:55:52","WEB画面","7994812","7994812X11Y12","サファリハット メンズ 釣り 帽子 ハット レディース SUNS(サンズ)  撥水 アウトドア 登山 キャンプ バーベキュー NEK ★REV H-051 H-053 送料無料 大きいサイズあり キッズサイズ 子供 UVカット アドベンチャーハット 父の日 プレゼント ユニセックス 春 夏 夏フェス ギフト","普通サイズ","BLACK(H_051)","X11","Y12",,"0","53","54","1","村垣 文香"
"2026/08/05 12:58:19","WEB画面","7994812","7994812X12Y33","サファリハット メンズ 釣り 帽子 ハット レディース SUNS(サンズ)  撥水 アウトドア 登山 キャンプ バーベキュー NEK ★REV H-051 H-053 送料無料 大きいサイズあり キッズサイズ 子供 UVカット アドベンチャーハット 父の日 プレゼント ユニセックス 春 夏 夏フェス ギフト","大きいサイズ","GREIGE(H-051)","X12","Y33",,"0","123","122","-1","村垣 文香"
"2026/08/05 13:00:02","受注取込","7988039","7988039X12Y12","【最安値に挑戦】犬 服 暖かい 犬の服 ドッグウエア ボア ダウン ジャケット コート ドッグウエア NEK ★REVG 7988039 小型犬 中型犬 秋 秋服 冬 冬用 冬服 秋冬 おしゃれ かわいい 可愛い 着せやすい 女の子 男の子 オス メス 背開き アウター ベスト ハーネス 送料無料","M","オリーブ","X12","Y12",,"0","23","22","-1",
"2026/08/05 13:00:27","WEB画面","7987400","7987400X11Y16","【とにかくデカい！/普通サイズあり！】キャップ メンズ 大きいサイズ 帽子 深め ビッグサイズ ★REVM 7987400 BIG SIZE メンズキャップ帽子 大きめ 大きい帽子 メンズ帽子 レディース 春 夏 春夏 プレゼント ギフト 母の日 父の日 送料無料","大きいサイズ","F-ブラック","X11","Y16",,"0","40","66","26","村垣 文香"
"2026/08/05 13:03:01","受注取込","7987892","7987892X12Y17","【深めのシルエット】メッシュキャップ キャップ 帽子 メンズ レディース 大きいサイズ 普通サイズ ★REV 7987892","大きいサイズ","G","X12","Y17",,"0","20","19","-1",
"2026/08/05 13:04:25","受注取込","7986475","7986475X11Y11","【一生モノ/経年変化を愉しむ】栃木レザー 日本製 トートバッグ ミニトートバッグ 本革 ★REVL SRI-030 7986475 本皮  フルベジタブルタンニンレザー プレゼント ギフト 送料無料","ONESIZE","ブラック","X11","Y11",,"0","5","4","-1",
"2026/08/05 13:08:01","受注取込","7994812","7994812X12Y11","サファリハット メンズ 釣り 帽子 ハット レディース SUNS(サンズ)  撥水 アウトドア 登山 キャンプ バーベキュー NEK ★REV H-051 H-053 送料無料 大きいサイズあり キッズサイズ 子供 UVカット アドベンチャーハット 父の日 プレゼント ユニセックス 春 夏 夏フェス ギフト","大きいサイズ","BK/BLACK(H_051)","X12","Y11",,"0","378","377","-1",
"2026/08/05 13:08:35","受注取込","7994812","7994812X12Y11","サファリハット メンズ 釣り 帽子 ハット レディース SUNS(サンズ)  撥水 アウトドア 登山 キャンプ バーベキュー NEK ★REV H-051 H-053 送料無料 大きいサイズあり キッズサイズ 子供 UVカット アドベンチャーハット 父の日 プレゼント ユニセックス 春 夏 夏フェス ギフト","大きいサイズ","BK/BLACK(H_051)","X12","Y11",,"0","377","376","-1",
"2026/08/05 13:08:35","受注取込","7994812","7994812X11Y12","サファリハット メンズ 釣り 帽子 ハット レディース SUNS(サンズ)  撥水 アウトドア 登山 キャンプ バーベキュー NEK ★REV H-051 H-053 送料無料 大きいサイズあり キッズサイズ 子供 UVカット アドベンチャーハット 父の日 プレゼント ユニセックス 春 夏 夏フェス ギフト","普通サイズ","BLACK(H_051)","X11","Y12",,"0","54","53","-1",
"2026/08/05 13:08:35","受注取込","7994812","7994812X11Y33","サファリハット メンズ 釣り 帽子 ハット レディース SUNS(サンズ)  撥水 アウトドア 登山 キャンプ バーベキュー NEK ★REV H-051 H-053 送料無料 大きいサイズあり キッズサイズ 子供 UVカット アドベンチャーハット 父の日 プレゼント ユニセックス 春 夏 夏フェス ギフト","普通サイズ","GREIGE(H-051)","X11","Y33",,"0","81","80","-1",
"2026/08/05 13:10:30","受注取込","7987073","7987073X12Y11","【くすみカラー 超軽量】バケットハット サファリハット メンズ レディース 普通サイズ 大きいサイズ NEK ★REV 7987073 アドベンチャーハット 撥水 速乾 軽量 折り畳める UV カット アウトドア キャンプ 登山 ウォーキング 散歩 日焼け防止 紫外線防止 送料無料","大きいサイズ","ベージュ","X12","Y11",,"0","39","38","-1",
"2026/08/05 13:11:55","受注取込","7987070","7987070X12Y11","【お得な2枚組】X-LARGE XLARGE エクストララージ ボクサーパンツ メンズ アンダーウェア 下着 NEK ★REVL 7987070 かっこいい ツルツル おすすめ 人気 カモフラ タイダイ 炎 迷彩 カモ柄 ブランド 男性 紳士 プレゼント プチギフト 父の日 誕生日 彼氏 父 息子 ギフト 記念日 大きいサイズ 福袋 送料無料","L","2枚組","X12","Y11",,"0","18","17","-1",
"2026/08/05 13:16:25","受注取込","7987073","7987073X12Y12","【くすみカラー 超軽量】バケットハット サファリハット メンズ レディース 普通サイズ 大きいサイズ NEK ★REV 7987073 アドベンチャーハット 撥水 速乾 軽量 折り畳める UV カット アウトドア キャンプ 登山 ウォーキング 散歩 日焼け防止 紫外線防止 送料無料","大きいサイズ","グレー","X12","Y12",,"0","29","28","-1",
"2026/08/05 13:16:31","受注取込","7986532","7986532X11Y13","【新型/IQOS イルマ i ワン用】アイコス イルマiワン ILUMA ケース 保護ケース NEK ★REVL 7986532 iqosイルマワン イルマワンカバー 耐衝撃 おしゃれ iqos iluma one 専用 IQOSイルマワン保護ケース レザー 保護カバー アイコスケース アクセサリー 送料無料","ONESIZE","オレンジ","X11","Y13",,"0","29","28","-1",
"2026/08/05 13:17:55","受注取込","7986778","7986778X12Y11","【高純度テラヘルツ/3通りの使い方可能】 テラヘルツ ネックレス アンクレット ブレスレット NEK ★REV 7986778 メンズ レディース 鏡面多面カット 3.0mm 健康 テラヘルツ波 パワーストーン 天然石 アクセサリー プレゼント ギフト プチギフト 母の日 父の日 送料無料","多面カット","テラヘルツ","X12","Y11",,"0","22","21","-1",
"2026/08/05 13:24:28","受注取込","7986509","7986509X11Y11","【使い勝手しやすいベルト】ベルト メンズ レディース 120cm ガチャベルト NEK ★REVL 7986509 フリーサイズ プレゼント 大きいサイズ サバゲー キャンプ アウトドア 登山 作業服 ギフト 送料無料","ONESIZE","ブラック","X11","Y11",,"0","2","1","-1",
"2026/08/05 13:26:25","受注取込","7988044","7988044X11Y19","ショルダーバッグ メンズ ワンショルダー 斜め掛け ★REV 7988044 おしゃれバッグ Vintage 斜めがけ メンズボディバック かっこいい ボディバッグ レザー ワンショルダーバッグ カバン 鞄 かばん レザー調 メンズバッグ 斜めがけ メンズショルダーバック 散歩 送料無料","ONESIZE","I_ブラウン","X11","Y19",,"0","17","16","-1",
"2026/08/05 13:30:06","WEB画面","7986545","7986545X11Y11","【お得な2枚組】AVIREX アビレックス  アヴィレックス ボクサーパンツ メンズ NEK ★REVL 7986545 アンダーウェア 下着 かっこいい おすすめ 人気 カモフラ 迷彩 カモ柄 ロゴ ブランド 男性 紳士 プレゼント プチギフト 父の日 誕生日 彼氏 父 息子 ギフト 記念日 福袋 送料無料","M","2枚組","X11","Y11",,"0","30","15","-15","大木 望"
"2026/08/05 13:30:06","WEB画面","7986545","7986545X12Y11","【お得な2枚組】AVIREX アビレックス  アヴィレックス ボクサーパンツ メンズ NEK ★REVL 7986545 アンダーウェア 下着 かっこいい おすすめ 人気 カモフラ 迷彩 カモ柄 ロゴ ブランド 男性 紳士 プレゼント プチギフト 父の日 誕生日 彼氏 父 息子 ギフト 記念日 福袋 送料無料","L","2枚組","X12","Y11",,"0","34","19","-15","大木 望"
"2026/08/05 13:30:06","WEB画面","7986545","7986545X13Y11","【お得な2枚組】AVIREX アビレックス  アヴィレックス ボクサーパンツ メンズ NEK ★REVL 7986545 アンダーウェア 下着 かっこいい おすすめ 人気 カモフラ 迷彩 カモ柄 ロゴ ブランド 男性 紳士 プレゼント プチギフト 父の日 誕生日 彼氏 父 息子 ギフト 記念日 福袋 送料無料","XL","2枚組","X13","Y11",,"0","31","16","-15","大木 望"
"2026/08/05 13:32:53","受注取込","7987277","7987277X14Y12","【L字で使いやすい】爆速 PD60w対応 スマホ ケーブル C-TO-C Type-C to C NEK ★REV 7987277 TYPE-C 長さ25cm～3m iPhone 3A SPEED 急速 充電器 iPhone15 ipad ipad mini IQOS アイコス イルマ イルマワン プライム 送料無料","3.0M","レッド","X14","Y12",,"0","11","10","-1",
"2026/08/05 13:32:53","受注取込","7992723","7992723X12Y11","お得！ 送料無料 4枚入り 福袋 Dickies ディッキーズ ボクサーパンツ メンズ かわいい NEK ★REV <br> パンツ ボクサーパンツ セット メンズ下着 メンズボクサーパンツ メンズボクサー 大きいサイズ 大きめ 特大 3L 下着 インナー メンズ usa まとめ買い プレゼント ギフト","L","福袋4枚セット","X12","Y11",,"0","276","275","-1",
"2026/08/05 13:39:26","受注取込","7997141","7997141X11Y11","特大 スイカ ドーナツ 浮き輪 浮輪 送料無料 プール 大人用 子供用 NEK 7997141 ★REV 120cm 90cm 80cm 70cm 60cm サイズ 大きい 大きめ うきわ ウキワ すいか 海 海水浴 ビックフロート 水上 レジャー かわいい フローティングベッド 西瓜 子供用浮き輪 大人 子供 こども","120cm","スイカ","X11","Y11",,"0","940","939","-1",
"2026/08/05 13:40:50","受注取込","7994812","7994812X12Y11","サファリハット メンズ 釣り 帽子 ハット レディース SUNS(サンズ)  撥水 アウトドア 登山 キャンプ バーベキュー NEK ★REV H-051 H-053 送料無料 大きいサイズあり キッズサイズ 子供 UVカット アドベンチャーハット 父の日 プレゼント ユニセックス 春 夏 夏フェス ギフト","大きいサイズ","BK/BLACK(H_051)","X12","Y11",,"0","376","375","-1",
"2026/08/05 13:43:55","受注取込","7994812","7994812X12Y11","サファリハット メンズ 釣り 帽子 ハット レディース SUNS(サンズ)  撥水 アウトドア 登山 キャンプ バーベキュー NEK ★REV H-051 H-053 送料無料 大きいサイズあり キッズサイズ 子供 UVカット アドベンチャーハット 父の日 プレゼント ユニセックス 春 夏 夏フェス ギフト","大きいサイズ","BK/BLACK(H_051)","X12","Y11",,"0","375","374","-1",
"2026/08/05 13:59:25","受注取込","7997141","7997141X12Y11","特大 スイカ ドーナツ 浮き輪 浮輪 送料無料 プール 大人用 子供用 NEK 7997141 ★REV 120cm 90cm 80cm 70cm 60cm サイズ 大きい 大きめ うきわ ウキワ すいか 海 海水浴 ビックフロート 水上 レジャー かわいい フローティングベッド 西瓜 子供用浮き輪 大人 子供 こども","90cm","スイカ","X12","Y11",,"0","48","47","-1",
"2026/08/05 14:00:55","受注取込","7992054","7992054X11Y19","【シンプル/おしゃれ】16mm パワーストーン ネックレス メンズ レディース 瑪瑙 オブシディアン タイガーアイ NEK ★REV 7992054 黒曜石 茶水晶 虎目石 金運 財運 仕事運 恋愛 結婚 家庭円満 癒し 幸運 成功運 勝負運 家族運 厄除祈願 天然石 お守り プレゼント 送料無料","ONESIZE","【I】ブルータイガーアイ","X11","Y19",,"0","23","22","-1",
"2026/08/05 14:04:12","WEB画面","7987612","7987612X11Y11","本革 レザー ハンチング 帽子 キャップ メンズ 鳥打帽 キャスケット 本皮 ★REV 7987612 おしゃれ ブラック ダークブラウン プレゼント ギフト 父の日 送料無料","ONESIZE","ブラック","X11","Y11",,"0","20","19","-1","齋藤"
"2026/08/05 14:12:43","受注取込","7987475","7987475X11Y11","【護身用】タクティカルスティック 防災グッズ タクティカルペン キーホルダー キーリング NEK ★REV 7987475 護身 棒 車 ガラス 防災 災害 車内 軽量 丈夫 不審者 痴漢 痴漢対策 護身用 用品 武器 防犯 護身グッズ 自己防衛 コンパクト 非常時 タクティカル バッググリップ","ONESIZE","ブラック","X11","Y11",,"0","1","0","-1",
"2026/08/05 14:22:25","受注取込","7992723","7992723X12Y11","お得！ 送料無料 4枚入り 福袋 Dickies ディッキーズ ボクサーパンツ メンズ かわいい NEK ★REV <br> パンツ ボクサーパンツ セット メンズ下着 メンズボクサーパンツ メンズボクサー 大きいサイズ 大きめ 特大 3L 下着 インナー メンズ usa まとめ買い プレゼント ギフト","L","福袋4枚セット","X12","Y11",,"0","275","274","-1",
"2026/08/05 14:23:25","受注取込","7987078","7987078X11Y11","【3個の福袋！即出荷】ビーチボール 水遊び ビーチバレー 浮き輪 フロート NEK ★REV 7987078 サッカーボール 30cm アウトドア キャンプ 海 プール 川 リゾート 送料無料","ONESIZE","3個セット","X11","Y11",,"0","62","61","-1",
"2026/08/05 14:32:19","受注取込","7994812","7994812X12Y13","サファリハット メンズ 釣り 帽子 ハット レディース SUNS(サンズ)  撥水 アウトドア 登山 キャンプ バーベキュー NEK ★REV H-051 H-053 送料無料 大きいサイズあり キッズサイズ 子供 UVカット アドベンチャーハット 父の日 プレゼント ユニセックス 春 夏 夏フェス ギフト","大きいサイズ","NAVY(H_051)","X12","Y13",,"0","28","27","-1",
"2026/08/05 14:32:25","受注取込","7987061","7987061X11Y12","【お得な2組セット】アームカバー メンズ レディース 2組セット 冷感 NEK ★REV 7987061 ひんやり スポーツ 紫外線カット UVカット 男用 仕事 外 夏 運動 ゴルフ サイクリング 通気性 速乾性 接触冷感 UPF50+ 日焼け防止 送料無料","ONESIZE","ホワイト","X11","Y12",,"0","150","149","-1",
"2026/08/05 14:32:25","受注取込","7987061","7987061X11Y13","【お得な2組セット】アームカバー メンズ レディース 2組セット 冷感 NEK ★REV 7987061 ひんやり スポーツ 紫外線カット UVカット 男用 仕事 外 夏 運動 ゴルフ サイクリング 通気性 速乾性 接触冷感 UPF50+ 日焼け防止 送料無料","ONESIZE","グレー","X11","Y13",,"0","106","105","-1",
"2026/08/05 14:39:46","受注取込","7987085","7987085X12Y17","【とにかくデカい！】大きいサイズ キャップ 大きめ 深い 深め ビッグサイズ BIG SIZE ★REV 7987085 メンズキャップ帽子 大きい帽子 メンズ帽子 レディース 春 夏 春夏 プレゼント ギフト 母の日 父の日 送料無料","SU","7","X12","Y17",,"0","12","11","-1",
"2026/08/05 14:40:38","受注取込","8003112","8003112X11Y12","AVIREX アビレックス タンクトップ メンズ 無地 アヴィレックス メンズアメカジトップス ★REV NEK 6143503 全10色 プレゼント ギフト","S","ブラック(09)","X11","Y12",,"0","2","1","-1",
"2026/08/05 14:41:01","受注取込","7987481","7987481X11Y11","【お得な2個セット】犬 ナスカン キーホルダー キーフック キーケース NEK ★REV 7987481 カラナビ プレゼント ギフト アクセサリー 送料無料","ONESIZE","2個セット","X11","Y11",,"0","14","12","-2",
"2026/08/05 14:45:38","受注取込","7987942","7987942X11Y16","【どこでもデスク】ベッドテーブル テーブル 折りたたみテーブル 小さい 一人用 おしゃれ ★REV 7987942 サイドテーブル ミニテーブル コンパクト 多機能 ノートパソコン デスク センターテーブル ローテーブル 送料無料","ONESIZE","カーボン","X11","Y16",,"0","2","1","-1",
"2026/08/05 14:48:18","受注取込","7988215","7988215X11Y13","【とにかくデカい！】 大きいサイズ キャップ メッシュキャップ 送料無料 大きめ ビッグサイズ BIG SIZE ★REV 7988215 <br> 帽子 ハット キャップ ワークキャップ メンズキャップ 大きいサイズ バケット 大きい帽子 メンズ バケハ メンズ帽子 大きい 頭 メッシュ 全39カラー","AA","3","X11","Y13",,"0","37","36","-1",
"2026/08/05 14:48:18","受注取込","7988215","7988215X11Y15","【とにかくデカい！】 大きいサイズ キャップ メッシュキャップ 送料無料 大きめ ビッグサイズ BIG SIZE ★REV 7988215 <br> 帽子 ハット キャップ ワークキャップ メンズキャップ 大きいサイズ バケット 大きい帽子 メンズ バケハ メンズ帽子 大きい 頭 メッシュ 全39カラー","AA","5","X11","Y15",,"0","6","5","-1",
"2026/08/05 14:49:55","受注取込","7994812","7994812X11Y11","サファリハット メンズ 釣り 帽子 ハット レディース SUNS(サンズ)  撥水 アウトドア 登山 キャンプ バーベキュー NEK ★REV H-051 H-053 送料無料 大きいサイズあり キッズサイズ 子供 UVカット アドベンチャーハット 父の日 プレゼント ユニセックス 春 夏 夏フェス ギフト","普通サイズ","BK/BLACK(H_051)","X11","Y11",,"0","46","45","-1",
"2026/08/05 14:52:55","受注取込","7994812","7994812X11Y33","サファリハット メンズ 釣り 帽子 ハット レディース SUNS(サンズ)  撥水 アウトドア 登山 キャンプ バーベキュー NEK ★REV H-051 H-053 送料無料 大きいサイズあり キッズサイズ 子供 UVカット アドベンチャーハット 父の日 プレゼント ユニセックス 春 夏 夏フェス ギフト","普通サイズ","GREIGE(H-051)","X11","Y33",,"0","80","79","-1",
"2026/08/05 14:56:28","受注取込","7987077","7987077X11Y12","リカバリーサンダル サンダル メンズ レディース 厚底 スポーツサンダル ★REV 7987077 速乾 軽量 アウトドア キャンプ 水遊び 海 山 川 送料無料","35-36(22.5～23.0cm)","ブラック","X11","Y12",,"0","22","21","-1",
"2026/08/05 14:59:03","WEB画面","7987988","7987988X12Y15","【AVIREX 限定】サファリハット メンズ 大きいサイズ BIGサイズ アドベンチャーハット 17158300 17158400 釣り 帽子 ハット ★REV NEK 7987988 大きめ 普通サイズ AVIREX 限定 かっこいい アウトドア ブラックシリーズ アビレックス 帽子 キャップ ブランド 撥水加工","大きいサイズ_17158400","グレージュ(73)","X12","Y15",,"0","37","36","-1","立花"
"2026/08/05 15:04:31","受注取込","7995525","7995525X1Y15","AVIREX 限定モデル キャップ 帽子 父の日 贈り物 プレゼント メンズ ★REV ブラックシリーズ 黒 アビレックス アヴィレックス メッシュキャップ ハンチング ローキャップ バケット ハット ワークキャップ レディース かっこいい yos プレゼント ギフト","ONESIZE","【O】サファリハット_17158400_BIG","X1","Y15",,"0","49","48","-1",
"2026/08/05 15:08:01","受注取込","7994812","7994812X12Y16","サファリハット メンズ 釣り 帽子 ハット レディース SUNS(サンズ)  撥水 アウトドア 登山 キャンプ バーベキュー NEK ★REV H-051 H-053 送料無料 大きいサイズあり キッズサイズ 子供 UVカット アドベンチャーハット 父の日 プレゼント ユニセックス 春 夏 夏フェス ギフト","大きいサイズ","GRAY(H_051)","X12","Y16",,"0","86","85","-1",
"2026/08/05 15:15:55","受注取込","7987400","7987400X11Y18","【とにかくデカい！/普通サイズあり！】キャップ メンズ 大きいサイズ 帽子 深め ビッグサイズ ★REVM 7987400 BIG SIZE メンズキャップ帽子 大きめ 大きい帽子 メンズ帽子 レディース 春 夏 春夏 プレゼント ギフト 母の日 父の日 送料無料","大きいサイズ","H-オリーブ","X11","Y18",,"0","11","10","-1",
"2026/08/05 15:15:55","受注取込","7987085","7987085X12Y29","【とにかくデカい！】大きいサイズ キャップ 大きめ 深い 深め ビッグサイズ BIG SIZE ★REV 7987085 メンズキャップ帽子 大きい帽子 メンズ帽子 レディース 春 夏 春夏 プレゼント ギフト 母の日 父の日 送料無料","SU","19","X12","Y29",,"0","16","15","-1",
"2026/08/05 15:16:18","受注取込","7987061","7987061X11Y11","【お得な2組セット】アームカバー メンズ レディース 2組セット 冷感 NEK ★REV 7987061 ひんやり スポーツ 紫外線カット UVカット 男用 仕事 外 夏 運動 ゴルフ サイクリング 通気性 速乾性 接触冷感 UPF50+ 日焼け防止 送料無料","ONESIZE","ブラック","X11","Y11",,"0","366","365","-1",
"2026/08/05 15:20:31","受注取込","7987846","7987846X11Y14","【大容量】ボディバッグ バッグ メンズ レディース タクティカル 斜めがけバッグ ★REV 7987846 ショルダー ワンショルダー ミリタリー プレゼント ギフト 父の日 Ipad 送料無料","ONESIZE","オリーブカモ","X11","Y14",,"0","32","31","-1",
"2026/08/05 15:24:30","受注取込","7986676","7986676X11Y11","【通気性抜群/薄手コットンニット】ハット 帽子 チューリップハット メンズ レディース NEK ★REVL 7986676 折りたたみ可能  UVカット 春夏ハット おしゃれ 無地 送料無料","ONESIZE","グレー杢","X11","Y11",,"0","16","15","-1",
"2026/08/05 15:24:32","受注取込","7997141","7997141X11Y11","特大 スイカ ドーナツ 浮き輪 浮輪 送料無料 プール 大人用 子供用 NEK 7997141 ★REV 120cm 90cm 80cm 70cm 60cm サイズ 大きい 大きめ うきわ ウキワ すいか 海 海水浴 ビックフロート 水上 レジャー かわいい フローティングベッド 西瓜 子供用浮き輪 大人 子供 こども","120cm","スイカ","X11","Y11",,"0","939","938","-1",
"2026/08/05 15:24:32","受注取込","7986654","7986654X18Y11","【お得な100枚セット】宅配ビニール袋 100枚 お得 安い 宅配袋 宅配ポリ袋 ポリ袋 強テープ付き 17cm 20cm 25cm 30cm 32cm 40cm 45cm 50cm 60cm 梱包 袋 梱包材 ビニール 宅配 7986654 プレゼント ギフト","45cm×60cm","ワンカラー","X18","Y11",,"0","6","3","-3",
"2026/08/05 15:24:32","受注取込","7986654","7986654X19Y11","【お得な100枚セット】宅配ビニール袋 100枚 お得 安い 宅配袋 宅配ポリ袋 ポリ袋 強テープ付き 17cm 20cm 25cm 30cm 32cm 40cm 45cm 50cm 60cm 梱包 袋 梱包材 ビニール 宅配 7986654 プレゼント ギフト","50cm×65cm","ワンカラー","X19","Y11",,"0","8","7","-1",
"2026/08/05 15:24:32","受注取込","7994702","7994702X11Y11","経年変化を楽しむ！日本製 本革 レザー 130cm 長め ベルト 7994702 メンズ レディース ヌメ革 総革 Artisan aging 送料無料 ナチュラル ギフトBOX付き プレゼント 180618 プレゼント ギフト","ONESIZE","ナチュラル","X11","Y11",,"0","75","74","-1",
"2026/08/05 15:30:00","受注取込","7992723","7992723X14Y11","お得！ 送料無料 4枚入り 福袋 Dickies ディッキーズ ボクサーパンツ メンズ かわいい NEK ★REV <br> パンツ ボクサーパンツ セット メンズ下着 メンズボクサーパンツ メンズボクサー 大きいサイズ 大きめ 特大 3L 下着 インナー メンズ usa まとめ買い プレゼント ギフト","3L","福袋4枚セット","X14","Y11",,"0","190","189","-1",
"2026/08/05 15:30:11","受注取込","7986850","7986850X16Y12","【耐滑底/おしゃれ】安全靴 スニーカー エアウォーク ミッドカット AIR WALK AW-940 AW-950 Y_YU ★REV 7986850 メンズ おしゃれ 耐滑底 樹脂先芯 ストレッチロック セーフティシューズ 作業靴 送料無料","28.0cm","AW-950_ホワイト","X16","Y12",,"0","11","10","-1",
"2026/08/05 15:32:55","受注取込","7987400","7987400X11Y15","【とにかくデカい！/普通サイズあり！】キャップ メンズ 大きいサイズ 帽子 深め ビッグサイズ ★REVM 7987400 BIG SIZE メンズキャップ帽子 大きめ 大きい帽子 メンズ帽子 レディース 春 夏 春夏 プレゼント ギフト 母の日 父の日 送料無料","大きいサイズ","E-ベージュ","X11","Y15",,"0","42","41","-1",
"2026/08/05 15:33:31","受注取込","7986572","7986572X11Y42","【新型/IQOS イルマ i ワン用】アイコス イルマiワン ILUMA ケース 保護ケース NEK ★REVL 7986572 iqosイルマワン イルマワンカバー 耐衝撃 おしゃれ iqos iluma one 専用 IQOSイルマワン保護ケース レザー ヒョウ柄 ペイズリー 保護カバー アイコスケース アクセサリー 送料無料","イルマiワン","86","X11","Y42",,"0","22","21","-1",
"2026/08/05 15:35:31","受注取込","7994812","7994812X12Y11","サファリハット メンズ 釣り 帽子 ハット レディース SUNS(サンズ)  撥水 アウトドア 登山 キャンプ バーベキュー NEK ★REV H-051 H-053 送料無料 大きいサイズあり キッズサイズ 子供 UVカット アドベンチャーハット 父の日 プレゼント ユニセックス 春 夏 夏フェス ギフト","大きいサイズ","BK/BLACK(H_051)","X12","Y11",,"0","374","373","-1",
"2026/08/05 15:46:25","受注取込","7987085","7987085X11Y43","【とにかくデカい！】大きいサイズ キャップ 大きめ 深い 深め ビッグサイズ BIG SIZE ★REV 7987085 メンズキャップ帽子 大きい帽子 メンズ帽子 レディース 春 夏 春夏 プレゼント ギフト 母の日 父の日 送料無料","YA","33","X11","Y43",,"0","9","8","-1",
"2026/08/05 15:48:28","受注取込","7986989","7986989X11Y16","【本革/特価/16色展開】本革 ショルダーバッグ ポーチ レディース ミニショルダーバッグ NEK ★REV 7986989 斜めがけ お財布 ショルダー お財布バッグ 送料無料","ONESIZE","ブラック","X11","Y16",,"0","40","39","-1",
"2026/08/05 15:48:46","受注取込","7987367","7987367X11Y14","【2023年最新！熱中症対策】 ネッククーラー 首掛け扇風機 携帯扇風機 ネックファン ★REV 7987367 急速冷却 小型 羽根なし 首かけ 充電式 扇風機 5000mAh大容量 軽量 3段階風量調節 ひんやり 子供 大人 男女兼用 通勤 通学 家事 熱中症対策 プレゼント ギフト","ONESIZE","ブラック","X11","Y14",,"0","21","20","-1",
"2026/08/05 15:50:33","受注取込","7988459","7988459X16Y24","【速攻配達】ドッグウェア 犬 服 犬服 暖かい 冬 冬服 男の子 女の子 アディドッグ adidog ★REVG NEK 7988459 7988345 ペット服 小型犬 つなぎ パーカー お散歩 かっこいい かわいい サロペット ロンパース オーバーオール 裏起毛","2XL","POTI_SMITH_ベージュ","X16","Y24",,"0","9","8","-1",
"2026/08/05 15:51:01","受注取込","7987345","7987345X11Y13","【とにかくデカい！】 大きいサイズ キャップ 送料無料 大きめ ビッグサイズ ★REV 7987345 BIG SIZE 帽子 ハット キャップ キャスケット メンズキャップ 大きいサイズ バケット 大きい帽子 メンズ メンズ帽子 大きい 頭 メッシュキャップ","AAA","3","X11","Y13",,"0","8","7","-1",
"2026/08/05 15:52:25","受注取込","7997141","7997141X11Y11","特大 スイカ ドーナツ 浮き輪 浮輪 送料無料 プール 大人用 子供用 NEK 7997141 ★REV 120cm 90cm 80cm 70cm 60cm サイズ 大きい 大きめ うきわ ウキワ すいか 海 海水浴 ビックフロート 水上 レジャー かわいい フローティングベッド 西瓜 子供用浮き輪 大人 子供 こども","120cm","スイカ","X11","Y11",,"0","938","937","-1",
"2026/08/05 15:52:25","受注取込","7987098","7987098X11Y11","【お得な2個セット COOLにマナーを】携帯灰皿 吸い殻入れ 金属製 フタ付き 小型 軽量 NEK ★REVL 7987098 喫煙グッズ アッシュトレイ 持ち運び便利 男性 メンズ レディース アイコス イルマ テリア IQOS ILUMA TEREA 送料無料","ONESIZE","2個セット","X11","Y11",,"0","14","13","-1",
"2026/08/05 15:53:55","受注取込","7986799","7986799X11Y11","【なんと！5股/データー転送OK】type-c ケーブル 新型iphone/IQOS対応 充電ケーブル NEK ★REVL 7986799 スマホケーブル 1.5m USB A→Type-C×3 充電ケーブル 5in1 急速 スマホ アクセサリー送料無料","ONESIZE","ブラック","X11","Y11",,"0","12","11","-1",
"2026/08/05 15:53:55","受注取込","7986530","7986530X11Y11","【ちょうどいい長さの25cm】全7通り Type-C 充電ケーブル スマホケーブル 急速6A NEK ★REVL 7986530 USB A→Type-C Type-C→Type-C Type-C→ライトニング スマホアクセサリー 新型iphone IQOS対応 短いケーブル 送料無料","ONESIZE","A_Type-C/Type-C【L字型】","X11","Y11",,"0","15","14","-1",
"2026/08/05 15:54:31","受注取込","7987642","7987642X11Y14","【送料無料】ミニ財布 メンズ 本革 レディース 二つ折り 財布 カードケース LTG カード入れ 多い NEK ★REV 7987642 折りたたみ コンパクト 小さい財布 小銭入れ コインスルー お札が折れない スキミング防止 ファスナー コインケース ミニマリスト ラウンドジッパー","ONESIZE","イエロー","X11","Y14",,"0","1","0","-1",
"2026/08/05 15:55:25","受注取込","7997141","7997141X11Y11","特大 スイカ ドーナツ 浮き輪 浮輪 送料無料 プール 大人用 子供用 NEK 7997141 ★REV 120cm 90cm 80cm 70cm 60cm サイズ 大きい 大きめ うきわ ウキワ すいか 海 海水浴 ビックフロート 水上 レジャー かわいい フローティングベッド 西瓜 子供用浮き輪 大人 子供 こども","120cm","スイカ","X11","Y11",,"0","937","936","-1",
"2026/08/05 15:56:55","受注取込","7988215","7988215X17Y13","【とにかくデカい！】 大きいサイズ キャップ メッシュキャップ 送料無料 大きめ ビッグサイズ BIG SIZE ★REV 7988215 <br> 帽子 ハット キャップ ワークキャップ メンズキャップ 大きいサイズ バケット 大きい帽子 メンズ バケハ メンズ帽子 大きい 頭 メッシュ 全39カラー","GG","3","X17","Y13",,"0","20","19","-1",
"2026/08/05 15:58:30","受注取込","7997141","7997141X11Y11","特大 スイカ ドーナツ 浮き輪 浮輪 送料無料 プール 大人用 子供用 NEK 7997141 ★REV 120cm 90cm 80cm 70cm 60cm サイズ 大きい 大きめ うきわ ウキワ すいか 海 海水浴 ビックフロート 水上 レジャー かわいい フローティングベッド 西瓜 子供用浮き輪 大人 子供 こども","120cm","スイカ","X11","Y11",,"0","936","935","-1",
"2026/08/05 15:58:30","受注取込","7987400","7987400X11Y18","【とにかくデカい！/普通サイズあり！】キャップ メンズ 大きいサイズ 帽子 深め ビッグサイズ ★REVM 7987400 BIG SIZE メンズキャップ帽子 大きめ 大きい帽子 メンズ帽子 レディース 春 夏 春夏 プレゼント ギフト 母の日 父の日 送料無料","大きいサイズ","H-オリーブ","X11","Y18",,"0","10","9","-1",
"2026/08/05 16:05:25","受注取込","7994812","7994812X12Y33","サファリハット メンズ 釣り 帽子 ハット レディース SUNS(サンズ)  撥水 アウトドア 登山 キャンプ バーベキュー NEK ★REV H-051 H-053 送料無料 大きいサイズあり キッズサイズ 子供 UVカット アドベンチャーハット 父の日 プレゼント ユニセックス 春 夏 夏フェス ギフト","大きいサイズ","GREIGE(H-051)","X12","Y33",,"0","122","121","-1",
"2026/08/05 16:05:30","受注取込","7987070","7987070X12Y11","【お得な2枚組】X-LARGE XLARGE エクストララージ ボクサーパンツ メンズ アンダーウェア 下着 NEK ★REVL 7987070 かっこいい ツルツル おすすめ 人気 カモフラ タイダイ 炎 迷彩 カモ柄 ブランド 男性 紳士 プレゼント プチギフト 父の日 誕生日 彼氏 父 息子 ギフト 記念日 大きいサイズ 福袋 送料無料","L","2枚組","X12","Y11",,"0","17","16","-1",
"2026/08/05 16:08:26","受注取込","7994812","7994812X11Y33","サファリハット メンズ 釣り 帽子 ハット レディース SUNS(サンズ)  撥水 アウトドア 登山 キャンプ バーベキュー NEK ★REV H-051 H-053 送料無料 大きいサイズあり キッズサイズ 子供 UVカット アドベンチャーハット 父の日 プレゼント ユニセックス 春 夏 夏フェス ギフト","普通サイズ","GREIGE(H-051)","X11","Y33",,"0","79","78","-1",
"2026/08/05 16:21:25","受注取込","7994812","7994812X12Y16","サファリハット メンズ 釣り 帽子 ハット レディース SUNS(サンズ)  撥水 アウトドア 登山 キャンプ バーベキュー NEK ★REV H-051 H-053 送料無料 大きいサイズあり キッズサイズ 子供 UVカット アドベンチャーハット 父の日 プレゼント ユニセックス 春 夏 夏フェス ギフト","大きいサイズ","GRAY(H_051)","X12","Y16",,"0","85","84","-1",
"2026/08/05 16:22:55","受注取込","7986531","7986531X11Y30","【新型/IQOS イルマ i ワン用】アイコス イルマiワン ILUMA ケース 保護ケース NEK ★REVL 7986531 iqosイルマワン イルマワンカバー 耐衝撃 おしゃれ iqos iluma one 専用 IQOSイルマワン保護ケース レザー ヒョウ柄 ペイズリー 保護カバー アイコスケース アクセサリー 送料無料","ONESIZE","113","X11","Y30",,"0","5","4","-1",
"2026/08/05 16:23:55","受注取込","7987400","7987400X11Y30","【とにかくデカい！/普通サイズあり！】キャップ メンズ 大きいサイズ 帽子 深め ビッグサイズ ★REVM 7987400 BIG SIZE メンズキャップ帽子 大きめ 大きい帽子 メンズ帽子 レディース 春 夏 春夏 プレゼント ギフト 母の日 父の日 送料無料","大きいサイズ","T-ブラック","X11","Y30",,"0","8","7","-1",
"2026/08/05 16:25:30","WEB画面","7986618","7986618X11Y11","【お得な2個入り】 LED電球 E26口金 40W形相当 6W 500LM 昼白色 RGB 16色 調光調色 ★REVL 7986618 カラフル マルチカラー リモコン付き 記憶機能 16色選択可 リモート 装飾照明電球 パーティー/リビングルーム/カフェー/舞台 2個入り 送料無料","2個セット","ホワイト","X11","Y11",,"0","0","11","11","村垣 文香"
"2026/08/05 16:26:55","受注取込","7994812","7994812X12Y14","サファリハット メンズ 釣り 帽子 ハット レディース SUNS(サンズ)  撥水 アウトドア 登山 キャンプ バーベキュー NEK ★REV H-051 H-053 送料無料 大きいサイズあり キッズサイズ 子供 UVカット アドベンチャーハット 父の日 プレゼント ユニセックス 春 夏 夏フェス ギフト","大きいサイズ","KHAKI(H_051)","X12","Y14",,"0","30","29","-1",
"2026/08/05 16:29:00","受注取込","7986572","7986572X11Y11","【新型/IQOS イルマ i ワン用】アイコス イルマiワン ILUMA ケース 保護ケース NEK ★REVL 7986572 iqosイルマワン イルマワンカバー 耐衝撃 おしゃれ iqos iluma one 専用 IQOSイルマワン保護ケース レザー ヒョウ柄 ペイズリー 保護カバー アイコスケース アクセサリー 送料無料","イルマiワン","55","X11","Y11",,"0","2","1","-1",
"2026/08/05 16:43:59","受注取込","7994812","7994812X12Y32","サファリハット メンズ 釣り 帽子 ハット レディース SUNS(サンズ)  撥水 アウトドア 登山 キャンプ バーベキュー NEK ★REV H-051 H-053 送料無料 大きいサイズあり キッズサイズ 子供 UVカット アドベンチャーハット 父の日 プレゼント ユニセックス 春 夏 夏フェス ギフト","大きいサイズ","T.BLUE(H_051)","X12","Y32",,"0","65","64","-1",
"2026/08/05 16:43:59","受注取込","7994812","7994812X12Y14","サファリハット メンズ 釣り 帽子 ハット レディース SUNS(サンズ)  撥水 アウトドア 登山 キャンプ バーベキュー NEK ★REV H-051 H-053 送料無料 大きいサイズあり キッズサイズ 子供 UVカット アドベンチャーハット 父の日 プレゼント ユニセックス 春 夏 夏フェス ギフト","大きいサイズ","KHAKI(H_051)","X12","Y14",,"0","29","28","-1",
"2026/08/05 16:43:59","受注取込","7994812","7994812X11Y21","サファリハット メンズ 釣り 帽子 ハット レディース SUNS(サンズ)  撥水 アウトドア 登山 キャンプ バーベキュー NEK ★REV H-051 H-053 送料無料 大きいサイズあり キッズサイズ 子供 UVカット アドベンチャーハット 父の日 プレゼント ユニセックス 春 夏 夏フェス ギフト","普通サイズ","PINK(H_051)","X11","Y21",,"0","30","29","-1",
"2026/08/05 16:46:30","受注取込","7994812","7994812X13Y33","サファリハット メンズ 釣り 帽子 ハット レディース SUNS(サンズ)  撥水 アウトドア 登山 キャンプ バーベキュー NEK ★REV H-051 H-053 送料無料 大きいサイズあり キッズサイズ 子供 UVカット アドベンチャーハット 父の日 プレゼント ユニセックス 春 夏 夏フェス ギフト","キッズサイズ","GREIGE(H-051)","X13","Y33",,"0","5","4","-1",
"2026/08/05 16:46:30","受注取込","7994812","7994812X11Y33","サファリハット メンズ 釣り 帽子 ハット レディース SUNS(サンズ)  撥水 アウトドア 登山 キャンプ バーベキュー NEK ★REV H-051 H-053 送料無料 大きいサイズあり キッズサイズ 子供 UVカット アドベンチャーハット 父の日 プレゼント ユニセックス 春 夏 夏フェス ギフト","普通サイズ","GREIGE(H-051)","X11","Y33",,"0","78","77","-1",
"2026/08/05 16:49:01","受注取込","7986706","7986706X12Y12","【特大！すっぽりかぶって、小顔見せ】バケットハット チューリップハット 帽子 NEK ★REVL 7986706 メンズ レディース 大きいサイズ 普通サイズ  デニム素材 コットン100％ おしゃれ フリンジ 送料無料","大きいサイズ","ベージュ","X12","Y12",,"0","135","134","-1",
"2026/08/05 16:49:01","受注取込","7986706","7986706X12Y11","【特大！すっぽりかぶって、小顔見せ】バケットハット チューリップハット 帽子 NEK ★REVL 7986706 メンズ レディース 大きいサイズ 普通サイズ  デニム素材 コットン100％ おしゃれ フリンジ 送料無料","大きいサイズ","ブラック","X12","Y11",,"0","131","130","-1",
"2026/08/05 16:49:37","WEB画面","7986462","7986462X11Y11","【デカい深い】キャップ メンズ レディース 大きいサイズ 深め 帽子 ★REVL 7986462  コットン100% 59cm?65cm ビッグサイズ ロングバイザー 8cm 深い ベースボールキャップ サイズ調整 おしゃれ 春 夏 秋 冬 男女兼用 ブラック ネイビー チャコール アイボリー 黒 送料無料","ONESIZE","ブラック×ブラック","X11","Y11",,"0","0","34","34","門田"
"2026/08/05 16:49:37","WEB画面","7986462","7986462X11Y13","【デカい深い】キャップ メンズ レディース 大きいサイズ 深め 帽子 ★REVL 7986462  コットン100% 59cm?65cm ビッグサイズ ロングバイザー 8cm 深い ベースボールキャップ サイズ調整 おしゃれ 春 夏 秋 冬 男女兼用 ブラック ネイビー チャコール アイボリー 黒 送料無料","ONESIZE","チャコール","X11","Y13",,"0","0","25","25","門田"
"2026/08/05 16:49:37","WEB画面","7986462","7986462X11Y14","【デカい深い】キャップ メンズ レディース 大きいサイズ 深め 帽子 ★REVL 7986462  コットン100% 59cm?65cm ビッグサイズ ロングバイザー 8cm 深い ベースボールキャップ サイズ調整 おしゃれ 春 夏 秋 冬 男女兼用 ブラック ネイビー チャコール アイボリー 黒 送料無料","ONESIZE","アイボリー","X11","Y14",,"0","0","25","25","門田"
"2026/08/05 16:49:37","WEB画面","7986462","7986462X11Y15","【デカい深い】キャップ メンズ レディース 大きいサイズ 深め 帽子 ★REVL 7986462  コットン100% 59cm?65cm ビッグサイズ ロングバイザー 8cm 深い ベースボールキャップ サイズ調整 おしゃれ 春 夏 秋 冬 男女兼用 ブラック ネイビー チャコール アイボリー 黒 送料無料","ONESIZE","ブラック×ホワイト","X11","Y15",,"0","0","25","25","門田"
"2026/08/05 16:51:15","在庫CSV取込","7992099","7992099X11Y15","アンクレット メンズ レディース 手作り 送料無料 つけっぱなし お守り アンク アクセサリー シルバー ターコイズ NEK ALI ★REV 7992099 190813 プレゼント ギフト","ONESIZE","ハート","X11","Y15",,"0","18","17","-1","星島"
"2026/08/05 16:51:15","在庫CSV取込","7988614","7988614X11Y16","【超絶おしゃれ】マスク デコマスク レディース ビーズマスク デコレーションマスク 新作 6色展開 NEK 7988614 プレゼント ギフト","ONESIZE","オレンジ","X11","Y16",,"0","40","39","-1","星島"
"2026/08/05 16:51:15","在庫CSV取込","7986515","7986515X11Y13","【風は私の味方♪】携帯扇風機 ハンディファン 強風 静音 1～199段階風量調節 3WAY NEK ★REVL 7986515（手持ち・首掛け・卓上）小型 軽量 USB充電式 LED残量表示 照明ライト付き 調整 ネックストラップ付 アウトドア/通勤/花火大会/旅行/登山 熱中症対策 送料無料","ONESIZE","パープル","X11","Y13",,"0","28","27","-1","星島"
"2026/08/05 16:51:15","在庫CSV取込","7990381","7990381X11Y19","【15柄展開】マスク 洗えるマスク カラーマスク レース メンズ レディース ペイズリー カモフラ 花柄 レオパード柄 新作 15柄展開 ★REV NEK 7990381 プレゼント ギフト","ONESIZE","I","X11","Y19",,"0","155","154","-1","星島"
"2026/08/05 16:51:15","在庫CSV取込","7988090","7988090X15Y11","安全靴 スニーカー エアウォーク AIR WALK Y_YU AW-890 ブルー迷彩 アクティブライト ローカット メンズ セーフティシューズ 樹脂先芯 軽量 衝撃吸収 負担軽減 作業靴 オシャレ","27.0cm ","ブルー迷彩","X15","Y11",,"0","139","138","-1","星島"
"2026/08/05 16:51:15","在庫CSV取込","7990413","7990413X11Y17","【超おしゃれ】マスク スカーフマスク 送料無料 感染対策 女性 レディース スカーフ マスクスカーフ 花柄 おしゃれ エレガント 防塵 花粉 UVカット 洗える NEK 7990413","ONESIZE","G","X11","Y17",,"0","107","106","-1","星島"
"2026/08/05 16:51:15","在庫CSV取込","7990700","7990700X11Y19","マスク マスク在庫あり マスク 日本製 洗えるマスク 布マスク 送料無料 洗えるマスク日本製 手作りマスク NEK 7990700","一般成人用サイズ","ホワイト","X11","Y19",,"0","1","0","-1","星島"
"2026/08/05 16:51:15","在庫CSV取込","7992250","7992250X17Y11","iPhone XS ケース バンカーリング 付き 落ちない シリコン ケース 透明 スケルトン 輪 送料無料 iphone XR ケース iPhone8 ケース iphone XS MAX  iphone X リング付 iPhone7 Plus スマホケース カバー クリア アイフォン アクセサリー NEK ALI 7992250 190715","iPhone_11","レッド","X17","Y11",,"0","0","-1","-1","星島"
"2026/08/05 16:51:15","在庫CSV取込","7992250","7992250X19Y13","iPhone XS ケース バンカーリング 付き 落ちない シリコン ケース 透明 スケルトン 輪 送料無料 iphone XR ケース iPhone8 ケース iphone XS MAX  iphone X リング付 iPhone7 Plus スマホケース カバー クリア アイフォン アクセサリー NEK ALI 7992250 190715","iPhone_11_pro_MAX","ブラック","X19","Y13",,"0","4","3","-1","星島"
"2026/08/05 16:51:15","在庫CSV取込","7987082","7987082X11Y17","【超冷感】アームカバー UPF50＋ UVカット レディース uvカット アームカバー NEK ★REVA 7987082 指先まで 日焼け止め 腕カバー アームカバー uv 冷感 日焼け止め 手袋 アームカバー 日焼け対策 アームカバー 日焼け 冷感 夏 アウトドア 運転 自転車 ゴルフ 送料無料","ONESIZE","パープル","X11","Y17",,"0","12","11","-1","星島"
"2026/08/05 16:51:15","在庫CSV取込","7992495","7992495X11Y25","ブレスレット バングル メンズ レディース サバイバル パラコード 笛付き リフレクター素材 サバゲー ミリタリー アクセサリー プレゼント 送料無料  NEK ALI 7992495 190707","ONESIZE","O","X11","Y25",,"0","11","10","-1","星島"
"2026/08/05 16:51:15","在庫CSV取込","7992495","7992495X11Y17","ブレスレット バングル メンズ レディース サバイバル パラコード 笛付き リフレクター素材 サバゲー ミリタリー アクセサリー プレゼント 送料無料  NEK ALI 7992495 190707","ONESIZE","G","X11","Y17",,"0","22","21","-1","星島"
"2026/08/05 16:51:15","在庫CSV取込","7986688","7986688X15Y12","【竹炭消臭インソール付】サンダル メンズ スポーツサンダル ★REVL 7986688 防滑 水陸両用 レジャー アウトドアサンダル ウォーターシューズ マジックテープ ブラック 歩きやすい 海 ビーチ 夏レジャー 送料無料","27.0cm","ブラウン","X15","Y12",,"0","0","-1","-1","星島"
"2026/08/05 16:51:15","在庫CSV取込","7986688","7986688X13Y11","【竹炭消臭インソール付】サンダル メンズ スポーツサンダル ★REVL 7986688 防滑 水陸両用 レジャー アウトドアサンダル ウォーターシューズ マジックテープ ブラック 歩きやすい 海 ビーチ 夏レジャー 送料無料","26.0cm","ブラック","X13","Y11",,"0","3","2","-1","星島"
"2026/08/05 16:51:15","在庫CSV取込","7986697","7986697X11Y12","【5cm厚底/履くだけで足元美人】 シャワーサンダル トングサンダル サンダル レディース ★REV 7986697 メンズ 厚底 5cmアップ 美脚 防滑 軽量 おしゃれ 人字サンダル 黒 クロ BLACK 韓国ファッション 送料無料","23.0cm～23.5cm","シャワーサンダル","X11","Y12",,"0","10","9","-1","星島"
"2026/08/05 16:51:15","在庫CSV取込","7986850","7986850X14Y12","【耐滑底/おしゃれ】安全靴 スニーカー エアウォーク ミッドカット AIR WALK AW-940 AW-950 Y_YU ★REV 7986850 メンズ おしゃれ 耐滑底 樹脂先芯 ストレッチロック セーフティシューズ 作業靴 送料無料","26.5cm","AW-950_ホワイト","X14","Y12",,"0","104","103","-1","星島"
"2026/08/05 16:51:15","在庫CSV取込","7986850","7986850X12Y12","【耐滑底/おしゃれ】安全靴 スニーカー エアウォーク ミッドカット AIR WALK AW-940 AW-950 Y_YU ★REV 7986850 メンズ おしゃれ 耐滑底 樹脂先芯 ストレッチロック セーフティシューズ 作業靴 送料無料","25.5cm","AW-950_ホワイト","X12","Y12",,"0","159","158","-1","星島"
"2026/08/05 16:51:15","在庫CSV取込","7987006","7987006X11Y12","【くすみカラー】サファリハット ハット アドベンチャーハット レディース メンズ NEK ★REV 7987006 アウトドア キャンプ 釣り 日焼け止め 速乾 通気性 日よけ 送料無料","ONESIZE","ネイビー","X11","Y12",,"0","7","6","-1","星島"
"2026/08/05 16:51:15","在庫CSV取込","7987080","7987080X11Y13","【防災 災害 アウトドア】収納ボックス コンテナボックス ソフトコンテナ バッグ ★REV 7987080 メンズ レディース ミリタリー Military タクティカルバッグ 防災 防災リュックのサブ キャンプ アウトドア サバゲー 釣り カメラ撮影 鞄 カバン ツールボックス 送料無料","ONESIZE","オリーブ","X11","Y13",,"0","18","17","-1","星島"
"2026/08/05 16:51:15","在庫CSV取込","7987394","7987394X12Y15","【選べる3種 イルマ アイ 対応 互換性あり おまけ付】イルマ アイ ILUMA i ケース イルマワン イルマプライム ケース テリア ILUMA TEREA アイコスケース IQOS 電子タバコ お掃除 NEK ★REV 7987394 LTG クリーニング クリーナープレゼント ギフト 母の日 父の日 送料無料","イルマPRIME","カーキ","X12","Y15",,"0","4","3","-1","星島"
"2026/08/05 16:51:15","在庫CSV取込","7987405","7987405X11Y11","【組み立て簡単】テント タープテント ヘキサタープ 軽量 キャンプ アウトドア ★REV 7987405 レジャー 海水浴 日よけ 日差しカット 運動会 コンパクト 折りたたみ グランピング用品","ONESIZE","グリーン","X11","Y11",,"0","15","14","-1","星島"
"2026/08/05 16:51:15","在庫CSV取込","7987409","7987409X11Y12","【130cm 大きいサイズ対応】本革 床革 ベルト メンズ 130cm NEK ★REV 7987409 大きいサイズ対応 シンセティックレザー ビジネスベルト カジュアルベルト 父の日 送料無料","ONESIZE","ブラウンA","X11","Y12",,"0","4","3","-1","星島"
"2026/08/05 16:51:15","在庫CSV取込","7987475","7987475X11Y16","【護身用】タクティカルスティック 防災グッズ タクティカルペン キーホルダー キーリング NEK ★REV 7987475 護身 棒 車 ガラス 防災 災害 車内 軽量 丈夫 不審者 痴漢 痴漢対策 護身用 用品 武器 防犯 護身グッズ 自己防衛 コンパクト 非常時 タクティカル バッググリップ","ONESIZE","ゴールド","X11","Y16",,"0","17","16","-1","星島"
"2026/08/05 16:51:15","在庫CSV取込","7987493","7987493X11Y13","【楽あけくん】 瓶オープナー 缶オープナー キャップオープナー 蓋開け ジャーオープナー NEK ★REV 7987493 ツイスト 力節約 びん蓋開け ジャムのフタや缶 滑り止め 安全 らくらく 力の弱い 女性 お年寄り お子様 キッチンツール キッチン用品 送料無料","ONESIZE","ブルー","X11","Y13",,"0","38","37","-1","星島"
"2026/08/05 16:51:15","在庫CSV取込","7995525","7995525X1Y2","AVIREX 限定モデル キャップ 帽子 父の日 贈り物 プレゼント メンズ ★REV ブラックシリーズ 黒 アビレックス アヴィレックス メッシュキャップ ハンチング ローキャップ バケット ハット ワークキャップ レディース かっこいい yos プレゼント ギフト","ONESIZE","【B】ハンチング_14911300","X1","Y2",,"0","95","94","-1","星島"
"2026/08/05 16:51:15","在庫CSV取込","7998075","7998075X11Y16","他店圧倒価格♪最安値に挑戦！ 1点までメール便送料無料 ワッチキャップ ニット帽子 ニットキャップ 7998075 【MB】【ALI】■05161126【wow未販売】 sg追加200125 sg追加200125","普通サイズ(～60cm)","レッド","X11","Y16",,"0","5","4","-1","星島"
"2026/08/05 16:51:15","在庫CSV取込","9009978","9009978X15Y6","帽子 メンズ AVIREX アビレックス 送料無料 キャップ 父の日 プレゼント 贈り物 ニットキャップ メッシュキャップ 大きいサイズ レディース ディッキーズ ローキャップ ワークキャップ ハット ハンチング おしゃれ ロゴ 刺繍 プリント アメカジ HYPE 通販 yos ギフト","O","-6","X15","Y6",,"0","6","5","-1","星島"
"2026/08/05 16:51:15","在庫CSV取込","9009978","9009978X16Y1","帽子 メンズ AVIREX アビレックス 送料無料 キャップ 父の日 プレゼント 贈り物 ニットキャップ メッシュキャップ 大きいサイズ レディース ディッキーズ ローキャップ ワークキャップ ハット ハンチング おしゃれ ロゴ 刺繍 プリント アメカジ HYPE 通販 yos ギフト","P","-1","X16","Y1",,"0","13","12","-1","星島"
"2026/08/05 16:51:15","在庫CSV取込","7999489","7999489X11Y12","5WAY ボディバッグ メンズ 鞄 ショルダーバッグ ウエストバッグ ★REV 7999489 アウトドア キャンプ ミリタリー 無地 迷彩 カモフラージュ 多機能 小さめ 小さい 小型 斜め掛け Military プレゼント ギフト","ONESIZE","オリーブ","X11","Y12",,"0","2","1","-1","星島"
"2026/08/05 16:51:15","在庫CSV取込","7988248","7988248X11Y17","リュック メンズ レディース 防水 防災リュック 避難 スポーツ 軽量 リュックサック 32L ★REV 7988248 バックパック デイパック アウトドア キャンプ ジム 登山 散歩  送料無料","ONESIZE","ピンク","X11","Y17",,"0","7","6","-1","星島"
"2026/08/05 16:51:15","在庫CSV取込","7987891","7987891X11Y13","【ヤシの木】麦わら帽子 メンズ レディース ストローハット 中折れハット ★REV 7987891 帽子 麦わらハット 夏 ペーパー ハット おしゃれ プレゼント プチギフト","ONESIZE","ネイビー","X11","Y13",,"0","2","1","-1","星島"
"2026/08/05 16:51:15","在庫CSV取込","7987924","7987924X11Y14","【蒸れない 通気性抜群】メッシュキャップ 帽子 キャップ メンズ レディース アウトドア キャンプ ゴルフ ランニング ★REV 7987924","ONESIZE","ダークグレー","X11","Y14",,"0","8","7","-1","星島"
"2026/08/05 16:51:15","在庫CSV取込","9009978","9009978X6Y6","帽子 メンズ AVIREX アビレックス 送料無料 キャップ 父の日 プレゼント 贈り物 ニットキャップ メッシュキャップ 大きいサイズ レディース ディッキーズ ローキャップ ワークキャップ ハット ハンチング おしゃれ ロゴ 刺繍 プリント アメカジ HYPE 通販 yos ギフト","F","-6","X6","Y6",,"0","1","0","-1","星島"
"2026/08/05 16:51:15","在庫CSV取込","9009978","9009978X19Y7","帽子 メンズ AVIREX アビレックス 送料無料 キャップ 父の日 プレゼント 贈り物 ニットキャップ メッシュキャップ 大きいサイズ レディース ディッキーズ ローキャップ ワークキャップ ハット ハンチング おしゃれ ロゴ 刺繍 プリント アメカジ HYPE 通販 yos ギフト","S","-7","X19","Y7",,"0","10","9","-1","星島"
"2026/08/05 16:51:15","在庫CSV取込","7987852","7987852X11Y14","メッシュキャップ メンズ レディース キャップ 帽子 ★REV 7987852 メンズ レディース アップリケ刺繍 狼 ウルフ","ONESIZE","ブルー×グレー","X11","Y14",,"0","0","-1","-1","星島"
"2026/08/05 16:51:15","在庫CSV取込","7987883","7987883X11Y14","【カウリ貝】麦わら帽子 メンズ レディース ストローハット 中折れハット ★REV 7987883 幅広 帽子 麦わらハット 夏 ペーパー ハット おしゃれ プレゼント プチギフト 送料無料","ONESIZE","ブラウン","X11","Y14",,"0","6","5","-1","星島"
"2026/08/05 16:51:15","在庫CSV取込","9009978","9009978X9Y1","帽子 メンズ AVIREX アビレックス 送料無料 キャップ 父の日 プレゼント 贈り物 ニットキャップ メッシュキャップ 大きいサイズ レディース ディッキーズ ローキャップ ワークキャップ ハット ハンチング おしゃれ ロゴ 刺繍 プリント アメカジ HYPE 通販 yos ギフト","I","-1","X9","Y1",,"0","0","-1","-1","星島"
"2026/08/05 16:54:25","受注取込","7997141","7997141X11Y11","特大 スイカ ドーナツ 浮き輪 浮輪 送料無料 プール 大人用 子供用 NEK 7997141 ★REV 120cm 90cm 80cm 70cm 60cm サイズ 大きい 大きめ うきわ ウキワ すいか 海 海水浴 ビックフロート 水上 レジャー かわいい フローティングベッド 西瓜 子供用浮き輪 大人 子供 こども","120cm","スイカ","X11","Y11",,"0","935","934","-1",
"2026/08/05 16:54:37","受注取込","7986822","7986822X11Y12","【耐強風/12本骨】 折りたたみ傘 大きいサイズ メンズ レディース 117cm 自動開閉 ★REV 7986822 遮蔽率99.9% UVカット UPF50+ 日傘 晴雨兼用 収納袋 紫外線遮断 雨傘 丈夫 頑丈 傘 完全遮光 ワンタッチ かさ 送料無料","ONESIZE","ネイビー","X11","Y12",,"0","10","9","-1",
"2026/08/05 16:55:30","受注取込","7987081","7987081X11Y11","【豊富なポケット数】ショルダーバッグ メンズ レディース ミリタリー Military タクティカルバッグ ★REV 7987081 サコッシュ キャンプ アウトドア サバゲー 斜め掛け 鞄 バッグ カバン ipad OK 送料無料","ONESIZE","ブラック","X11","Y11",,"0","1","0","-1",
"2026/08/05 16:55:55","受注取込","7997141","7997141X12Y11","特大 スイカ ドーナツ 浮き輪 浮輪 送料無料 プール 大人用 子供用 NEK 7997141 ★REV 120cm 90cm 80cm 70cm 60cm サイズ 大きい 大きめ うきわ ウキワ すいか 海 海水浴 ビックフロート 水上 レジャー かわいい フローティングベッド 西瓜 子供用浮き輪 大人 子供 こども","90cm","スイカ","X12","Y11",,"0","47","46","-1",
"2026/08/05 16:55:55","受注取込","7987610","7987610X11Y11","【お得3本セット】ピンセット イルマ ワン テリア ILUMA TEREA アイコス NEK ★REV 7987610 IQOS グロー プルーム 電子タバコ お掃除 DIY LTG プラモデル 模型 工作 クリーニングフィルター クリーナー プレゼント ギフト 母の日 父の日 送料無料","ONESIZE","3本セット","X11","Y11",,"0","10","9","-1",
"2026/08/05 16:56:18","受注取込","7988047","7988047X11Y11","2WAY ミニ ボストンバッグ メンズ レディース ★REV 7988047 小さめ 小型 ショルダーバッグ ミニバッグ ドラムバッグ 小旅行 アウトドア キャンプ ジム 軽量 送料無料","ONESIZE","ブラック","X11","Y11",,"0","66","65","-1",
"2026/08/05 16:58:25","受注取込","7986656","7986656X11Y11","【五路財神の金運・開運】指輪 リング オープンリング メンズ レディース 五路財神 NEK ★REVA 7986656 アクセサリー ギフト プレゼント 送料無料","ONESIZE","シルバー×ゴールド","X11","Y11",,"0","13","12","-1",
"2026/08/05 17:01:25","WEB画面","7992250","7992250X17Y11","iPhone XS ケース バンカーリング 付き 落ちない シリコン ケース 透明 スケルトン 輪 送料無料 iphone XR ケース iPhone8 ケース iphone XS MAX  iphone X リング付 iPhone7 Plus スマホケース カバー クリア アイフォン アクセサリー NEK ALI 7992250 190715","iPhone_11","レッド","X17","Y11",,"0","-1","1","2","星島"
"2026/08/05 17:01:34","WEB画面","7992250","7992250X17Y11","iPhone XS ケース バンカーリング 付き 落ちない シリコン ケース 透明 スケルトン 輪 送料無料 iphone XR ケース iPhone8 ケース iphone XS MAX  iphone X リング付 iPhone7 Plus スマホケース カバー クリア アイフォン アクセサリー NEK ALI 7992250 190715","iPhone_11","レッド","X17","Y11",,"0","1","0","-1","星島"
"2026/08/05 17:02:55","受注取込","7987400","7987400X12Y29","【とにかくデカい！/普通サイズあり！】キャップ メンズ 大きいサイズ 帽子 深め ビッグサイズ ★REVM 7987400 BIG SIZE メンズキャップ帽子 大きめ 大きい帽子 メンズ帽子 レディース 春 夏 春夏 プレゼント ギフト 母の日 父の日 送料無料","普通サイズ","S-ネイビー","X12","Y29",,"0","10","9","-1",
"2026/08/05 17:07:39","WEB画面","7994812","7994812X11Y33","サファリハット メンズ 釣り 帽子 ハット レディース SUNS(サンズ)  撥水 アウトドア 登山 キャンプ バーベキュー NEK ★REV H-051 H-053 送料無料 大きいサイズあり キッズサイズ 子供 UVカット アドベンチャーハット 父の日 プレゼント ユニセックス 春 夏 夏フェス ギフト","普通サイズ","GREIGE(H-051)","X11","Y33",,"0","77","78","1","立花"
"2026/08/05 17:09:55","受注取込","7994812","7994812X11Y33","サファリハット メンズ 釣り 帽子 ハット レディース SUNS(サンズ)  撥水 アウトドア 登山 キャンプ バーベキュー NEK ★REV H-051 H-053 送料無料 大きいサイズあり キッズサイズ 子供 UVカット アドベンチャーハット 父の日 プレゼント ユニセックス 春 夏 夏フェス ギフト","普通サイズ","GREIGE(H-051)","X11","Y33",,"0","78","77","-1",
"2026/08/05 17:13:55","受注取込","7997141","7997141X12Y11","特大 スイカ ドーナツ 浮き輪 浮輪 送料無料 プール 大人用 子供用 NEK 7997141 ★REV 120cm 90cm 80cm 70cm 60cm サイズ 大きい 大きめ うきわ ウキワ すいか 海 海水浴 ビックフロート 水上 レジャー かわいい フローティングベッド 西瓜 子供用浮き輪 大人 子供 こども","90cm","スイカ","X12","Y11",,"0","46","45","-1",
"2026/08/05 17:14:31","受注取込","7986720","7986720X11Y18","【ダメージ加工がCOOL】帽子 キャップ Vintage メンズ レディース くすみカラー ★REVL 7986720 こなれ感 深め しっかり素材 送料無料","ONESIZE","ライトブラウン","X11","Y18",,"0","18","17","-1",
"2026/08/05 17:14:31","受注取込","7986720","7986720X11Y17","【ダメージ加工がCOOL】帽子 キャップ Vintage メンズ レディース くすみカラー ★REVL 7986720 こなれ感 深め しっかり素材 送料無料","ONESIZE","ブルー","X11","Y17",,"0","14","13","-1",
"2026/08/05 17:14:31","受注取込","7986720","7986720X11Y11","【ダメージ加工がCOOL】帽子 キャップ Vintage メンズ レディース くすみカラー ★REVL 7986720 こなれ感 深め しっかり素材 送料無料","ONESIZE","ブラック","X11","Y11",,"0","10","9","-1",
"2026/08/05 17:18:25","受注取込","7997141","7997141X11Y13","特大 スイカ ドーナツ 浮き輪 浮輪 送料無料 プール 大人用 子供用 NEK 7997141 ★REV 120cm 90cm 80cm 70cm 60cm サイズ 大きい 大きめ うきわ ウキワ すいか 海 海水浴 ビックフロート 水上 レジャー かわいい フローティングベッド 西瓜 子供用浮き輪 大人 子供 こども","120cm","ドーナツチョコ","X11","Y13",,"0","22","21","-1",
"2026/08/05 17:18:25","受注取込","7987400","7987400X11Y11","【とにかくデカい！/普通サイズあり！】キャップ メンズ 大きいサイズ 帽子 深め ビッグサイズ ★REVM 7987400 BIG SIZE メンズキャップ帽子 大きめ 大きい帽子 メンズ帽子 レディース 春 夏 春夏 プレゼント ギフト 母の日 父の日 送料無料","大きいサイズ","A-ブラック","X11","Y11",,"0","136","135","-1",
"2026/08/05 17:18:38","WEB画面","7988215","7988215X11Y13","【とにかくデカい！】 大きいサイズ キャップ メッシュキャップ 送料無料 大きめ ビッグサイズ BIG SIZE ★REV 7988215 <br> 帽子 ハット キャップ ワークキャップ メンズキャップ 大きいサイズ バケット 大きい帽子 メンズ バケハ メンズ帽子 大きい 頭 メッシュ 全39カラー","AA","3","X11","Y13",,"0","36","31","-5","門田"
"2026/08/05 17:19:30","受注取込","7987400","7987400X11Y11","【とにかくデカい！/普通サイズあり！】キャップ メンズ 大きいサイズ 帽子 深め ビッグサイズ ★REVM 7987400 BIG SIZE メンズキャップ帽子 大きめ 大きい帽子 メンズ帽子 レディース 春 夏 春夏 プレゼント ギフト 母の日 父の日 送料無料","大きいサイズ","A-ブラック","X11","Y11",,"0","135","134","-1",
"2026/08/05 17:19:55","受注取込","7997141","7997141X11Y11","特大 スイカ ドーナツ 浮き輪 浮輪 送料無料 プール 大人用 子供用 NEK 7997141 ★REV 120cm 90cm 80cm 70cm 60cm サイズ 大きい 大きめ うきわ ウキワ すいか 海 海水浴 ビックフロート 水上 レジャー かわいい フローティングベッド 西瓜 子供用浮き輪 大人 子供 こども","120cm","スイカ","X11","Y11",,"0","934","933","-1",
"2026/08/05 17:21:56","WEB画面","7987400","7987400X11Y26","【とにかくデカい！/普通サイズあり！】キャップ メンズ 大きいサイズ 帽子 深め ビッグサイズ ★REVM 7987400 BIG SIZE メンズキャップ帽子 大きめ 大きい帽子 メンズ帽子 レディース 春 夏 春夏 プレゼント ギフト 母の日 父の日 送料無料","大きいサイズ","P-ブラック","X11","Y26",,"0","46","41","-5","門田"
"2026/08/05 17:28:55","受注取込","7994812","7994812X11Y11","サファリハット メンズ 釣り 帽子 ハット レディース SUNS(サンズ)  撥水 アウトドア 登山 キャンプ バーベキュー NEK ★REV H-051 H-053 送料無料 大きいサイズあり キッズサイズ 子供 UVカット アドベンチャーハット 父の日 プレゼント ユニセックス 春 夏 夏フェス ギフト","普通サイズ","BK/BLACK(H_051)","X11","Y11",,"0","45","44","-1",
"2026/08/05 17:30:27","受注取込","7992054","7992054X11Y19","【シンプル/おしゃれ】16mm パワーストーン ネックレス メンズ レディース 瑪瑙 オブシディアン タイガーアイ NEK ★REV 7992054 黒曜石 茶水晶 虎目石 金運 財運 仕事運 恋愛 結婚 家庭円満 癒し 幸運 成功運 勝負運 家族運 厄除祈願 天然石 お守り プレゼント 送料無料","ONESIZE","【I】ブルータイガーアイ","X11","Y19",,"0","22","21","-1",
"2026/08/05 17:31:25","受注取込","7987626","7987626X11Y11","【お得な5個セット】LEDライト キーホルダー 小型LEDライト NEK ★REV 7987626 キーライト 高輝度 5灯 LR44 ボタン電池 LTG 送料無料","ONESIZE","5本セット","X11","Y11",,"0","90","89","-1",
"2026/08/05 17:31:25","受注取込","7994812","7994812X13Y17","サファリハット メンズ 釣り 帽子 ハット レディース SUNS(サンズ)  撥水 アウトドア 登山 キャンプ バーベキュー NEK ★REV H-051 H-053 送料無料 大きいサイズあり キッズサイズ 子供 UVカット アドベンチャーハット 父の日 プレゼント ユニセックス 春 夏 夏フェス ギフト","キッズサイズ","YELLOW(H_051)","X13","Y17",,"0","19","18","-1",
"2026/08/05 17:31:25","受注取込","7994812","7994812X11Y15","サファリハット メンズ 釣り 帽子 ハット レディース SUNS(サンズ)  撥水 アウトドア 登山 キャンプ バーベキュー NEK ★REV H-051 H-053 送料無料 大きいサイズあり キッズサイズ 子供 UVカット アドベンチャーハット 父の日 プレゼント ユニセックス 春 夏 夏フェス ギフト","普通サイズ","WINE(H_051)","X11","Y15",,"0","19","18","-1",
"2026/08/05 17:31:25","受注取込","7994812","7994812X12Y20","サファリハット メンズ 釣り 帽子 ハット レディース SUNS(サンズ)  撥水 アウトドア 登山 キャンプ バーベキュー NEK ★REV H-051 H-053 送料無料 大きいサイズあり キッズサイズ 子供 UVカット アドベンチャーハット 父の日 プレゼント ユニセックス 春 夏 夏フェス ギフト","大きいサイズ","PURPLE(H_051)","X12","Y20",,"0","30","29","-1",
"2026/08/05 17:33:01","受注取込","8003102","8003102X16Y11","やみつきになる！ ストレッチ AVIREX アビレックス Tシャツ メンズ ★REV NEK 6143501 6143502 Vネック クルーネック 半袖 プレゼント ギフト","クルーネック_ホワイト_001","Sサイズ","X16","Y11",,"0","3","2","-1",
"2026/08/05 17:37:30","受注取込","8003112","8003112X12Y11","AVIREX アビレックス タンクトップ メンズ 無地 アヴィレックス メンズアメカジトップス ★REV NEK 6143503 全10色 プレゼント ギフト","M","ホワイト(01)","X12","Y11",,"0","2","1","-1",
"2026/08/05 17:40:01","受注取込","7986747","7986747X11Y11","【日焼けシェード付き】サファリハット シェード メンズ 釣り 帽子 ハット レディース SUNS(サンズ) 撥水 アウトドア 登山 キャンプ バーベキュー NEK ★REVL H-051 送料無料 大きいサイズあり キッズサイズ 子供 UVカット アドベンチャーハット 父の日 プレゼント ユニセックス 春 夏 夏フェス ギフト","普通サイズ","SHADE_BK/BLACK(H_051)","X11","Y11",,"0","80","79","-1",
"2026/08/05 17:40:41","受注取込","7986662","7986662X11Y11","【溶岩石とオニキスの力】パワーストーン ブレスレット メンズ レディース バングル NEK ★REVL 7986662 スピリチュアル 天然石 エネルギーアクセサリー プレゼント ギフト 送料無料","ONESIZE","ブラック","X11","Y11",,"0","2","1","-1",
"2026/08/05 17:45:50","WEB画面","7986462","7986462X11Y12","【デカい深い】キャップ メンズ レディース 大きいサイズ 深め 帽子 ★REVL 7986462  コットン100% 59cm?65cm ビッグサイズ ロングバイザー 8cm 深い ベースボールキャップ サイズ調整 おしゃれ 春 夏 秋 冬 男女兼用 ブラック ネイビー チャコール アイボリー 黒 送料無料","ONESIZE","ネイビー","X11","Y12",,"0","0","25","25","阿二"
"2026/08/05 17:46:55","受注取込","7987400","7987400X12Y21","【とにかくデカい！/普通サイズあり！】キャップ メンズ 大きいサイズ 帽子 深め ビッグサイズ ★REVM 7987400 BIG SIZE メンズキャップ帽子 大きめ 大きい帽子 メンズ帽子 レディース 春 夏 春夏 プレゼント ギフト 母の日 父の日 送料無料","普通サイズ","K-ブラック","X12","Y21",,"0","10","9","-1",
"2026/08/05 17:52:25","受注取込","7990868","7990868X11Y11","短財布 財布 ミニ財布 メンズ レディース 本革 レザー 日本製  送料無料 職人技 無地 ヌメ革 総革 サステナビリティ 染め加工無し AA-019 プレゼント ギフト","ONESIZE","ナチュラル","X11","Y11",,"0","7","6","-1",
"2026/08/05 17:59:00","受注取込","7994812","7994812X11Y11","サファリハット メンズ 釣り 帽子 ハット レディース SUNS(サンズ)  撥水 アウトドア 登山 キャンプ バーベキュー NEK ★REV H-051 H-053 送料無料 大きいサイズあり キッズサイズ 子供 UVカット アドベンチャーハット 父の日 プレゼント ユニセックス 春 夏 夏フェス ギフト","普通サイズ","BK/BLACK(H_051)","X11","Y11",,"0","44","43","-1",
"2026/08/05 18:00:45","受注取込","7986674","7986674X11Y12","【深め/美シルエット】メッシュキャップ キャップ 帽子 メンズ レディース スエード風 ★REVL 7986674 野球帽 A-Frame Trucker 無地 刺繍 10色展開 送料無料","ONESIZE","B","X11","Y12",,"0","4","3","-1",
"2026/08/05 18:00:55","受注取込","7994812","7994812X12Y12","サファリハット メンズ 釣り 帽子 ハット レディース SUNS(サンズ)  撥水 アウトドア 登山 キャンプ バーベキュー NEK ★REV H-051 H-053 送料無料 大きいサイズあり キッズサイズ 子供 UVカット アドベンチャーハット 父の日 プレゼント ユニセックス 春 夏 夏フェス ギフト","大きいサイズ","BLACK(H_051)","X12","Y12",,"0","81","80","-1",
"2026/08/05 18:02:25","受注取込","7988215","7988215X14Y11","【とにかくデカい！】 大きいサイズ キャップ メッシュキャップ 送料無料 大きめ ビッグサイズ BIG SIZE ★REV 7988215 <br> 帽子 ハット キャップ ワークキャップ メンズキャップ 大きいサイズ バケット 大きい帽子 メンズ バケハ メンズ帽子 大きい 頭 メッシュ 全39カラー","DD","1","X14","Y11",,"0","5","4","-1",
"2026/08/05 18:06:03","受注取込","7994812","7994812X12Y12","サファリハット メンズ 釣り 帽子 ハット レディース SUNS(サンズ)  撥水 アウトドア 登山 キャンプ バーベキュー NEK ★REV H-051 H-053 送料無料 大きいサイズあり キッズサイズ 子供 UVカット アドベンチャーハット 父の日 プレゼント ユニセックス 春 夏 夏フェス ギフト","大きいサイズ","BLACK(H_051)","X12","Y12",,"0","80","79","-1",
"2026/08/05 18:06:25","受注取込","7994812","7994812X12Y11","サファリハット メンズ 釣り 帽子 ハット レディース SUNS(サンズ)  撥水 アウトドア 登山 キャンプ バーベキュー NEK ★REV H-051 H-053 送料無料 大きいサイズあり キッズサイズ 子供 UVカット アドベンチャーハット 父の日 プレゼント ユニセックス 春 夏 夏フェス ギフト","大きいサイズ","BK/BLACK(H_051)","X12","Y11",,"0","373","372","-1",
"2026/08/05 18:08:00","受注取込","7994812","7994812X12Y33","サファリハット メンズ 釣り 帽子 ハット レディース SUNS(サンズ)  撥水 アウトドア 登山 キャンプ バーベキュー NEK ★REV H-051 H-053 送料無料 大きいサイズあり キッズサイズ 子供 UVカット アドベンチャーハット 父の日 プレゼント ユニセックス 春 夏 夏フェス ギフト","大きいサイズ","GREIGE(H-051)","X12","Y33",,"0","121","120","-1",
"2026/08/05 18:08:00","受注取込","7987076","7987076X11Y11","【超軽量55g】特価 キャップ 帽子 メッシュキャップ ランニングキャップ NEK ★REV 7987076 メンズ レディース 速乾 軽量 ジョギング アウトドア キャンプ スポーツ 釣り 海 プール","アジャスタータイプ","ブラック","X11","Y11",,"0","41","39","-2",
"2026/08/05 18:09:26","受注取込","7988386","7988386X11Y14","【高輝度・省電力】LED 卓上 ライト 間接照明 おしゃれ テーブルランプ 北欧 ベッドライト ★REV 7988386 照明 ランプ 一人暮らし ナイトランプ ムードランプ インテリア 雑貨 スタンドライト フロアライト ベッドサイド ルームライト 寝室 usb 電気スタンド フロアランプ","ONESIZE","キャメル","X11","Y14",,"0","147","146","-1",
"2026/08/05 18:11:00","受注取込","7987400","7987400X11Y19","【とにかくデカい！/普通サイズあり！】キャップ メンズ 大きいサイズ 帽子 深め ビッグサイズ ★REVM 7987400 BIG SIZE メンズキャップ帽子 大きめ 大きい帽子 メンズ帽子 レディース 春 夏 春夏 プレゼント ギフト 母の日 父の日 送料無料","大きいサイズ","I-ネイビー","X11","Y19",,"0","24","23","-1",
"2026/08/05 18:11:00","受注取込","7987802","7987802X13Y11","健康サンダル 足つぼ スリッパ 健康 サンダル 健康スリッパ 天然石 パワーストーン レディース メンズ オフィス ★REV 7987802 リラックス ストーン 足裏 足うら 刺激 ツボ押し つぼ押し 超強力 マッサージ 室内 屋外 野外 リフレクソロジー 足ツボサンダル 石 岩 送料無料","39-40(24.5～25.0cm)","ブラック","X13","Y11",,"0","45","44","-1",
"2026/08/05 18:16:25","受注取込","7986989","7986989X11Y24","【本革/特価/16色展開】本革 ショルダーバッグ ポーチ レディース ミニショルダーバッグ NEK ★REV 7986989 斜めがけ お財布 ショルダー お財布バッグ 送料無料","ONESIZE","シルバー","X11","Y24",,"0","55","54","-1",
"2026/08/05 18:16:25","受注取込","7987678","7987678X12Y14","【洗濯可能】トレーニンググローブ 手袋 筋トレ 筋トレグローブ メンズ レディース 指無し NEK ★REV 7987678 ウェイトリフティング 防滑 クッション性 伸びる 洗濯OK バーベル サイクリング ヨガ グリップ","M","B-ブラック","X12","Y14",,"0","31","30","-1",
"2026/08/05 18:23:55","受注取込","7990670","7990670X11Y14","ニンテンドー スイッチ プロコン PRO Nintendo Switch ワイヤレス コントローラー 送料無料 HD振動 ゲーム コントローラー Switch/Switch lite/PC対応 コントローラー 無線 ジャイロセンサー TURBO機能 スイッチ コントローラー 7990670 ブラック","ONESIZE","オレンジ","X11","Y14",,"0","2","1","-1",
"2026/08/05 18:28:55","受注取込","7987400","7987400X11Y11","【とにかくデカい！/普通サイズあり！】キャップ メンズ 大きいサイズ 帽子 深め ビッグサイズ ★REVM 7987400 BIG SIZE メンズキャップ帽子 大きめ 大きい帽子 メンズ帽子 レディース 春 夏 春夏 プレゼント ギフト 母の日 父の日 送料無料","大きいサイズ","A-ブラック","X11","Y11",,"0","134","133","-1",
"2026/08/05 18:31:01","受注取込","7994812","7994812X11Y13","サファリハット メンズ 釣り 帽子 ハット レディース SUNS(サンズ)  撥水 アウトドア 登山 キャンプ バーベキュー NEK ★REV H-051 H-053 送料無料 大きいサイズあり キッズサイズ 子供 UVカット アドベンチャーハット 父の日 プレゼント ユニセックス 春 夏 夏フェス ギフト","普通サイズ","NAVY(H_051)","X11","Y13",,"0","75","74","-1",
"2026/08/05 18:31:56","受注取込","7997141","7997141X11Y13","特大 スイカ ドーナツ 浮き輪 浮輪 送料無料 プール 大人用 子供用 NEK 7997141 ★REV 120cm 90cm 80cm 70cm 60cm サイズ 大きい 大きめ うきわ ウキワ すいか 海 海水浴 ビックフロート 水上 レジャー かわいい フローティングベッド 西瓜 子供用浮き輪 大人 子供 こども","120cm","ドーナツチョコ","X11","Y13",,"0","21","20","-1",
"2026/08/05 18:31:56","受注取込","7997141","7997141X11Y11","特大 スイカ ドーナツ 浮き輪 浮輪 送料無料 プール 大人用 子供用 NEK 7997141 ★REV 120cm 90cm 80cm 70cm 60cm サイズ 大きい 大きめ うきわ ウキワ すいか 海 海水浴 ビックフロート 水上 レジャー かわいい フローティングベッド 西瓜 子供用浮き輪 大人 子供 こども","120cm","スイカ","X11","Y11",,"0","933","932","-1",
"2026/08/05 18:32:35","受注取込","7986805","7986805X11Y50","【キッズ用の帽子♪全40種類】特価 キッズ 子供用 帽子 キャップ サファリハット ★REVL 7986805 こども用 メッシュキャップ おしゃれ かわいい 送料無料","ONESIZE","KD-40","X11","Y50",,"0","18","17","-1",
"2026/08/05 18:32:35","受注取込","7986805","7986805X11Y38","【キッズ用の帽子♪全40種類】特価 キッズ 子供用 帽子 キャップ サファリハット ★REVL 7986805 こども用 メッシュキャップ おしゃれ かわいい 送料無料","ONESIZE","KD-28","X11","Y38",,"0","17","16","-1",
"2026/08/05 18:35:26","受注取込","7987714","7987714X11Y14","【なんと6+1個入り！速攻配達】水風船 水ふうせん 何度も使える ゴミが出ない プール クラッシュボール ★REV NEK 7987714 水遊び 海 川 お風呂 水鉄砲 子供 おもちゃ 繰り返し BALL 水 風船 ボール エコ ウォーターボム リサイクル 安心 安全 送料無料","ワンサイズ","ダイヤ6+1","X11","Y14",,"0","1","0","-1",
"2026/08/05 18:41:14","受注取込","7987091","7987091X11Y13","【使い方色々!】キーケース 小銭入れ ポーチ ベルトポーチ 短財布 財布 NEK ★REV 7987091 イヤホンケース メンズ レディース ミリタリー サバゲー キャンプ アウトドア メディカルポーチ 防災グッズ 送料無料","ONESIZE","オリーブ","X11","Y13",,"0","7","6","-1",
"2026/08/05 18:44:55","受注取込","7986654","7986654X19Y11","【お得な100枚セット】宅配ビニール袋 100枚 お得 安い 宅配袋 宅配ポリ袋 ポリ袋 強テープ付き 17cm 20cm 25cm 30cm 32cm 40cm 45cm 50cm 60cm 梱包 袋 梱包材 ビニール 宅配 7986654 プレゼント ギフト","50cm×65cm","ワンカラー","X19","Y11",,"0","7","6","-1",
"2026/08/05 18:46:25","受注取込","7986724","7986724X14Y11","光る靴 プラレール 靴 つばさ 男の子 ピカピカ光る キッズスニーカー キッズ Y_KO 163H28 ★REV 7986724 マジック キッズスニーカー 子供靴 サイドがキラキラ光る LED光る 新幹線 鉄道 トミカ キッズシューズ","18.0cm","パープル","X14","Y11",,"0","20","19","-1",
"2026/08/05 18:58:55","受注取込","7997141","7997141X11Y11","特大 スイカ ドーナツ 浮き輪 浮輪 送料無料 プール 大人用 子供用 NEK 7997141 ★REV 120cm 90cm 80cm 70cm 60cm サイズ 大きい 大きめ うきわ ウキワ すいか 海 海水浴 ビックフロート 水上 レジャー かわいい フローティングベッド 西瓜 子供用浮き輪 大人 子供 こども","120cm","スイカ","X11","Y11",,"0","932","931","-1",
"2026/08/05 18:59:55","受注取込","7992723","7992723X12Y11","お得！ 送料無料 4枚入り 福袋 Dickies ディッキーズ ボクサーパンツ メンズ かわいい NEK ★REV <br> パンツ ボクサーパンツ セット メンズ下着 メンズボクサーパンツ メンズボクサー 大きいサイズ 大きめ 特大 3L 下着 インナー メンズ usa まとめ買い プレゼント ギフト","L","福袋4枚セット","X12","Y11",,"0","274","273","-1",
"2026/08/05 19:00:12","受注取込","7986530","7986530X11Y12","【ちょうどいい長さの25cm】全7通り Type-C 充電ケーブル スマホケーブル 急速6A NEK ★REVL 7986530 USB A→Type-C Type-C→Type-C Type-C→ライトニング スマホアクセサリー 新型iphone IQOS対応 短いケーブル 送料無料","ONESIZE","B_Type-C/Lightning【L字型】","X11","Y12",,"0","11","10","-1",
"2026/08/05 19:00:13","受注取込","7992723","7992723X12Y11","お得！ 送料無料 4枚入り 福袋 Dickies ディッキーズ ボクサーパンツ メンズ かわいい NEK ★REV <br> パンツ ボクサーパンツ セット メンズ下着 メンズボクサーパンツ メンズボクサー 大きいサイズ 大きめ 特大 3L 下着 インナー メンズ usa まとめ買い プレゼント ギフト","L","福袋4枚セット","X12","Y11",,"0","273","272","-1",
"2026/08/05 19:12:57","受注取込","7997141","7997141X11Y11","特大 スイカ ドーナツ 浮き輪 浮輪 送料無料 プール 大人用 子供用 NEK 7997141 ★REV 120cm 90cm 80cm 70cm 60cm サイズ 大きい 大きめ うきわ ウキワ すいか 海 海水浴 ビックフロート 水上 レジャー かわいい フローティングベッド 西瓜 子供用浮き輪 大人 子供 こども","120cm","スイカ","X11","Y11",,"0","931","930","-1",
"2026/08/05 19:12:57","受注取込","7997141","7997141X13Y13","特大 スイカ ドーナツ 浮き輪 浮輪 送料無料 プール 大人用 子供用 NEK 7997141 ★REV 120cm 90cm 80cm 70cm 60cm サイズ 大きい 大きめ うきわ ウキワ すいか 海 海水浴 ビックフロート 水上 レジャー かわいい フローティングベッド 西瓜 子供用浮き輪 大人 子供 こども","80cm","ドーナツチョコ","X13","Y13",,"0","7","6","-1",
"2026/08/05 19:16:28","受注取込","7986572","7986572X11Y34","【新型/IQOS イルマ i ワン用】アイコス イルマiワン ILUMA ケース 保護ケース NEK ★REVL 7986572 iqosイルマワン イルマワンカバー 耐衝撃 おしゃれ iqos iluma one 専用 IQOSイルマワン保護ケース レザー ヒョウ柄 ペイズリー 保護カバー アイコスケース アクセサリー 送料無料","イルマiワン","78","X11","Y34",,"0","13","12","-1",
"2026/08/05 19:18:55","受注取込","7994812","7994812X12Y31","サファリハット メンズ 釣り 帽子 ハット レディース SUNS(サンズ)  撥水 アウトドア 登山 キャンプ バーベキュー NEK ★REV H-051 H-053 送料無料 大きいサイズあり キッズサイズ 子供 UVカット アドベンチャーハット 父の日 プレゼント ユニセックス 春 夏 夏フェス ギフト","大きいサイズ","RENGA(H_051)","X12","Y31",,"0","43","42","-1",
"2026/08/05 19:28:55","受注取込","7992723","7992723X12Y11","お得！ 送料無料 4枚入り 福袋 Dickies ディッキーズ ボクサーパンツ メンズ かわいい NEK ★REV <br> パンツ ボクサーパンツ セット メンズ下着 メンズボクサーパンツ メンズボクサー 大きいサイズ 大きめ 特大 3L 下着 インナー メンズ usa まとめ買い プレゼント ギフト","L","福袋4枚セット","X12","Y11",,"0","272","271","-1",
"2026/08/05 19:31:58","受注取込","7997141","7997141X11Y13","特大 スイカ ドーナツ 浮き輪 浮輪 送料無料 プール 大人用 子供用 NEK 7997141 ★REV 120cm 90cm 80cm 70cm 60cm サイズ 大きい 大きめ うきわ ウキワ すいか 海 海水浴 ビックフロート 水上 レジャー かわいい フローティングベッド 西瓜 子供用浮き輪 大人 子供 こども","120cm","ドーナツチョコ","X11","Y13",,"0","20","19","-1",
"2026/08/05 19:31:58","受注取込","7997141","7997141X15Y12","特大 スイカ ドーナツ 浮き輪 浮輪 送料無料 プール 大人用 子供用 NEK 7997141 ★REV 120cm 90cm 80cm 70cm 60cm サイズ 大きい 大きめ うきわ ウキワ すいか 海 海水浴 ビックフロート 水上 レジャー かわいい フローティングベッド 西瓜 子供用浮き輪 大人 子供 こども","60cm","ドーナツイチゴ","X15","Y12",,"0","28","27","-1",
"2026/08/05 19:32:58","受注取込","7994812","7994812X12Y11","サファリハット メンズ 釣り 帽子 ハット レディース SUNS(サンズ)  撥水 アウトドア 登山 キャンプ バーベキュー NEK ★REV H-051 H-053 送料無料 大きいサイズあり キッズサイズ 子供 UVカット アドベンチャーハット 父の日 プレゼント ユニセックス 春 夏 夏フェス ギフト","大きいサイズ","BK/BLACK(H_051)","X12","Y11",,"0","372","371","-1",
"2026/08/05 19:32:58","受注取込","7987521","7987521X11Y11","【お得な100枚×24面】FBA対応 アマゾン Amazon ラベルシール 24面 100シート 100枚 2400枚 NEK ★REV 7987521 インクジェット・レーザープリンタ対応 A4 余白なし LTG 送料無料","24面","100枚","X11","Y11",,"0","62","61","-1",
"2026/08/05 19:34:25","受注取込","7987480","7987480X14Y11","足楽 インソール 靴 インソール クッション サイズ調整 薄 軽量 スニーカー ブーツ 安全靴 吸汗 防臭 NEK ★REV 7987480 プレゼント ギフト 母の日 父の日 送料無料","25.5～26.0cm","ライトブルー","X14","Y11",,"0","4","3","-1",
"2026/08/05 19:34:25","受注取込","7987439","7987439X12Y15","【通気性◎】メッシュキャップ メンズ 帽子 7987439 ★REV 野球帽 普通サイズ 56cm～59cm 大きいサイズ ビッグサイズ 59cm～63cm BIG 刺繍 プレゼント ギフト 送料無料","大きいサイズ","グレー","X12","Y15",,"0","21","20","-1",
"2026/08/05 19:38:55","受注取込","7987697","7987697X11Y11","【速攻配達】冷やスマPRO 盛夏用 スマホ熱中症対策 冷却 クーラー ★REV NEK スマートフォン専用常温保冷剤 熱暴走 結露なし スマホ 冷感 冷却 HIYASUMA","ONESIZE","ホワイト","X11","Y11",,"0","418","417","-1",
"2026/08/05 19:38:55","受注取込","7988215","7988215X12Y14","【とにかくデカい！】 大きいサイズ キャップ メッシュキャップ 送料無料 大きめ ビッグサイズ BIG SIZE ★REV 7988215 <br> 帽子 ハット キャップ ワークキャップ メンズキャップ 大きいサイズ バケット 大きい帽子 メンズ バケハ メンズ帽子 大きい 頭 メッシュ 全39カラー","BB","4","X12","Y14",,"0","7","6","-1",
"2026/08/05 19:39:01","受注取込","7994812","7994812X11Y23","サファリハット メンズ 釣り 帽子 ハット レディース SUNS(サンズ)  撥水 アウトドア 登山 キャンプ バーベキュー NEK ★REV H-051 H-053 送料無料 大きいサイズあり キッズサイズ 子供 UVカット アドベンチャーハット 父の日 プレゼント ユニセックス 春 夏 夏フェス ギフト","普通サイズ","BLUE(H_051)","X11","Y23",,"0","20","19","-1",
"2026/08/05 19:40:13","受注取込","7997141","7997141X15Y11","特大 スイカ ドーナツ 浮き輪 浮輪 送料無料 プール 大人用 子供用 NEK 7997141 ★REV 120cm 90cm 80cm 70cm 60cm サイズ 大きい 大きめ うきわ ウキワ すいか 海 海水浴 ビックフロート 水上 レジャー かわいい フローティングベッド 西瓜 子供用浮き輪 大人 子供 こども","60cm","スイカ","X15","Y11",,"0","80","79","-1",
"2026/08/05 19:40:29","受注取込","7987485","7987485X11Y11","【特大】トートバッグ 大きめ メンズ レディース Military バッグ ★REV 7987485 撥水 MA-1 旅行 アウトドア キャンプ ジムバッグ プレゼント プチギフト 送料無料","ONESIZE","ブラック","X11","Y11",,"0","11","10","-1",
"2026/08/05 19:42:01","受注取込","7994812","7994812X11Y27","サファリハット メンズ 釣り 帽子 ハット レディース SUNS(サンズ)  撥水 アウトドア 登山 キャンプ バーベキュー NEK ★REV H-051 H-053 送料無料 大きいサイズあり キッズサイズ 子供 UVカット アドベンチャーハット 父の日 プレゼント ユニセックス 春 夏 夏フェス ギフト","普通サイズ","CAMO(H_051)","X11","Y27",,"0","42","41","-1",
"2026/08/05 19:43:25","受注取込","7987074","7987074X12Y11","【くすみカラー 超軽量】サファリハット バケットハット メンズ レディース 普通サイズ 大きいサイズ アドベンチャーハット NEK ★REV 7987074 撥水 速乾 軽量 折り畳める UV カット アウトドア キャンプ 登山 ウォーキング 散歩 日焼け防止 紫外線防止 送料無料","大きいサイズ","ブラック","X12","Y11",,"0","2","1","-1",
"2026/08/05 19:48:46","受注取込","7986690","7986690X11Y13","【当店限定/大きいサイズ】LOGOS ロゴス キャップ メッシュキャップ 帽子 大きいサイズ ★REVL 7986690 ブランド メンズ レディース 野球帽 XXLサイズ KING SIZE アウトドア キャンプ シンプル おしゃれ 送料無料","メッシュキャップ","ベージュ","X11","Y13",,"0","134","133","-1",
"2026/08/05 19:48:46","受注取込","7986690","7986690X11Y14","【当店限定/大きいサイズ】LOGOS ロゴス キャップ メッシュキャップ 帽子 大きいサイズ ★REVL 7986690 ブランド メンズ レディース 野球帽 XXLサイズ KING SIZE アウトドア キャンプ シンプル おしゃれ 送料無料","メッシュキャップ","ネイビー","X11","Y14",,"0","133","132","-1",
"2026/08/05 19:48:55","受注取込","7994812","7994812X12Y11","サファリハット メンズ 釣り 帽子 ハット レディース SUNS(サンズ)  撥水 アウトドア 登山 キャンプ バーベキュー NEK ★REV H-051 H-053 送料無料 大きいサイズあり キッズサイズ 子供 UVカット アドベンチャーハット 父の日 プレゼント ユニセックス 春 夏 夏フェス ギフト","大きいサイズ","BK/BLACK(H_051)","X12","Y11",,"0","371","370","-1",
"2026/08/05 19:50:25","受注取込","7994812","7994812X11Y12","サファリハット メンズ 釣り 帽子 ハット レディース SUNS(サンズ)  撥水 アウトドア 登山 キャンプ バーベキュー NEK ★REV H-051 H-053 送料無料 大きいサイズあり キッズサイズ 子供 UVカット アドベンチャーハット 父の日 プレゼント ユニセックス 春 夏 夏フェス ギフト","普通サイズ","BLACK(H_051)","X11","Y12",,"0","53","52","-1",
"2026/08/05 19:50:25","受注取込","7994812","7994812X11Y11","サファリハット メンズ 釣り 帽子 ハット レディース SUNS(サンズ)  撥水 アウトドア 登山 キャンプ バーベキュー NEK ★REV H-051 H-053 送料無料 大きいサイズあり キッズサイズ 子供 UVカット アドベンチャーハット 父の日 プレゼント ユニセックス 春 夏 夏フェス ギフト","普通サイズ","BK/BLACK(H_051)","X11","Y11",,"0","43","42","-1",
"2026/08/05 19:50:25","受注取込","7994812","7994812X13Y33","サファリハット メンズ 釣り 帽子 ハット レディース SUNS(サンズ)  撥水 アウトドア 登山 キャンプ バーベキュー NEK ★REV H-051 H-053 送料無料 大きいサイズあり キッズサイズ 子供 UVカット アドベンチャーハット 父の日 プレゼント ユニセックス 春 夏 夏フェス ギフト","キッズサイズ","GREIGE(H-051)","X13","Y33",,"0","4","3","-1",
"2026/08/05 19:51:55","受注取込","7988172","7988172X11Y11","【栃木レザー 日本製 】ベルト ビジネスベルト メンズ 本革 本皮 レザー 栃木レザー ★REV TDBT-1006 日本製 カジュアルベルト プレゼント ギフト MADE IN JAPAN クリスマス 父の日 誕生日プレゼント 送料無料","ONESIZE","ブラック","X11","Y11",,"0","3","2","-1",
"2026/08/05 19:54:01","受注取込","7986747","7986747X11Y11","【日焼けシェード付き】サファリハット シェード メンズ 釣り 帽子 ハット レディース SUNS(サンズ) 撥水 アウトドア 登山 キャンプ バーベキュー NEK ★REVL H-051 送料無料 大きいサイズあり キッズサイズ 子供 UVカット アドベンチャーハット 父の日 プレゼント ユニセックス 春 夏 夏フェス ギフト","普通サイズ","SHADE_BK/BLACK(H_051)","X11","Y11",,"0","79","78","-1",
"2026/08/05 19:54:25","受注取込","7987078","7987078X11Y11","【3個の福袋！即出荷】ビーチボール 水遊び ビーチバレー 浮き輪 フロート NEK ★REV 7987078 サッカーボール 30cm アウトドア キャンプ 海 プール 川 リゾート 送料無料","ONESIZE","3個セット","X11","Y11",,"0","61","60","-1",
"2026/08/05 19:57:25","受注取込","7988125","7988125X11Y11","【カーボンスタイル 大きいサイズ】メッシュキャップ キャップ 帽子 ★REV 7988125 大きいサイズ 大きめ ビッグサイズ BIGサイズ シンプル 無地 カーボン調 プレゼント ギフト 送料無料","ONESIZE","ブラック","X11","Y11",,"0","44","43","-1",
"2026/08/05 20:02:49","受注取込","7995525","7995525X1Y3","AVIREX 限定モデル キャップ 帽子 父の日 贈り物 プレゼント メンズ ★REV ブラックシリーズ 黒 アビレックス アヴィレックス メッシュキャップ ハンチング ローキャップ バケット ハット ワークキャップ レディース かっこいい yos プレゼント ギフト","ONESIZE","【C】ローキャップ_14911100","X1","Y3",,"0","35","34","-1",
"2026/08/05 20:02:55","受注取込","7986531","7986531X11Y18","【新型/IQOS イルマ i ワン用】アイコス イルマiワン ILUMA ケース 保護ケース NEK ★REVL 7986531 iqosイルマワン イルマワンカバー 耐衝撃 おしゃれ iqos iluma one 専用 IQOSイルマワン保護ケース レザー ヒョウ柄 ペイズリー 保護カバー アイコスケース アクセサリー 送料無料","ONESIZE","101","X11","Y18",,"0","2","1","-1",
"2026/08/05 20:02:55","受注取込","7992723","7992723X13Y11","お得！ 送料無料 4枚入り 福袋 Dickies ディッキーズ ボクサーパンツ メンズ かわいい NEK ★REV <br> パンツ ボクサーパンツ セット メンズ下着 メンズボクサーパンツ メンズボクサー 大きいサイズ 大きめ 特大 3L 下着 インナー メンズ usa まとめ買い プレゼント ギフト","LL","福袋4枚セット","X13","Y11",,"0","29","28","-1",
"2026/08/05 20:11:55","受注取込","7994812","7994812X11Y11","サファリハット メンズ 釣り 帽子 ハット レディース SUNS(サンズ)  撥水 アウトドア 登山 キャンプ バーベキュー NEK ★REV H-051 H-053 送料無料 大きいサイズあり キッズサイズ 子供 UVカット アドベンチャーハット 父の日 プレゼント ユニセックス 春 夏 夏フェス ギフト","普通サイズ","BK/BLACK(H_051)","X11","Y11",,"0","42","41","-1",
"2026/08/05 20:11:55","受注取込","7994812","7994812X11Y33","サファリハット メンズ 釣り 帽子 ハット レディース SUNS(サンズ)  撥水 アウトドア 登山 キャンプ バーベキュー NEK ★REV H-051 H-053 送料無料 大きいサイズあり キッズサイズ 子供 UVカット アドベンチャーハット 父の日 プレゼント ユニセックス 春 夏 夏フェス ギフト","普通サイズ","GREIGE(H-051)","X11","Y33",,"0","77","76","-1",
"2026/08/05 20:13:49","受注取込","7987400","7987400X11Y32","【とにかくデカい！/普通サイズあり！】キャップ メンズ 大きいサイズ 帽子 深め ビッグサイズ ★REVM 7987400 BIG SIZE メンズキャップ帽子 大きめ 大きい帽子 メンズ帽子 レディース 春 夏 春夏 プレゼント ギフト 母の日 父の日 送料無料","大きいサイズ","V-ライトグレー","X11","Y32",,"0","34","33","-1",
"2026/08/05 20:14:55","受注取込","7997141","7997141X11Y11","特大 スイカ ドーナツ 浮き輪 浮輪 送料無料 プール 大人用 子供用 NEK 7997141 ★REV 120cm 90cm 80cm 70cm 60cm サイズ 大きい 大きめ うきわ ウキワ すいか 海 海水浴 ビックフロート 水上 レジャー かわいい フローティングベッド 西瓜 子供用浮き輪 大人 子供 こども","120cm","スイカ","X11","Y11",,"0","930","929","-1",
"2026/08/05 20:16:25","受注取込","7994812","7994812X12Y33","サファリハット メンズ 釣り 帽子 ハット レディース SUNS(サンズ)  撥水 アウトドア 登山 キャンプ バーベキュー NEK ★REV H-051 H-053 送料無料 大きいサイズあり キッズサイズ 子供 UVカット アドベンチャーハット 父の日 プレゼント ユニセックス 春 夏 夏フェス ギフト","大きいサイズ","GREIGE(H-051)","X12","Y33",,"0","120","119","-1",
"2026/08/05 20:19:25","受注取込","7997141","7997141X15Y12","特大 スイカ ドーナツ 浮き輪 浮輪 送料無料 プール 大人用 子供用 NEK 7997141 ★REV 120cm 90cm 80cm 70cm 60cm サイズ 大きい 大きめ うきわ ウキワ すいか 海 海水浴 ビックフロート 水上 レジャー かわいい フローティングベッド 西瓜 子供用浮き輪 大人 子供 こども","60cm","ドーナツイチゴ","X15","Y12",,"0","27","26","-1",
"2026/08/05 20:19:30","受注取込","7994812","7994812X12Y13","サファリハット メンズ 釣り 帽子 ハット レディース SUNS(サンズ)  撥水 アウトドア 登山 キャンプ バーベキュー NEK ★REV H-051 H-053 送料無料 大きいサイズあり キッズサイズ 子供 UVカット アドベンチャーハット 父の日 プレゼント ユニセックス 春 夏 夏フェス ギフト","大きいサイズ","NAVY(H_051)","X12","Y13",,"0","27","26","-1",
"2026/08/05 20:20:55","受注取込","7990670","7990670X11Y14","ニンテンドー スイッチ プロコン PRO Nintendo Switch ワイヤレス コントローラー 送料無料 HD振動 ゲーム コントローラー Switch/Switch lite/PC対応 コントローラー 無線 ジャイロセンサー TURBO機能 スイッチ コントローラー 7990670 ブラック","ONESIZE","オレンジ","X11","Y14",,"0","1","0","-1",
"2026/08/05 20:22:25","受注取込","7994702","7994702X11Y11","経年変化を楽しむ！日本製 本革 レザー 130cm 長め ベルト 7994702 メンズ レディース ヌメ革 総革 Artisan aging 送料無料 ナチュラル ギフトBOX付き プレゼント 180618 プレゼント ギフト","ONESIZE","ナチュラル","X11","Y11",,"0","74","73","-1",
"2026/08/05 20:24:55","受注取込","7997141","7997141X11Y11","特大 スイカ ドーナツ 浮き輪 浮輪 送料無料 プール 大人用 子供用 NEK 7997141 ★REV 120cm 90cm 80cm 70cm 60cm サイズ 大きい 大きめ うきわ ウキワ すいか 海 海水浴 ビックフロート 水上 レジャー かわいい フローティングベッド 西瓜 子供用浮き輪 大人 子供 こども","120cm","スイカ","X11","Y11",,"0","929","928","-1",
"2026/08/05 20:25:01","受注取込","7987122","7987122X11Y13","【深い ALLメッシュ】ハンチング キャスケット キャスハンチング キャップ 大きいサイズ NEK ★REV 7987122 深い 深め メンズ レディース ハンチング帽子 ハンチング帽 帽子 メンズ帽子 送料無料","ONESIZE","ブラック","X11","Y13",,"0","28","27","-1",
"2026/08/05 20:25:01","受注取込","7987122","7987122X11Y15","【深い ALLメッシュ】ハンチング キャスケット キャスハンチング キャップ 大きいサイズ NEK ★REV 7987122 深い 深め メンズ レディース ハンチング帽子 ハンチング帽 帽子 メンズ帽子 送料無料","ONESIZE","ネイビー","X11","Y15",,"0","3","2","-1",
"2026/08/05 20:26:25","受注取込","7987892","7987892X12Y17","【深めのシルエット】メッシュキャップ キャップ 帽子 メンズ レディース 大きいサイズ 普通サイズ ★REV 7987892","大きいサイズ","G","X12","Y17",,"0","19","18","-1",
"2026/08/05 20:27:55","受注取込","7997141","7997141X11Y11","特大 スイカ ドーナツ 浮き輪 浮輪 送料無料 プール 大人用 子供用 NEK 7997141 ★REV 120cm 90cm 80cm 70cm 60cm サイズ 大きい 大きめ うきわ ウキワ すいか 海 海水浴 ビックフロート 水上 レジャー かわいい フローティングベッド 西瓜 子供用浮き輪 大人 子供 こども","120cm","スイカ","X11","Y11",,"0","928","927","-1",
"2026/08/05 20:29:00","受注取込","7992723","7992723X13Y11","お得！ 送料無料 4枚入り 福袋 Dickies ディッキーズ ボクサーパンツ メンズ かわいい NEK ★REV <br> パンツ ボクサーパンツ セット メンズ下着 メンズボクサーパンツ メンズボクサー 大きいサイズ 大きめ 特大 3L 下着 インナー メンズ usa まとめ買い プレゼント ギフト","LL","福袋4枚セット","X13","Y11",,"0","28","27","-1",
"2026/08/05 20:29:25","受注取込","7988044","7988044X11Y11","ショルダーバッグ メンズ ワンショルダー 斜め掛け ★REV 7988044 おしゃれバッグ Vintage 斜めがけ メンズボディバック かっこいい ボディバッグ レザー ワンショルダーバッグ カバン 鞄 かばん レザー調 メンズバッグ 斜めがけ メンズショルダーバック 散歩 送料無料","ONESIZE","A_ブラック","X11","Y11",,"0","35","34","-1",
"2026/08/05 20:31:58","受注取込","7997141","7997141X11Y11","特大 スイカ ドーナツ 浮き輪 浮輪 送料無料 プール 大人用 子供用 NEK 7997141 ★REV 120cm 90cm 80cm 70cm 60cm サイズ 大きい 大きめ うきわ ウキワ すいか 海 海水浴 ビックフロート 水上 レジャー かわいい フローティングベッド 西瓜 子供用浮き輪 大人 子供 こども","120cm","スイカ","X11","Y11",,"0","927","926","-1",
"2026/08/05 20:31:58","受注取込","7997141","7997141X12Y12","特大 スイカ ドーナツ 浮き輪 浮輪 送料無料 プール 大人用 子供用 NEK 7997141 ★REV 120cm 90cm 80cm 70cm 60cm サイズ 大きい 大きめ うきわ ウキワ すいか 海 海水浴 ビックフロート 水上 レジャー かわいい フローティングベッド 西瓜 子供用浮き輪 大人 子供 こども","90cm","ドーナツイチゴ","X12","Y12",,"0","24","23","-1",
"2026/08/05 20:34:55","受注取込","7994812","7994812X12Y33","サファリハット メンズ 釣り 帽子 ハット レディース SUNS(サンズ)  撥水 アウトドア 登山 キャンプ バーベキュー NEK ★REV H-051 H-053 送料無料 大きいサイズあり キッズサイズ 子供 UVカット アドベンチャーハット 父の日 プレゼント ユニセックス 春 夏 夏フェス ギフト","大きいサイズ","GREIGE(H-051)","X12","Y33",,"0","119","118","-1",
"2026/08/05 20:38:25","受注取込","7986719","7986719X11Y17","【お買い得3個セット】ブレスレット メンズ レディース 天然石 パワーストーン オニキス NEK ★REVL 7986719 8mm アクセサリー 3連 プレゼント ギフト 厄除け 運気 アップ","ONESIZE","7","X11","Y17",,"0","9","8","-1",
"2026/08/05 20:40:41","受注取込","7997141","7997141X13Y11","特大 スイカ ドーナツ 浮き輪 浮輪 送料無料 プール 大人用 子供用 NEK 7997141 ★REV 120cm 90cm 80cm 70cm 60cm サイズ 大きい 大きめ うきわ ウキワ すいか 海 海水浴 ビックフロート 水上 レジャー かわいい フローティングベッド 西瓜 子供用浮き輪 大人 子供 こども","80cm","スイカ","X13","Y11",,"0","40","39","-1",
"2026/08/05 20:42:01","受注取込","7997141","7997141X13Y11","特大 スイカ ドーナツ 浮き輪 浮輪 送料無料 プール 大人用 子供用 NEK 7997141 ★REV 120cm 90cm 80cm 70cm 60cm サイズ 大きい 大きめ うきわ ウキワ すいか 海 海水浴 ビックフロート 水上 レジャー かわいい フローティングベッド 西瓜 子供用浮き輪 大人 子供 こども","80cm","スイカ","X13","Y11",,"0","39","38","-1",
"2026/08/05 20:43:46","受注取込","7987892","7987892X12Y23","【深めのシルエット】メッシュキャップ キャップ 帽子 メンズ レディース 大きいサイズ 普通サイズ ★REV 7987892","大きいサイズ","M","X12","Y23",,"0","13","12","-1",
"2026/08/05 20:48:55","受注取込","7987988","7987988X11Y15","【AVIREX 限定】サファリハット メンズ 大きいサイズ BIGサイズ アドベンチャーハット 17158300 17158400 釣り 帽子 ハット ★REV NEK 7987988 大きめ 普通サイズ AVIREX 限定 かっこいい アウトドア ブラックシリーズ アビレックス 帽子 キャップ ブランド 撥水加工","普通サイズ_17158300","グレージュ(73)","X11","Y15",,"0","152","151","-1",
"2026/08/05 20:49:56","受注取込","7987400","7987400X11Y19","【とにかくデカい！/普通サイズあり！】キャップ メンズ 大きいサイズ 帽子 深め ビッグサイズ ★REVM 7987400 BIG SIZE メンズキャップ帽子 大きめ 大きい帽子 メンズ帽子 レディース 春 夏 春夏 プレゼント ギフト 母の日 父の日 送料無料","大きいサイズ","I-ネイビー","X11","Y19",,"0","23","22","-1",
"2026/08/05 20:50:06","受注取込","7987493","7987493X11Y12","【楽あけくん】 瓶オープナー 缶オープナー キャップオープナー 蓋開け ジャーオープナー NEK ★REV 7987493 ツイスト 力節約 びん蓋開け ジャムのフタや缶 滑り止め 安全 らくらく 力の弱い 女性 お年寄り お子様 キッチンツール キッチン用品 送料無料","ONESIZE","グリーン","X11","Y12",,"0","36","35","-1",
"2026/08/05 20:51:25","受注取込","7988044","7988044X11Y17","ショルダーバッグ メンズ ワンショルダー 斜め掛け ★REV 7988044 おしゃれバッグ Vintage 斜めがけ メンズボディバック かっこいい ボディバッグ レザー ワンショルダーバッグ カバン 鞄 かばん レザー調 メンズバッグ 斜めがけ メンズショルダーバック 散歩 送料無料","ONESIZE","G_ブラック","X11","Y17",,"0","27","26","-1",
"2026/08/05 20:52:55","受注取込","7987075","7987075X11Y13","アンクレット レディース メンズ つけっぱなし NEK ★REV 7987075 ゴールド シルバー アクセサリー プレゼント ギフト おしゃれ 送料無料","ONESIZE","C","X11","Y13",,"0","24","23","-1",
"2026/08/05 20:52:55","受注取込","7987075","7987075X11Y15","アンクレット レディース メンズ つけっぱなし NEK ★REV 7987075 ゴールド シルバー アクセサリー プレゼント ギフト おしゃれ 送料無料","ONESIZE","E","X11","Y15",,"0","22","21","-1",
"2026/08/05 20:57:25","受注取込","7987678","7987678X14Y11","【洗濯可能】トレーニンググローブ 手袋 筋トレ 筋トレグローブ メンズ レディース 指無し NEK ★REV 7987678 ウェイトリフティング 防滑 クッション性 伸びる 洗濯OK バーベル サイクリング ヨガ グリップ","XL","A-ブラック","X14","Y11",,"0","6","5","-1",
"2026/08/05 21:00:04","受注取込","7987070","7987070X11Y11","【お得な2枚組】X-LARGE XLARGE エクストララージ ボクサーパンツ メンズ アンダーウェア 下着 NEK ★REVL 7987070 かっこいい ツルツル おすすめ 人気 カモフラ タイダイ 炎 迷彩 カモ柄 ブランド 男性 紳士 プレゼント プチギフト 父の日 誕生日 彼氏 父 息子 ギフト 記念日 大きいサイズ 福袋 送料無料","M","2枚組","X11","Y11",,"0","10","8","-2",
"2026/08/05 21:01:26","受注取込","7988088","7988088X15Y11","安全靴 スニーカー エアウォーク AIR WALK Y_YU AW-920 グリーン フレックスフィット ローカット メンズ セーフティシューズ 樹脂先芯 軽量 衝撃吸収 負担軽減 作業靴 オシャレ  かかとが踏める ムレにくい","27.0cm ","グリーン","X15","Y11",,"0","107","106","-1",
"2026/08/05 21:03:31","受注取込","7986757","7986757X11Y12","【置くだけで充電】 ワイヤレス充電器 車載 ホルダー 置き型 Type-C充電 USB-A NEK ★REVL 7986757 最大20W 車載ワイヤレス充電パッド 充電 充電器 車載 スマホ ホルダー スタンド 車 携帯ホルダー 急速充電 サイズ調整可能 滑り止め iphone/Android 1M PD充電 スマホアクセサリー Qi規格 送料無料","ONESIZE","TYPE-C(1m)","X11","Y12",,"0","16","15","-1",
"2026/08/05 21:04:25","受注取込","7994812","7994812X12Y11","サファリハット メンズ 釣り 帽子 ハット レディース SUNS(サンズ)  撥水 アウトドア 登山 キャンプ バーベキュー NEK ★REV H-051 H-053 送料無料 大きいサイズあり キッズサイズ 子供 UVカット アドベンチャーハット 父の日 プレゼント ユニセックス 春 夏 夏フェス ギフト","大きいサイズ","BK/BLACK(H_051)","X12","Y11",,"0","370","369","-1",
"2026/08/05 21:09:00","受注取込","7987078","7987078X11Y11","【3個の福袋！即出荷】ビーチボール 水遊び ビーチバレー 浮き輪 フロート NEK ★REV 7987078 サッカーボール 30cm アウトドア キャンプ 海 プール 川 リゾート 送料無料","ONESIZE","3個セット","X11","Y11",,"0","60","59","-1",
"2026/08/05 21:12:00","受注取込","7986747","7986747X12Y11","【日焼けシェード付き】サファリハット シェード メンズ 釣り 帽子 ハット レディース SUNS(サンズ) 撥水 アウトドア 登山 キャンプ バーベキュー NEK ★REVL H-051 送料無料 大きいサイズあり キッズサイズ 子供 UVカット アドベンチャーハット 父の日 プレゼント ユニセックス 春 夏 夏フェス ギフト","大きいサイズ","SHADE_BK/BLACK(H_051)","X12","Y11",,"0","115","114","-1",
"2026/08/05 21:12:55","受注取込","7987400","7987400X11Y12","【とにかくデカい！/普通サイズあり！】キャップ メンズ 大きいサイズ 帽子 深め ビッグサイズ ★REVM 7987400 BIG SIZE メンズキャップ帽子 大きめ 大きい帽子 メンズ帽子 レディース 春 夏 春夏 プレゼント ギフト 母の日 父の日 送料無料","大きいサイズ","B-ホワイト","X11","Y12",,"0","33","32","-1",
"2026/08/05 21:13:59","受注取込","7987026","7987026X12Y13","【大きいサイズあり】キャップ 11cm つば長 帽子 メンズ レディース ★REV 7987026 深め 深い ゴルフ 無地 日焼け止め UVカット 送料無料","大きいサイズ","ベージュ","X12","Y13",,"0","4","3","-1",
"2026/08/05 21:19:25","受注取込","7994812","7994812X12Y33","サファリハット メンズ 釣り 帽子 ハット レディース SUNS(サンズ)  撥水 アウトドア 登山 キャンプ バーベキュー NEK ★REV H-051 H-053 送料無料 大きいサイズあり キッズサイズ 子供 UVカット アドベンチャーハット 父の日 プレゼント ユニセックス 春 夏 夏フェス ギフト","大きいサイズ","GREIGE(H-051)","X12","Y33",,"0","118","117","-1",
"2026/08/05 21:20:04","受注取込","7987560","7987560X11Y15","【機能的】長財布 財布 メンズ レディース ウォレット スマホケース クラッチバッグ NEK ★REV 7987560 プレゼント ギフト 母の日 父の日 プチギフト 誕プレ 送料無料","ワンサイズ","ネイビーグレー","X11","Y15",,"0","1","0","-1",
"2026/08/05 21:21:01","受注取込","7997141","7997141X11Y13","特大 スイカ ドーナツ 浮き輪 浮輪 送料無料 プール 大人用 子供用 NEK 7997141 ★REV 120cm 90cm 80cm 70cm 60cm サイズ 大きい 大きめ うきわ ウキワ すいか 海 海水浴 ビックフロート 水上 レジャー かわいい フローティングベッド 西瓜 子供用浮き輪 大人 子供 こども","120cm","ドーナツチョコ","X11","Y13",,"0","19","18","-1",
"2026/08/05 21:21:55","受注取込","7987344","7987344X11Y11","【4個入でお得】カラビナ パラコード キーホルダー キーチェーン 4本セット NEK ★REV 7987344 帽子フック おしゃれ キーリング アウトドア リュック バッグ キャンプ 非常用 災害 ロープ 紐 便利 代用 防災 丈夫 コンパクト 軽量 プレゼント ギフト 送料無料","ONESIZE","4色セット","X11","Y11",,"0","54","53","-1",
"2026/08/05 21:23:25","受注取込","7988215","7988215X13Y15","【とにかくデカい！】 大きいサイズ キャップ メッシュキャップ 送料無料 大きめ ビッグサイズ BIG SIZE ★REV 7988215 <br> 帽子 ハット キャップ ワークキャップ メンズキャップ 大きいサイズ バケット 大きい帽子 メンズ バケハ メンズ帽子 大きい 頭 メッシュ 全39カラー","CC","5","X13","Y15",,"0","15","14","-1",
"2026/08/05 21:24:32","受注取込","7987554","7987554X11Y12","【速攻配達！電池付き！大音量で撃退】防犯ブザー 防犯アラーム 防犯ベル 防犯グッズ 大音量 生活防水 NEK ★REVF 7987554 ランドセル 子ども 男の子 女の子 大人 女性 小学生 中学生 卒園 入学 LEDライト付 キャンプ 登山 アウトドア プレゼント ギフト 送料無料","ONESIZE","ゴールド","X11","Y12",,"0","45","44","-1",
"2026/08/05 21:24:55","受注取込","7994812","7994812X11Y33","サファリハット メンズ 釣り 帽子 ハット レディース SUNS(サンズ)  撥水 アウトドア 登山 キャンプ バーベキュー NEK ★REV H-051 H-053 送料無料 大きいサイズあり キッズサイズ 子供 UVカット アドベンチャーハット 父の日 プレゼント ユニセックス 春 夏 夏フェス ギフト","普通サイズ","GREIGE(H-051)","X11","Y33",,"0","76","75","-1",
"2026/08/05 21:27:31","受注取込","7986651","7986651X11Y11","【銅×グラフェンの力で、スマホを瞬冷！】スマホ熱中症対策 冷却 クーラー NEK ★REVL 7986651 スマートフォン 保冷 結露なし スマホ 冷感 冷却 iphone アクセサリー 送料無料","ONESIZE","ブラック","X11","Y11",,"0","97","96","-1",
"2026/08/05 21:28:55","受注取込","7994812","7994812X11Y11","サファリハット メンズ 釣り 帽子 ハット レディース SUNS(サンズ)  撥水 アウトドア 登山 キャンプ バーベキュー NEK ★REV H-051 H-053 送料無料 大きいサイズあり キッズサイズ 子供 UVカット アドベンチャーハット 父の日 プレゼント ユニセックス 春 夏 夏フェス ギフト","普通サイズ","BK/BLACK(H_051)","X11","Y11",,"0","41","40","-1",
"2026/08/05 21:32:16","受注取込","7987400","7987400X11Y11","【とにかくデカい！/普通サイズあり！】キャップ メンズ 大きいサイズ 帽子 深め ビッグサイズ ★REVM 7987400 BIG SIZE メンズキャップ帽子 大きめ 大きい帽子 メンズ帽子 レディース 春 夏 春夏 プレゼント ギフト 母の日 父の日 送料無料","大きいサイズ","A-ブラック","X11","Y11",,"0","133","132","-1",
"2026/08/05 21:35:37","受注取込","7994812","7994812X13Y32","サファリハット メンズ 釣り 帽子 ハット レディース SUNS(サンズ)  撥水 アウトドア 登山 キャンプ バーベキュー NEK ★REV H-051 H-053 送料無料 大きいサイズあり キッズサイズ 子供 UVカット アドベンチャーハット 父の日 プレゼント ユニセックス 春 夏 夏フェス ギフト","キッズサイズ","T.BLUE(H_051)","X13","Y32",,"0","34","33","-1",
"2026/08/05 21:35:55","受注取込","7988163","7988163X11Y11","【錆びないチタン】メンズブレスレット ブレスレット メンズ つけっぱなし NEK ★REV 7988163 チタン ブレスレット ワイヤーブレスレット シンプル バングル おしゃれ 送料無料 シルバー ゴールド ブラック","ONESIZE","シルバー","X11","Y11",,"0","16","15","-1",
"2026/08/05 21:35:55","受注取込","7994812","7994812X11Y11","サファリハット メンズ 釣り 帽子 ハット レディース SUNS(サンズ)  撥水 アウトドア 登山 キャンプ バーベキュー NEK ★REV H-051 H-053 送料無料 大きいサイズあり キッズサイズ 子供 UVカット アドベンチャーハット 父の日 プレゼント ユニセックス 春 夏 夏フェス ギフト","普通サイズ","BK/BLACK(H_051)","X11","Y11",,"0","40","39","-1",
"2026/08/05 21:37:49","受注取込","7986850","7986850X14Y12","【耐滑底/おしゃれ】安全靴 スニーカー エアウォーク ミッドカット AIR WALK AW-940 AW-950 Y_YU ★REV 7986850 メンズ おしゃれ 耐滑底 樹脂先芯 ストレッチロック セーフティシューズ 作業靴 送料無料","26.5cm","AW-950_ホワイト","X14","Y12",,"0","103","102","-1",
"2026/08/05 21:38:55","受注取込","7987078","7987078X11Y11","【3個の福袋！即出荷】ビーチボール 水遊び ビーチバレー 浮き輪 フロート NEK ★REV 7987078 サッカーボール 30cm アウトドア キャンプ 海 プール 川 リゾート 送料無料","ONESIZE","3個セット","X11","Y11",,"0","59","58","-1",
"2026/08/05 21:38:55","受注取込","7987400","7987400X11Y16","【とにかくデカい！/普通サイズあり！】キャップ メンズ 大きいサイズ 帽子 深め ビッグサイズ ★REVM 7987400 BIG SIZE メンズキャップ帽子 大きめ 大きい帽子 メンズ帽子 レディース 春 夏 春夏 プレゼント ギフト 母の日 父の日 送料無料","大きいサイズ","F-ブラック","X11","Y16",,"0","66","65","-1",
"2026/08/05 21:40:37","受注取込","7994812","7994812X12Y33","サファリハット メンズ 釣り 帽子 ハット レディース SUNS(サンズ)  撥水 アウトドア 登山 キャンプ バーベキュー NEK ★REV H-051 H-053 送料無料 大きいサイズあり キッズサイズ 子供 UVカット アドベンチャーハット 父の日 プレゼント ユニセックス 春 夏 夏フェス ギフト","大きいサイズ","GREIGE(H-051)","X12","Y33",,"0","117","116","-1",
"2026/08/05 21:40:58","受注取込","7994812","7994812X12Y11","サファリハット メンズ 釣り 帽子 ハット レディース SUNS(サンズ)  撥水 アウトドア 登山 キャンプ バーベキュー NEK ★REV H-051 H-053 送料無料 大きいサイズあり キッズサイズ 子供 UVカット アドベンチャーハット 父の日 プレゼント ユニセックス 春 夏 夏フェス ギフト","大きいサイズ","BK/BLACK(H_051)","X12","Y11",,"0","369","368","-1",
"2026/08/05 21:42:55","受注取込","7997141","7997141X14Y11","特大 スイカ ドーナツ 浮き輪 浮輪 送料無料 プール 大人用 子供用 NEK 7997141 ★REV 120cm 90cm 80cm 70cm 60cm サイズ 大きい 大きめ うきわ ウキワ すいか 海 海水浴 ビックフロート 水上 レジャー かわいい フローティングベッド 西瓜 子供用浮き輪 大人 子供 こども","70cm","スイカ","X14","Y11",,"0","82","81","-1",
"2026/08/05 21:42:55","受注取込","7997141","7997141X15Y11","特大 スイカ ドーナツ 浮き輪 浮輪 送料無料 プール 大人用 子供用 NEK 7997141 ★REV 120cm 90cm 80cm 70cm 60cm サイズ 大きい 大きめ うきわ ウキワ すいか 海 海水浴 ビックフロート 水上 レジャー かわいい フローティングベッド 西瓜 子供用浮き輪 大人 子供 こども","60cm","スイカ","X15","Y11",,"0","79","78","-1",
"2026/08/05 21:42:55","受注取込","7987400","7987400X11Y16","【とにかくデカい！/普通サイズあり！】キャップ メンズ 大きいサイズ 帽子 深め ビッグサイズ ★REVM 7987400 BIG SIZE メンズキャップ帽子 大きめ 大きい帽子 メンズ帽子 レディース 春 夏 春夏 プレゼント ギフト 母の日 父の日 送料無料","大きいサイズ","F-ブラック","X11","Y16",,"0","65","64","-1",
"2026/08/05 21:46:56","受注取込","7994812","7994812X11Y11","サファリハット メンズ 釣り 帽子 ハット レディース SUNS(サンズ)  撥水 アウトドア 登山 キャンプ バーベキュー NEK ★REV H-051 H-053 送料無料 大きいサイズあり キッズサイズ 子供 UVカット アドベンチャーハット 父の日 プレゼント ユニセックス 春 夏 夏フェス ギフト","普通サイズ","BK/BLACK(H_051)","X11","Y11",,"0","39","38","-1",
"2026/08/05 21:47:00","受注取込","7997141","7997141X11Y11","特大 スイカ ドーナツ 浮き輪 浮輪 送料無料 プール 大人用 子供用 NEK 7997141 ★REV 120cm 90cm 80cm 70cm 60cm サイズ 大きい 大きめ うきわ ウキワ すいか 海 海水浴 ビックフロート 水上 レジャー かわいい フローティングベッド 西瓜 子供用浮き輪 大人 子供 こども","120cm","スイカ","X11","Y11",,"0","926","925","-1",
"2026/08/05 21:47:00","受注取込","7992723","7992723X13Y11","お得！ 送料無料 4枚入り 福袋 Dickies ディッキーズ ボクサーパンツ メンズ かわいい NEK ★REV <br> パンツ ボクサーパンツ セット メンズ下着 メンズボクサーパンツ メンズボクサー 大きいサイズ 大きめ 特大 3L 下着 インナー メンズ usa まとめ買い プレゼント ギフト","LL","福袋4枚セット","X13","Y11",,"0","27","26","-1",
"2026/08/05 21:47:31","受注取込","7987494","7987494X11Y11","【Knock on wood/幸運を呼び込む】【TEAM LVFT】 ブレスレット バングル メンズ レディース 黒白2個入り つけっぱなし可能 NEK ★REV 7987494 7987472 男女兼用 ユニセックス プレゼント プチギフト 母の日 父の日 送料無料","フリーサイズ","Knock_on_wood(472)","X11","Y11",,"0","23","22","-1",
"2026/08/05 21:49:31","受注取込","7987892","7987892X11Y17","【深めのシルエット】メッシュキャップ キャップ 帽子 メンズ レディース 大きいサイズ 普通サイズ ★REV 7987892","普通サイズ","G","X11","Y17",,"0","13","12","-1",
"2026/08/05 21:52:55","受注取込","7987074","7987074X12Y11","【くすみカラー 超軽量】サファリハット バケットハット メンズ レディース 普通サイズ 大きいサイズ アドベンチャーハット NEK ★REV 7987074 撥水 速乾 軽量 折り畳める UV カット アウトドア キャンプ 登山 ウォーキング 散歩 日焼け防止 紫外線防止 送料無料","大きいサイズ","ブラック","X12","Y11",,"0","1","0","-1",
"2026/08/05 21:53:56","受注取込","7987345","7987345X11Y11","【とにかくデカい！】 大きいサイズ キャップ 送料無料 大きめ ビッグサイズ ★REV 7987345 BIG SIZE 帽子 ハット キャップ キャスケット メンズキャップ 大きいサイズ バケット 大きい帽子 メンズ メンズ帽子 大きい 頭 メッシュキャップ","AAA","1","X11","Y11",,"0","14","13","-1",
"2026/08/05 21:56:55","受注取込","7997141","7997141X13Y11","特大 スイカ ドーナツ 浮き輪 浮輪 送料無料 プール 大人用 子供用 NEK 7997141 ★REV 120cm 90cm 80cm 70cm 60cm サイズ 大きい 大きめ うきわ ウキワ すいか 海 海水浴 ビックフロート 水上 レジャー かわいい フローティングベッド 西瓜 子供用浮き輪 大人 子供 こども","80cm","スイカ","X13","Y11",,"0","38","37","-1",
"2026/08/05 21:59:09","受注取込","7990254","7990254X11Y11","【送料無料 速攻配達】AVIREX ニットキャップ ニット帽 帽子 メンズ レディース スウェットキャップ  NEK ★REV 14649300 ルーズ キャップ ブランド アビレックス リバーシブル AX REVERSIBLE SWEAT CAP 送料無料 プレゼント ギフト","ONESIZE","カーキ(35)","X11","Y11",,"0","264","263","-1",
"2026/08/05 22:00:30","受注取込","7994812","7994812X12Y11","サファリハット メンズ 釣り 帽子 ハット レディース SUNS(サンズ)  撥水 アウトドア 登山 キャンプ バーベキュー NEK ★REV H-051 H-053 送料無料 大きいサイズあり キッズサイズ 子供 UVカット アドベンチャーハット 父の日 プレゼント ユニセックス 春 夏 夏フェス ギフト","大きいサイズ","BK/BLACK(H_051)","X12","Y11",,"0","368","367","-1",
"2026/08/05 22:01:26","受注取込","7988047","7988047X11Y13","2WAY ミニ ボストンバッグ メンズ レディース ★REV 7988047 小さめ 小型 ショルダーバッグ ミニバッグ ドラムバッグ 小旅行 アウトドア キャンプ ジム 軽量 送料無料","ONESIZE","ネイビー","X11","Y13",,"0","6","5","-1",
"2026/08/05 22:02:55","受注取込","7997141","7997141X11Y11","特大 スイカ ドーナツ 浮き輪 浮輪 送料無料 プール 大人用 子供用 NEK 7997141 ★REV 120cm 90cm 80cm 70cm 60cm サイズ 大きい 大きめ うきわ ウキワ すいか 海 海水浴 ビックフロート 水上 レジャー かわいい フローティングベッド 西瓜 子供用浮き輪 大人 子供 こども","120cm","スイカ","X11","Y11",,"0","925","924","-1",
"2026/08/05 22:02:55","受注取込","7997141","7997141X12Y11","特大 スイカ ドーナツ 浮き輪 浮輪 送料無料 プール 大人用 子供用 NEK 7997141 ★REV 120cm 90cm 80cm 70cm 60cm サイズ 大きい 大きめ うきわ ウキワ すいか 海 海水浴 ビックフロート 水上 レジャー かわいい フローティングベッド 西瓜 子供用浮き輪 大人 子供 こども","90cm","スイカ","X12","Y11",,"0","45","44","-1",
"2026/08/05 22:04:25","受注取込","7992723","7992723X11Y11","お得！ 送料無料 4枚入り 福袋 Dickies ディッキーズ ボクサーパンツ メンズ かわいい NEK ★REV <br> パンツ ボクサーパンツ セット メンズ下着 メンズボクサーパンツ メンズボクサー 大きいサイズ 大きめ 特大 3L 下着 インナー メンズ usa まとめ買い プレゼント ギフト","M","福袋4枚セット","X11","Y11",,"0","194","193","-1",
"2026/08/05 22:05:55","受注取込","7994812","7994812X11Y33","サファリハット メンズ 釣り 帽子 ハット レディース SUNS(サンズ)  撥水 アウトドア 登山 キャンプ バーベキュー NEK ★REV H-051 H-053 送料無料 大きいサイズあり キッズサイズ 子供 UVカット アドベンチャーハット 父の日 プレゼント ユニセックス 春 夏 夏フェス ギフト","普通サイズ","GREIGE(H-051)","X11","Y33",,"0","75","74","-1",
"2026/08/05 22:07:25","受注取込","7987892","7987892X12Y12","【深めのシルエット】メッシュキャップ キャップ 帽子 メンズ レディース 大きいサイズ 普通サイズ ★REV 7987892","大きいサイズ","B","X12","Y12",,"0","17","16","-1",
"2026/08/05 22:08:42","受注取込","7986572","7986572X11Y47","【新型/IQOS イルマ i ワン用】アイコス イルマiワン ILUMA ケース 保護ケース NEK ★REVL 7986572 iqosイルマワン イルマワンカバー 耐衝撃 おしゃれ iqos iluma one 専用 IQOSイルマワン保護ケース レザー ヒョウ柄 ペイズリー 保護カバー アイコスケース アクセサリー 送料無料","イルマiワン","91","X11","Y47",,"0","22","21","-1",
"2026/08/05 22:08:46","受注取込","7987652","7987652X11Y13","ランニングライト led 充電式 ウォーキング 散歩 ライト 夜間 LEDアームバンド NEK ★REVL 7987652 LTG 反射 反射材 リフレクター LED リストバンド サバゲー マーカー 防災 プレゼント ギフト アウトドア キャンプ 母の日 父の日 送料無料","ONESIZE","ホワイト","X11","Y13",,"0","1","0","-1",
"2026/08/05 22:10:12","受注取込","7994812","7994812X11Y33","サファリハット メンズ 釣り 帽子 ハット レディース SUNS(サンズ)  撥水 アウトドア 登山 キャンプ バーベキュー NEK ★REV H-051 H-053 送料無料 大きいサイズあり キッズサイズ 子供 UVカット アドベンチャーハット 父の日 プレゼント ユニセックス 春 夏 夏フェス ギフト","普通サイズ","GREIGE(H-051)","X11","Y33",,"0","74","73","-1",
"2026/08/05 22:15:55","受注取込","7986572","7986572X11Y19","【新型/IQOS イルマ i ワン用】アイコス イルマiワン ILUMA ケース 保護ケース NEK ★REVL 7986572 iqosイルマワン イルマワンカバー 耐衝撃 おしゃれ iqos iluma one 専用 IQOSイルマワン保護ケース レザー ヒョウ柄 ペイズリー 保護カバー アイコスケース アクセサリー 送料無料","イルマiワン","63","X11","Y19",,"0","5","4","-1",
"2026/08/05 22:15:55","受注取込","7987678","7987678X13Y14","【洗濯可能】トレーニンググローブ 手袋 筋トレ 筋トレグローブ メンズ レディース 指無し NEK ★REV 7987678 ウェイトリフティング 防滑 クッション性 伸びる 洗濯OK バーベル サイクリング ヨガ グリップ","L","B-ブラック","X13","Y14",,"0","9","8","-1",
"2026/08/05 22:16:18","受注取込","7986690","7986690X12Y12","【当店限定/大きいサイズ】LOGOS ロゴス キャップ メッシュキャップ 帽子 大きいサイズ ★REVL 7986690 ブランド メンズ レディース 野球帽 XXLサイズ KING SIZE アウトドア キャンプ シンプル おしゃれ 送料無料","ツイルキャップ","ブラック×チャコール","X12","Y12",,"0","130","129","-1",
"2026/08/05 22:16:56","受注取込","7986482","7986482X11Y11","【大人気SUNSより当店限定！】バケットハット レインハット パッカブル NEK MADE-031 ★REVL 7986482 メンズ レディース サファリハット 撥水 速乾 軽量 折り畳める UVカット フェス アウトドア キャンプ 登山 ウォーキング 散歩 日焼け防止 紫外線防止 送料無料","ONESIZE","ブラック","X11","Y11",,"0","36","35","-1",
"2026/08/05 22:18:26","受注取込","7987400","7987400X11Y16","【とにかくデカい！/普通サイズあり！】キャップ メンズ 大きいサイズ 帽子 深め ビッグサイズ ★REVM 7987400 BIG SIZE メンズキャップ帽子 大きめ 大きい帽子 メンズ帽子 レディース 春 夏 春夏 プレゼント ギフト 母の日 父の日 送料無料","大きいサイズ","F-ブラック","X11","Y16",,"0","64","63","-1",
"2026/08/05 22:19:55","受注取込","7987678","7987678X13Y14","【洗濯可能】トレーニンググローブ 手袋 筋トレ 筋トレグローブ メンズ レディース 指無し NEK ★REV 7987678 ウェイトリフティング 防滑 クッション性 伸びる 洗濯OK バーベル サイクリング ヨガ グリップ","L","B-ブラック","X13","Y14",,"0","8","7","-1",
"2026/08/05 22:20:33","受注取込","7987400","7987400X11Y28","【とにかくデカい！/普通サイズあり！】キャップ メンズ 大きいサイズ 帽子 深め ビッグサイズ ★REVM 7987400 BIG SIZE メンズキャップ帽子 大きめ 大きい帽子 メンズ帽子 レディース 春 夏 春夏 プレゼント ギフト 母の日 父の日 送料無料","大きいサイズ","R-グレー","X11","Y28",,"0","8","7","-1",
"2026/08/05 22:20:33","受注取込","7986747","7986747X12Y11","【日焼けシェード付き】サファリハット シェード メンズ 釣り 帽子 ハット レディース SUNS(サンズ) 撥水 アウトドア 登山 キャンプ バーベキュー NEK ★REVL H-051 送料無料 大きいサイズあり キッズサイズ 子供 UVカット アドベンチャーハット 父の日 プレゼント ユニセックス 春 夏 夏フェス ギフト","大きいサイズ","SHADE_BK/BLACK(H_051)","X12","Y11",,"0","114","113","-1",
"2026/08/05 22:21:25","受注取込","7997141","7997141X11Y11","特大 スイカ ドーナツ 浮き輪 浮輪 送料無料 プール 大人用 子供用 NEK 7997141 ★REV 120cm 90cm 80cm 70cm 60cm サイズ 大きい 大きめ うきわ ウキワ すいか 海 海水浴 ビックフロート 水上 レジャー かわいい フローティングベッド 西瓜 子供用浮き輪 大人 子供 こども","120cm","スイカ","X11","Y11",,"0","924","923","-1",
"2026/08/05 22:22:55","受注取込","7987626","7987626X11Y11","【お得な5個セット】LEDライト キーホルダー 小型LEDライト NEK ★REV 7987626 キーライト 高輝度 5灯 LR44 ボタン電池 LTG 送料無料","ONESIZE","5本セット","X11","Y11",,"0","89","88","-1",
"2026/08/05 22:25:29","受注取込","7986692","7986692X11Y11","【お得な3本セット】ハンガー ピンチハンガー ステンレス 3本セット ピンチ10個 ★REVL 7986692 ステンレスハンガー 物干しハンガー 洗濯物干し 収納 コンパクト 防風 小物ハンガー 靴下 下着 タオル 洗濯バサミ おしゃれ 送料無料","ONESIZE","シルバー","X11","Y11",,"0","28","27","-1",
"2026/08/05 22:27:01","受注取込","7986747","7986747X12Y11","【日焼けシェード付き】サファリハット シェード メンズ 釣り 帽子 ハット レディース SUNS(サンズ) 撥水 アウトドア 登山 キャンプ バーベキュー NEK ★REVL H-051 送料無料 大きいサイズあり キッズサイズ 子供 UVカット アドベンチャーハット 父の日 プレゼント ユニセックス 春 夏 夏フェス ギフト","大きいサイズ","SHADE_BK/BLACK(H_051)","X12","Y11",,"0","113","112","-1",
"2026/08/05 22:28:25","受注取込","7987072","7987072X12Y15","深め 大きいサイズ 普通サイズ 帽子 キャップ メンズ レディース ★REV 7987072 Vintage 無地 シンプル おしゃれ 送料無料","大きいサイズ","ネイビー","X12","Y15",,"0","4","3","-1",
"2026/08/05 22:29:55","受注取込","7992723","7992723X13Y11","お得！ 送料無料 4枚入り 福袋 Dickies ディッキーズ ボクサーパンツ メンズ かわいい NEK ★REV <br> パンツ ボクサーパンツ セット メンズ下着 メンズボクサーパンツ メンズボクサー 大きいサイズ 大きめ 特大 3L 下着 インナー メンズ usa まとめ買い プレゼント ギフト","LL","福袋4枚セット","X13","Y11",,"0","26","25","-1",
"2026/08/05 22:29:55","受注取込","7987714","7987714X11Y16","【なんと6+1個入り！速攻配達】水風船 水ふうせん 何度も使える ゴミが出ない プール クラッシュボール ★REV NEK 7987714 水遊び 海 川 お風呂 水鉄砲 子供 おもちゃ 繰り返し BALL 水 風船 ボール エコ ウォーターボム リサイクル 安心 安全 送料無料","ワンサイズ","オシャレアソート6+1","X11","Y16",,"0","9","8","-1",
"2026/08/05 22:31:32","受注取込","7987439","7987439X12Y11","【通気性◎】メッシュキャップ メンズ 帽子 7987439 ★REV 野球帽 普通サイズ 56cm～59cm 大きいサイズ ビッグサイズ 59cm～63cm BIG 刺繍 プレゼント ギフト 送料無料","大きいサイズ","ブラック×ブラック","X12","Y11",,"0","10","9","-1",
"2026/08/05 22:36:00","受注取込","7987988","7987988X11Y13","【AVIREX 限定】サファリハット メンズ 大きいサイズ BIGサイズ アドベンチャーハット 17158300 17158400 釣り 帽子 ハット ★REV NEK 7987988 大きめ 普通サイズ AVIREX 限定 かっこいい アウトドア ブラックシリーズ アビレックス 帽子 キャップ ブランド 撥水加工","普通サイズ_17158300","カーキ(35)","X11","Y13",,"0","13","12","-1",
"2026/08/05 22:39:01","受注取込","7994812","7994812X12Y33","サファリハット メンズ 釣り 帽子 ハット レディース SUNS(サンズ)  撥水 アウトドア 登山 キャンプ バーベキュー NEK ★REV H-051 H-053 送料無料 大きいサイズあり キッズサイズ 子供 UVカット アドベンチャーハット 父の日 プレゼント ユニセックス 春 夏 夏フェス ギフト","大きいサイズ","GREIGE(H-051)","X12","Y33",,"0","116","115","-1",
"2026/08/05 22:40:27","受注取込","7997141","7997141X11Y11","特大 スイカ ドーナツ 浮き輪 浮輪 送料無料 プール 大人用 子供用 NEK 7997141 ★REV 120cm 90cm 80cm 70cm 60cm サイズ 大きい 大きめ うきわ ウキワ すいか 海 海水浴 ビックフロート 水上 レジャー かわいい フローティングベッド 西瓜 子供用浮き輪 大人 子供 こども","120cm","スイカ","X11","Y11",,"0","923","922","-1",
"2026/08/05 22:41:55","受注取込","7987062","7987062X12Y17","【直射日光をはね返す】コカゲル サファリハット 洗濯機洗いOK 体感マイナス10℃ アドベンチャー NEK CC2R501 ★REV 7987062 ブッシュハット UV アウトドア SEK サイズ調整 大きいサイズ ユニセックス アウトドア 夏 対策 熱中症 木陰 日よけ 日焼け 送料無料","L(58.5～60.0)","グレージュ","X12","Y17",,"0","46","45","-1",
"2026/08/05 22:42:31","受注取込","8003112","8003112X13Y11","AVIREX アビレックス タンクトップ メンズ 無地 アヴィレックス メンズアメカジトップス ★REV NEK 6143503 全10色 プレゼント ギフト","L","ホワイト(01)","X13","Y11",,"0","3","2","-1",
"2026/08/05 22:42:31","受注取込","7988215","7988215X13Y14","【とにかくデカい！】 大きいサイズ キャップ メッシュキャップ 送料無料 大きめ ビッグサイズ BIG SIZE ★REV 7988215 <br> 帽子 ハット キャップ ワークキャップ メンズキャップ 大きいサイズ バケット 大きい帽子 メンズ バケハ メンズ帽子 大きい 頭 メッシュ 全39カラー","CC","4","X13","Y14",,"0","28","27","-1",
"2026/08/05 22:43:25","受注取込","7986651","7986651X11Y11","【銅×グラフェンの力で、スマホを瞬冷！】スマホ熱中症対策 冷却 クーラー NEK ★REVL 7986651 スマートフォン 保冷 結露なし スマホ 冷感 冷却 iphone アクセサリー 送料無料","ONESIZE","ブラック","X11","Y11",,"0","96","95","-1",
"2026/08/05 22:43:25","受注取込","7997141","7997141X11Y11","特大 スイカ ドーナツ 浮き輪 浮輪 送料無料 プール 大人用 子供用 NEK 7997141 ★REV 120cm 90cm 80cm 70cm 60cm サイズ 大きい 大きめ うきわ ウキワ すいか 海 海水浴 ビックフロート 水上 レジャー かわいい フローティングベッド 西瓜 子供用浮き輪 大人 子供 こども","120cm","スイカ","X11","Y11",,"0","922","921","-1",
"2026/08/05 22:43:25","受注取込","7987794","7987794X12Y18","【大きいサイズもあり】キャスハンチング キャップ メンズ レディース CULTURE MART NEK 101294 ★REV 7987794 ハンチング帽子 ハンチング帽 秋冬 帽子 ハンチング キャスケット メンズ帽子 レディース帽子秋冬 秋冬帽子 メンズハンチング おしゃれ カルチャーマート","大きいサイズ","インディゴ×デニム","X12","Y18",,"0","24","23","-1",
"2026/08/05 22:43:25","受注取込","7986531","7986531X11Y35","【新型/IQOS イルマ i ワン用】アイコス イルマiワン ILUMA ケース 保護ケース NEK ★REVL 7986531 iqosイルマワン イルマワンカバー 耐衝撃 おしゃれ iqos iluma one 専用 IQOSイルマワン保護ケース レザー ヒョウ柄 ペイズリー 保護カバー アイコスケース アクセサリー 送料無料","ONESIZE","118","X11","Y35",,"0","1","0","-1",
"2026/08/05 22:46:56","受注取込","7997141","7997141X11Y13","特大 スイカ ドーナツ 浮き輪 浮輪 送料無料 プール 大人用 子供用 NEK 7997141 ★REV 120cm 90cm 80cm 70cm 60cm サイズ 大きい 大きめ うきわ ウキワ すいか 海 海水浴 ビックフロート 水上 レジャー かわいい フローティングベッド 西瓜 子供用浮き輪 大人 子供 こども","120cm","ドーナツチョコ","X11","Y13",,"0","18","17","-1",
"2026/08/05 22:48:25","受注取込","7987400","7987400X12Y11","【とにかくデカい！/普通サイズあり！】キャップ メンズ 大きいサイズ 帽子 深め ビッグサイズ ★REVM 7987400 BIG SIZE メンズキャップ帽子 大きめ 大きい帽子 メンズ帽子 レディース 春 夏 春夏 プレゼント ギフト 母の日 父の日 送料無料","普通サイズ","A-ブラック","X12","Y11",,"0","12","11","-1",
"2026/08/05 22:48:25","受注取込","7987400","7987400X12Y15","【とにかくデカい！/普通サイズあり！】キャップ メンズ 大きいサイズ 帽子 深め ビッグサイズ ★REVM 7987400 BIG SIZE メンズキャップ帽子 大きめ 大きい帽子 メンズ帽子 レディース 春 夏 春夏 プレゼント ギフト 母の日 父の日 送料無料","普通サイズ","E-ベージュ","X12","Y15",,"0","6","5","-1",
"2026/08/05 22:48:25","受注取込","7987400","7987400X12Y14","【とにかくデカい！/普通サイズあり！】キャップ メンズ 大きいサイズ 帽子 深め ビッグサイズ ★REVM 7987400 BIG SIZE メンズキャップ帽子 大きめ 大きい帽子 メンズ帽子 レディース 春 夏 春夏 プレゼント ギフト 母の日 父の日 送料無料","普通サイズ","D-ネイビー","X12","Y14",,"0","7","6","-1",
"2026/08/05 22:49:01","受注取込","7994812","7994812X11Y11","サファリハット メンズ 釣り 帽子 ハット レディース SUNS(サンズ)  撥水 アウトドア 登山 キャンプ バーベキュー NEK ★REV H-051 H-053 送料無料 大きいサイズあり キッズサイズ 子供 UVカット アドベンチャーハット 父の日 プレゼント ユニセックス 春 夏 夏フェス ギフト","普通サイズ","BK/BLACK(H_051)","X11","Y11",,"0","38","37","-1",
"2026/08/05 22:49:55","受注取込","7987085","7987085X11Y23","【とにかくデカい！】大きいサイズ キャップ 大きめ 深い 深め ビッグサイズ BIG SIZE ★REV 7987085 メンズキャップ帽子 大きい帽子 メンズ帽子 レディース 春 夏 春夏 プレゼント ギフト 母の日 父の日 送料無料","YA","13","X11","Y23",,"0","10","9","-1",
"2026/08/05 22:49:55","受注取込","7994812","7994812X12Y25","サファリハット メンズ 釣り 帽子 ハット レディース SUNS(サンズ)  撥水 アウトドア 登山 キャンプ バーベキュー NEK ★REV H-051 H-053 送料無料 大きいサイズあり キッズサイズ 子供 UVカット アドベンチャーハット 父の日 プレゼント ユニセックス 春 夏 夏フェス ギフト","大きいサイズ","BROWN(H_051)","X12","Y25",,"0","14","13","-1",
"2026/08/05 22:51:25","受注取込","7987400","7987400X12Y11","【とにかくデカい！/普通サイズあり！】キャップ メンズ 大きいサイズ 帽子 深め ビッグサイズ ★REVM 7987400 BIG SIZE メンズキャップ帽子 大きめ 大きい帽子 メンズ帽子 レディース 春 夏 春夏 プレゼント ギフト 母の日 父の日 送料無料","普通サイズ","A-ブラック","X12","Y11",,"0","11","10","-1",
"2026/08/05 22:51:25","受注取込","7987093","7987093X11Y11","【新型iphone/IQOS対応】急速5A 3股 Type-C 充電ケーブル スマホケーブル 1.2m 2m 3m typec NEK ★REVL 7987093 新型iphone IQOS対応 USB A→Type-C×3 充電ケーブル 3in1 急速 送料無料","1.2m","ブラック_TypeA/TypeC×3","X11","Y11",,"0","37","36","-1",
"2026/08/05 22:52:00","受注取込","7988466","7988466X11Y11","【速攻配達 送料無料】ゲーミングイヤホン ヘッドセット LTG 落ちない ズレない こもらない 暑くない switch ヘッドホン マイク 付き NEK 7988466 ps4 ps5 ヘッドフォン 有線 USB ニンテンドースイッチ テレワーク zoom ズーム リモート WEB会議 ミーティング","ONESIZE","ブラック/レッド","X11","Y11",,"0","15","14","-1",
"2026/08/05 22:57:25","受注取込","7993222","7993222X11Y16","名刺入れ カードケース 送料無料 アタッシュケース型 プレゼント タバコケース シガレットケース メンズ ビジネス NEK ★REV 7993222 プレゼント ギフト","ONESIZE","ダークブルー","X11","Y16",,"0","56","55","-1",
"2026/08/05 22:58:30","受注取込","7986598","7986598X11Y11","【熊対策/大音量】 熊対策！熊避け！大音量アラーム&ライト 120dB 害獣避け 害鳥避け NEK ★REVL 7986598 害獣対策 くま避け 熊よけ べアBEAR クマよけ 熊避け 熊・猪などの野生動物対策に アウトドア キャンプ 登山 ハイキング トレッキング アクセサリー 非常用 緊急用 笛 防犯 防災グッズ 送料無料","ONESIZE","ブラック","X11","Y11",,"0","131","130","-1",
"2026/08/05 22:58:46","受注取込","7986541","7986541X11Y11","【お得な2個セット】ブレスレット バングル セット レディース メンズ ユニセックス NEK ★REVO 7986541 ステンレス ゴールド シルバー 結び目 ノット モチーフ ペアアクセサリー シンプル 金属アレルギー対応 アジャスター付き 送料無料","ONESIZE","2個セット","X11","Y11",,"0","34","33","-1",
"2026/08/05 22:58:55","受注取込","7987714","7987714X11Y16","【なんと6+1個入り！速攻配達】水風船 水ふうせん 何度も使える ゴミが出ない プール クラッシュボール ★REV NEK 7987714 水遊び 海 川 お風呂 水鉄砲 子供 おもちゃ 繰り返し BALL 水 風船 ボール エコ ウォーターボム リサイクル 安心 安全 送料無料","ワンサイズ","オシャレアソート6+1","X11","Y16",,"0","8","7","-1",
"2026/08/05 22:59:35","受注取込","7987642","7987642X11Y11","【送料無料】ミニ財布 メンズ 本革 レディース 二つ折り 財布 カードケース LTG カード入れ 多い NEK ★REV 7987642 折りたたみ コンパクト 小さい財布 小銭入れ コインスルー お札が折れない スキミング防止 ファスナー コインケース ミニマリスト ラウンドジッパー","ONESIZE","ブラック","X11","Y11",,"0","30","29","-1",
"2026/08/05 23:00:19","受注取込","7997141","7997141X11Y11","特大 スイカ ドーナツ 浮き輪 浮輪 送料無料 プール 大人用 子供用 NEK 7997141 ★REV 120cm 90cm 80cm 70cm 60cm サイズ 大きい 大きめ うきわ ウキワ すいか 海 海水浴 ビックフロート 水上 レジャー かわいい フローティングベッド 西瓜 子供用浮き輪 大人 子供 こども","120cm","スイカ","X11","Y11",,"0","921","920","-1",
"2026/08/05 23:03:31","受注取込","7994812","7994812X12Y12","サファリハット メンズ 釣り 帽子 ハット レディース SUNS(サンズ)  撥水 アウトドア 登山 キャンプ バーベキュー NEK ★REV H-051 H-053 送料無料 大きいサイズあり キッズサイズ 子供 UVカット アドベンチャーハット 父の日 プレゼント ユニセックス 春 夏 夏フェス ギフト","大きいサイズ","BLACK(H_051)","X12","Y12",,"0","79","78","-1",
"2026/08/05 23:03:31","受注取込","7987400","7987400X11Y11","【とにかくデカい！/普通サイズあり！】キャップ メンズ 大きいサイズ 帽子 深め ビッグサイズ ★REVM 7987400 BIG SIZE メンズキャップ帽子 大きめ 大きい帽子 メンズ帽子 レディース 春 夏 春夏 プレゼント ギフト 母の日 父の日 送料無料","大きいサイズ","A-ブラック","X11","Y11",,"0","132","131","-1",
"2026/08/05 23:04:49","受注取込","7987400","7987400X11Y11","【とにかくデカい！/普通サイズあり！】キャップ メンズ 大きいサイズ 帽子 深め ビッグサイズ ★REVM 7987400 BIG SIZE メンズキャップ帽子 大きめ 大きい帽子 メンズ帽子 レディース 春 夏 春夏 プレゼント ギフト 母の日 父の日 送料無料","大きいサイズ","A-ブラック","X11","Y11",,"0","131","130","-1",
"2026/08/05 23:08:25","受注取込","7987078","7987078X11Y11","【3個の福袋！即出荷】ビーチボール 水遊び ビーチバレー 浮き輪 フロート NEK ★REV 7987078 サッカーボール 30cm アウトドア キャンプ 海 プール 川 リゾート 送料無料","ONESIZE","3個セット","X11","Y11",,"0","58","57","-1",
"2026/08/05 23:11:25","受注取込","9009978","9009978X13Y2","帽子 メンズ AVIREX アビレックス 送料無料 キャップ 父の日 プレゼント 贈り物 ニットキャップ メッシュキャップ 大きいサイズ レディース ディッキーズ ローキャップ ワークキャップ ハット ハンチング おしゃれ ロゴ 刺繍 プリント アメカジ HYPE 通販 yos ギフト","M","-2","X13","Y2",,"0","16","15","-1",
"2026/08/05 23:17:00","受注取込","7994812","7994812X12Y17","サファリハット メンズ 釣り 帽子 ハット レディース SUNS(サンズ)  撥水 アウトドア 登山 キャンプ バーベキュー NEK ★REV H-051 H-053 送料無料 大きいサイズあり キッズサイズ 子供 UVカット アドベンチャーハット 父の日 プレゼント ユニセックス 春 夏 夏フェス ギフト","大きいサイズ","YELLOW(H_051)","X12","Y17",,"0","32","31","-1",
"2026/08/05 23:21:09","受注取込","7986572","7986572X11Y47","【新型/IQOS イルマ i ワン用】アイコス イルマiワン ILUMA ケース 保護ケース NEK ★REVL 7986572 iqosイルマワン イルマワンカバー 耐衝撃 おしゃれ iqos iluma one 専用 IQOSイルマワン保護ケース レザー ヒョウ柄 ペイズリー 保護カバー アイコスケース アクセサリー 送料無料","イルマiワン","91","X11","Y47",,"0","21","20","-1",
"2026/08/05 23:21:55","受注取込","7987678","7987678X12Y14","【洗濯可能】トレーニンググローブ 手袋 筋トレ 筋トレグローブ メンズ レディース 指無し NEK ★REV 7987678 ウェイトリフティング 防滑 クッション性 伸びる 洗濯OK バーベル サイクリング ヨガ グリップ","M","B-ブラック","X12","Y14",,"0","30","29","-1",
"2026/08/05 23:25:55","受注取込","7987093","7987093X11Y11","【新型iphone/IQOS対応】急速5A 3股 Type-C 充電ケーブル スマホケーブル 1.2m 2m 3m typec NEK ★REVL 7987093 新型iphone IQOS対応 USB A→Type-C×3 充電ケーブル 3in1 急速 送料無料","1.2m","ブラック_TypeA/TypeC×3","X11","Y11",,"0","36","35","-1",
"2026/08/05 23:25:55","受注取込","7994812","7994812X12Y11","サファリハット メンズ 釣り 帽子 ハット レディース SUNS(サンズ)  撥水 アウトドア 登山 キャンプ バーベキュー NEK ★REV H-051 H-053 送料無料 大きいサイズあり キッズサイズ 子供 UVカット アドベンチャーハット 父の日 プレゼント ユニセックス 春 夏 夏フェス ギフト","大きいサイズ","BK/BLACK(H_051)","X12","Y11",,"0","367","366","-1",
"2026/08/05 23:25:55","受注取込","7987988","7987988X11Y13","【AVIREX 限定】サファリハット メンズ 大きいサイズ BIGサイズ アドベンチャーハット 17158300 17158400 釣り 帽子 ハット ★REV NEK 7987988 大きめ 普通サイズ AVIREX 限定 かっこいい アウトドア ブラックシリーズ アビレックス 帽子 キャップ ブランド 撥水加工","普通サイズ_17158300","カーキ(35)","X11","Y13",,"0","12","11","-1",
"2026/08/05 23:27:25","受注取込","7994812","7994812X12Y11","サファリハット メンズ 釣り 帽子 ハット レディース SUNS(サンズ)  撥水 アウトドア 登山 キャンプ バーベキュー NEK ★REV H-051 H-053 送料無料 大きいサイズあり キッズサイズ 子供 UVカット アドベンチャーハット 父の日 プレゼント ユニセックス 春 夏 夏フェス ギフト","大きいサイズ","BK/BLACK(H_051)","X12","Y11",,"0","366","365","-1",
"2026/08/05 23:27:25","受注取込","7994812","7994812X13Y12","サファリハット メンズ 釣り 帽子 ハット レディース SUNS(サンズ)  撥水 アウトドア 登山 キャンプ バーベキュー NEK ★REV H-051 H-053 送料無料 大きいサイズあり キッズサイズ 子供 UVカット アドベンチャーハット 父の日 プレゼント ユニセックス 春 夏 夏フェス ギフト","キッズサイズ","BLACK(H_051)","X13","Y12",,"0","15","14","-1",
"2026/08/05 23:27:25","受注取込","7994812","7994812X11Y12","サファリハット メンズ 釣り 帽子 ハット レディース SUNS(サンズ)  撥水 アウトドア 登山 キャンプ バーベキュー NEK ★REV H-051 H-053 送料無料 大きいサイズあり キッズサイズ 子供 UVカット アドベンチャーハット 父の日 プレゼント ユニセックス 春 夏 夏フェス ギフト","普通サイズ","BLACK(H_051)","X11","Y12",,"0","52","51","-1",
"2026/08/05 23:29:30","受注取込","7987782","7987782X11Y11","【お得なMilitaryショルダー】ショルダーバッグ サコッシュ ポーチ ★REV 7987782 メンズ レディース ミリタリー MA-1 プレゼント ギフト 送料無料","ONESIZE","オリーブ","X11","Y11",,"0","1","0","-1",
"2026/08/05 23:29:30","受注取込","7988215","7988215X13Y11","【とにかくデカい！】 大きいサイズ キャップ メッシュキャップ 送料無料 大きめ ビッグサイズ BIG SIZE ★REV 7988215 <br> 帽子 ハット キャップ ワークキャップ メンズキャップ 大きいサイズ バケット 大きい帽子 メンズ バケハ メンズ帽子 大きい 頭 メッシュ 全39カラー","CC","1","X13","Y11",,"0","25","24","-1",
"2026/08/05 23:29:30","受注取込","7986804","7986804X11Y14","【シンプル/おしゃれ/年中大活躍】ワッチキャップ スラウチビーニー ニット帽 ニットキャップ 帽子 NEK ★REV 7986804 無地 ワッチ メンズ レディース ユニセックス 送料無料","ONESIZE","グレージュ","X11","Y14",,"0","28","27","-1",
"2026/08/05 23:29:30","受注取込","7986804","7986804X11Y12","【シンプル/おしゃれ/年中大活躍】ワッチキャップ スラウチビーニー ニット帽 ニットキャップ 帽子 NEK ★REV 7986804 無地 ワッチ メンズ レディース ユニセックス 送料無料","ONESIZE","ブラック","X11","Y12",,"0","36","35","-1",
"2026/08/05 23:30:30","受注取込","7988215","7988215X18Y14","【とにかくデカい！】 大きいサイズ キャップ メッシュキャップ 送料無料 大きめ ビッグサイズ BIG SIZE ★REV 7988215 <br> 帽子 ハット キャップ ワークキャップ メンズキャップ 大きいサイズ バケット 大きい帽子 メンズ バケハ メンズ帽子 大きい 頭 メッシュ 全39カラー","HH","4","X18","Y14",,"0","2","1","-1",
"2026/08/05 23:33:01","受注取込","7994812","7994812X11Y15","サファリハット メンズ 釣り 帽子 ハット レディース SUNS(サンズ)  撥水 アウトドア 登山 キャンプ バーベキュー NEK ★REV H-051 H-053 送料無料 大きいサイズあり キッズサイズ 子供 UVカット アドベンチャーハット 父の日 プレゼント ユニセックス 春 夏 夏フェス ギフト","普通サイズ","WINE(H_051)","X11","Y15",,"0","18","17","-1",
"2026/08/05 23:33:18","受注取込","7986562","7986562X11Y20","IQOS アイコス イルマiワン イルマアイ TEREA テリア ケース ヒートスティックケース NEK ★REVL 7986562 カバー 加熱式たばこ用ハードケース SENTIA（センティア) HEETS プレゼント ギフト 送料無料","ONESIZE","J","X11","Y20",,"0","7","6","-1",
"2026/08/05 23:34:26","受注取込","7992723","7992723X14Y11","お得！ 送料無料 4枚入り 福袋 Dickies ディッキーズ ボクサーパンツ メンズ かわいい NEK ★REV <br> パンツ ボクサーパンツ セット メンズ下着 メンズボクサーパンツ メンズボクサー 大きいサイズ 大きめ 特大 3L 下着 インナー メンズ usa まとめ買い プレゼント ギフト","3L","福袋4枚セット","X14","Y11",,"0","189","188","-1",
"2026/08/05 23:35:57","受注取込","7992723","7992723X12Y11","お得！ 送料無料 4枚入り 福袋 Dickies ディッキーズ ボクサーパンツ メンズ かわいい NEK ★REV <br> パンツ ボクサーパンツ セット メンズ下着 メンズボクサーパンツ メンズボクサー 大きいサイズ 大きめ 特大 3L 下着 インナー メンズ usa まとめ買い プレゼント ギフト","L","福袋4枚セット","X12","Y11",,"0","271","270","-1",
"2026/08/05 23:35:57","受注取込","7986802","7986802X11Y11","【お得な7個セット】LEDライト カラビナ キーホルダー 小型LEDライト 避難 防災 災害 NKE ★REV 7986802 キーライト 高輝度 LR41 ボタン電池 LTG 送料無料","ONESIZE","7色セット","X11","Y11",,"0","10","9","-1",
"2026/08/05 23:35:57","受注取込","7997141","7997141X12Y11","特大 スイカ ドーナツ 浮き輪 浮輪 送料無料 プール 大人用 子供用 NEK 7997141 ★REV 120cm 90cm 80cm 70cm 60cm サイズ 大きい 大きめ うきわ ウキワ すいか 海 海水浴 ビックフロート 水上 レジャー かわいい フローティングベッド 西瓜 子供用浮き輪 大人 子供 こども","90cm","スイカ","X12","Y11",,"0","44","43","-1",
"2026/08/05 23:36:01","受注取込","7987626","7987626X11Y11","【お得な5個セット】LEDライト キーホルダー 小型LEDライト NEK ★REV 7987626 キーライト 高輝度 5灯 LR44 ボタン電池 LTG 送料無料","ONESIZE","5本セット","X11","Y11",,"0","88","87","-1",
"2026/08/05 23:37:25","受注取込","7986891","7986891X11Y14","【穴なしで調整自由】ベルト レディース リングベルト 穴なし NEK ★REV 7986891 おしゃれ レザー アクセサリー 送料無料","ONESIZE","ベージュ","X11","Y14",,"0","14","13","-1",
"2026/08/05 23:38:55","受注取込","7987345","7987345X11Y12","【とにかくデカい！】 大きいサイズ キャップ 送料無料 大きめ ビッグサイズ ★REV 7987345 BIG SIZE 帽子 ハット キャップ キャスケット メンズキャップ 大きいサイズ バケット 大きい帽子 メンズ メンズ帽子 大きい 頭 メッシュキャップ","AAA","2","X11","Y12",,"0","9","8","-1",
"2026/08/05 23:40:25","受注取込","7992723","7992723X11Y11","お得！ 送料無料 4枚入り 福袋 Dickies ディッキーズ ボクサーパンツ メンズ かわいい NEK ★REV <br> パンツ ボクサーパンツ セット メンズ下着 メンズボクサーパンツ メンズボクサー 大きいサイズ 大きめ 特大 3L 下着 インナー メンズ usa まとめ買い プレゼント ギフト","M","福袋4枚セット","X11","Y11",,"0","193","192","-1",
"2026/08/05 23:41:59","受注取込","7994812","7994812X11Y11","サファリハット メンズ 釣り 帽子 ハット レディース SUNS(サンズ)  撥水 アウトドア 登山 キャンプ バーベキュー NEK ★REV H-051 H-053 送料無料 大きいサイズあり キッズサイズ 子供 UVカット アドベンチャーハット 父の日 プレゼント ユニセックス 春 夏 夏フェス ギフト","普通サイズ","BK/BLACK(H_051)","X11","Y11",,"0","37","36","-1",
"2026/08/05 23:41:59","受注取込","7997141","7997141X16Y14","特大 スイカ ドーナツ 浮き輪 浮輪 送料無料 プール 大人用 子供用 NEK 7997141 ★REV 120cm 90cm 80cm 70cm 60cm サイズ 大きい 大きめ うきわ ウキワ すいか 海 海水浴 ビックフロート 水上 レジャー かわいい フローティングベッド 西瓜 子供用浮き輪 大人 子供 こども","ONESIZE","スイカストライプ","X16","Y14",,"0","53","52","-1",
"2026/08/05 23:41:59","受注取込","7994702","7994702X11Y11","経年変化を楽しむ！日本製 本革 レザー 130cm 長め ベルト 7994702 メンズ レディース ヌメ革 総革 Artisan aging 送料無料 ナチュラル ギフトBOX付き プレゼント 180618 プレゼント ギフト","ONESIZE","ナチュラル","X11","Y11",,"0","73","72","-1",
"2026/08/05 23:43:25","受注取込","7987400","7987400X11Y16","【とにかくデカい！/普通サイズあり！】キャップ メンズ 大きいサイズ 帽子 深め ビッグサイズ ★REVM 7987400 BIG SIZE メンズキャップ帽子 大きめ 大きい帽子 メンズ帽子 レディース 春 夏 春夏 プレゼント ギフト 母の日 父の日 送料無料","大きいサイズ","F-ブラック","X11","Y16",,"0","63","62","-1",
"2026/08/05 23:43:25","受注取込","7987400","7987400X11Y16","【とにかくデカい！/普通サイズあり！】キャップ メンズ 大きいサイズ 帽子 深め ビッグサイズ ★REVM 7987400 BIG SIZE メンズキャップ帽子 大きめ 大きい帽子 メンズ帽子 レディース 春 夏 春夏 プレゼント ギフト 母の日 父の日 送料無料","大きいサイズ","F-ブラック","X11","Y16",,"0","62","61","-1",
"2026/08/05 23:45:55","受注取込","7986597","7986597X11Y11","【目元リラックス！高純度テラヘルツ】高純度 テラヘルツ アイマスク NEK ★REVL 7986597 重さ150g・包み込む美容ケア・リラクゼーション用 健康 テラヘルツ波 パワーストーン 天然石 アクセサリー プレゼント ギフト プチギフト 母の日 父の日 送料無料","アイマスク","メタリッククローム","X11","Y11",,"0","23","22","-1",
"2026/08/05 23:48:00","受注取込","7992723","7992723X14Y11","お得！ 送料無料 4枚入り 福袋 Dickies ディッキーズ ボクサーパンツ メンズ かわいい NEK ★REV <br> パンツ ボクサーパンツ セット メンズ下着 メンズボクサーパンツ メンズボクサー 大きいサイズ 大きめ 特大 3L 下着 インナー メンズ usa まとめ買い プレゼント ギフト","3L","福袋4枚セット","X14","Y11",,"0","188","187","-1",
"2026/08/05 23:48:18","受注取込","7986528","7986528X11Y21","【Ploom AURA】プルーム オーラ カバー ケース レザー調 ストラップ付 保護 耐衝撃 NEK ★REVL 7986528 おしゃれ プルームオーラ 保護ケース 保護カバー アクセサリー 送料無料","ONESIZE","K","X11","Y21",,"0","12","10","-2",
"2026/08/05 23:48:18","受注取込","7986528","7986528X11Y22","【Ploom AURA】プルーム オーラ カバー ケース レザー調 ストラップ付 保護 耐衝撃 NEK ★REVL 7986528 おしゃれ プルームオーラ 保護ケース 保護カバー アクセサリー 送料無料","ONESIZE","L","X11","Y22",,"0","13","12","-1",
"2026/08/05 23:48:55","受注取込","7987070","7987070X12Y11","【お得な2枚組】X-LARGE XLARGE エクストララージ ボクサーパンツ メンズ アンダーウェア 下着 NEK ★REVL 7987070 かっこいい ツルツル おすすめ 人気 カモフラ タイダイ 炎 迷彩 カモ柄 ブランド 男性 紳士 プレゼント プチギフト 父の日 誕生日 彼氏 父 息子 ギフト 記念日 大きいサイズ 福袋 送料無料","L","2枚組","X12","Y11",,"0","16","15","-1",
"2026/08/05 23:50:12","受注取込","7986527","7986527X14Y11","【シリコン製/つけっぱなし】シリコンリング 指輪 メンズ レディース 軽量 耐水 NEK ★REVL 7986527 ユニセックス プレゼント ギフト ミニマル アクセサリー 送料無料","21号","ブラック","X14","Y11",,"0","16","15","-1",
"2026/08/05 23:50:25","受注取込","7994812","7994812X12Y13","サファリハット メンズ 釣り 帽子 ハット レディース SUNS(サンズ)  撥水 アウトドア 登山 キャンプ バーベキュー NEK ★REV H-051 H-053 送料無料 大きいサイズあり キッズサイズ 子供 UVカット アドベンチャーハット 父の日 プレゼント ユニセックス 春 夏 夏フェス ギフト","大きいサイズ","NAVY(H_051)","X12","Y13",,"0","26","25","-1",
"2026/08/05 23:51:25","受注取込","7987988","7987988X12Y15","【AVIREX 限定】サファリハット メンズ 大きいサイズ BIGサイズ アドベンチャーハット 17158300 17158400 釣り 帽子 ハット ★REV NEK 7987988 大きめ 普通サイズ AVIREX 限定 かっこいい アウトドア ブラックシリーズ アビレックス 帽子 キャップ ブランド 撥水加工","大きいサイズ_17158400","グレージュ(73)","X12","Y15",,"0","36","35","-1",
"2026/08/05 23:52:55","受注取込","7994812","7994812X11Y11","サファリハット メンズ 釣り 帽子 ハット レディース SUNS(サンズ)  撥水 アウトドア 登山 キャンプ バーベキュー NEK ★REV H-051 H-053 送料無料 大きいサイズあり キッズサイズ 子供 UVカット アドベンチャーハット 父の日 プレゼント ユニセックス 春 夏 夏フェス ギフト","普通サイズ","BK/BLACK(H_051)","X11","Y11",,"0","36","35","-1",
"2026/08/05 23:52:55","受注取込","7986572","7986572X11Y47","【新型/IQOS イルマ i ワン用】アイコス イルマiワン ILUMA ケース 保護ケース NEK ★REVL 7986572 iqosイルマワン イルマワンカバー 耐衝撃 おしゃれ iqos iluma one 専用 IQOSイルマワン保護ケース レザー ヒョウ柄 ペイズリー 保護カバー アイコスケース アクセサリー 送料無料","イルマiワン","91","X11","Y47",,"0","20","19","-1",
"2026/08/05 23:52:55","受注取込","7986572","7986572X11Y33","【新型/IQOS イルマ i ワン用】アイコス イルマiワン ILUMA ケース 保護ケース NEK ★REVL 7986572 iqosイルマワン イルマワンカバー 耐衝撃 おしゃれ iqos iluma one 専用 IQOSイルマワン保護ケース レザー ヒョウ柄 ペイズリー 保護カバー アイコスケース アクセサリー 送料無料","イルマiワン","77","X11","Y33",,"0","13","12","-1",
"2026/08/05 23:55:26","受注取込","7987697","7987697X11Y11","【速攻配達】冷やスマPRO 盛夏用 スマホ熱中症対策 冷却 クーラー ★REV NEK スマートフォン専用常温保冷剤 熱暴走 結露なし スマホ 冷感 冷却 HIYASUMA","ONESIZE","ホワイト","X11","Y11",,"0","417","416","-1",
"2026/08/05 23:56:55","受注取込","7988459","7988459X13Y12","【速攻配達】ドッグウェア 犬 服 犬服 暖かい 冬 冬服 男の子 女の子 アディドッグ adidog ★REVG NEK 7988459 7988345 ペット服 小型犬 つなぎ パーカー お散歩 かっこいい かわいい サロペット ロンパース オーバーオール 裏起毛","M","adidog_グレー","X13","Y12",,"0","20","19","-1",
"2026/08/05 23:56:55","受注取込","7994812","7994812X11Y16","サファリハット メンズ 釣り 帽子 ハット レディース SUNS(サンズ)  撥水 アウトドア 登山 キャンプ バーベキュー NEK ★REV H-051 H-053 送料無料 大きいサイズあり キッズサイズ 子供 UVカット アドベンチャーハット 父の日 プレゼント ユニセックス 春 夏 夏フェス ギフト","普通サイズ","GRAY(H_051)","X11","Y16",,"0","46","45","-1",
"2026/08/05 23:58:25","受注取込","7994812","7994812X11Y13","サファリハット メンズ 釣り 帽子 ハット レディース SUNS(サンズ)  撥水 アウトドア 登山 キャンプ バーベキュー NEK ★REV H-051 H-053 送料無料 大きいサイズあり キッズサイズ 子供 UVカット アドベンチャーハット 父の日 プレゼント ユニセックス 春 夏 夏フェス ギフト","普通サイズ","NAVY(H_051)","X11","Y13",,"0","74","73","-1",
"2026/08/05 23:58:31","受注取込","7986519","7986519X11Y11","【ごっそり鼻毛処理！お得な10本セット】鼻毛カッター 鼻毛トリマー  耳かき NEK ★REVL 7986519 男性用 女性用 送料無料","ONESIZE","アイボリー","X11","Y11",,"0","11","10","-1",
