"更新日時","更新理由","商品基本コード","商品コード","商品名","属性1名","属性2名","属性1コード","属性2コード","倉庫名","実在庫区分","変動前","変動後","増減値","ユーザー"
"2026/08/04 00:01:14","受注取込","7986763","7986763X11Y13","【サウナでもおしゃれに、快適に】LOGOS サウナハット メンズ レディース くすみカラー NEK ★REVL LS2RH207 7986763 パイル素材 タオル素材  高吸水 ふわふわ ブランド おしゃれ プレゼント ギフト 送料無料","ONESIZE","グレージュ","X11","Y13",,"0","1","0","-1",
"2026/08/04 00:06:25","受注取込","7987400","7987400X11Y30","【とにかくデカい！/普通サイズあり！】キャップ メンズ 大きいサイズ 帽子 深め ビッグサイズ ★REVM 7987400 BIG SIZE メンズキャップ帽子 大きめ 大きい帽子 メンズ帽子 レディース 春 夏 春夏 プレゼント ギフト 母の日 父の日 送料無料","大きいサイズ","T-ブラック","X11","Y30",,"0","10","9","-1",
"2026/08/04 00:06:25","受注取込","7994812","7994812X11Y33","サファリハット メンズ 釣り 帽子 ハット レディース SUNS(サンズ)  撥水 アウトドア 登山 キャンプ バーベキュー NEK ★REV H-051 H-053 送料無料 大きいサイズあり キッズサイズ 子供 UVカット アドベンチャーハット 父の日 プレゼント ユニセックス 春 夏 夏フェス ギフト","普通サイズ","GREIGE(H-051)","X11","Y33",,"0","100","99","-1",
"2026/08/04 00:06:25","受注取込","7994812","7994812X13Y21","サファリハット メンズ 釣り 帽子 ハット レディース SUNS(サンズ)  撥水 アウトドア 登山 キャンプ バーベキュー NEK ★REV H-051 H-053 送料無料 大きいサイズあり キッズサイズ 子供 UVカット アドベンチャーハット 父の日 プレゼント ユニセックス 春 夏 夏フェス ギフト","キッズサイズ","PINK(H_051)","X13","Y21",,"0","3","2","-1",
"2026/08/04 00:06:25","受注取込","7994812","7994812X12Y13","サファリハット メンズ 釣り 帽子 ハット レディース SUNS(サンズ)  撥水 アウトドア 登山 キャンプ バーベキュー NEK ★REV H-051 H-053 送料無料 大きいサイズあり キッズサイズ 子供 UVカット アドベンチャーハット 父の日 プレゼント ユニセックス 春 夏 夏フェス ギフト","大きいサイズ","NAVY(H_051)","X12","Y13",,"0","34","33","-1",
"2026/08/04 00:08:28","受注取込","7986722","7986722X11Y11","【本革仕様】パワーグリップ 筋トレグローブ トレーニンググローブ リストラップ 本革 NEK ★REVL 7986722 本皮 ジム トレーニング デッドリフト ベンチプレス 手袋 グローブ 握力補助 ラットプルダウン 筋トレ バーベル 懸垂 左右セット ウェイトリフティング 滑り止め加工 送料無料","ONESIZE","ブラウン","X11","Y11",,"0","25","24","-1",
"2026/08/04 00:24:34","受注取込","7986850","7986850X16Y12","【耐滑底/おしゃれ】安全靴 スニーカー エアウォーク ミッドカット AIR WALK AW-940 AW-950 Y_YU ★REV 7986850 メンズ おしゃれ 耐滑底 樹脂先芯 ストレッチロック セーフティシューズ 作業靴 送料無料","28.0cm","AW-950_ホワイト","X16","Y12",,"0","12","11","-1",
"2026/08/04 00:27:00","受注取込","7994812","7994812X11Y11","サファリハット メンズ 釣り 帽子 ハット レディース SUNS(サンズ)  撥水 アウトドア 登山 キャンプ バーベキュー NEK ★REV H-051 H-053 送料無料 大きいサイズあり キッズサイズ 子供 UVカット アドベンチャーハット 父の日 プレゼント ユニセックス 春 夏 夏フェス ギフト","普通サイズ","BK/BLACK(H_051)","X11","Y11",,"0","54","53","-1",
"2026/08/04 00:32:25","受注取込","7988215","7988215X17Y11","【とにかくデカい！】 大きいサイズ キャップ メッシュキャップ 送料無料 大きめ ビッグサイズ BIG SIZE ★REV 7988215 <br> 帽子 ハット キャップ ワークキャップ メンズキャップ 大きいサイズ バケット 大きい帽子 メンズ バケハ メンズ帽子 大きい 頭 メッシュ 全39カラー","GG","1","X17","Y11",,"0","20","19","-1",
"2026/08/04 00:32:25","受注取込","7988215","7988215X16Y15","【とにかくデカい！】 大きいサイズ キャップ メッシュキャップ 送料無料 大きめ ビッグサイズ BIG SIZE ★REV 7988215 <br> 帽子 ハット キャップ ワークキャップ メンズキャップ 大きいサイズ バケット 大きい帽子 メンズ バケハ メンズ帽子 大きい 頭 メッシュ 全39カラー","FF","5","X16","Y15",,"0","74","73","-1",
"2026/08/04 00:35:16","受注取込","7995525","7995525X1Y15","AVIREX 限定モデル キャップ 帽子 父の日 贈り物 プレゼント メンズ ★REV ブラックシリーズ 黒 アビレックス アヴィレックス メッシュキャップ ハンチング ローキャップ バケット ハット ワークキャップ レディース かっこいい yos プレゼント ギフト","ONESIZE","【O】サファリハット_17158400_BIG","X1","Y15",,"0","57","56","-1",
"2026/08/04 00:40:07","受注取込","7986545","7986545X11Y11","【お得な2枚組】AVIREX アビレックス  アヴィレックス ボクサーパンツ メンズ NEK ★REVL 7986545 アンダーウェア 下着 かっこいい おすすめ 人気 カモフラ 迷彩 カモ柄 ロゴ ブランド 男性 紳士 プレゼント プチギフト 父の日 誕生日 彼氏 父 息子 ギフト 記念日 福袋 送料無料","M","2枚組","X11","Y11",,"0","31","30","-1",
"2026/08/04 00:40:46","受注取込","7986544","7986544X11Y11","【シリコン製】パワーグリップ 筋トレグローブ トレーニンググローブ パワーグローブ NEK ★REVL 7986544 ノンスリップ仕様 グローブ 握力補助 手首補助 送料無料","ONESIZE","ブラック","X11","Y11",,"0","41","40","-1",
"2026/08/04 00:47:14","受注取込","7986626","7986626X11Y11","【深くかぶれる】LOGOS ロゴス ニット帽 ニットキャップ 帽子  杢 シンプル NEK ★REVL 7986626 ブランド おしゃれ 送料無料","ONESIZE","ネイビー","X11","Y11",,"0","10","9","-1",
"2026/08/04 00:50:19","受注取込","7987070","7987070X12Y11","【お得な2枚組】X-LARGE XLARGE エクストララージ ボクサーパンツ メンズ アンダーウェア 下着 NEK ★REVL 7987070 かっこいい ツルツル おすすめ 人気 カモフラ タイダイ 炎 迷彩 カモ柄 ブランド 男性 紳士 プレゼント プチギフト 父の日 誕生日 彼氏 父 息子 ギフト 記念日 大きいサイズ 福袋 送料無料","L","2枚組","X12","Y11",,"0","24","23","-1",
"2026/08/04 00:56:55","受注取込","7994812","7994812X12Y12","サファリハット メンズ 釣り 帽子 ハット レディース SUNS(サンズ)  撥水 アウトドア 登山 キャンプ バーベキュー NEK ★REV H-051 H-053 送料無料 大きいサイズあり キッズサイズ 子供 UVカット アドベンチャーハット 父の日 プレゼント ユニセックス 春 夏 夏フェス ギフト","大きいサイズ","BLACK(H_051)","X12","Y12",,"0","47","46","-1",
"2026/08/04 01:02:01","受注取込","7997141","7997141X11Y11","特大 スイカ ドーナツ 浮き輪 浮輪 送料無料 プール 大人用 子供用 NEK 7997141 ★REV 120cm 90cm 80cm 70cm 60cm サイズ 大きい 大きめ うきわ ウキワ すいか 海 海水浴 ビックフロート 水上 レジャー かわいい フローティングベッド 西瓜 子供用浮き輪 大人 子供 こども","120cm","スイカ","X11","Y11",,"0","981","980","-1",
"2026/08/04 01:30:13","受注取込","7987070","7987070X12Y11","【お得な2枚組】X-LARGE XLARGE エクストララージ ボクサーパンツ メンズ アンダーウェア 下着 NEK ★REVL 7987070 かっこいい ツルツル おすすめ 人気 カモフラ タイダイ 炎 迷彩 カモ柄 ブランド 男性 紳士 プレゼント プチギフト 父の日 誕生日 彼氏 父 息子 ギフト 記念日 大きいサイズ 福袋 送料無料","L","2枚組","X12","Y11",,"0","23","22","-1",
"2026/08/04 01:45:25","受注取込","7987439","7987439X12Y11","【通気性◎】メッシュキャップ メンズ 帽子 7987439 ★REV 野球帽 普通サイズ 56cm～59cm 大きいサイズ ビッグサイズ 59cm～63cm BIG 刺繍 プレゼント ギフト 送料無料","大きいサイズ","ブラック×ブラック","X12","Y11",,"0","11","10","-1",
"2026/08/04 01:49:18","受注取込","7986677","7986677X11Y11","【深め/美シルエット】Vintage ダメージ加工 メッシュキャップ キャップ 帽子 メンズ レディース ★REVL 7986677 野球帽 ウォッシュ加工 A-Frame Trucker アメカジ 無地 おしゃれ 送料無料","ONESIZE","ベージュ","X11","Y11",,"0","6","5","-1",
"2026/08/04 01:50:04","受注取込","7986677","7986677X11Y18","【深め/美シルエット】Vintage ダメージ加工 メッシュキャップ キャップ 帽子 メンズ レディース ★REVL 7986677 野球帽 ウォッシュ加工 A-Frame Trucker アメカジ 無地 おしゃれ 送料無料","ONESIZE","レンガ","X11","Y18",,"0","6","5","-1",
"2026/08/04 02:40:35","受注取込","7997141","7997141X11Y11","特大 スイカ ドーナツ 浮き輪 浮輪 送料無料 プール 大人用 子供用 NEK 7997141 ★REV 120cm 90cm 80cm 70cm 60cm サイズ 大きい 大きめ うきわ ウキワ すいか 海 海水浴 ビックフロート 水上 レジャー かわいい フローティングベッド 西瓜 子供用浮き輪 大人 子供 こども","120cm","スイカ","X11","Y11",,"0","980","979","-1",
"2026/08/04 02:40:35","受注取込","7986789","7986789X11Y11","【小さな笛が身を守る/お得な2個セット】キーホルダー 防犯ホイッスル 防災ホイッスル 口笛 防犯グッズ NEK ★REV 7986789 護身用 女性 災害 大音量 ランドセル 子ども 男の子 女の子 大人 小学生 中学生 卒園 入学 キャンプ 登山 アウトドア プレゼント ギフト アクセサリー 送料無料","ONESIZE","ゴールド×シルバー(2個セット)","X11","Y11",,"0","4","3","-1",
"2026/08/04 02:45:00","受注取込","7987076","7987076X11Y18","【超軽量55g】特価 キャップ 帽子 メッシュキャップ ランニングキャップ NEK ★REV 7987076 メンズ レディース 速乾 軽量 ジョギング アウトドア キャンプ スポーツ 釣り 海 プール","アジャスタータイプ","ホワイト","X11","Y18",,"0","34","33","-1",
"2026/08/04 03:05:31","受注取込","7987400","7987400X11Y17","【とにかくデカい！/普通サイズあり！】キャップ メンズ 大きいサイズ 帽子 深め ビッグサイズ ★REVM 7987400 BIG SIZE メンズキャップ帽子 大きめ 大きい帽子 メンズ帽子 レディース 春 夏 春夏 プレゼント ギフト 母の日 父の日 送料無料","大きいサイズ","G-オレンジ","X11","Y17",,"0","12","11","-1",
"2026/08/04 04:28:55","受注取込","7987475","7987475X11Y12","【護身用】タクティカルスティック 防災グッズ タクティカルペン キーホルダー キーリング NEK ★REV 7987475 護身 棒 車 ガラス 防災 災害 車内 軽量 丈夫 不審者 痴漢 痴漢対策 護身用 用品 武器 防犯 護身グッズ 自己防衛 コンパクト 非常時 タクティカル バッググリップ","ONESIZE","シルバー","X11","Y12",,"0","20","19","-1",
"2026/08/04 04:40:06","受注取込","7986798","7986798X11Y12","【抜け感キャスケット】キャスケット  キャスハンチング キャップ メンズ レディース NEK ★REV 7986798 ハンチング帽子 タクシーハット ニュースボーイキャップ ニュースボーイハット おしゃれ 送料無料","ONESIZE","ブラック","X11","Y12",,"0","85","84","-1",
"2026/08/04 04:41:59","受注取込","7990254","7990254X11Y12","【送料無料 速攻配達】AVIREX ニットキャップ ニット帽 帽子 メンズ レディース スウェットキャップ  NEK ★REV 14649300 ルーズ キャップ ブランド アビレックス リバーシブル AX REVERSIBLE SWEAT CAP 送料無料 プレゼント ギフト","ONESIZE","ブラック(80)","X11","Y12",,"0","319","318","-1",
"2026/08/04 04:44:32","受注取込","7986519","7986519X11Y11","【ごっそり鼻毛処理！お得な10本セット】鼻毛カッター 鼻毛トリマー  耳かき NEK ★REVL 7986519 男性用 女性用 送料無料","ONESIZE","アイボリー","X11","Y11",,"0","13","12","-1",
"2026/08/04 06:10:55","受注取込","7987075","7987075X11Y19","アンクレット レディース メンズ つけっぱなし NEK ★REV 7987075 ゴールド シルバー アクセサリー プレゼント ギフト おしゃれ 送料無料","ONESIZE","I","X11","Y19",,"0","24","23","-1",
"2026/08/04 06:10:55","受注取込","7987075","7987075X11Y23","アンクレット レディース メンズ つけっぱなし NEK ★REV 7987075 ゴールド シルバー アクセサリー プレゼント ギフト おしゃれ 送料無料","ONESIZE","M","X11","Y23",,"0","24","23","-1",
"2026/08/04 06:16:31","受注取込","7988120","7988120X11Y14","【とにかくデカい！】大きいサイズ キャップ 帽子 ビッグサイズ BIGサイズ 大きめ メンズ ウール ★REV 7988120 WOOL50％ メルトン プレゼント ギフト 送料無料","ONESIZE","ブラック×ホワイト","X11","Y14",,"0","7","6","-1",
"2026/08/04 06:38:55","受注取込","7997141","7997141X15Y11","特大 スイカ ドーナツ 浮き輪 浮輪 送料無料 プール 大人用 子供用 NEK 7997141 ★REV 120cm 90cm 80cm 70cm 60cm サイズ 大きい 大きめ うきわ ウキワ すいか 海 海水浴 ビックフロート 水上 レジャー かわいい フローティングベッド 西瓜 子供用浮き輪 大人 子供 こども","60cm","スイカ","X15","Y11",,"0","88","87","-1",
"2026/08/04 06:38:55","受注取込","7994812","7994812X12Y11","サファリハット メンズ 釣り 帽子 ハット レディース SUNS(サンズ)  撥水 アウトドア 登山 キャンプ バーベキュー NEK ★REV H-051 H-053 送料無料 大きいサイズあり キッズサイズ 子供 UVカット アドベンチャーハット 父の日 プレゼント ユニセックス 春 夏 夏フェス ギフト","大きいサイズ","BK/BLACK(H_051)","X12","Y11",,"0","392","391","-1",
"2026/08/04 06:38:55","受注取込","7994812","7994812X11Y33","サファリハット メンズ 釣り 帽子 ハット レディース SUNS(サンズ)  撥水 アウトドア 登山 キャンプ バーベキュー NEK ★REV H-051 H-053 送料無料 大きいサイズあり キッズサイズ 子供 UVカット アドベンチャーハット 父の日 プレゼント ユニセックス 春 夏 夏フェス ギフト","普通サイズ","GREIGE(H-051)","X11","Y33",,"0","99","98","-1",
"2026/08/04 06:48:01","受注取込","8003102","8003102X16Y12","やみつきになる！ ストレッチ AVIREX アビレックス Tシャツ メンズ ★REV NEK 6143501 6143502 Vネック クルーネック 半袖 プレゼント ギフト","クルーネック_ホワイト_001","Mサイズ","X16","Y12",,"0","1","0","-1",
"2026/08/04 06:48:01","受注取込","8003102","8003102X17Y12","やみつきになる！ ストレッチ AVIREX アビレックス Tシャツ メンズ ★REV NEK 6143501 6143502 Vネック クルーネック 半袖 プレゼント ギフト","クルーネック_ブラック_009","Mサイズ","X17","Y12",,"0","2","1","-1",
"2026/08/04 07:07:55","受注取込","7988332","7988332X12Y12","【ワンちゃん格上げ！】 ドッグウェア 犬服 アディドッグ adidog ★REVG new dogs ペット服 小型犬 ノースリーブ NEK 7988332 犬の服 タンクトップ 犬洋服 犬用服 ペット 犬 服 犬用 かっこいい かわいい サロペット ロンパース オーバーオール 男の子 女の子","S","adidog(レッド)","X12","Y12",,"0","10","9","-1",
"2026/08/04 07:07:55","受注取込","7988332","7988332X12Y27","【ワンちゃん格上げ！】 ドッグウェア 犬服 アディドッグ adidog ★REVG new dogs ペット服 小型犬 ノースリーブ NEK 7988332 犬の服 タンクトップ 犬洋服 犬用服 ペット 犬 服 犬用 かっこいい かわいい サロペット ロンパース オーバーオール 男の子 女の子","S","PLADG(ピンク)","X12","Y27",,"0","32","31","-1",
"2026/08/04 07:20:11","受注取込","7987070","7987070X12Y11","【お得な2枚組】X-LARGE XLARGE エクストララージ ボクサーパンツ メンズ アンダーウェア 下着 NEK ★REVL 7987070 かっこいい ツルツル おすすめ 人気 カモフラ タイダイ 炎 迷彩 カモ柄 ブランド 男性 紳士 プレゼント プチギフト 父の日 誕生日 彼氏 父 息子 ギフト 記念日 大きいサイズ 福袋 送料無料","L","2枚組","X12","Y11",,"0","22","21","-1",
"2026/08/04 07:27:00","受注取込","7994812","7994812X12Y33","サファリハット メンズ 釣り 帽子 ハット レディース SUNS(サンズ)  撥水 アウトドア 登山 キャンプ バーベキュー NEK ★REV H-051 H-053 送料無料 大きいサイズあり キッズサイズ 子供 UVカット アドベンチャーハット 父の日 プレゼント ユニセックス 春 夏 夏フェス ギフト","大きいサイズ","GREIGE(H-051)","X12","Y33",,"0","25","24","-1",
"2026/08/04 07:33:55","受注取込","7986757","7986757X11Y12","【置くだけで充電】 ワイヤレス充電器 車載 ホルダー 置き型 Type-C充電 USB-A NEK ★REVL 7986757 最大20W 車載ワイヤレス充電パッド 充電 充電器 車載 スマホ ホルダー スタンド 車 携帯ホルダー 急速充電 サイズ調整可能 滑り止め iphone/Android 1M PD充電 スマホアクセサリー Qi規格 送料無料","ONESIZE","TYPE-C(1m)","X11","Y12",,"0","17","16","-1",
"2026/08/04 07:35:25","受注取込","7997141","7997141X11Y11","特大 スイカ ドーナツ 浮き輪 浮輪 送料無料 プール 大人用 子供用 NEK 7997141 ★REV 120cm 90cm 80cm 70cm 60cm サイズ 大きい 大きめ うきわ ウキワ すいか 海 海水浴 ビックフロート 水上 レジャー かわいい フローティングベッド 西瓜 子供用浮き輪 大人 子供 こども","120cm","スイカ","X11","Y11",,"0","979","978","-1",
"2026/08/04 08:02:47","受注取込","7997141","7997141X11Y11","特大 スイカ ドーナツ 浮き輪 浮輪 送料無料 プール 大人用 子供用 NEK 7997141 ★REV 120cm 90cm 80cm 70cm 60cm サイズ 大きい 大きめ うきわ ウキワ すいか 海 海水浴 ビックフロート 水上 レジャー かわいい フローティングベッド 西瓜 子供用浮き輪 大人 子供 こども","120cm","スイカ","X11","Y11",,"0","978","977","-1",
"2026/08/04 08:07:45","受注取込","7986519","7986519X11Y11","【ごっそり鼻毛処理！お得な10本セット】鼻毛カッター 鼻毛トリマー  耳かき NEK ★REVL 7986519 男性用 女性用 送料無料","ONESIZE","アイボリー","X11","Y11",,"0","12","11","-1",
"2026/08/04 08:10:12","受注取込","7988208","7988208X11Y13","【旅行にピッタリ】ボストンバッグ ボストン メンズ レディース ★REV 7988208 小旅行 大容量 2泊 大きい ゴルフ ビジネス 出張 修学旅行 収納ポケット多数 シンプル 送料無料","ONESIZE","グレー","X11","Y13",,"0","1","0","-1",
"2026/08/04 08:16:20","受注取込","7987924","7987924X11Y15","【蒸れない 通気性抜群】メッシュキャップ 帽子 キャップ メンズ レディース アウトドア キャンプ ゴルフ ランニング ★REV 7987924","ONESIZE","ライトグレー","X11","Y15",,"0","11","10","-1",
"2026/08/04 08:20:05","受注取込","7986891","7986891X11Y12","【穴なしで調整自由】ベルト レディース リングベルト 穴なし NEK ★REV 7986891 おしゃれ レザー アクセサリー 送料無料","ONESIZE","ブラック","X11","Y12",,"0","6","5","-1",
"2026/08/04 08:35:52","受注取込","8003102","8003102X17Y12","やみつきになる！ ストレッチ AVIREX アビレックス Tシャツ メンズ ★REV NEK 6143501 6143502 Vネック クルーネック 半袖 プレゼント ギフト","クルーネック_ブラック_009","Mサイズ","X17","Y12",,"0","1","0","-1",
"2026/08/04 08:49:25","受注取込","7988047","7988047X11Y13","2WAY ミニ ボストンバッグ メンズ レディース ★REV 7988047 小さめ 小型 ショルダーバッグ ミニバッグ ドラムバッグ 小旅行 アウトドア キャンプ ジム 軽量 送料無料","ONESIZE","ネイビー","X11","Y13",,"0","7","6","-1",
"2026/08/04 08:57:25","受注取込","7987062","7987062X12Y13","【直射日光をはね返す】コカゲル サファリハット 洗濯機洗いOK 体感マイナス10℃ アドベンチャー NEK CC2R501 ★REV 7987062 ブッシュハット UV アウトドア SEK サイズ調整 大きいサイズ ユニセックス アウトドア 夏 対策 熱中症 木陰 日よけ 日焼け 送料無料","L(58.5～60.0)","ベージュ","X12","Y13",,"0","81","80","-1",
"2026/08/04 09:16:38","受注取込","7986752","7986752X11Y11","収納 サンバイザーホルダー マルチ 車 カーポケット ドライブポケット NEK ★REVL 7986752 おしゃれ サンバイザー ポケット カー用品 収納 カー用品 ペン カードポケット 収納ホルダー サングラスホルダー 車 眼鏡ホルダー カーアクセサリー 送料無料","ONESIZE","ブラック","X11","Y11",,"0","5","4","-1",
"2026/08/04 09:43:55","受注取込","7997141","7997141X11Y11","特大 スイカ ドーナツ 浮き輪 浮輪 送料無料 プール 大人用 子供用 NEK 7997141 ★REV 120cm 90cm 80cm 70cm 60cm サイズ 大きい 大きめ うきわ ウキワ すいか 海 海水浴 ビックフロート 水上 レジャー かわいい フローティングベッド 西瓜 子供用浮き輪 大人 子供 こども","120cm","スイカ","X11","Y11",,"0","977","976","-1",
"2026/08/04 09:44:57","受注取込","7987409","7987409X11Y12","【130cm 大きいサイズ対応】本革 床革 ベルト メンズ 130cm NEK ★REV 7987409 大きいサイズ対応 シンセティックレザー ビジネスベルト カジュアルベルト 父の日 送料無料","ONESIZE","ブラウンA","X11","Y12",,"0","6","5","-1",
"2026/08/04 09:46:56","受注取込","7987714","7987714X11Y11","【なんと6+1個入り！速攻配達】水風船 水ふうせん 何度も使える ゴミが出ない プール クラッシュボール ★REV NEK 7987714 水遊び 海 川 お風呂 水鉄砲 子供 おもちゃ 繰り返し BALL 水 風船 ボール エコ ウォーターボム リサイクル 安心 安全 送料無料","ワンサイズ","まる形6+1","X11","Y11",,"0","3","2","-1",
"2026/08/04 09:49:55","受注取込","7987400","7987400X11Y33","【とにかくデカい！/普通サイズあり！】キャップ メンズ 大きいサイズ 帽子 深め ビッグサイズ ★REVM 7987400 BIG SIZE メンズキャップ帽子 大きめ 大きい帽子 メンズ帽子 レディース 春 夏 春夏 プレゼント ギフト 母の日 父の日 送料無料","大きいサイズ","W-グレー","X11","Y33",,"0","17","16","-1",
"2026/08/04 09:51:31","受注取込","7986747","7986747X11Y11","【日焼けシェード付き】サファリハット シェード メンズ 釣り 帽子 ハット レディース SUNS(サンズ) 撥水 アウトドア 登山 キャンプ バーベキュー NEK ★REVL H-051 送料無料 大きいサイズあり キッズサイズ 子供 UVカット アドベンチャーハット 父の日 プレゼント ユニセックス 春 夏 夏フェス ギフト","普通サイズ","SHADE_BK/BLACK(H_051)","X11","Y11",,"0","83","82","-1",
"2026/08/04 09:59:25","受注取込","7987345","7987345X15Y13","【とにかくデカい！】 大きいサイズ キャップ 送料無料 大きめ ビッグサイズ ★REV 7987345 BIG SIZE 帽子 ハット キャップ キャスケット メンズキャップ 大きいサイズ バケット 大きい帽子 メンズ メンズ帽子 大きい 頭 メッシュキャップ","EEE","3","X15","Y13",,"0","28","27","-1",
"2026/08/04 10:13:25","受注取込","7987714","7987714X11Y11","【なんと6+1個入り！速攻配達】水風船 水ふうせん 何度も使える ゴミが出ない プール クラッシュボール ★REV NEK 7987714 水遊び 海 川 お風呂 水鉄砲 子供 おもちゃ 繰り返し BALL 水 風船 ボール エコ ウォーターボム リサイクル 安心 安全 送料無料","ワンサイズ","まる形6+1","X11","Y11",,"0","2","1","-1",
"2026/08/04 10:23:25","受注取込","7997141","7997141X12Y11","特大 スイカ ドーナツ 浮き輪 浮輪 送料無料 プール 大人用 子供用 NEK 7997141 ★REV 120cm 90cm 80cm 70cm 60cm サイズ 大きい 大きめ うきわ ウキワ すいか 海 海水浴 ビックフロート 水上 レジャー かわいい フローティングベッド 西瓜 子供用浮き輪 大人 子供 こども","90cm","スイカ","X12","Y11",,"0","52","51","-1",
"2026/08/04 10:24:26","受注取込","7986688","7986688X15Y12","【竹炭消臭インソール付】サンダル メンズ スポーツサンダル ★REVL 7986688 防滑 水陸両用 レジャー アウトドアサンダル ウォーターシューズ マジックテープ ブラック 歩きやすい 海 ビーチ 夏レジャー 送料無料","27.0cm","ブラウン","X15","Y12",,"0","1","0","-1",
"2026/08/04 10:27:25","受注取込","7994812","7994812X12Y11","サファリハット メンズ 釣り 帽子 ハット レディース SUNS(サンズ)  撥水 アウトドア 登山 キャンプ バーベキュー NEK ★REV H-051 H-053 送料無料 大きいサイズあり キッズサイズ 子供 UVカット アドベンチャーハット 父の日 プレゼント ユニセックス 春 夏 夏フェス ギフト","大きいサイズ","BK/BLACK(H_051)","X12","Y11",,"0","391","390","-1",
"2026/08/04 10:28:55","受注取込","7987076","7987076X11Y17","【超軽量55g】特価 キャップ 帽子 メッシュキャップ ランニングキャップ NEK ★REV 7987076 メンズ レディース 速乾 軽量 ジョギング アウトドア キャンプ スポーツ 釣り 海 プール","アジャスタータイプ","ライトブルー","X11","Y17",,"0","25","24","-1",
"2026/08/04 10:28:55","受注取込","7987076","7987076X11Y16","【超軽量55g】特価 キャップ 帽子 メッシュキャップ ランニングキャップ NEK ★REV 7987076 メンズ レディース 速乾 軽量 ジョギング アウトドア キャンプ スポーツ 釣り 海 プール","アジャスタータイプ","ピンク","X11","Y16",,"0","12","11","-1",
"2026/08/04 10:29:55","受注取込","7991009","7991009X11Y11","本革 レザー バケットハット 帽子 ハット メンズ レディース 羊革 シープレザー 送料無料 ★REVL 7991009 ブラック 黒","ONESIZE","ブラック","X11","Y11",,"0","29","28","-1",
"2026/08/04 10:38:25","受注取込","7994812","7994812X11Y25","サファリハット メンズ 釣り 帽子 ハット レディース SUNS(サンズ)  撥水 アウトドア 登山 キャンプ バーベキュー NEK ★REV H-051 H-053 送料無料 大きいサイズあり キッズサイズ 子供 UVカット アドベンチャーハット 父の日 プレゼント ユニセックス 春 夏 夏フェス ギフト","普通サイズ","BROWN(H_051)","X11","Y25",,"0","28","27","-1",
"2026/08/04 10:38:25","受注取込","7994812","7994812X11Y33","サファリハット メンズ 釣り 帽子 ハット レディース SUNS(サンズ)  撥水 アウトドア 登山 キャンプ バーベキュー NEK ★REV H-051 H-053 送料無料 大きいサイズあり キッズサイズ 子供 UVカット アドベンチャーハット 父の日 プレゼント ユニセックス 春 夏 夏フェス ギフト","普通サイズ","GREIGE(H-051)","X11","Y33",,"0","98","97","-1",
"2026/08/04 10:38:25","受注取込","7994812","7994812X11Y12","サファリハット メンズ 釣り 帽子 ハット レディース SUNS(サンズ)  撥水 アウトドア 登山 キャンプ バーベキュー NEK ★REV H-051 H-053 送料無料 大きいサイズあり キッズサイズ 子供 UVカット アドベンチャーハット 父の日 プレゼント ユニセックス 春 夏 夏フェス ギフト","普通サイズ","BLACK(H_051)","X11","Y12",,"0","30","29","-1",
"2026/08/04 10:39:55","受注取込","7997141","7997141X11Y11","特大 スイカ ドーナツ 浮き輪 浮輪 送料無料 プール 大人用 子供用 NEK 7997141 ★REV 120cm 90cm 80cm 70cm 60cm サイズ 大きい 大きめ うきわ ウキワ すいか 海 海水浴 ビックフロート 水上 レジャー かわいい フローティングベッド 西瓜 子供用浮き輪 大人 子供 こども","120cm","スイカ","X11","Y11",,"0","976","975","-1",
"2026/08/04 10:42:01","受注取込","7997141","7997141X11Y12","特大 スイカ ドーナツ 浮き輪 浮輪 送料無料 プール 大人用 子供用 NEK 7997141 ★REV 120cm 90cm 80cm 70cm 60cm サイズ 大きい 大きめ うきわ ウキワ すいか 海 海水浴 ビックフロート 水上 レジャー かわいい フローティングベッド 西瓜 子供用浮き輪 大人 子供 こども","120cm","ドーナツイチゴ","X11","Y12",,"0","18","17","-1",
"2026/08/04 10:42:01","受注取込","7997141","7997141X11Y11","特大 スイカ ドーナツ 浮き輪 浮輪 送料無料 プール 大人用 子供用 NEK 7997141 ★REV 120cm 90cm 80cm 70cm 60cm サイズ 大きい 大きめ うきわ ウキワ すいか 海 海水浴 ビックフロート 水上 レジャー かわいい フローティングベッド 西瓜 子供用浮き輪 大人 子供 こども","120cm","スイカ","X11","Y11",,"0","975","974","-1",
"2026/08/04 10:45:01","受注取込","7994812","7994812X12Y33","サファリハット メンズ 釣り 帽子 ハット レディース SUNS(サンズ)  撥水 アウトドア 登山 キャンプ バーベキュー NEK ★REV H-051 H-053 送料無料 大きいサイズあり キッズサイズ 子供 UVカット アドベンチャーハット 父の日 プレゼント ユニセックス 春 夏 夏フェス ギフト","大きいサイズ","GREIGE(H-051)","X12","Y33",,"0","24","23","-1",
"2026/08/04 10:48:28","受注取込","7997141","7997141X12Y12","特大 スイカ ドーナツ 浮き輪 浮輪 送料無料 プール 大人用 子供用 NEK 7997141 ★REV 120cm 90cm 80cm 70cm 60cm サイズ 大きい 大きめ うきわ ウキワ すいか 海 海水浴 ビックフロート 水上 レジャー かわいい フローティングベッド 西瓜 子供用浮き輪 大人 子供 こども","90cm","ドーナツイチゴ","X12","Y12",,"0","25","24","-1",
"2026/08/04 10:58:56","受注取込","7987343","7987343X11Y12","【散らばる髪、髭に】トリマー ケープ 散髪 ひげ剃り 髭剃り 大人用 NEK ★REV 7987343 自宅 プレゼント ギフト 送料無料","130×80cm","ホワイト","X11","Y12",,"0","27","26","-1",
"2026/08/04 11:02:31","受注取込","7987122","7987122X11Y13","【深い ALLメッシュ】ハンチング キャスケット キャスハンチング キャップ 大きいサイズ NEK ★REV 7987122 深い 深め メンズ レディース ハンチング帽子 ハンチング帽 帽子 メンズ帽子 送料無料","ONESIZE","ブラック","X11","Y13",,"0","30","29","-1",
"2026/08/04 11:04:56","受注取込","7987345","7987345X16Y12","【とにかくデカい！】 大きいサイズ キャップ 送料無料 大きめ ビッグサイズ ★REV 7987345 BIG SIZE 帽子 ハット キャップ キャスケット メンズキャップ 大きいサイズ バケット 大きい帽子 メンズ メンズ帽子 大きい 頭 メッシュキャップ","FFF","2","X16","Y12",,"0","18","17","-1",
"2026/08/04 11:12:47","在庫CSV取込","7987469","7987469X11Y11","【3個セット】指輪 メンズ レディース リング アクセサリー NEK ★REV 7987469 ファランジリング フリーサイズ ピンキー ブラックマット 半端リング コーティング 3点セット お得 3連 シンプル 送料無料","3点セット","ブラック","X11","Y11",,"0","30","10","-20","植野"
"2026/08/04 11:12:47","在庫CSV取込","FBA-7987400","FBA-7987400X11Y26","【FBA専用】帽子 7987400","ONESIZE","P-ブラック","X11","Y26",,"0","25","20","-5","植野"
"2026/08/04 11:12:47","在庫CSV取込","7986706","7986706X12Y11","【特大！すっぽりかぶって、小顔見せ】バケットハット チューリップハット 帽子 NEK ★REVL 7986706 メンズ レディース 大きいサイズ 普通サイズ  デニム素材 コットン100％ おしゃれ フリンジ 送料無料","大きいサイズ","ブラック","X12","Y11",,"0","152","132","-20","植野"
"2026/08/04 11:12:47","在庫CSV取込","FBA-7988215","FBA-7988215X11Y13","【FBA専用】 とにかくデカい！ 大きいサイズ キャップ 7988215","AA","3","X11","Y13",,"0","10","5","-5","植野"
"2026/08/04 11:12:47","在庫CSV取込","7986553","7986553X11Y11","【重ねるだけで、おしゃれ】指輪 メンズ レディース リング アクセサリー NEK ★REVO 7986553 ファランジリング フリーサイズ ピンキー ブラックマット シルバー ゴールド 半端リング アクセサリー 送料無料","ONESIZE","A","X11","Y11",,"0","25","20","-5","植野"
"2026/08/04 11:12:47","在庫CSV取込","7997141","7997141X11Y11","特大 スイカ ドーナツ 浮き輪 浮輪 送料無料 プール 大人用 子供用 NEK 7997141 ★REV 120cm 90cm 80cm 70cm 60cm サイズ 大きい 大きめ うきわ ウキワ すいか 海 海水浴 ビックフロート 水上 レジャー かわいい フローティングベッド 西瓜 子供用浮き輪 大人 子供 こども","120cm","スイカ","X11","Y11",,"0","974","964","-10","植野"
"2026/08/04 11:12:47","在庫CSV取込","7997141","7997141X12Y13","特大 スイカ ドーナツ 浮き輪 浮輪 送料無料 プール 大人用 子供用 NEK 7997141 ★REV 120cm 90cm 80cm 70cm 60cm サイズ 大きい 大きめ うきわ ウキワ すいか 海 海水浴 ビックフロート 水上 レジャー かわいい フローティングベッド 西瓜 子供用浮き輪 大人 子供 こども","90cm","ドーナツチョコ","X12","Y13",,"0","46","36","-10","植野"
"2026/08/04 11:12:47","在庫CSV取込","7997141","7997141X11Y12","特大 スイカ ドーナツ 浮き輪 浮輪 送料無料 プール 大人用 子供用 NEK 7997141 ★REV 120cm 90cm 80cm 70cm 60cm サイズ 大きい 大きめ うきわ ウキワ すいか 海 海水浴 ビックフロート 水上 レジャー かわいい フローティングベッド 西瓜 子供用浮き輪 大人 子供 こども","120cm","ドーナツイチゴ","X11","Y12",,"0","17","12","-5","植野"
"2026/08/04 11:12:47","在庫CSV取込","7987062","7987062X14Y11","【直射日光をはね返す】コカゲル サファリハット 洗濯機洗いOK 体感マイナス10℃ アドベンチャー NEK CC2R501 ★REV 7987062 ブッシュハット UV アウトドア SEK サイズ調整 大きいサイズ ユニセックス アウトドア 夏 対策 熱中症 木陰 日よけ 日焼け 送料無料","3XL(63.5～65.0)","ブラック","X14","Y11",,"0","69","66","-3","植野"
"2026/08/04 11:12:47","在庫CSV取込","7987494","7987494X11Y11","【Knock on wood/幸運を呼び込む】【TEAM LVFT】 ブレスレット バングル メンズ レディース 黒白2個入り つけっぱなし可能 NEK ★REV 7987494 7987472 男女兼用 ユニセックス プレゼント プチギフト 母の日 父の日 送料無料","フリーサイズ","Knock_on_wood(472)","X11","Y11",,"0","38","23","-15","植野"
"2026/08/04 11:12:47","在庫CSV取込","7986546","7986546X11Y12","【超かわいい】メガネ リング 指輪 レディース 韓国 おもしろ 個性的 フリーサイズ NEK ★REVO 7986546 華奢 ユニーク モチーフリング おしゃれ アクセサリー","ONESIZE","ゴールド","X11","Y12",,"0","33","13","-20","植野"
"2026/08/04 11:12:47","在庫CSV取込","7986822","7986822X11Y12","【耐強風/12本骨】 折りたたみ傘 大きいサイズ メンズ レディース 117cm 自動開閉 ★REV 7986822 遮蔽率99.9% UVカット UPF50+ 日傘 晴雨兼用 収納袋 紫外線遮断 雨傘 丈夫 頑丈 傘 完全遮光 ワンタッチ かさ 送料無料","ONESIZE","ネイビー","X11","Y12",,"0","15","10","-5","植野"
"2026/08/04 11:12:47","在庫CSV取込","7986507","7986507X11Y11","【本革】リュックサック リュック メンズ レディース バックパック デイパック 本革 ★REVL 7986507 本皮 牛革 GENUINE LEATHER おしゃれ 高級 送料無料","ONESIZE","ブラック","X11","Y11",,"0","7","5","-2","植野"
"2026/08/04 11:12:47","在庫CSV取込","7986989","7986989X11Y23","【本革/特価/16色展開】本革 ショルダーバッグ ポーチ レディース ミニショルダーバッグ NEK ★REV 7986989 斜めがけ お財布 ショルダー お財布バッグ 送料無料","ONESIZE","キャメル","X11","Y23",,"0","17","13","-4","植野"
"2026/08/04 11:12:47","在庫CSV取込","7986483","7986483X11Y11","【最強！日焼け対策】日除けハット  uvカット 帽子 小顔 畑仕事 公園 フェス 小顔効果 NEK ★REVO 7986483 折りたたみ 日傘ハット 海水浴 日よけ 運動会 おしゃれ レディース ネックガード レジャー キャンプ  野球観戦 涼しい 完全遮光 送料無料","ONESIZE","ブラック","X11","Y11",,"0","9","5","-4","植野"
"2026/08/04 11:12:47","在庫CSV取込","7986483","7986483X11Y12","【最強！日焼け対策】日除けハット  uvカット 帽子 小顔 畑仕事 公園 フェス 小顔効果 NEK ★REVO 7986483 折りたたみ 日傘ハット 海水浴 日よけ 運動会 おしゃれ レディース ネックガード レジャー キャンプ  野球観戦 涼しい 完全遮光 送料無料","ONESIZE","ベージュ","X11","Y12",,"0","18","8","-10","植野"
"2026/08/04 11:15:32","WEB画面","7987883","7987883X11Y11","【カウリ貝】麦わら帽子 メンズ レディース ストローハット 中折れハット ★REV 7987883 幅広 帽子 麦わらハット 夏 ペーパー ハット おしゃれ プレゼント プチギフト 送料無料","ONESIZE","カーキ","X11","Y11",,"0","-1","0","1","植野"
"2026/08/04 11:15:32","WEB画面","7987883","7987883X11Y13","【カウリ貝】麦わら帽子 メンズ レディース ストローハット 中折れハット ★REV 7987883 幅広 帽子 麦わらハット 夏 ペーパー ハット おしゃれ プレゼント プチギフト 送料無料","ONESIZE","グレー","X11","Y13",,"0","1","6","5","植野"
"2026/08/04 11:16:32","受注取込","7997141","7997141X11Y11","特大 スイカ ドーナツ 浮き輪 浮輪 送料無料 プール 大人用 子供用 NEK 7997141 ★REV 120cm 90cm 80cm 70cm 60cm サイズ 大きい 大きめ うきわ ウキワ すいか 海 海水浴 ビックフロート 水上 レジャー かわいい フローティングベッド 西瓜 子供用浮き輪 大人 子供 こども","120cm","スイカ","X11","Y11",,"0","964","963","-1",
"2026/08/04 11:22:55","受注取込","7997141","7997141X11Y11","特大 スイカ ドーナツ 浮き輪 浮輪 送料無料 プール 大人用 子供用 NEK 7997141 ★REV 120cm 90cm 80cm 70cm 60cm サイズ 大きい 大きめ うきわ ウキワ すいか 海 海水浴 ビックフロート 水上 レジャー かわいい フローティングベッド 西瓜 子供用浮き輪 大人 子供 こども","120cm","スイカ","X11","Y11",,"0","963","962","-1",
"2026/08/04 11:25:55","受注取込","7997141","7997141X11Y13","特大 スイカ ドーナツ 浮き輪 浮輪 送料無料 プール 大人用 子供用 NEK 7997141 ★REV 120cm 90cm 80cm 70cm 60cm サイズ 大きい 大きめ うきわ ウキワ すいか 海 海水浴 ビックフロート 水上 レジャー かわいい フローティングベッド 西瓜 子供用浮き輪 大人 子供 こども","120cm","ドーナツチョコ","X11","Y13",,"0","25","24","-1",
"2026/08/04 11:25:55","受注取込","7997141","7997141X16Y18","特大 スイカ ドーナツ 浮き輪 浮輪 送料無料 プール 大人用 子供用 NEK 7997141 ★REV 120cm 90cm 80cm 70cm 60cm サイズ 大きい 大きめ うきわ ウキワ すいか 海 海水浴 ビックフロート 水上 レジャー かわいい フローティングベッド 西瓜 子供用浮き輪 大人 子供 こども","ONESIZE","ピンクストライプ","X16","Y18",,"0","33","32","-1",
"2026/08/04 11:25:55","受注取込","7997141","7997141X13Y11","特大 スイカ ドーナツ 浮き輪 浮輪 送料無料 プール 大人用 子供用 NEK 7997141 ★REV 120cm 90cm 80cm 70cm 60cm サイズ 大きい 大きめ うきわ ウキワ すいか 海 海水浴 ビックフロート 水上 レジャー かわいい フローティングベッド 西瓜 子供用浮き輪 大人 子供 こども","80cm","スイカ","X13","Y11",,"0","41","40","-1",
"2026/08/04 11:27:31","受注取込","7986572","7986572X11Y29","【新型/IQOS イルマ i ワン用】アイコス イルマiワン ILUMA ケース 保護ケース NEK ★REVL 7986572 iqosイルマワン イルマワンカバー 耐衝撃 おしゃれ iqos iluma one 専用 IQOSイルマワン保護ケース レザー ヒョウ柄 ペイズリー 保護カバー アイコスケース アクセサリー 送料無料","イルマiワン","73","X11","Y29",,"0","10","9","-1",
"2026/08/04 11:34:26","受注取込","7986562","7986562X11Y25","IQOS アイコス イルマiワン イルマアイ TEREA テリア ケース ヒートスティックケース NEK ★REVL 7986562 カバー 加熱式たばこ用ハードケース SENTIA（センティア) HEETS プレゼント ギフト 送料無料","ONESIZE","O","X11","Y25",,"0","7","6","-1",
"2026/08/04 11:48:00","受注取込","7988450","7988450X11Y11","【撫でるだけ！】ペット グルーミング グローブ ブラシ 手袋 犬 猫 マッサージ NEK 7988450 ブラシ 抜け毛抜き 毛玉除去 毛取り マッサージ手袋 抜け毛対策 グルーミンググローブ ペット用品 ペットグッズ 換毛期 右手用 プレゼント ギフト","ONESIZE","ブルー","X11","Y11",,"0","57","56","-1",
"2026/08/04 11:53:55","受注取込","7994812","7994812X11Y33","サファリハット メンズ 釣り 帽子 ハット レディース SUNS(サンズ)  撥水 アウトドア 登山 キャンプ バーベキュー NEK ★REV H-051 H-053 送料無料 大きいサイズあり キッズサイズ 子供 UVカット アドベンチャーハット 父の日 プレゼント ユニセックス 春 夏 夏フェス ギフト","普通サイズ","GREIGE(H-051)","X11","Y33",,"0","97","96","-1",
"2026/08/04 11:55:25","受注取込","7997141","7997141X11Y12","特大 スイカ ドーナツ 浮き輪 浮輪 送料無料 プール 大人用 子供用 NEK 7997141 ★REV 120cm 90cm 80cm 70cm 60cm サイズ 大きい 大きめ うきわ ウキワ すいか 海 海水浴 ビックフロート 水上 レジャー かわいい フローティングベッド 西瓜 子供用浮き輪 大人 子供 こども","120cm","ドーナツイチゴ","X11","Y12",,"0","12","11","-1",
"2026/08/04 11:56:22","受注取込","7987400","7987400X11Y31","【とにかくデカい！/普通サイズあり！】キャップ メンズ 大きいサイズ 帽子 深め ビッグサイズ ★REVM 7987400 BIG SIZE メンズキャップ帽子 大きめ 大きい帽子 メンズ帽子 レディース 春 夏 春夏 プレゼント ギフト 母の日 父の日 送料無料","大きいサイズ","U-ホワイト","X11","Y31",,"0","13","12","-1",
"2026/08/04 11:56:55","受注取込","7994812","7994812X11Y11","サファリハット メンズ 釣り 帽子 ハット レディース SUNS(サンズ)  撥水 アウトドア 登山 キャンプ バーベキュー NEK ★REV H-051 H-053 送料無料 大きいサイズあり キッズサイズ 子供 UVカット アドベンチャーハット 父の日 プレゼント ユニセックス 春 夏 夏フェス ギフト","普通サイズ","BK/BLACK(H_051)","X11","Y11",,"0","53","52","-1",
"2026/08/04 12:00:05","受注取込","7987070","7987070X13Y11","【お得な2枚組】X-LARGE XLARGE エクストララージ ボクサーパンツ メンズ アンダーウェア 下着 NEK ★REVL 7987070 かっこいい ツルツル おすすめ 人気 カモフラ タイダイ 炎 迷彩 カモ柄 ブランド 男性 紳士 プレゼント プチギフト 父の日 誕生日 彼氏 父 息子 ギフト 記念日 大きいサイズ 福袋 送料無料","XL","2枚組","X13","Y11",,"0","9","8","-1",
"2026/08/04 12:10:57","受注取込","7986651","7986651X11Y11","【銅×グラフェンの力で、スマホを瞬冷！】スマホ熱中症対策 冷却 クーラー NEK ★REVL 7986651 スマートフォン 保冷 結露なし スマホ 冷感 冷却 iphone アクセサリー 送料無料","ONESIZE","ブラック","X11","Y11",,"0","101","100","-1",
"2026/08/04 12:13:39","受注取込","7986589","7986589X11Y11","【痛みにくく/空間が映える】バナナスタンド バナナツリー バナナハンガー おしゃれ ★REVL 7986589 キーフック  キッチン用品 バナナラック ステンレス製 耐荷重約1kg インテリア プレゼント ギフト 送料無料","ONESIZE","シルバー","X11","Y11",,"0","24","23","-1",
"2026/08/04 12:21:55","受注取込","7986562","7986562X11Y25","IQOS アイコス イルマiワン イルマアイ TEREA テリア ケース ヒートスティックケース NEK ★REVL 7986562 カバー 加熱式たばこ用ハードケース SENTIA（センティア) HEETS プレゼント ギフト 送料無料","ONESIZE","O","X11","Y25",,"0","6","4","-2",
"2026/08/04 12:23:31","受注取込","7992540","7992540X11Y21","AVIREX ワークキャップ メンズ 大きいサイズ 大きめ キャップ ブランド 帽子 アメカジ アビレックス 春 夏 秋 冬 綿100％ ★REV 18490000 14787700 80264100 7992540 ネイビー/ベージュ/ブラック/カーキ プレゼント ギフト","ONESIZE","【K】MA-1 カーキ","X11","Y21",,"0","10","9","-1",
"2026/08/04 12:30:36","受注取込","7986850","7986850X11Y12","【耐滑底/おしゃれ】安全靴 スニーカー エアウォーク ミッドカット AIR WALK AW-940 AW-950 Y_YU ★REV 7986850 メンズ おしゃれ 耐滑底 樹脂先芯 ストレッチロック セーフティシューズ 作業靴 送料無料","25.0cm","AW-950_ホワイト","X11","Y12",,"0","142","141","-1",
"2026/08/04 12:32:28","受注取込","7988215","7988215X16Y15","【とにかくデカい！】 大きいサイズ キャップ メッシュキャップ 送料無料 大きめ ビッグサイズ BIG SIZE ★REV 7988215 <br> 帽子 ハット キャップ ワークキャップ メンズキャップ 大きいサイズ バケット 大きい帽子 メンズ バケハ メンズ帽子 大きい 頭 メッシュ 全39カラー","FF","5","X16","Y15",,"0","73","72","-1",
"2026/08/04 12:32:28","受注取込","7988215","7988215X16Y14","【とにかくデカい！】 大きいサイズ キャップ メッシュキャップ 送料無料 大きめ ビッグサイズ BIG SIZE ★REV 7988215 <br> 帽子 ハット キャップ ワークキャップ メンズキャップ 大きいサイズ バケット 大きい帽子 メンズ バケハ メンズ帽子 大きい 頭 メッシュ 全39カラー","FF","4","X16","Y14",,"0","9","8","-1",
"2026/08/04 12:40:55","受注取込","7986752","7986752X11Y12","収納 サンバイザーホルダー マルチ 車 カーポケット ドライブポケット NEK ★REVL 7986752 おしゃれ サンバイザー ポケット カー用品 収納 カー用品 ペン カードポケット 収納ホルダー サングラスホルダー 車 眼鏡ホルダー カーアクセサリー 送料無料","ONESIZE","グレー","X11","Y12",,"0","29","27","-2",
"2026/08/04 12:45:46","受注取込","7987493","7987493X11Y12","【楽あけくん】 瓶オープナー 缶オープナー キャップオープナー 蓋開け ジャーオープナー NEK ★REV 7987493 ツイスト 力節約 びん蓋開け ジャムのフタや缶 滑り止め 安全 らくらく 力の弱い 女性 お年寄り お子様 キッチンツール キッチン用品 送料無料","ONESIZE","グリーン","X11","Y12",,"0","37","36","-1",
"2026/08/04 12:53:30","受注取込","7994812","7994812X12Y27","サファリハット メンズ 釣り 帽子 ハット レディース SUNS(サンズ)  撥水 アウトドア 登山 キャンプ バーベキュー NEK ★REV H-051 H-053 送料無料 大きいサイズあり キッズサイズ 子供 UVカット アドベンチャーハット 父の日 プレゼント ユニセックス 春 夏 夏フェス ギフト","大きいサイズ","CAMO(H_051)","X12","Y27",,"0","99","98","-1",
"2026/08/04 12:56:18","受注取込","7987076","7987076X11Y14","【超軽量55g】特価 キャップ 帽子 メッシュキャップ ランニングキャップ NEK ★REV 7987076 メンズ レディース 速乾 軽量 ジョギング アウトドア キャンプ スポーツ 釣り 海 プール","アジャスタータイプ","ライトグレー","X11","Y14",,"0","13","12","-1",
"2026/08/04 12:56:18","受注取込","7987076","7987076X11Y15","【超軽量55g】特価 キャップ 帽子 メッシュキャップ ランニングキャップ NEK ★REV 7987076 メンズ レディース 速乾 軽量 ジョギング アウトドア キャンプ スポーツ 釣り 海 プール","アジャスタータイプ","ベージュ","X11","Y15",,"0","27","26","-1",
"2026/08/04 12:57:00","受注取込","7987076","7987076X11Y11","【超軽量55g】特価 キャップ 帽子 メッシュキャップ ランニングキャップ NEK ★REV 7987076 メンズ レディース 速乾 軽量 ジョギング アウトドア キャンプ スポーツ 釣り 海 プール","アジャスタータイプ","ブラック","X11","Y11",,"0","44","43","-1",
"2026/08/04 13:00:19","受注取込","7997141","7997141X11Y12","特大 スイカ ドーナツ 浮き輪 浮輪 送料無料 プール 大人用 子供用 NEK 7997141 ★REV 120cm 90cm 80cm 70cm 60cm サイズ 大きい 大きめ うきわ ウキワ すいか 海 海水浴 ビックフロート 水上 レジャー かわいい フローティングベッド 西瓜 子供用浮き輪 大人 子供 こども","120cm","ドーナツイチゴ","X11","Y12",,"0","11","10","-1",
"2026/08/04 13:00:19","受注取込","7997141","7997141X11Y13","特大 スイカ ドーナツ 浮き輪 浮輪 送料無料 プール 大人用 子供用 NEK 7997141 ★REV 120cm 90cm 80cm 70cm 60cm サイズ 大きい 大きめ うきわ ウキワ すいか 海 海水浴 ビックフロート 水上 レジャー かわいい フローティングベッド 西瓜 子供用浮き輪 大人 子供 こども","120cm","ドーナツチョコ","X11","Y13",,"0","24","23","-1",
"2026/08/04 13:05:13","受注取込","7987345","7987345X21Y13","【とにかくデカい！】 大きいサイズ キャップ 送料無料 大きめ ビッグサイズ ★REV 7987345 BIG SIZE 帽子 ハット キャップ キャスケット メンズキャップ 大きいサイズ バケット 大きい帽子 メンズ メンズ帽子 大きい 頭 メッシュキャップ","KKK","3","X21","Y13",,"0","9","8","-1",
"2026/08/04 13:16:28","受注取込","7995525","7995525X1Y15","AVIREX 限定モデル キャップ 帽子 父の日 贈り物 プレゼント メンズ ★REV ブラックシリーズ 黒 アビレックス アヴィレックス メッシュキャップ ハンチング ローキャップ バケット ハット ワークキャップ レディース かっこいい yos プレゼント ギフト","ONESIZE","【O】サファリハット_17158400_BIG","X1","Y15",,"0","56","55","-1",
"2026/08/04 13:20:12","受注取込","7992540","7992540X11Y12","AVIREX ワークキャップ メンズ 大きいサイズ 大きめ キャップ ブランド 帽子 アメカジ アビレックス 春 夏 秋 冬 綿100％ ★REV 18490000 14787700 80264100 7992540 ネイビー/ベージュ/ブラック/カーキ プレゼント ギフト","ONESIZE","【B】ベージュ","X11","Y12",,"0","3","2","-1",
"2026/08/04 13:23:25","受注取込","7988172","7988172X11Y13","【栃木レザー 日本製 】ベルト ビジネスベルト メンズ 本革 本皮 レザー 栃木レザー ★REV TDBT-1006 日本製 カジュアルベルト プレゼント ギフト MADE IN JAPAN クリスマス 父の日 誕生日プレゼント 送料無料","ONESIZE","キャメル","X11","Y13",,"0","4","3","-1",
"2026/08/04 13:27:55","受注取込","7987075","7987075X11Y12","アンクレット レディース メンズ つけっぱなし NEK ★REV 7987075 ゴールド シルバー アクセサリー プレゼント ギフト おしゃれ 送料無料","ONESIZE","B","X11","Y12",,"0","10","9","-1",
"2026/08/04 13:27:55","受注取込","7987075","7987075X11Y23","アンクレット レディース メンズ つけっぱなし NEK ★REV 7987075 ゴールド シルバー アクセサリー プレゼント ギフト おしゃれ 送料無料","ONESIZE","M","X11","Y23",,"0","23","22","-1",
"2026/08/04 13:32:25","受注取込","7987076","7987076X11Y19","【超軽量55g】特価 キャップ 帽子 メッシュキャップ ランニングキャップ NEK ★REV 7987076 メンズ レディース 速乾 軽量 ジョギング アウトドア キャンプ スポーツ 釣り 海 プール","アジャスタータイプ","ブルー","X11","Y19",,"0","34","33","-1",
"2026/08/04 13:35:55","受注取込","7994812","7994812X11Y33","サファリハット メンズ 釣り 帽子 ハット レディース SUNS(サンズ)  撥水 アウトドア 登山 キャンプ バーベキュー NEK ★REV H-051 H-053 送料無料 大きいサイズあり キッズサイズ 子供 UVカット アドベンチャーハット 父の日 プレゼント ユニセックス 春 夏 夏フェス ギフト","普通サイズ","GREIGE(H-051)","X11","Y33",,"0","96","95","-1",
"2026/08/04 13:40:45","受注取込","7994226","7994226X11Y13","【大きいサイズもあり 限定モデル】AVIREX メッシュキャップ メンズ 帽子 メンズ キャップ メンズ 14023200 14670200 レディース ★REV 父の日 贈り物 プレゼント ブランド アビレックス 送料無料 正規品 ブラック 黒 ネイビー 紺 グレー 灰 yos プレゼント ギフト","普通サイズ_14023200","85_グレー","X11","Y13",,"0","17","16","-1",
"2026/08/04 13:52:51","WEB画面","7994812","7994812X11Y12","サファリハット メンズ 釣り 帽子 ハット レディース SUNS(サンズ)  撥水 アウトドア 登山 キャンプ バーベキュー NEK ★REV H-051 H-053 送料無料 大きいサイズあり キッズサイズ 子供 UVカット アドベンチャーハット 父の日 プレゼント ユニセックス 春 夏 夏フェス ギフト","普通サイズ","BLACK(H_051)","X11","Y12",,"0","29","59","30","庄司 泰久"
"2026/08/04 13:52:51","WEB画面","7994812","7994812X11Y16","サファリハット メンズ 釣り 帽子 ハット レディース SUNS(サンズ)  撥水 アウトドア 登山 キャンプ バーベキュー NEK ★REV H-051 H-053 送料無料 大きいサイズあり キッズサイズ 子供 UVカット アドベンチャーハット 父の日 プレゼント ユニセックス 春 夏 夏フェス ギフト","普通サイズ","GRAY(H_051)","X11","Y16",,"0","27","47","20","庄司 泰久"
"2026/08/04 13:52:51","WEB画面","7994812","7994812X11Y20","サファリハット メンズ 釣り 帽子 ハット レディース SUNS(サンズ)  撥水 アウトドア 登山 キャンプ バーベキュー NEK ★REV H-051 H-053 送料無料 大きいサイズあり キッズサイズ 子供 UVカット アドベンチャーハット 父の日 プレゼント ユニセックス 春 夏 夏フェス ギフト","普通サイズ","PURPLE(H_051)","X11","Y20",,"0","8","38","30","庄司 泰久"
"2026/08/04 13:52:51","WEB画面","7994812","7994812X11Y27","サファリハット メンズ 釣り 帽子 ハット レディース SUNS(サンズ)  撥水 アウトドア 登山 キャンプ バーベキュー NEK ★REV H-051 H-053 送料無料 大きいサイズあり キッズサイズ 子供 UVカット アドベンチャーハット 父の日 プレゼント ユニセックス 春 夏 夏フェス ギフト","普通サイズ","CAMO(H_051)","X11","Y27",,"0","22","42","20","庄司 泰久"
"2026/08/04 13:52:51","WEB画面","7994812","7994812X12Y12","サファリハット メンズ 釣り 帽子 ハット レディース SUNS(サンズ)  撥水 アウトドア 登山 キャンプ バーベキュー NEK ★REV H-051 H-053 送料無料 大きいサイズあり キッズサイズ 子供 UVカット アドベンチャーハット 父の日 プレゼント ユニセックス 春 夏 夏フェス ギフト","大きいサイズ","BLACK(H_051)","X12","Y12",,"0","46","86","40","庄司 泰久"
"2026/08/04 13:52:51","WEB画面","7994812","7994812X12Y20","サファリハット メンズ 釣り 帽子 ハット レディース SUNS(サンズ)  撥水 アウトドア 登山 キャンプ バーベキュー NEK ★REV H-051 H-053 送料無料 大きいサイズあり キッズサイズ 子供 UVカット アドベンチャーハット 父の日 プレゼント ユニセックス 春 夏 夏フェス ギフト","大きいサイズ","PURPLE(H_051)","X12","Y20",,"0","11","31","20","庄司 泰久"
"2026/08/04 13:52:51","WEB画面","7994812","7994812X13Y12","サファリハット メンズ 釣り 帽子 ハット レディース SUNS(サンズ)  撥水 アウトドア 登山 キャンプ バーベキュー NEK ★REV H-051 H-053 送料無料 大きいサイズあり キッズサイズ 子供 UVカット アドベンチャーハット 父の日 プレゼント ユニセックス 春 夏 夏フェス ギフト","キッズサイズ","BLACK(H_051)","X13","Y12",,"0","5","15","10","庄司 泰久"
"2026/08/04 13:52:51","WEB画面","7994812","7994812X13Y21","サファリハット メンズ 釣り 帽子 ハット レディース SUNS(サンズ)  撥水 アウトドア 登山 キャンプ バーベキュー NEK ★REV H-051 H-053 送料無料 大きいサイズあり キッズサイズ 子供 UVカット アドベンチャーハット 父の日 プレゼント ユニセックス 春 夏 夏フェス ギフト","キッズサイズ","PINK(H_051)","X13","Y21",,"0","2","12","10","庄司 泰久"
"2026/08/04 13:52:51","WEB画面","7994812","7994812X13Y23","サファリハット メンズ 釣り 帽子 ハット レディース SUNS(サンズ)  撥水 アウトドア 登山 キャンプ バーベキュー NEK ★REV H-051 H-053 送料無料 大きいサイズあり キッズサイズ 子供 UVカット アドベンチャーハット 父の日 プレゼント ユニセックス 春 夏 夏フェス ギフト","キッズサイズ","BLUE(H_051)","X13","Y23",,"0","3","13","10","庄司 泰久"
"2026/08/04 13:53:00","受注取込","7997141","7997141X11Y11","特大 スイカ ドーナツ 浮き輪 浮輪 送料無料 プール 大人用 子供用 NEK 7997141 ★REV 120cm 90cm 80cm 70cm 60cm サイズ 大きい 大きめ うきわ ウキワ すいか 海 海水浴 ビックフロート 水上 レジャー かわいい フローティングベッド 西瓜 子供用浮き輪 大人 子供 こども","120cm","スイカ","X11","Y11",,"0","962","961","-1",
"2026/08/04 13:54:01","WEB画面","7987031","7987031X11Y13","【大人気SUNSより当店限定！】ミニトート バッグ レディース メンズ トートバッグ トート NEK ★REVL 7987031 CRB-001 ミニ 仕切り ポケット ランチバッグ マザーズバッグ 収納 ミリタリー MA-1 シンプル おしゃれ 便利 無地 通勤 通学 ユニセックス ジッパー付き 撥水","ONESIZE","ブラウン","X11","Y13",,"0","56","156","100","庄司 泰久"
"2026/08/04 13:54:01","WEB画面","7987031","7987031X11Y14","【大人気SUNSより当店限定！】ミニトート バッグ レディース メンズ トートバッグ トート NEK ★REVL 7987031 CRB-001 ミニ 仕切り ポケット ランチバッグ マザーズバッグ 収納 ミリタリー MA-1 シンプル おしゃれ 便利 無地 通勤 通学 ユニセックス ジッパー付き 撥水","ONESIZE","ベージュ","X11","Y14",,"0","32","132","100","庄司 泰久"
"2026/08/04 13:55:25","受注取込","7997141","7997141X11Y11","特大 スイカ ドーナツ 浮き輪 浮輪 送料無料 プール 大人用 子供用 NEK 7997141 ★REV 120cm 90cm 80cm 70cm 60cm サイズ 大きい 大きめ うきわ ウキワ すいか 海 海水浴 ビックフロート 水上 レジャー かわいい フローティングベッド 西瓜 子供用浮き輪 大人 子供 こども","120cm","スイカ","X11","Y11",,"0","961","960","-1",
"2026/08/04 14:00:51","受注取込","7987685","7987685X11Y12","【長沢ベルト工業】日本製 ベルト メンズ レディース 本革 本皮 英国製ブライドルレザー Y_KO ★REV 7987685 NKB-003 3.0cm幅 30mm ビジネスベルト カジュアルベルト 長沢ベルト工業 ブランド プレゼント ギフト クリスマス 父の日 送料無料","ONESIZE","ダークブラウン","X11","Y12",,"0","48","47","-1",
"2026/08/04 14:07:31","受注取込","7986572","7986572X11Y46","【新型/IQOS イルマ i ワン用】アイコス イルマiワン ILUMA ケース 保護ケース NEK ★REVL 7986572 iqosイルマワン イルマワンカバー 耐衝撃 おしゃれ iqos iluma one 専用 IQOSイルマワン保護ケース レザー ヒョウ柄 ペイズリー 保護カバー アイコスケース アクセサリー 送料無料","イルマiワン","90","X11","Y46",,"0","25","24","-1",
"2026/08/04 14:15:25","受注取込","7987400","7987400X12Y28","【とにかくデカい！/普通サイズあり！】キャップ メンズ 大きいサイズ 帽子 深め ビッグサイズ ★REVM 7987400 BIG SIZE メンズキャップ帽子 大きめ 大きい帽子 メンズ帽子 レディース 春 夏 春夏 プレゼント ギフト 母の日 父の日 送料無料","普通サイズ","R-グレー","X12","Y28",,"0","10","9","-1",
"2026/08/04 14:16:31","受注取込","7987988","7987988X12Y15","【AVIREX 限定】サファリハット メンズ 大きいサイズ BIGサイズ アドベンチャーハット 17158300 17158400 釣り 帽子 ハット ★REV NEK 7987988 大きめ 普通サイズ AVIREX 限定 かっこいい アウトドア ブラックシリーズ アビレックス 帽子 キャップ ブランド 撥水加工","大きいサイズ_17158400","グレージュ(73)","X12","Y15",,"0","40","39","-1",
"2026/08/04 14:25:55","受注取込","7987074","7987074X12Y11","【くすみカラー 超軽量】サファリハット バケットハット メンズ レディース 普通サイズ 大きいサイズ アドベンチャーハット NEK ★REV 7987074 撥水 速乾 軽量 折り畳める UV カット アウトドア キャンプ 登山 ウォーキング 散歩 日焼け防止 紫外線防止 送料無料","大きいサイズ","ブラック","X12","Y11",,"0","4","3","-1",
"2026/08/04 14:26:38","受注取込","7995525","7995525X1Y15","AVIREX 限定モデル キャップ 帽子 父の日 贈り物 プレゼント メンズ ★REV ブラックシリーズ 黒 アビレックス アヴィレックス メッシュキャップ ハンチング ローキャップ バケット ハット ワークキャップ レディース かっこいい yos プレゼント ギフト","ONESIZE","【O】サファリハット_17158400_BIG","X1","Y15",,"0","55","54","-1",
"2026/08/04 14:47:20","WEB画面","7986755","7986755X13Y11","【長さで選ぶ？5股を選ぶ？】5m 5股 スマホ ケーブル A-TO-C Type-C 長さ5m iPhone NEK ★REVL 7986755 6A SPEED 急速 充電器 ライトニング Micro-USB iPhone15 iPhone16 ipad ipad mini IQOS アイコス イルマ イルマワン プライム スマホアクセサリー 送料無料","1type-C(5m)","ライトパープル","X13","Y11",,"0","17","16","-1","塩谷 満里子"
"2026/08/04 14:48:43","WEB画面","7986553","7986553X11Y11","【重ねるだけで、おしゃれ】指輪 メンズ レディース リング アクセサリー NEK ★REVO 7986553 ファランジリング フリーサイズ ピンキー ブラックマット シルバー ゴールド 半端リング アクセサリー 送料無料","ONESIZE","A","X11","Y11",,"0","20","25","5","植野"
"2026/08/04 14:52:55","受注取込","7986572","7986572X11Y33","【新型/IQOS イルマ i ワン用】アイコス イルマiワン ILUMA ケース 保護ケース NEK ★REVL 7986572 iqosイルマワン イルマワンカバー 耐衝撃 おしゃれ iqos iluma one 専用 IQOSイルマワン保護ケース レザー ヒョウ柄 ペイズリー 保護カバー アイコスケース アクセサリー 送料無料","イルマiワン","77","X11","Y33",,"0","15","14","-1",
"2026/08/04 14:52:55","受注取込","7986572","7986572X11Y17","【新型/IQOS イルマ i ワン用】アイコス イルマiワン ILUMA ケース 保護ケース NEK ★REVL 7986572 iqosイルマワン イルマワンカバー 耐衝撃 おしゃれ iqos iluma one 専用 IQOSイルマワン保護ケース レザー ヒョウ柄 ペイズリー 保護カバー アイコスケース アクセサリー 送料無料","イルマiワン","61","X11","Y17",,"0","6","5","-1",
"2026/08/04 14:55:55","受注取込","7994812","7994812X12Y11","サファリハット メンズ 釣り 帽子 ハット レディース SUNS(サンズ)  撥水 アウトドア 登山 キャンプ バーベキュー NEK ★REV H-051 H-053 送料無料 大きいサイズあり キッズサイズ 子供 UVカット アドベンチャーハット 父の日 プレゼント ユニセックス 春 夏 夏フェス ギフト","大きいサイズ","BK/BLACK(H_051)","X12","Y11",,"0","390","389","-1",
"2026/08/04 14:55:55","受注取込","7987400","7987400X11Y11","【とにかくデカい！/普通サイズあり！】キャップ メンズ 大きいサイズ 帽子 深め ビッグサイズ ★REVM 7987400 BIG SIZE メンズキャップ帽子 大きめ 大きい帽子 メンズ帽子 レディース 春 夏 春夏 プレゼント ギフト 母の日 父の日 送料無料","大きいサイズ","A-ブラック","X11","Y11",,"0","141","140","-1",
"2026/08/04 15:05:55","受注取込","7994812","7994812X12Y12","サファリハット メンズ 釣り 帽子 ハット レディース SUNS(サンズ)  撥水 アウトドア 登山 キャンプ バーベキュー NEK ★REV H-051 H-053 送料無料 大きいサイズあり キッズサイズ 子供 UVカット アドベンチャーハット 父の日 プレゼント ユニセックス 春 夏 夏フェス ギフト","大きいサイズ","BLACK(H_051)","X12","Y12",,"0","86","85","-1",
"2026/08/04 15:08:46","受注取込","7986657","7986657X11Y11","【お守りチョーカー/阿弥陀如来】チョーカー ネックレス メンズ レディース NEK ★REVL 7986657 仏像 仏様 阿弥陀如来 アクセサリー ギフト プレゼント 送料無料","ONESIZE","ブラック/ゴールド","X11","Y11",,"0","10","9","-1",
"2026/08/04 15:09:25","受注取込","7997141","7997141X12Y11","特大 スイカ ドーナツ 浮き輪 浮輪 送料無料 プール 大人用 子供用 NEK 7997141 ★REV 120cm 90cm 80cm 70cm 60cm サイズ 大きい 大きめ うきわ ウキワ すいか 海 海水浴 ビックフロート 水上 レジャー かわいい フローティングベッド 西瓜 子供用浮き輪 大人 子供 こども","90cm","スイカ","X12","Y11",,"0","51","50","-1",
"2026/08/04 15:18:03","受注取込","7987345","7987345X11Y15","【とにかくデカい！】 大きいサイズ キャップ 送料無料 大きめ ビッグサイズ ★REV 7987345 BIG SIZE 帽子 ハット キャップ キャスケット メンズキャップ 大きいサイズ バケット 大きい帽子 メンズ メンズ帽子 大きい 頭 メッシュキャップ","AAA","5","X11","Y15",,"0","16","15","-1",
"2026/08/04 15:20:02","WEB画面","7986755","7986755X13Y11","【長さで選ぶ？5股を選ぶ？】5m 5股 スマホ ケーブル A-TO-C Type-C 長さ5m iPhone NEK ★REVL 7986755 6A SPEED 急速 充電器 ライトニング Micro-USB iPhone15 iPhone16 ipad ipad mini IQOS アイコス イルマ イルマワン プライム スマホアクセサリー 送料無料","1type-C(5m)","ライトパープル","X13","Y11",,"0","16","17","1","塩谷 満里子"
"2026/08/04 15:22:25","受注取込","7997141","7997141X11Y12","特大 スイカ ドーナツ 浮き輪 浮輪 送料無料 プール 大人用 子供用 NEK 7997141 ★REV 120cm 90cm 80cm 70cm 60cm サイズ 大きい 大きめ うきわ ウキワ すいか 海 海水浴 ビックフロート 水上 レジャー かわいい フローティングベッド 西瓜 子供用浮き輪 大人 子供 こども","120cm","ドーナツイチゴ","X11","Y12",,"0","10","9","-1",
"2026/08/04 15:24:36","受注取込","7986719","7986719X11Y18","【お買い得3個セット】ブレスレット メンズ レディース 天然石 パワーストーン オニキス NEK ★REVL 7986719 8mm アクセサリー 3連 プレゼント ギフト 厄除け 運気 アップ","ONESIZE","8","X11","Y18",,"0","10","9","-1",
"2026/08/04 15:32:18","受注取込","7987400","7987400X11Y11","【とにかくデカい！/普通サイズあり！】キャップ メンズ 大きいサイズ 帽子 深め ビッグサイズ ★REVM 7987400 BIG SIZE メンズキャップ帽子 大きめ 大きい帽子 メンズ帽子 レディース 春 夏 春夏 プレゼント ギフト 母の日 父の日 送料無料","大きいサイズ","A-ブラック","X11","Y11",,"0","140","139","-1",
"2026/08/04 15:33:01","受注取込","7988215","7988215X16Y15","【とにかくデカい！】 大きいサイズ キャップ メッシュキャップ 送料無料 大きめ ビッグサイズ BIG SIZE ★REV 7988215 <br> 帽子 ハット キャップ ワークキャップ メンズキャップ 大きいサイズ バケット 大きい帽子 メンズ バケハ メンズ帽子 大きい 頭 メッシュ 全39カラー","FF","5","X16","Y15",,"0","72","71","-1",
"2026/08/04 15:36:55","受注取込","7997141","7997141X11Y11","特大 スイカ ドーナツ 浮き輪 浮輪 送料無料 プール 大人用 子供用 NEK 7997141 ★REV 120cm 90cm 80cm 70cm 60cm サイズ 大きい 大きめ うきわ ウキワ すいか 海 海水浴 ビックフロート 水上 レジャー かわいい フローティングベッド 西瓜 子供用浮き輪 大人 子供 こども","120cm","スイカ","X11","Y11",,"0","960","959","-1",
"2026/08/04 15:37:55","受注取込","7987400","7987400X11Y29","【とにかくデカい！/普通サイズあり！】キャップ メンズ 大きいサイズ 帽子 深め ビッグサイズ ★REVM 7987400 BIG SIZE メンズキャップ帽子 大きめ 大きい帽子 メンズ帽子 レディース 春 夏 春夏 プレゼント ギフト 母の日 父の日 送料無料","大きいサイズ","S-ネイビー","X11","Y29",,"0","27","26","-1",
"2026/08/04 15:43:55","受注取込","7994812","7994812X12Y20","サファリハット メンズ 釣り 帽子 ハット レディース SUNS(サンズ)  撥水 アウトドア 登山 キャンプ バーベキュー NEK ★REV H-051 H-053 送料無料 大きいサイズあり キッズサイズ 子供 UVカット アドベンチャーハット 父の日 プレゼント ユニセックス 春 夏 夏フェス ギフト","大きいサイズ","PURPLE(H_051)","X12","Y20",,"0","31","30","-1",
"2026/08/04 15:48:18","受注取込","7986562","7986562X11Y15","IQOS アイコス イルマiワン イルマアイ TEREA テリア ケース ヒートスティックケース NEK ★REVL 7986562 カバー 加熱式たばこ用ハードケース SENTIA（センティア) HEETS プレゼント ギフト 送料無料","ONESIZE","E","X11","Y15",,"0","10","9","-1",
"2026/08/04 15:48:18","受注取込","7986532","7986532X11Y14","【新型/IQOS イルマ i ワン用】アイコス イルマiワン ILUMA ケース 保護ケース NEK ★REVL 7986532 iqosイルマワン イルマワンカバー 耐衝撃 おしゃれ iqos iluma one 専用 IQOSイルマワン保護ケース レザー 保護カバー アイコスケース アクセサリー 送料無料","ONESIZE","パープル","X11","Y14",,"0","24","23","-1",
"2026/08/04 15:50:07","受注取込","7987697","7987697X11Y11","【速攻配達】冷やスマPRO 盛夏用 スマホ熱中症対策 冷却 クーラー ★REV NEK スマートフォン専用常温保冷剤 熱暴走 結露なし スマホ 冷感 冷却 HIYASUMA","ONESIZE","ホワイト","X11","Y11",,"0","421","420","-1",
"2026/08/04 15:57:36","在庫CSV取込","7992099","7992099X11Y18","アンクレット メンズ レディース 手作り 送料無料 つけっぱなし お守り アンク アクセサリー シルバー ターコイズ NEK ALI ★REV 7992099 190813 プレゼント ギフト","ONESIZE","ヒトデ","X11","Y18",,"0","9","8","-1","星島"
"2026/08/04 15:57:36","在庫CSV取込","7986467","7986467X11Y14","【スタイルに合わせて使える2WAY仕様】ゴムベルト レディース 伸縮 ストライプ ACRHT042 NEK 7986467 2cm幅 フック式 ベルトループ対応 ウエストマーク 選べる4カラー","ONESIZE","オリーブ","X11","Y14",,"0","98","97","-1","星島"
"2026/08/04 15:57:36","在庫CSV取込","7988607","7988607X11Y14","【超絶可愛い】マスク 日本製 フリルマスク レディース 抗菌 防臭 ワイヤー入り UVカット おしゃれ 可愛い 送料無料 エレガント 洗えるマスク NEK 7988607 プレゼント ギフト","ONESIZE","チョコ","X11","Y14",,"0","6","5","-1","星島"
"2026/08/04 15:57:36","在庫CSV取込","7990381","7990381X11Y24","【15柄展開】マスク 洗えるマスク カラーマスク レース メンズ レディース ペイズリー カモフラ 花柄 レオパード柄 新作 15柄展開 ★REV NEK 7990381 プレゼント ギフト","ONESIZE","N","X11","Y24",,"0","203","202","-1","星島"
"2026/08/04 15:57:36","在庫CSV取込","7990381","7990381X11Y18","【15柄展開】マスク 洗えるマスク カラーマスク レース メンズ レディース ペイズリー カモフラ 花柄 レオパード柄 新作 15柄展開 ★REV NEK 7990381 プレゼント ギフト","ONESIZE","H","X11","Y18",,"0","187","186","-1","星島"
"2026/08/04 15:57:37","在庫CSV取込","7990453","7990453X11Y21","【魅せるマスク】マスク カラーマスク ペイズリー 迷彩 カモフラージュ 総柄 おしゃれ かわいい ストレッチ 大人用 14色展開 NEK 7990453 プレゼント ギフト","一般成人用サイズ","迷彩B","X11","Y21",,"0","89","88","-1","星島"
"2026/08/04 15:57:37","在庫CSV取込","7990413","7990413X11Y16","【超おしゃれ】マスク スカーフマスク 送料無料 感染対策 女性 レディース スカーフ マスクスカーフ 花柄 おしゃれ エレガント 防塵 花粉 UVカット 洗える NEK 7990413","ONESIZE","F","X11","Y16",,"0","7","6","-1","星島"
"2026/08/04 15:57:37","在庫CSV取込","7992250","7992250X17Y12","iPhone XS ケース バンカーリング 付き 落ちない シリコン ケース 透明 スケルトン 輪 送料無料 iphone XR ケース iPhone8 ケース iphone XS MAX  iphone X リング付 iPhone7 Plus スマホケース カバー クリア アイフォン アクセサリー NEK ALI 7992250 190715","iPhone_11","ブルー","X17","Y12",,"0","3","2","-1","星島"
"2026/08/04 15:57:37","在庫CSV取込","7987082","7987082X11Y16","【超冷感】アームカバー UPF50＋ UVカット レディース uvカット アームカバー NEK ★REVA 7987082 指先まで 日焼け止め 腕カバー アームカバー uv 冷感 日焼け止め 手袋 アームカバー 日焼け対策 アームカバー 日焼け 冷感 夏 アウトドア 運転 自転車 ゴルフ 送料無料","ONESIZE","ピンク","X11","Y16",,"0","14","13","-1","星島"
"2026/08/04 15:57:37","在庫CSV取込","7992495","7992495X11Y24","ブレスレット バングル メンズ レディース サバイバル パラコード 笛付き リフレクター素材 サバゲー ミリタリー アクセサリー プレゼント 送料無料  NEK ALI 7992495 190707","ONESIZE","N","X11","Y24",,"0","14","13","-1","星島"
"2026/08/04 15:57:37","在庫CSV取込","7992495","7992495X11Y16","ブレスレット バングル メンズ レディース サバイバル パラコード 笛付き リフレクター素材 サバゲー ミリタリー アクセサリー プレゼント 送料無料  NEK ALI 7992495 190707","ONESIZE","F","X11","Y16",,"0","14","13","-1","星島"
"2026/08/04 15:57:37","在庫CSV取込","7988087","7988087X11Y11","安全靴 スニーカー エアウォーク AIR WALK AW-930 7988087 ブルー フレックスフィット ローカット メンズ セーフティシューズ 樹脂先芯 軽量 衝撃吸収 負担軽減 作業靴 オシャレ  かかとが踏める ムレにくい","25.0cm ","ブルー","X11","Y11",,"0","14","13","-1","星島"
"2026/08/04 15:57:37","在庫CSV取込","7986688","7986688X12Y12","【竹炭消臭インソール付】サンダル メンズ スポーツサンダル ★REVL 7986688 防滑 水陸両用 レジャー アウトドアサンダル ウォーターシューズ マジックテープ ブラック 歩きやすい 海 ビーチ 夏レジャー 送料無料","25.5cm","ブラウン","X12","Y12",,"0","4","3","-1","星島"
"2026/08/04 15:57:37","在庫CSV取込","7986716","7986716X11Y11","【紫外線でプロ級チェック】アニサキスライト UV 紫外線ライト ブラックライト NEK ★REVL 7986716 365nm 充電式 TYPE-C充電  USB 光学レンズ アニサキス検出 生活 食事 釣り 掃除 コンパクト 送料無料","1本","ブラック(TYPE-C)","X11","Y11",,"0","83","82","-1","星島"
"2026/08/04 15:57:37","在庫CSV取込","7987367","7987367X11Y11","【2023年最新！熱中症対策】 ネッククーラー 首掛け扇風機 携帯扇風機 ネックファン ★REV 7987367 急速冷却 小型 羽根なし 首かけ 充電式 扇風機 5000mAh大容量 軽量 3段階風量調節 ひんやり 子供 大人 男女兼用 通勤 通学 家事 熱中症対策 プレゼント ギフト","ONESIZE","ホワイト","X11","Y11",,"0","89","88","-1","星島"
"2026/08/04 15:57:37","在庫CSV取込","7987006","7987006X11Y14","【くすみカラー】サファリハット ハット アドベンチャーハット レディース メンズ NEK ★REV 7987006 アウトドア キャンプ 釣り 日焼け止め 速乾 通気性 日よけ 送料無料","ONESIZE","オリーブ","X11","Y14",,"0","4","3","-1","星島"
"2026/08/04 15:57:37","在庫CSV取込","7987077","7987077X13Y13","リカバリーサンダル サンダル メンズ レディース 厚底 スポーツサンダル ★REV 7987077 速乾 軽量 アウトドア キャンプ 水遊び 海 山 川 送料無料","39-40(24.5～25.0cm)","オレンジ","X13","Y13",,"0","1","0","-1","星島"
"2026/08/04 15:57:37","在庫CSV取込","7987031","7987031X11Y14","【大人気SUNSより当店限定！】ミニトート バッグ レディース メンズ トートバッグ トート NEK ★REVL 7987031 CRB-001 ミニ 仕切り ポケット ランチバッグ マザーズバッグ 収納 ミリタリー MA-1 シンプル おしゃれ 便利 無地 通勤 通学 ユニセックス ジッパー付き 撥水","ONESIZE","ベージュ","X11","Y14",,"0","132","131","-1","星島"
"2026/08/04 15:57:37","在庫CSV取込","7987126","7987126X11Y11","【お得な2個セット】コンパクト ハンディライト 懐中電灯 充電式 LED COB カラビナ ワークライト TYPE-C NEK ★REVL 7987126 USB充電 キャンプ アウトドア 作業灯 防災 現場 送料無料","ONESIZE","2個セット","X11","Y11",,"0","24","23","-1","星島"
"2026/08/04 15:57:37","在庫CSV取込","7987175","7987175X11Y13","LA ロサンゼルス LOS ANGELESS キャップ 帽子 野球帽 アウトドア ★REV 7987175 メンズ レディース 野球 ローキャップ Vintage プレゼント ギフト","ONESIZE","ワイン","X11","Y13",,"0","12","11","-1","星島"
"2026/08/04 15:57:37","在庫CSV取込","7987455","7987455X11Y12","【足首おしゃれ】アンクレット レディース アクセサリー ゴールド シルバー 喜平 NEK ★REV 7987455 プレゼント プチギフト 送料無料","ワンサイズ","シルバー","X11","Y12",,"0","28","27","-1","星島"
"2026/08/04 15:57:37","在庫CSV取込","7987485","7987485X11Y11","【特大】トートバッグ 大きめ メンズ レディース Military バッグ ★REV 7987485 撥水 MA-1 旅行 アウトドア キャンプ ジムバッグ プレゼント プチギフト 送料無料","ONESIZE","ブラック","X11","Y11",,"0","12","11","-1","星島"
"2026/08/04 15:57:37","在庫CSV取込","7987591","7987591X11Y11","【16色変化 リモコン付】LED ライト テーブルライト 充電式 インテリアライト 電球 クリスタル ダイヤモンド 間接照明 ★REV 7987591 テーブルランプ デスク スタンドライト タッチ Type-c USB デスクライト おしゃれ リビング 寝室 フロアライト ムードライト","ONESIZE","クリア","X11","Y11",,"0","34","33","-1","星島"
"2026/08/04 15:57:37","在庫CSV取込","9009978","9009978X14Y6","帽子 メンズ AVIREX アビレックス 送料無料 キャップ 父の日 プレゼント 贈り物 ニットキャップ メッシュキャップ 大きいサイズ レディース ディッキーズ ローキャップ ワークキャップ ハット ハンチング おしゃれ ロゴ 刺繍 プリント アメカジ HYPE 通販 yos ギフト","N","-6","X14","Y6",,"0","9","8","-1","星島"
"2026/08/04 15:57:37","在庫CSV取込","9009978","9009978X15Y4","帽子 メンズ AVIREX アビレックス 送料無料 キャップ 父の日 プレゼント 贈り物 ニットキャップ メッシュキャップ 大きいサイズ レディース ディッキーズ ローキャップ ワークキャップ ハット ハンチング おしゃれ ロゴ 刺繍 プリント アメカジ HYPE 通販 yos ギフト","O","-4","X15","Y4",,"0","10","9","-1","星島"
"2026/08/04 15:57:37","在庫CSV取込","7988248","7988248X11Y11","リュック メンズ レディース 防水 防災リュック 避難 スポーツ 軽量 リュックサック 32L ★REV 7988248 バックパック デイパック アウトドア キャンプ ジム 登山 散歩  送料無料","ONESIZE","ブルー","X11","Y11",,"0","101","100","-1","星島"
"2026/08/04 15:57:37","在庫CSV取込","7987924","7987924X11Y16","【蒸れない 通気性抜群】メッシュキャップ 帽子 キャップ メンズ レディース アウトドア キャンプ ゴルフ ランニング ★REV 7987924","ONESIZE","ネイビー","X11","Y16",,"0","7","6","-1","星島"
"2026/08/04 15:57:37","在庫CSV取込","7987883","7987883X11Y12","【カウリ貝】麦わら帽子 メンズ レディース ストローハット 中折れハット ★REV 7987883 幅広 帽子 麦わらハット 夏 ペーパー ハット おしゃれ プレゼント プチギフト 送料無料","ONESIZE","ブラック","X11","Y12",,"0","21","20","-1","星島"
"2026/08/04 15:57:37","在庫CSV取込","7988610","7988610X11Y13","【おまけ付き】タックルボックス ルアーケース 釣り具ケース 収納 防水 タックルケース 釣り ワームケース ケース 釣り針 シンカー フライボックス 7988610 プレゼント ギフト","中","グレー","X11","Y13",,"0","26","25","-1","星島"
"2026/08/04 15:57:37","在庫CSV取込","7997141","7997141X11Y11","特大 スイカ ドーナツ 浮き輪 浮輪 送料無料 プール 大人用 子供用 NEK 7997141 ★REV 120cm 90cm 80cm 70cm 60cm サイズ 大きい 大きめ うきわ ウキワ すいか 海 海水浴 ビックフロート 水上 レジャー かわいい フローティングベッド 西瓜 子供用浮き輪 大人 子供 こども","120cm","スイカ","X11","Y11",,"0","959","958","-1","星島"
"2026/08/04 16:00:55","受注取込","7987400","7987400X11Y15","【とにかくデカい！/普通サイズあり！】キャップ メンズ 大きいサイズ 帽子 深め ビッグサイズ ★REVM 7987400 BIG SIZE メンズキャップ帽子 大きめ 大きい帽子 メンズ帽子 レディース 春 夏 春夏 プレゼント ギフト 母の日 父の日 送料無料","大きいサイズ","E-ベージュ","X11","Y15",,"0","44","43","-1",
"2026/08/04 16:09:25","受注取込","7986747","7986747X11Y11","【日焼けシェード付き】サファリハット シェード メンズ 釣り 帽子 ハット レディース SUNS(サンズ) 撥水 アウトドア 登山 キャンプ バーベキュー NEK ★REVL H-051 送料無料 大きいサイズあり キッズサイズ 子供 UVカット アドベンチャーハット 父の日 プレゼント ユニセックス 春 夏 夏フェス ギフト","普通サイズ","SHADE_BK/BLACK(H_051)","X11","Y11",,"0","82","81","-1",
"2026/08/04 16:09:31","受注取込","7987892","7987892X12Y13","【深めのシルエット】メッシュキャップ キャップ 帽子 メンズ レディース 大きいサイズ 普通サイズ ★REV 7987892","大きいサイズ","C","X12","Y13",,"0","24","23","-1",
"2026/08/04 16:09:31","受注取込","7994812","7994812X12Y12","サファリハット メンズ 釣り 帽子 ハット レディース SUNS(サンズ)  撥水 アウトドア 登山 キャンプ バーベキュー NEK ★REV H-051 H-053 送料無料 大きいサイズあり キッズサイズ 子供 UVカット アドベンチャーハット 父の日 プレゼント ユニセックス 春 夏 夏フェス ギフト","大きいサイズ","BLACK(H_051)","X12","Y12",,"0","85","84","-1",
"2026/08/04 16:16:20","WEB画面","7987073","7987073X11Y11","【くすみカラー 超軽量】バケットハット サファリハット メンズ レディース 普通サイズ 大きいサイズ NEK ★REV 7987073 アドベンチャーハット 撥水 速乾 軽量 折り畳める UV カット アウトドア キャンプ 登山 ウォーキング 散歩 日焼け防止 紫外線防止 送料無料","普通サイズ","ベージュ","X11","Y11",,"0","22","21","-1","植野"
"2026/08/04 16:18:40","WEB画面","7990668","7990668X11Y11","【あす楽 速攻配達】スプレーボトル 50ml 100ml アルコール対応 PE ボトルスプレー スプレー 容器 シャワーボトル 詰め替え容器 7990668 プレゼント ギフト","50ml","ホワイト","X11","Y11",,"0","251","246","-5","星島"
"2026/08/04 16:19:53","WEB画面","7987756","7987756X11Y11","【速攻配達 在庫あり】ネッククーラー クールリング ひんやり 冷感 結露しない NEK ★REV 7987756 アイス ネックリング ズレない 28 度 全3色 子供 大人用 スポーツ観戦 冷却 バンド アイス 熱中症対策 リング 首 冷却 暑さ対策 冷たい ひんやり 送料無料","ONESIZE","ブルー","X11","Y11",,"0","6","0","-6","星島"
"2026/08/04 16:19:53","WEB画面","7987756","7987756X11Y13","【速攻配達 在庫あり】ネッククーラー クールリング ひんやり 冷感 結露しない NEK ★REV 7987756 アイス ネックリング ズレない 28 度 全3色 子供 大人用 スポーツ観戦 冷却 バンド アイス 熱中症対策 リング 首 冷却 暑さ対策 冷たい ひんやり 送料無料","ONESIZE","ピンク","X11","Y13",,"0","51","45","-6","星島"
"2026/08/04 16:21:30","受注取込","8003102","8003102X11Y12","やみつきになる！ ストレッチ AVIREX アビレックス Tシャツ メンズ ★REV NEK 6143501 6143502 Vネック クルーネック 半袖 プレゼント ギフト","Vネック_ホワイト_001","Mサイズ","X11","Y12",,"0","5","4","-1",
"2026/08/04 16:21:55","受注取込","7997141","7997141X11Y13","特大 スイカ ドーナツ 浮き輪 浮輪 送料無料 プール 大人用 子供用 NEK 7997141 ★REV 120cm 90cm 80cm 70cm 60cm サイズ 大きい 大きめ うきわ ウキワ すいか 海 海水浴 ビックフロート 水上 レジャー かわいい フローティングベッド 西瓜 子供用浮き輪 大人 子供 こども","120cm","ドーナツチョコ","X11","Y13",,"0","23","22","-1",
"2026/08/04 16:23:55","受注取込","7997141","7997141X11Y12","特大 スイカ ドーナツ 浮き輪 浮輪 送料無料 プール 大人用 子供用 NEK 7997141 ★REV 120cm 90cm 80cm 70cm 60cm サイズ 大きい 大きめ うきわ ウキワ すいか 海 海水浴 ビックフロート 水上 レジャー かわいい フローティングベッド 西瓜 子供用浮き輪 大人 子供 こども","120cm","ドーナツイチゴ","X11","Y12",,"0","9","8","-1",
"2026/08/04 16:28:21","WEB画面","7987756","7987756X11Y11","【速攻配達 在庫あり】ネッククーラー クールリング ひんやり 冷感 結露しない NEK ★REV 7987756 アイス ネックリング ズレない 28 度 全3色 子供 大人用 スポーツ観戦 冷却 バンド アイス 熱中症対策 リング 首 冷却 暑さ対策 冷たい ひんやり 送料無料","ONESIZE","ブルー","X11","Y11",,"0","0","4","4","星島"
"2026/08/04 16:30:55","受注取込","7987678","7987678X13Y14","【洗濯可能】トレーニンググローブ 手袋 筋トレ 筋トレグローブ メンズ レディース 指無し NEK ★REV 7987678 ウェイトリフティング 防滑 クッション性 伸びる 洗濯OK バーベル サイクリング ヨガ グリップ","L","B-ブラック","X13","Y14",,"0","11","10","-1",
"2026/08/04 16:40:46","受注取込","7987400","7987400X11Y15","【とにかくデカい！/普通サイズあり！】キャップ メンズ 大きいサイズ 帽子 深め ビッグサイズ ★REVM 7987400 BIG SIZE メンズキャップ帽子 大きめ 大きい帽子 メンズ帽子 レディース 春 夏 春夏 プレゼント ギフト 母の日 父の日 送料無料","大きいサイズ","E-ベージュ","X11","Y15",,"0","43","42","-1",
"2026/08/04 16:48:47","受注取込","7987076","7987076X11Y19","【超軽量55g】特価 キャップ 帽子 メッシュキャップ ランニングキャップ NEK ★REV 7987076 メンズ レディース 速乾 軽量 ジョギング アウトドア キャンプ スポーツ 釣り 海 プール","アジャスタータイプ","ブルー","X11","Y19",,"0","33","32","-1",
"2026/08/04 16:48:47","受注取込","7987659","7987659X11Y14","【スーツに合う！】カーボン 財布 メンズ ミニ財布 短財布 LTG レザー 革 本革 牛革 NEK ★REV 7987659 ビジネス カーボンレザー ショートウォレット 父の日 おすすめ 人気 ギフト さいふ ウォレット 男性 ギフト 紳士用 プレゼント 薄い スリム 収納 メンズ財布 送料無料","ONESIZE","ブラック×オレンジ","X11","Y14",,"0","5","4","-1",
"2026/08/04 16:50:12","受注取込","7986597","7986597X11Y11","【目元リラックス！高純度テラヘルツ】高純度 テラヘルツ アイマスク NEK ★REVL 7986597 重さ150g・包み込む美容ケア・リラクゼーション用 健康 テラヘルツ波 パワーストーン 天然石 アクセサリー プレゼント ギフト プチギフト 母の日 父の日 送料無料","アイマスク","メタリッククローム","X11","Y11",,"0","26","25","-1",
"2026/08/04 16:54:25","受注取込","7987892","7987892X12Y18","【深めのシルエット】メッシュキャップ キャップ 帽子 メンズ レディース 大きいサイズ 普通サイズ ★REV 7987892","大きいサイズ","H","X12","Y18",,"0","14","13","-1",
"2026/08/04 16:54:25","受注取込","7987400","7987400X11Y29","【とにかくデカい！/普通サイズあり！】キャップ メンズ 大きいサイズ 帽子 深め ビッグサイズ ★REVM 7987400 BIG SIZE メンズキャップ帽子 大きめ 大きい帽子 メンズ帽子 レディース 春 夏 春夏 プレゼント ギフト 母の日 父の日 送料無料","大きいサイズ","S-ネイビー","X11","Y29",,"0","26","25","-1",
"2026/08/04 16:59:30","受注取込","7994812","7994812X12Y11","サファリハット メンズ 釣り 帽子 ハット レディース SUNS(サンズ)  撥水 アウトドア 登山 キャンプ バーベキュー NEK ★REV H-051 H-053 送料無料 大きいサイズあり キッズサイズ 子供 UVカット アドベンチャーハット 父の日 プレゼント ユニセックス 春 夏 夏フェス ギフト","大きいサイズ","BK/BLACK(H_051)","X12","Y11",,"0","389","388","-1",
"2026/08/04 17:00:38","受注取込","7987409","7987409X11Y12","【130cm 大きいサイズ対応】本革 床革 ベルト メンズ 130cm NEK ★REV 7987409 大きいサイズ対応 シンセティックレザー ビジネスベルト カジュアルベルト 父の日 送料無料","ONESIZE","ブラウンA","X11","Y12",,"0","5","4","-1",
"2026/08/04 17:06:01","受注取込","7987076","7987076X11Y13","【超軽量55g】特価 キャップ 帽子 メッシュキャップ ランニングキャップ NEK ★REV 7987076 メンズ レディース 速乾 軽量 ジョギング アウトドア キャンプ スポーツ 釣り 海 プール","アジャスタータイプ","ネイビー","X11","Y13",,"0","25","24","-1",
"2026/08/04 17:06:01","受注取込","7994812","7994812X12Y33","サファリハット メンズ 釣り 帽子 ハット レディース SUNS(サンズ)  撥水 アウトドア 登山 キャンプ バーベキュー NEK ★REV H-051 H-053 送料無料 大きいサイズあり キッズサイズ 子供 UVカット アドベンチャーハット 父の日 プレゼント ユニセックス 春 夏 夏フェス ギフト","大きいサイズ","GREIGE(H-051)","X12","Y33",,"0","23","22","-1",
"2026/08/04 17:08:21","受注取込","7986547","7986547X11Y11","【お得な5枚10点セット】福袋 おなかぷにぷに3Dキャラクターシール 犬猫アニマル NEK ★REVO 7986547 ピンセット付き ぷにぷに触感 ストレス解消 癒しデコシール プレゼント ギフト 送料無料","ONESIZE","5枚10点アソート","X11","Y11",,"0","694","693","-1",
"2026/08/04 17:10:55","受注取込","7987400","7987400X11Y11","【とにかくデカい！/普通サイズあり！】キャップ メンズ 大きいサイズ 帽子 深め ビッグサイズ ★REVM 7987400 BIG SIZE メンズキャップ帽子 大きめ 大きい帽子 メンズ帽子 レディース 春 夏 春夏 プレゼント ギフト 母の日 父の日 送料無料","大きいサイズ","A-ブラック","X11","Y11",,"0","139","138","-1",
"2026/08/04 17:14:25","受注取込","7994812","7994812X12Y13","サファリハット メンズ 釣り 帽子 ハット レディース SUNS(サンズ)  撥水 アウトドア 登山 キャンプ バーベキュー NEK ★REV H-051 H-053 送料無料 大きいサイズあり キッズサイズ 子供 UVカット アドベンチャーハット 父の日 プレゼント ユニセックス 春 夏 夏フェス ギフト","大きいサイズ","NAVY(H_051)","X12","Y13",,"0","33","32","-1",
"2026/08/04 17:16:32","受注取込","7987400","7987400X11Y30","【とにかくデカい！/普通サイズあり！】キャップ メンズ 大きいサイズ 帽子 深め ビッグサイズ ★REVM 7987400 BIG SIZE メンズキャップ帽子 大きめ 大きい帽子 メンズ帽子 レディース 春 夏 春夏 プレゼント ギフト 母の日 父の日 送料無料","大きいサイズ","T-ブラック","X11","Y30",,"0","9","8","-1",
"2026/08/04 17:40:32","受注取込","7987398","7987398X11Y11","希少 アイス オブシディアン 黒耀石 パワーストーン NEK ★REV 7987398 ブレスレット バングル メンズ レディース アクセサリー 金運 財運 仕事運 恋愛 結婚 家庭円満 癒し 幸運 成功運 勝負運 家族運 厄除祈願 天然石 お守り プレゼント ギフト 母の日 父の日 送料無料","ONESIZE","ブラック","X11","Y11",,"0","6","5","-1",
"2026/08/04 17:40:32","受注取込","7986745","7986745X13Y11","【内に炎を宿す神秘の天然石】フレイムストーン パワーストーン スピリチュアル NEK ★REV 7986745 天然石 ブレスレット アクセサリー レディース メンズ エネルギー 金運 守護 情熱 自信 集中力 プレゼント ギフト 送料無料","10mm","フレイムストーン","X13","Y11",,"0","25","24","-1",
"2026/08/04 17:51:54","WEB画面","8000345","8000345X11Y12","栃木レザー 長財布 本革 レザー 日本製 メンズ レディース ★REV 8000345 TDSG-1008【P2】 職人技 無地 5色展開 プレゼント ギフト","ONESIZE","ダークブラウン","X11","Y12",,"0","0","3","3","塩谷 満里子"
"2026/08/04 17:51:54","WEB画面","8000345","8000345X11Y13","栃木レザー 長財布 本革 レザー 日本製 メンズ レディース ★REV 8000345 TDSG-1008【P2】 職人技 無地 5色展開 プレゼント ギフト","ONESIZE","ネイビー","X11","Y13",,"0","0","3","3","塩谷 満里子"
"2026/08/04 17:51:54","WEB画面","8000345","8000345X11Y14","栃木レザー 長財布 本革 レザー 日本製 メンズ レディース ★REV 8000345 TDSG-1008【P2】 職人技 無地 5色展開 プレゼント ギフト","ONESIZE","オレンジ","X11","Y14",,"0","0","3","3","塩谷 満里子"
"2026/08/04 17:51:54","WEB画面","8000345","8000345X11Y15","栃木レザー 長財布 本革 レザー 日本製 メンズ レディース ★REV 8000345 TDSG-1008【P2】 職人技 無地 5色展開 プレゼント ギフト","ONESIZE","キャメル","X11","Y15",,"0","0","3","3","塩谷 満里子"
"2026/08/04 17:51:54","WEB画面","8000345","8000345X11Y16","栃木レザー 長財布 本革 レザー 日本製 メンズ レディース ★REV 8000345 TDSG-1008【P2】 職人技 無地 5色展開 プレゼント ギフト","ONESIZE","オリーブ","X11","Y16",,"0","0","3","3","塩谷 満里子"
"2026/08/04 17:51:54","WEB画面","8000345","8000345X11Y17","栃木レザー 長財布 本革 レザー 日本製 メンズ レディース ★REV 8000345 TDSG-1008【P2】 職人技 無地 5色展開 プレゼント ギフト","ONESIZE","ブラウン","X11","Y17",,"0","0","3","3","塩谷 満里子"
"2026/08/04 17:52:26","WEB画面","7993077","7993077X11Y14","栃木レザー 短財布 財布 メンズ レディース 本革 レザー 日本製  送料無料 職人技 無地 6色展開 ヌメ革 総革 フルベジタブルタンニング TDSG-1019 190320","ONESIZE","CAMEL","X11","Y14",,"0","0","3","3","塩谷 満里子"
"2026/08/04 17:52:54","WEB画面","7988172","7988172X11Y12","【栃木レザー 日本製 】ベルト ビジネスベルト メンズ 本革 本皮 レザー 栃木レザー ★REV TDBT-1006 日本製 カジュアルベルト プレゼント ギフト MADE IN JAPAN クリスマス 父の日 誕生日プレゼント 送料無料","ONESIZE","ダークブラウン","X11","Y12",,"0","0","5","5","塩谷 満里子"
"2026/08/04 17:53:52","WEB画面","7987137","7987137X11Y13","【最安値に挑戦 日本製】GEVAERT ゲバルト ベルト YKK社製 軽量バックル使用 35mm幅 NEK ★REV 7987137 ゴムベルト GVT-1062 1063 1064 1011 1048 無地 カモフラ柄 ベルギー生地使用 日本製 メンズ レディース カジュアル 入学 卒業 通勤 通学 送料無料","ONESIZE","C","X11","Y13",,"0","0","4","4","塩谷 満里子"
"2026/08/04 17:53:52","WEB画面","7987137","7987137X11Y14","【最安値に挑戦 日本製】GEVAERT ゲバルト ベルト YKK社製 軽量バックル使用 35mm幅 NEK ★REV 7987137 ゴムベルト GVT-1062 1063 1064 1011 1048 無地 カモフラ柄 ベルギー生地使用 日本製 メンズ レディース カジュアル 入学 卒業 通勤 通学 送料無料","ONESIZE","D","X11","Y14",,"0","0","4","4","塩谷 満里子"
"2026/08/04 17:53:52","WEB画面","7987137","7987137X11Y17","【最安値に挑戦 日本製】GEVAERT ゲバルト ベルト YKK社製 軽量バックル使用 35mm幅 NEK ★REV 7987137 ゴムベルト GVT-1062 1063 1064 1011 1048 無地 カモフラ柄 ベルギー生地使用 日本製 メンズ レディース カジュアル 入学 卒業 通勤 通学 送料無料","ONESIZE","G","X11","Y17",,"0","0","4","4","塩谷 満里子"
"2026/08/04 17:53:52","WEB画面","7987137","7987137X11Y21","【最安値に挑戦 日本製】GEVAERT ゲバルト ベルト YKK社製 軽量バックル使用 35mm幅 NEK ★REV 7987137 ゴムベルト GVT-1062 1063 1064 1011 1048 無地 カモフラ柄 ベルギー生地使用 日本製 メンズ レディース カジュアル 入学 卒業 通勤 通学 送料無料","ONESIZE","K","X11","Y21",,"0","0","4","4","塩谷 満里子"
"2026/08/04 17:53:52","WEB画面","7987137","7987137X11Y26","【最安値に挑戦 日本製】GEVAERT ゲバルト ベルト YKK社製 軽量バックル使用 35mm幅 NEK ★REV 7987137 ゴムベルト GVT-1062 1063 1064 1011 1048 無地 カモフラ柄 ベルギー生地使用 日本製 メンズ レディース カジュアル 入学 卒業 通勤 通学 送料無料","ONESIZE","P","X11","Y26",,"0","0","4","4","塩谷 満里子"
"2026/08/04 17:53:52","WEB画面","7987137","7987137X11Y30","【最安値に挑戦 日本製】GEVAERT ゲバルト ベルト YKK社製 軽量バックル使用 35mm幅 NEK ★REV 7987137 ゴムベルト GVT-1062 1063 1064 1011 1048 無地 カモフラ柄 ベルギー生地使用 日本製 メンズ レディース カジュアル 入学 卒業 通勤 通学 送料無料","ONESIZE","T","X11","Y30",,"0","1","3","2","塩谷 満里子"
"2026/08/04 17:54:20","WEB画面","7987597","7987597X11Y11","【凄すぎる分厚さ5mm！】日本製 ベルト メンズ レザー 本革 本皮 昭南レザー ★REV SRI-016 ベンズレザー Artisan aging キーホルダー キーケース プレゼント ギフト 父の日 バレンタイン チョコ以外 送料無料","ワンサイズ","ナチュラル","X11","Y11",,"0","0","18","18","塩谷 満里子"
"2026/08/04 17:54:55","WEB画面","7994702","7994702X11Y11","経年変化を楽しむ！日本製 本革 レザー 130cm 長め ベルト 7994702 メンズ レディース ヌメ革 総革 Artisan aging 送料無料 ナチュラル ギフトBOX付き プレゼント 180618 プレゼント ギフト","ONESIZE","ナチュラル","X11","Y11",,"0","12","75","63","塩谷 満里子"
"2026/08/04 17:59:55","受注取込","7986711","7986711X11Y11","【高速充電/45W/PD対応】シガーソケット 充電器 USB TYPE-C タイプC PD充電器 NEK ★REVL 7986711 高速 急速充電 車載 コンパクト カーチャージャー 車載充電器  iPhone android ipad スマホ アクセサリー 2ポート 車載ガジェット 送料無料","ONESIZE","TYPE-A×TYPE-C","X11","Y11",,"0","1","0","-1",
"2026/08/04 18:08:36","受注取込","7986850","7986850X14Y12","【耐滑底/おしゃれ】安全靴 スニーカー エアウォーク ミッドカット AIR WALK AW-940 AW-950 Y_YU ★REV 7986850 メンズ おしゃれ 耐滑底 樹脂先芯 ストレッチロック セーフティシューズ 作業靴 送料無料","26.5cm","AW-950_ホワイト","X14","Y12",,"0","105","104","-1",
"2026/08/04 18:10:12","受注取込","7986710","7986710X11Y21","【春夏秋冬対応/くすみカラー】トートバッグ クロシェバッグ エコバッグ レディース NEK ★REVO 7986710 メッシュ クロシェ編み ナチュラル ニット A4 軽量 かぎ編み おしゃれ 大容量 リゾート 通勤 通学 学生 送料無料","ONESIZE","ブルー","X11","Y21",,"0","12","11","-1",
"2026/08/04 18:10:27","受注取込","7987714","7987714X11Y11","【なんと6+1個入り！速攻配達】水風船 水ふうせん 何度も使える ゴミが出ない プール クラッシュボール ★REV NEK 7987714 水遊び 海 川 お風呂 水鉄砲 子供 おもちゃ 繰り返し BALL 水 風船 ボール エコ ウォーターボム リサイクル 安心 安全 送料無料","ワンサイズ","まる形6+1","X11","Y11",,"0","1","0","-1",
"2026/08/04 18:12:55","受注取込","7987026","7987026X12Y13","【大きいサイズあり】キャップ 11cm つば長 帽子 メンズ レディース ★REV 7987026 深め 深い ゴルフ 無地 日焼け止め UVカット 送料無料","大きいサイズ","ベージュ","X12","Y13",,"0","5","4","-1",
"2026/08/04 18:12:55","受注取込","7987626","7987626X11Y11","【お得な5個セット】LEDライト キーホルダー 小型LEDライト NEK ★REV 7987626 キーライト 高輝度 5灯 LR44 ボタン電池 LTG 送料無料","ONESIZE","5本セット","X11","Y11",,"0","143","141","-2",
"2026/08/04 18:16:28","受注取込","7987616","7987616X11Y11","【バッグを汚さない！お得な2個入】バッグフック バッグハンガー デスク 便利 NEK ★REV 7987616 おしゃれ グッズ アイデア フック 机 テーブル グック ハンガー 防犯 メンズ レディース 荷物かけ カバン掛け プチギフト プレゼント LTG 送料無料","ONESIZE","ブラック/ワイン","X11","Y11",,"0","6","5","-1",
"2026/08/04 18:21:55","受注取込","7994812","7994812X12Y33","サファリハット メンズ 釣り 帽子 ハット レディース SUNS(サンズ)  撥水 アウトドア 登山 キャンプ バーベキュー NEK ★REV H-051 H-053 送料無料 大きいサイズあり キッズサイズ 子供 UVカット アドベンチャーハット 父の日 プレゼント ユニセックス 春 夏 夏フェス ギフト","大きいサイズ","GREIGE(H-051)","X12","Y33",,"0","22","21","-1",
"2026/08/04 18:34:32","受注取込","7988386","7988386X11Y11","【高輝度・省電力】LED 卓上 ライト 間接照明 おしゃれ テーブルランプ 北欧 ベッドライト ★REV 7988386 照明 ランプ 一人暮らし ナイトランプ ムードランプ インテリア 雑貨 スタンドライト フロアライト ベッドサイド ルームライト 寝室 usb 電気スタンド フロアランプ","ONESIZE","アイボリー","X11","Y11",,"0","36","35","-1",
"2026/08/04 18:34:39","受注取込","8003102","8003102X17Y11","やみつきになる！ ストレッチ AVIREX アビレックス Tシャツ メンズ ★REV NEK 6143501 6143502 Vネック クルーネック 半袖 プレゼント ギフト","クルーネック_ブラック_009","Sサイズ","X17","Y11",,"0","2","1","-1",
"2026/08/04 18:36:30","受注取込","7987075","7987075X11Y12","アンクレット レディース メンズ つけっぱなし NEK ★REV 7987075 ゴールド シルバー アクセサリー プレゼント ギフト おしゃれ 送料無料","ONESIZE","B","X11","Y12",,"0","9","8","-1",
"2026/08/04 18:43:25","受注取込","7994812","7994812X12Y33","サファリハット メンズ 釣り 帽子 ハット レディース SUNS(サンズ)  撥水 アウトドア 登山 キャンプ バーベキュー NEK ★REV H-051 H-053 送料無料 大きいサイズあり キッズサイズ 子供 UVカット アドベンチャーハット 父の日 プレゼント ユニセックス 春 夏 夏フェス ギフト","大きいサイズ","GREIGE(H-051)","X12","Y33",,"0","21","20","-1",
"2026/08/04 18:50:06","受注取込","7992054","7992054X11Y18","【シンプル/おしゃれ】16mm パワーストーン ネックレス メンズ レディース 瑪瑙 オブシディアン タイガーアイ NEK ★REV 7992054 黒曜石 茶水晶 虎目石 金運 財運 仕事運 恋愛 結婚 家庭円満 癒し 幸運 成功運 勝負運 家族運 厄除祈願 天然石 お守り プレゼント 送料無料","ONESIZE","【H】アメジスト","X11","Y18",,"0","38","37","-1",
"2026/08/04 18:56:33","受注取込","7994812","7994812X11Y12","サファリハット メンズ 釣り 帽子 ハット レディース SUNS(サンズ)  撥水 アウトドア 登山 キャンプ バーベキュー NEK ★REV H-051 H-053 送料無料 大きいサイズあり キッズサイズ 子供 UVカット アドベンチャーハット 父の日 プレゼント ユニセックス 春 夏 夏フェス ギフト","普通サイズ","BLACK(H_051)","X11","Y12",,"0","59","58","-1",
"2026/08/04 19:02:55","受注取込","7986752","7986752X11Y12","収納 サンバイザーホルダー マルチ 車 カーポケット ドライブポケット NEK ★REVL 7986752 おしゃれ サンバイザー ポケット カー用品 収納 カー用品 ペン カードポケット 収納ホルダー サングラスホルダー 車 眼鏡ホルダー カーアクセサリー 送料無料","ONESIZE","グレー","X11","Y12",,"0","27","26","-1",
"2026/08/04 19:08:18","受注取込","7987400","7987400X11Y16","【とにかくデカい！/普通サイズあり！】キャップ メンズ 大きいサイズ 帽子 深め ビッグサイズ ★REVM 7987400 BIG SIZE メンズキャップ帽子 大きめ 大きい帽子 メンズ帽子 レディース 春 夏 春夏 プレゼント ギフト 母の日 父の日 送料無料","大きいサイズ","F-ブラック","X11","Y16",,"0","42","41","-1",
"2026/08/04 19:18:48","受注取込","7988124","7988124X11Y17","大きいサイズ キャップ 帽子 メンズ フルキャップ ベースボールキャップ コットンキャップ 野球帽 ワンポイント ★REV 7988124 イーグル 鷲 刺繍 ミリタリー BIGSIZE キングサイズ 送料無料","ONESIZE","メッシュホワイト","X11","Y17",,"0","16","15","-1",
"2026/08/04 19:24:31","受注取込","7986572","7986572X11Y23","【新型/IQOS イルマ i ワン用】アイコス イルマiワン ILUMA ケース 保護ケース NEK ★REVL 7986572 iqosイルマワン イルマワンカバー 耐衝撃 おしゃれ iqos iluma one 専用 IQOSイルマワン保護ケース レザー ヒョウ柄 ペイズリー 保護カバー アイコスケース アクセサリー 送料無料","イルマiワン","67","X11","Y23",,"0","14","13","-1",
"2026/08/04 19:24:55","受注取込","7988215","7988215X18Y14","【とにかくデカい！】 大きいサイズ キャップ メッシュキャップ 送料無料 大きめ ビッグサイズ BIG SIZE ★REV 7988215 <br> 帽子 ハット キャップ ワークキャップ メンズキャップ 大きいサイズ バケット 大きい帽子 メンズ バケハ メンズ帽子 大きい 頭 メッシュ 全39カラー","HH","4","X18","Y14",,"0","3","2","-1",
"2026/08/04 19:32:56","受注取込","7987400","7987400X11Y28","【とにかくデカい！/普通サイズあり！】キャップ メンズ 大きいサイズ 帽子 深め ビッグサイズ ★REVM 7987400 BIG SIZE メンズキャップ帽子 大きめ 大きい帽子 メンズ帽子 レディース 春 夏 春夏 プレゼント ギフト 母の日 父の日 送料無料","大きいサイズ","R-グレー","X11","Y28",,"0","10","9","-1",
"2026/08/04 19:34:25","受注取込","7987946","7987946X11Y11","【お得な3個セット】犬 ナスカン カラビナ キーホルダー キーフック キーケース NEK ★REV 7987946 カラナビ プレゼント ギフト アクセサリー 送料無料","ONESIZE","3色MIX","X11","Y11",,"0","95","94","-1",
"2026/08/04 19:34:37","受注取込","8003102","8003102X17Y11","やみつきになる！ ストレッチ AVIREX アビレックス Tシャツ メンズ ★REV NEK 6143501 6143502 Vネック クルーネック 半袖 プレゼント ギフト","クルーネック_ブラック_009","Sサイズ","X17","Y11",,"0","1","0","-1",
"2026/08/04 19:40:25","受注取込","7988163","7988163X11Y11","【錆びないチタン】メンズブレスレット ブレスレット メンズ つけっぱなし NEK ★REV 7988163 チタン ブレスレット ワイヤーブレスレット シンプル バングル おしゃれ 送料無料 シルバー ゴールド ブラック","ONESIZE","シルバー","X11","Y11",,"0","17","16","-1",
"2026/08/04 19:44:25","受注取込","7992723","7992723X12Y11","お得！ 送料無料 4枚入り 福袋 Dickies ディッキーズ ボクサーパンツ メンズ かわいい NEK ★REV <br> パンツ ボクサーパンツ セット メンズ下着 メンズボクサーパンツ メンズボクサー 大きいサイズ 大きめ 特大 3L 下着 インナー メンズ usa まとめ買い プレゼント ギフト","L","福袋4枚セット","X12","Y11",,"0","280","279","-1",
"2026/08/04 19:45:55","受注取込","7987687","7987687X11Y11","【長沢ベルト工業】日本製 ベルト メンズ レディース 本革 本皮 イタリアンレザー ★REV Y_KO NKB-001 3.0cm幅 30mm ビジネスベルト カジュアルベルト 長沢ベルト工業 ブランド プレゼント ギフト クリスマス 父の日 バケッタ製法 送料無料","ONESIZE","ブラック","X11","Y11",,"0","19","18","-1",
"2026/08/04 19:48:18","受注取込","7995525","7995525X1Y13","AVIREX 限定モデル キャップ 帽子 父の日 贈り物 プレゼント メンズ ★REV ブラックシリーズ 黒 アビレックス アヴィレックス メッシュキャップ ハンチング ローキャップ バケット ハット ワークキャップ レディース かっこいい yos プレゼント ギフト","ONESIZE","【M】メッシュ_17158500_BIG","X1","Y13",,"0","59","58","-1",
"2026/08/04 19:48:25","受注取込","7986597","7986597X11Y11","【目元リラックス！高純度テラヘルツ】高純度 テラヘルツ アイマスク NEK ★REVL 7986597 重さ150g・包み込む美容ケア・リラクゼーション用 健康 テラヘルツ波 パワーストーン 天然石 アクセサリー プレゼント ギフト プチギフト 母の日 父の日 送料無料","アイマスク","メタリッククローム","X11","Y11",,"0","25","23","-2",
"2026/08/04 19:50:05","受注取込","7987169","7987169X11Y12","【本革 コンパクト】財布 レディース メンズ ミニ財布 短財布 ミニウォレット NEK ★REVH 7987169 エンボス レザー 革 本革 牛革 ショートウォレット さいふ ウォレット 多機能 大容量 男性 ギフト 紳士用 プレゼント 薄い スリム 収納 ラウンドファスナー 送料無料","ONESIZE","ブラック×ブラウン","X11","Y12",,"0","12","11","-1",
"2026/08/04 19:50:55","受注取込","7987137","7987137X11Y13","【最安値に挑戦 日本製】GEVAERT ゲバルト ベルト YKK社製 軽量バックル使用 35mm幅 NEK ★REV 7987137 ゴムベルト GVT-1062 1063 1064 1011 1048 無地 カモフラ柄 ベルギー生地使用 日本製 メンズ レディース カジュアル 入学 卒業 通勤 通学 送料無料","ONESIZE","C","X11","Y13",,"0","4","3","-1",
"2026/08/04 19:52:16","受注取込","7994226","7994226X12Y12","【大きいサイズもあり 限定モデル】AVIREX メッシュキャップ メンズ 帽子 メンズ キャップ メンズ 14023200 14670200 レディース ★REV 父の日 贈り物 プレゼント ブランド アビレックス 送料無料 正規品 ブラック 黒 ネイビー 紺 グレー 灰 yos プレゼント ギフト","大きいサイズ_14670200","80_ブラック","X12","Y12",,"0","34","33","-1",
"2026/08/04 19:58:31","受注取込","7992723","7992723X14Y11","お得！ 送料無料 4枚入り 福袋 Dickies ディッキーズ ボクサーパンツ メンズ かわいい NEK ★REV <br> パンツ ボクサーパンツ セット メンズ下着 メンズボクサーパンツ メンズボクサー 大きいサイズ 大きめ 特大 3L 下着 インナー メンズ usa まとめ買い プレゼント ギフト","3L","福袋4枚セット","X14","Y11",,"0","193","192","-1",
"2026/08/04 20:03:25","受注取込","7992054","7992054X11Y19","【シンプル/おしゃれ】16mm パワーストーン ネックレス メンズ レディース 瑪瑙 オブシディアン タイガーアイ NEK ★REV 7992054 黒曜石 茶水晶 虎目石 金運 財運 仕事運 恋愛 結婚 家庭円満 癒し 幸運 成功運 勝負運 家族運 厄除祈願 天然石 お守り プレゼント 送料無料","ONESIZE","【I】ブルータイガーアイ","X11","Y19",,"0","24","23","-1",
"2026/08/04 20:03:25","受注取込","7992054","7992054X11Y17","【シンプル/おしゃれ】16mm パワーストーン ネックレス メンズ レディース 瑪瑙 オブシディアン タイガーアイ NEK ★REV 7992054 黒曜石 茶水晶 虎目石 金運 財運 仕事運 恋愛 結婚 家庭円満 癒し 幸運 成功運 勝負運 家族運 厄除祈願 天然石 お守り プレゼント 送料無料","ONESIZE","【G】レッドタイガーアイ","X11","Y17",,"0","15","14","-1",
"2026/08/04 20:03:25","受注取込","7986530","7986530X11Y15","【ちょうどいい長さの25cm】全7通り Type-C 充電ケーブル スマホケーブル 急速6A NEK ★REVL 7986530 USB A→Type-C Type-C→Type-C Type-C→ライトニング スマホアクセサリー 新型iphone IQOS対応 短いケーブル 送料無料","ONESIZE","E_Type-C/Type-C【ストレート型】","X11","Y15",,"0","22","20","-2",
"2026/08/04 20:05:01","受注取込","7987678","7987678X12Y14","【洗濯可能】トレーニンググローブ 手袋 筋トレ 筋トレグローブ メンズ レディース 指無し NEK ★REV 7987678 ウェイトリフティング 防滑 クッション性 伸びる 洗濯OK バーベル サイクリング ヨガ グリップ","M","B-ブラック","X12","Y14",,"0","32","31","-1",
"2026/08/04 20:05:01","受注取込","7997141","7997141X14Y11","特大 スイカ ドーナツ 浮き輪 浮輪 送料無料 プール 大人用 子供用 NEK 7997141 ★REV 120cm 90cm 80cm 70cm 60cm サイズ 大きい 大きめ うきわ ウキワ すいか 海 海水浴 ビックフロート 水上 レジャー かわいい フローティングベッド 西瓜 子供用浮き輪 大人 子供 こども","70cm","スイカ","X14","Y11",,"0","84","83","-1",
"2026/08/04 20:06:01","受注取込","7994812","7994812X12Y11","サファリハット メンズ 釣り 帽子 ハット レディース SUNS(サンズ)  撥水 アウトドア 登山 キャンプ バーベキュー NEK ★REV H-051 H-053 送料無料 大きいサイズあり キッズサイズ 子供 UVカット アドベンチャーハット 父の日 プレゼント ユニセックス 春 夏 夏フェス ギフト","大きいサイズ","BK/BLACK(H_051)","X12","Y11",,"0","388","387","-1",
"2026/08/04 20:07:43","受注取込","7994812","7994812X11Y11","サファリハット メンズ 釣り 帽子 ハット レディース SUNS(サンズ)  撥水 アウトドア 登山 キャンプ バーベキュー NEK ★REV H-051 H-053 送料無料 大きいサイズあり キッズサイズ 子供 UVカット アドベンチャーハット 父の日 プレゼント ユニセックス 春 夏 夏フェス ギフト","普通サイズ","BK/BLACK(H_051)","X11","Y11",,"0","52","51","-1",
"2026/08/04 20:09:27","受注取込","7997141","7997141X11Y11","特大 スイカ ドーナツ 浮き輪 浮輪 送料無料 プール 大人用 子供用 NEK 7997141 ★REV 120cm 90cm 80cm 70cm 60cm サイズ 大きい 大きめ うきわ ウキワ すいか 海 海水浴 ビックフロート 水上 レジャー かわいい フローティングベッド 西瓜 子供用浮き輪 大人 子供 こども","120cm","スイカ","X11","Y11",,"0","958","957","-1",
"2026/08/04 20:11:05","受注取込","9009978","9009978X1Y2","帽子 メンズ AVIREX アビレックス 送料無料 キャップ 父の日 プレゼント 贈り物 ニットキャップ メッシュキャップ 大きいサイズ レディース ディッキーズ ローキャップ ワークキャップ ハット ハンチング おしゃれ ロゴ 刺繍 プリント アメカジ HYPE 通販 yos ギフト","A","-2","X1","Y2",,"0","12","11","-1",
"2026/08/04 20:11:05","受注取込","9009978","9009978X11Y6","帽子 メンズ AVIREX アビレックス 送料無料 キャップ 父の日 プレゼント 贈り物 ニットキャップ メッシュキャップ 大きいサイズ レディース ディッキーズ ローキャップ ワークキャップ ハット ハンチング おしゃれ ロゴ 刺繍 プリント アメカジ HYPE 通販 yos ギフト","K","-6","X11","Y6",,"0","17","16","-1",
"2026/08/04 20:11:05","受注取込","9009978","9009978X2Y1","帽子 メンズ AVIREX アビレックス 送料無料 キャップ 父の日 プレゼント 贈り物 ニットキャップ メッシュキャップ 大きいサイズ レディース ディッキーズ ローキャップ ワークキャップ ハット ハンチング おしゃれ ロゴ 刺繍 プリント アメカジ HYPE 通販 yos ギフト","B","-1","X2","Y1",,"0","18","17","-1",
"2026/08/04 20:12:31","受注取込","7987087","7987087X11Y12","Cloud 深め 帽子 キャップ メンズ レディース ★REV 7987087 Vintage CRUSH加工 サイド刺繍 おしゃれ 送料無料","ONESIZE","ブラック","X11","Y12",,"0","6","5","-1",
"2026/08/04 20:13:25","受注取込","7997141","7997141X14Y11","特大 スイカ ドーナツ 浮き輪 浮輪 送料無料 プール 大人用 子供用 NEK 7997141 ★REV 120cm 90cm 80cm 70cm 60cm サイズ 大きい 大きめ うきわ ウキワ すいか 海 海水浴 ビックフロート 水上 レジャー かわいい フローティングベッド 西瓜 子供用浮き輪 大人 子供 こども","70cm","スイカ","X14","Y11",,"0","83","82","-1",
"2026/08/04 20:13:25","受注取込","7990254","7990254X11Y12","【送料無料 速攻配達】AVIREX ニットキャップ ニット帽 帽子 メンズ レディース スウェットキャップ  NEK ★REV 14649300 ルーズ キャップ ブランド アビレックス リバーシブル AX REVERSIBLE SWEAT CAP 送料無料 プレゼント ギフト","ONESIZE","ブラック(80)","X11","Y12",,"0","318","317","-1",
"2026/08/04 20:17:31","受注取込","7986546","7986546X11Y13","【超かわいい】メガネ リング 指輪 レディース 韓国 おもしろ 個性的 フリーサイズ NEK ★REVO 7986546 華奢 ユニーク モチーフリング おしゃれ アクセサリー","ONESIZE","ピンクゴールド","X11","Y13",,"0","30","29","-1",
"2026/08/04 20:18:58","受注取込","7988215","7988215X18Y13","【とにかくデカい！】 大きいサイズ キャップ メッシュキャップ 送料無料 大きめ ビッグサイズ BIG SIZE ★REV 7988215 <br> 帽子 ハット キャップ ワークキャップ メンズキャップ 大きいサイズ バケット 大きい帽子 メンズ バケハ メンズ帽子 大きい 頭 メッシュ 全39カラー","HH","3","X18","Y13",,"0","21","20","-1",
"2026/08/04 20:20:31","受注取込","7987070","7987070X11Y11","【お得な2枚組】X-LARGE XLARGE エクストララージ ボクサーパンツ メンズ アンダーウェア 下着 NEK ★REVL 7987070 かっこいい ツルツル おすすめ 人気 カモフラ タイダイ 炎 迷彩 カモ柄 ブランド 男性 紳士 プレゼント プチギフト 父の日 誕生日 彼氏 父 息子 ギフト 記念日 大きいサイズ 福袋 送料無料","M","2枚組","X11","Y11",,"0","12","11","-1",
"2026/08/04 20:20:33","受注取込","7994812","7994812X11Y33","サファリハット メンズ 釣り 帽子 ハット レディース SUNS(サンズ)  撥水 アウトドア 登山 キャンプ バーベキュー NEK ★REV H-051 H-053 送料無料 大きいサイズあり キッズサイズ 子供 UVカット アドベンチャーハット 父の日 プレゼント ユニセックス 春 夏 夏フェス ギフト","普通サイズ","GREIGE(H-051)","X11","Y33",,"0","95","94","-1",
"2026/08/04 20:27:25","受注取込","7997141","7997141X11Y12","特大 スイカ ドーナツ 浮き輪 浮輪 送料無料 プール 大人用 子供用 NEK 7997141 ★REV 120cm 90cm 80cm 70cm 60cm サイズ 大きい 大きめ うきわ ウキワ すいか 海 海水浴 ビックフロート 水上 レジャー かわいい フローティングベッド 西瓜 子供用浮き輪 大人 子供 こども","120cm","ドーナツイチゴ","X11","Y12",,"0","8","7","-1",
"2026/08/04 20:28:55","受注取込","7987714","7987714X11Y14","【なんと6+1個入り！速攻配達】水風船 水ふうせん 何度も使える ゴミが出ない プール クラッシュボール ★REV NEK 7987714 水遊び 海 川 お風呂 水鉄砲 子供 おもちゃ 繰り返し BALL 水 風船 ボール エコ ウォーターボム リサイクル 安心 安全 送料無料","ワンサイズ","ダイヤ6+1","X11","Y14",,"0","2","1","-1",
"2026/08/04 20:28:55","受注取込","7994812","7994812X11Y13","サファリハット メンズ 釣り 帽子 ハット レディース SUNS(サンズ)  撥水 アウトドア 登山 キャンプ バーベキュー NEK ★REV H-051 H-053 送料無料 大きいサイズあり キッズサイズ 子供 UVカット アドベンチャーハット 父の日 プレゼント ユニセックス 春 夏 夏フェス ギフト","普通サイズ","NAVY(H_051)","X11","Y13",,"0","79","78","-1",
"2026/08/04 20:28:55","受注取込","7986752","7986752X11Y12","収納 サンバイザーホルダー マルチ 車 カーポケット ドライブポケット NEK ★REVL 7986752 おしゃれ サンバイザー ポケット カー用品 収納 カー用品 ペン カードポケット 収納ホルダー サングラスホルダー 車 眼鏡ホルダー カーアクセサリー 送料無料","ONESIZE","グレー","X11","Y12",,"0","26","25","-1",
"2026/08/04 20:31:31","受注取込","7987031","7987031X11Y16","【大人気SUNSより当店限定！】ミニトート バッグ レディース メンズ トートバッグ トート NEK ★REVL 7987031 CRB-001 ミニ 仕切り ポケット ランチバッグ マザーズバッグ 収納 ミリタリー MA-1 シンプル おしゃれ 便利 無地 通勤 通学 ユニセックス ジッパー付き 撥水","ONESIZE","ネイビー","X11","Y16",,"0","59","58","-1",
"2026/08/04 20:32:30","受注取込","7986547","7986547X11Y11","【お得な5枚10点セット】福袋 おなかぷにぷに3Dキャラクターシール 犬猫アニマル NEK ★REVO 7986547 ピンセット付き ぷにぷに触感 ストレス解消 癒しデコシール プレゼント ギフト 送料無料","ONESIZE","5枚10点アソート","X11","Y11",,"0","693","692","-1",
"2026/08/04 20:32:55","受注取込","7994812","7994812X11Y33","サファリハット メンズ 釣り 帽子 ハット レディース SUNS(サンズ)  撥水 アウトドア 登山 キャンプ バーベキュー NEK ★REV H-051 H-053 送料無料 大きいサイズあり キッズサイズ 子供 UVカット アドベンチャーハット 父の日 プレゼント ユニセックス 春 夏 夏フェス ギフト","普通サイズ","GREIGE(H-051)","X11","Y33",,"0","94","93","-1",
"2026/08/04 20:34:55","受注取込","7994812","7994812X12Y33","サファリハット メンズ 釣り 帽子 ハット レディース SUNS(サンズ)  撥水 アウトドア 登山 キャンプ バーベキュー NEK ★REV H-051 H-053 送料無料 大きいサイズあり キッズサイズ 子供 UVカット アドベンチャーハット 父の日 プレゼント ユニセックス 春 夏 夏フェス ギフト","大きいサイズ","GREIGE(H-051)","X12","Y33",,"0","20","19","-1",
"2026/08/04 20:35:36","受注取込","7987093","7987093X11Y11","【新型iphone/IQOS対応】急速5A 3股 Type-C 充電ケーブル スマホケーブル 1.2m 2m 3m typec NEK ★REVL 7987093 新型iphone IQOS対応 USB A→Type-C×3 充電ケーブル 3in1 急速 送料無料","1.2m","ブラック_TypeA/TypeC×3","X11","Y11",,"0","54","53","-1",
"2026/08/04 20:38:25","受注取込","7997141","7997141X13Y13","特大 スイカ ドーナツ 浮き輪 浮輪 送料無料 プール 大人用 子供用 NEK 7997141 ★REV 120cm 90cm 80cm 70cm 60cm サイズ 大きい 大きめ うきわ ウキワ すいか 海 海水浴 ビックフロート 水上 レジャー かわいい フローティングベッド 西瓜 子供用浮き輪 大人 子供 こども","80cm","ドーナツチョコ","X13","Y13",,"0","8","7","-1",
"2026/08/04 20:40:55","受注取込","7997141","7997141X11Y11","特大 スイカ ドーナツ 浮き輪 浮輪 送料無料 プール 大人用 子供用 NEK 7997141 ★REV 120cm 90cm 80cm 70cm 60cm サイズ 大きい 大きめ うきわ ウキワ すいか 海 海水浴 ビックフロート 水上 レジャー かわいい フローティングベッド 西瓜 子供用浮き輪 大人 子供 こども","120cm","スイカ","X11","Y11",,"0","957","956","-1",
"2026/08/04 20:42:25","受注取込","7988125","7988125X11Y11","【カーボンスタイル 大きいサイズ】メッシュキャップ キャップ 帽子 ★REV 7988125 大きいサイズ 大きめ ビッグサイズ BIGサイズ シンプル 無地 カーボン調 プレゼント ギフト 送料無料","ONESIZE","ブラック","X11","Y11",,"0","46","45","-1",
"2026/08/04 20:44:25","受注取込","7997141","7997141X11Y12","特大 スイカ ドーナツ 浮き輪 浮輪 送料無料 プール 大人用 子供用 NEK 7997141 ★REV 120cm 90cm 80cm 70cm 60cm サイズ 大きい 大きめ うきわ ウキワ すいか 海 海水浴 ビックフロート 水上 レジャー かわいい フローティングベッド 西瓜 子供用浮き輪 大人 子供 こども","120cm","ドーナツイチゴ","X11","Y12",,"0","7","6","-1",
"2026/08/04 20:44:25","受注取込","7986511","7986511X11Y16","【本革】 キーケース メンズ レディース 本革 レザー スマートキー キーホルダー 鍵 NEK ★REVL 7986511 キーチェーン 小銭入れ プレゼント ミニギフト 父の日 母の日 送料無料","ONESIZE","オリーブ","X11","Y16",,"0","13","12","-1",
"2026/08/04 20:45:55","受注取込","7986675","7986675X11Y11","【深め/美シルエット】メッシュキャップ キャップ 帽子 メンズ レディース 野球帽 ★REVL 7986675 A-Frame Trucker アメカジ 刺繍 送料無料","ONESIZE","A","X11","Y11",,"0","3","2","-1",
"2026/08/04 20:49:25","受注取込","7997141","7997141X11Y12","特大 スイカ ドーナツ 浮き輪 浮輪 送料無料 プール 大人用 子供用 NEK 7997141 ★REV 120cm 90cm 80cm 70cm 60cm サイズ 大きい 大きめ うきわ ウキワ すいか 海 海水浴 ビックフロート 水上 レジャー かわいい フローティングベッド 西瓜 子供用浮き輪 大人 子供 こども","120cm","ドーナツイチゴ","X11","Y12",,"0","6","5","-1",
"2026/08/04 20:49:25","受注取込","7988215","7988215X16Y15","【とにかくデカい！】 大きいサイズ キャップ メッシュキャップ 送料無料 大きめ ビッグサイズ BIG SIZE ★REV 7988215 <br> 帽子 ハット キャップ ワークキャップ メンズキャップ 大きいサイズ バケット 大きい帽子 メンズ バケハ メンズ帽子 大きい 頭 メッシュ 全39カラー","FF","5","X16","Y15",,"0","71","70","-1",
"2026/08/04 20:51:55","受注取込","7987140","7987140X11Y12","【COOLにマナーを】携帯灰皿 カラビナ付き 吸い殻入れ 金属製 フタ付き 小型 軽量 NEK ★REVL 7987140 喫煙グッズ アッシュトレイ 持ち運び便利 男性 メンズ レディース 送料無料","ONESIZE","B.シルバー","X11","Y12",,"0","18","17","-1",
"2026/08/04 20:54:30","受注取込","7997141","7997141X11Y11","特大 スイカ ドーナツ 浮き輪 浮輪 送料無料 プール 大人用 子供用 NEK 7997141 ★REV 120cm 90cm 80cm 70cm 60cm サイズ 大きい 大きめ うきわ ウキワ すいか 海 海水浴 ビックフロート 水上 レジャー かわいい フローティングベッド 西瓜 子供用浮き輪 大人 子供 こども","120cm","スイカ","X11","Y11",,"0","956","955","-1",
"2026/08/04 20:56:55","受注取込","7988047","7988047X11Y16","2WAY ミニ ボストンバッグ メンズ レディース ★REV 7988047 小さめ 小型 ショルダーバッグ ミニバッグ ドラムバッグ 小旅行 アウトドア キャンプ ジム 軽量 送料無料","ONESIZE","オリーブ","X11","Y16",,"0","32","31","-1",
"2026/08/04 20:57:25","受注取込","7997141","7997141X11Y11","特大 スイカ ドーナツ 浮き輪 浮輪 送料無料 プール 大人用 子供用 NEK 7997141 ★REV 120cm 90cm 80cm 70cm 60cm サイズ 大きい 大きめ うきわ ウキワ すいか 海 海水浴 ビックフロート 水上 レジャー かわいい フローティングベッド 西瓜 子供用浮き輪 大人 子供 こども","120cm","スイカ","X11","Y11",,"0","955","954","-1",
"2026/08/04 20:58:01","受注取込","7994812","7994812X11Y12","サファリハット メンズ 釣り 帽子 ハット レディース SUNS(サンズ)  撥水 アウトドア 登山 キャンプ バーベキュー NEK ★REV H-051 H-053 送料無料 大きいサイズあり キッズサイズ 子供 UVカット アドベンチャーハット 父の日 プレゼント ユニセックス 春 夏 夏フェス ギフト","普通サイズ","BLACK(H_051)","X11","Y12",,"0","58","57","-1",
"2026/08/04 20:58:55","受注取込","7987626","7987626X11Y11","【お得な5個セット】LEDライト キーホルダー 小型LEDライト NEK ★REV 7987626 キーライト 高輝度 5灯 LR44 ボタン電池 LTG 送料無料","ONESIZE","5本セット","X11","Y11",,"0","141","140","-1",
"2026/08/04 20:58:55","受注取込","7997141","7997141X11Y11","特大 スイカ ドーナツ 浮き輪 浮輪 送料無料 プール 大人用 子供用 NEK 7997141 ★REV 120cm 90cm 80cm 70cm 60cm サイズ 大きい 大きめ うきわ ウキワ すいか 海 海水浴 ビックフロート 水上 レジャー かわいい フローティングベッド 西瓜 子供用浮き輪 大人 子供 こども","120cm","スイカ","X11","Y11",,"0","954","953","-1",
"2026/08/04 21:01:00","受注取込","7987892","7987892X11Y24","【深めのシルエット】メッシュキャップ キャップ 帽子 メンズ レディース 大きいサイズ 普通サイズ ★REV 7987892","普通サイズ","N","X11","Y24",,"0","11","10","-1",
"2026/08/04 21:01:00","受注取込","7986564","7986564X11Y11","【当店限定/大きいサイズ】BlackRebel 帽子 キャップ メンズ レディース 大きいサイズ ★REVL 7986564 深め Vintage クラッシュ 加工 こなれ感 おしゃれ 送料無料","ONESIZE","ブラック","X11","Y11",,"0","226","225","-1",
"2026/08/04 21:02:01","受注取込","7986789","7986789X11Y11","【小さな笛が身を守る/お得な2個セット】キーホルダー 防犯ホイッスル 防災ホイッスル 口笛 防犯グッズ NEK ★REV 7986789 護身用 女性 災害 大音量 ランドセル 子ども 男の子 女の子 大人 小学生 中学生 卒園 入学 キャンプ 登山 アウトドア プレゼント ギフト アクセサリー 送料無料","ONESIZE","ゴールド×シルバー(2個セット)","X11","Y11",,"0","3","2","-1",
"2026/08/04 21:03:26","受注取込","7987345","7987345X13Y11","【とにかくデカい！】 大きいサイズ キャップ 送料無料 大きめ ビッグサイズ ★REV 7987345 BIG SIZE 帽子 ハット キャップ キャスケット メンズキャップ 大きいサイズ バケット 大きい帽子 メンズ メンズ帽子 大きい 頭 メッシュキャップ","CCC","1","X13","Y11",,"0","13","12","-1",
"2026/08/04 21:03:30","受注取込","7995525","7995525X1Y15","AVIREX 限定モデル キャップ 帽子 父の日 贈り物 プレゼント メンズ ★REV ブラックシリーズ 黒 アビレックス アヴィレックス メッシュキャップ ハンチング ローキャップ バケット ハット ワークキャップ レディース かっこいい yos プレゼント ギフト","ONESIZE","【O】サファリハット_17158400_BIG","X1","Y15",,"0","54","53","-1",
"2026/08/04 21:04:25","受注取込","7997141","7997141X11Y11","特大 スイカ ドーナツ 浮き輪 浮輪 送料無料 プール 大人用 子供用 NEK 7997141 ★REV 120cm 90cm 80cm 70cm 60cm サイズ 大きい 大きめ うきわ ウキワ すいか 海 海水浴 ビックフロート 水上 レジャー かわいい フローティングベッド 西瓜 子供用浮き輪 大人 子供 こども","120cm","スイカ","X11","Y11",,"0","953","952","-1",
"2026/08/04 21:06:55","受注取込","7994812","7994812X12Y12","サファリハット メンズ 釣り 帽子 ハット レディース SUNS(サンズ)  撥水 アウトドア 登山 キャンプ バーベキュー NEK ★REV H-051 H-053 送料無料 大きいサイズあり キッズサイズ 子供 UVカット アドベンチャーハット 父の日 プレゼント ユニセックス 春 夏 夏フェス ギフト","大きいサイズ","BLACK(H_051)","X12","Y12",,"0","84","83","-1",
"2026/08/04 21:07:09","受注取込","7988089","7988089X16Y11","安全靴 スニーカー エアウォーク AIR WALK Y_YU AW-880 レッド迷彩 アクティブライト ローカット メンズ セーフティシューズ 樹脂先芯 軽量 衝撃吸収 負担軽減 作業靴 オシャレ","28.0cm","レッド迷彩","X16","Y11",,"0","187","186","-1",
"2026/08/04 21:08:55","受注取込","7994812","7994812X11Y12","サファリハット メンズ 釣り 帽子 ハット レディース SUNS(サンズ)  撥水 アウトドア 登山 キャンプ バーベキュー NEK ★REV H-051 H-053 送料無料 大きいサイズあり キッズサイズ 子供 UVカット アドベンチャーハット 父の日 プレゼント ユニセックス 春 夏 夏フェス ギフト","普通サイズ","BLACK(H_051)","X11","Y12",,"0","57","56","-1",
"2026/08/04 21:08:55","受注取込","7994812","7994812X12Y19","サファリハット メンズ 釣り 帽子 ハット レディース SUNS(サンズ)  撥水 アウトドア 登山 キャンプ バーベキュー NEK ★REV H-051 H-053 送料無料 大きいサイズあり キッズサイズ 子供 UVカット アドベンチャーハット 父の日 プレゼント ユニセックス 春 夏 夏フェス ギフト","大きいサイズ","TORICO(H_051)","X12","Y19",,"0","23","22","-1",
"2026/08/04 21:09:55","受注取込","7987892","7987892X11Y18","【深めのシルエット】メッシュキャップ キャップ 帽子 メンズ レディース 大きいサイズ 普通サイズ ★REV 7987892","普通サイズ","H","X11","Y18",,"0","13","12","-1",
"2026/08/04 21:10:31","受注取込","7988044","7988044X11Y11","ショルダーバッグ メンズ ワンショルダー 斜め掛け ★REV 7988044 おしゃれバッグ Vintage 斜めがけ メンズボディバック かっこいい ボディバッグ レザー ワンショルダーバッグ カバン 鞄 かばん レザー調 メンズバッグ 斜めがけ メンズショルダーバック 散歩 送料無料","ONESIZE","A_ブラック","X11","Y11",,"0","36","35","-1",
"2026/08/04 21:10:56","受注取込","7995525","7995525X1Y15","AVIREX 限定モデル キャップ 帽子 父の日 贈り物 プレゼント メンズ ★REV ブラックシリーズ 黒 アビレックス アヴィレックス メッシュキャップ ハンチング ローキャップ バケット ハット ワークキャップ レディース かっこいい yos プレゼント ギフト","ONESIZE","【O】サファリハット_17158400_BIG","X1","Y15",,"0","53","52","-1",
"2026/08/04 21:10:56","受注取込","7994812","7994812X11Y25","サファリハット メンズ 釣り 帽子 ハット レディース SUNS(サンズ)  撥水 アウトドア 登山 キャンプ バーベキュー NEK ★REV H-051 H-053 送料無料 大きいサイズあり キッズサイズ 子供 UVカット アドベンチャーハット 父の日 プレゼント ユニセックス 春 夏 夏フェス ギフト","普通サイズ","BROWN(H_051)","X11","Y25",,"0","27","26","-1",
"2026/08/04 21:14:30","受注取込","7994812","7994812X11Y12","サファリハット メンズ 釣り 帽子 ハット レディース SUNS(サンズ)  撥水 アウトドア 登山 キャンプ バーベキュー NEK ★REV H-051 H-053 送料無料 大きいサイズあり キッズサイズ 子供 UVカット アドベンチャーハット 父の日 プレゼント ユニセックス 春 夏 夏フェス ギフト","普通サイズ","BLACK(H_051)","X11","Y12",,"0","56","55","-1",
"2026/08/04 21:20:35","受注取込","7988215","7988215X21Y11","【とにかくデカい！】 大きいサイズ キャップ メッシュキャップ 送料無料 大きめ ビッグサイズ BIG SIZE ★REV 7988215 <br> 帽子 ハット キャップ ワークキャップ メンズキャップ 大きいサイズ バケット 大きい帽子 メンズ バケハ メンズ帽子 大きい 頭 メッシュ 全39カラー","KK","1","X21","Y11",,"0","5","4","-1",
"2026/08/04 21:22:25","受注取込","7994812","7994812X11Y33","サファリハット メンズ 釣り 帽子 ハット レディース SUNS(サンズ)  撥水 アウトドア 登山 キャンプ バーベキュー NEK ★REV H-051 H-053 送料無料 大きいサイズあり キッズサイズ 子供 UVカット アドベンチャーハット 父の日 プレゼント ユニセックス 春 夏 夏フェス ギフト","普通サイズ","GREIGE(H-051)","X11","Y33",,"0","93","92","-1",
"2026/08/04 21:22:25","受注取込","7994812","7994812X12Y14","サファリハット メンズ 釣り 帽子 ハット レディース SUNS(サンズ)  撥水 アウトドア 登山 キャンプ バーベキュー NEK ★REV H-051 H-053 送料無料 大きいサイズあり キッズサイズ 子供 UVカット アドベンチャーハット 父の日 プレゼント ユニセックス 春 夏 夏フェス ギフト","大きいサイズ","KHAKI(H_051)","X12","Y14",,"0","31","30","-1",
"2026/08/04 21:23:25","受注取込","7994812","7994812X12Y33","サファリハット メンズ 釣り 帽子 ハット レディース SUNS(サンズ)  撥水 アウトドア 登山 キャンプ バーベキュー NEK ★REV H-051 H-053 送料無料 大きいサイズあり キッズサイズ 子供 UVカット アドベンチャーハット 父の日 プレゼント ユニセックス 春 夏 夏フェス ギフト","大きいサイズ","GREIGE(H-051)","X12","Y33",,"0","19","18","-1",
"2026/08/04 21:27:29","受注取込","7987482","7987482X11Y15","【均一価格】ネックレス メンズ Vintage NEK ★REV 7987482 レディース アクセサリー ペンダント 316L ステンレス チェーンボール プレゼント プチギフト 送料無料","ONESIZE","E キリストINRI","X11","Y15",,"0","11","10","-1",
"2026/08/04 21:27:56","受注取込","7997141","7997141X12Y11","特大 スイカ ドーナツ 浮き輪 浮輪 送料無料 プール 大人用 子供用 NEK 7997141 ★REV 120cm 90cm 80cm 70cm 60cm サイズ 大きい 大きめ うきわ ウキワ すいか 海 海水浴 ビックフロート 水上 レジャー かわいい フローティングベッド 西瓜 子供用浮き輪 大人 子供 こども","90cm","スイカ","X12","Y11",,"0","50","49","-1",
"2026/08/04 21:29:25","受注取込","7995525","7995525X1Y15","AVIREX 限定モデル キャップ 帽子 父の日 贈り物 プレゼント メンズ ★REV ブラックシリーズ 黒 アビレックス アヴィレックス メッシュキャップ ハンチング ローキャップ バケット ハット ワークキャップ レディース かっこいい yos プレゼント ギフト","ONESIZE","【O】サファリハット_17158400_BIG","X1","Y15",,"0","52","51","-1",
"2026/08/04 21:30:55","受注取込","7994812","7994812X11Y33","サファリハット メンズ 釣り 帽子 ハット レディース SUNS(サンズ)  撥水 アウトドア 登山 キャンプ バーベキュー NEK ★REV H-051 H-053 送料無料 大きいサイズあり キッズサイズ 子供 UVカット アドベンチャーハット 父の日 プレゼント ユニセックス 春 夏 夏フェス ギフト","普通サイズ","GREIGE(H-051)","X11","Y33",,"0","92","91","-1",
"2026/08/04 21:31:55","受注取込","7987400","7987400X11Y25","【とにかくデカい！/普通サイズあり！】キャップ メンズ 大きいサイズ 帽子 深め ビッグサイズ ★REVM 7987400 BIG SIZE メンズキャップ帽子 大きめ 大きい帽子 メンズ帽子 レディース 春 夏 春夏 プレゼント ギフト 母の日 父の日 送料無料","大きいサイズ","O-ネイビー","X11","Y25",,"0","20","19","-1",
"2026/08/04 21:34:01","受注取込","7987074","7987074X12Y11","【くすみカラー 超軽量】サファリハット バケットハット メンズ レディース 普通サイズ 大きいサイズ アドベンチャーハット NEK ★REV 7987074 撥水 速乾 軽量 折り畳める UV カット アウトドア キャンプ 登山 ウォーキング 散歩 日焼け防止 紫外線防止 送料無料","大きいサイズ","ブラック","X12","Y11",,"0","3","2","-1",
"2026/08/04 21:34:01","受注取込","7995525","7995525X1Y14","AVIREX 限定モデル キャップ 帽子 父の日 贈り物 プレゼント メンズ ★REV ブラックシリーズ 黒 アビレックス アヴィレックス メッシュキャップ ハンチング ローキャップ バケット ハット ワークキャップ レディース かっこいい yos プレゼント ギフト","ONESIZE","【N】サファリハット_17158300","X1","Y14",,"0","129","128","-1",
"2026/08/04 21:40:25","受注取込","7987400","7987400X11Y12","【とにかくデカい！/普通サイズあり！】キャップ メンズ 大きいサイズ 帽子 深め ビッグサイズ ★REVM 7987400 BIG SIZE メンズキャップ帽子 大きめ 大きい帽子 メンズ帽子 レディース 春 夏 春夏 プレゼント ギフト 母の日 父の日 送料無料","大きいサイズ","B-ホワイト","X11","Y12",,"0","35","34","-1",
"2026/08/04 21:41:55","受注取込","7997141","7997141X11Y11","特大 スイカ ドーナツ 浮き輪 浮輪 送料無料 プール 大人用 子供用 NEK 7997141 ★REV 120cm 90cm 80cm 70cm 60cm サイズ 大きい 大きめ うきわ ウキワ すいか 海 海水浴 ビックフロート 水上 レジャー かわいい フローティングベッド 西瓜 子供用浮き輪 大人 子供 こども","120cm","スイカ","X11","Y11",,"0","952","951","-1",
"2026/08/04 21:44:25","受注取込","7997141","7997141X11Y11","特大 スイカ ドーナツ 浮き輪 浮輪 送料無料 プール 大人用 子供用 NEK 7997141 ★REV 120cm 90cm 80cm 70cm 60cm サイズ 大きい 大きめ うきわ ウキワ すいか 海 海水浴 ビックフロート 水上 レジャー かわいい フローティングベッド 西瓜 子供用浮き輪 大人 子供 こども","120cm","スイカ","X11","Y11",,"0","951","950","-1",
"2026/08/04 21:46:55","受注取込","7988386","7988386X11Y14","【高輝度・省電力】LED 卓上 ライト 間接照明 おしゃれ テーブルランプ 北欧 ベッドライト ★REV 7988386 照明 ランプ 一人暮らし ナイトランプ ムードランプ インテリア 雑貨 スタンドライト フロアライト ベッドサイド ルームライト 寝室 usb 電気スタンド フロアランプ","ONESIZE","キャメル","X11","Y14",,"0","148","147","-1",
"2026/08/04 21:48:25","受注取込","7987029","7987029X11Y12","【直射日光をはね返す】コカゲル キャップ 洗濯機洗いOK 体感マイナス10℃ UV NEK ★REV CC2R502 7987029 アウトドア SEK サイズ調整 大きいサイズ ユニセックス アウトドア 夏 対策 熱中症 木陰 日よけ 日焼け 送料無料","ONESIZE","ネイビー","X11","Y12",,"0","75","74","-1",
"2026/08/04 21:50:28","受注取込","7997141","7997141X11Y11","特大 スイカ ドーナツ 浮き輪 浮輪 送料無料 プール 大人用 子供用 NEK 7997141 ★REV 120cm 90cm 80cm 70cm 60cm サイズ 大きい 大きめ うきわ ウキワ すいか 海 海水浴 ビックフロート 水上 レジャー かわいい フローティングベッド 西瓜 子供用浮き輪 大人 子供 こども","120cm","スイカ","X11","Y11",,"0","950","949","-1",
"2026/08/04 21:57:55","受注取込","7994812","7994812X12Y33","サファリハット メンズ 釣り 帽子 ハット レディース SUNS(サンズ)  撥水 アウトドア 登山 キャンプ バーベキュー NEK ★REV H-051 H-053 送料無料 大きいサイズあり キッズサイズ 子供 UVカット アドベンチャーハット 父の日 プレゼント ユニセックス 春 夏 夏フェス ギフト","大きいサイズ","GREIGE(H-051)","X12","Y33",,"0","18","17","-1",
"2026/08/04 22:06:55","受注取込","7987073","7987073X12Y13","【くすみカラー 超軽量】バケットハット サファリハット メンズ レディース 普通サイズ 大きいサイズ NEK ★REV 7987073 アドベンチャーハット 撥水 速乾 軽量 折り畳める UV カット アウトドア キャンプ 登山 ウォーキング 散歩 日焼け防止 紫外線防止 送料無料","大きいサイズ","ブラック","X12","Y13",,"0","5","4","-1",
"2026/08/04 22:07:30","受注取込","7990512","7990512X11Y12","リーフ ネックレス レディース ロングネックレス 葉っぱ 大きめ アクセサリー かわいい ナチュラル アンティーク風 プレゼント 贈り物 ギフト NEK 7990512 プレゼント ギフト","ONESIZE","ダークブラウン","X11","Y12",,"0","13","12","-1",
"2026/08/04 22:10:06","受注取込","7986527","7986527X13Y11","【シリコン製/つけっぱなし】シリコンリング 指輪 メンズ レディース 軽量 耐水 NEK ★REVL 7986527 ユニセックス プレゼント ギフト ミニマル アクセサリー 送料無料","19号","ブラック","X13","Y11",,"0","8","7","-1",
"2026/08/04 22:10:25","受注取込","7997141","7997141X15Y11","特大 スイカ ドーナツ 浮き輪 浮輪 送料無料 プール 大人用 子供用 NEK 7997141 ★REV 120cm 90cm 80cm 70cm 60cm サイズ 大きい 大きめ うきわ ウキワ すいか 海 海水浴 ビックフロート 水上 レジャー かわいい フローティングベッド 西瓜 子供用浮き輪 大人 子供 こども","60cm","スイカ","X15","Y11",,"0","87","86","-1",
"2026/08/04 22:12:25","受注取込","7992723","7992723X14Y11","お得！ 送料無料 4枚入り 福袋 Dickies ディッキーズ ボクサーパンツ メンズ かわいい NEK ★REV <br> パンツ ボクサーパンツ セット メンズ下着 メンズボクサーパンツ メンズボクサー 大きいサイズ 大きめ 特大 3L 下着 インナー メンズ usa まとめ買い プレゼント ギフト","3L","福袋4枚セット","X14","Y11",,"0","192","191","-1",
"2026/08/04 22:14:25","受注取込","7994812","7994812X12Y13","サファリハット メンズ 釣り 帽子 ハット レディース SUNS(サンズ)  撥水 アウトドア 登山 キャンプ バーベキュー NEK ★REV H-051 H-053 送料無料 大きいサイズあり キッズサイズ 子供 UVカット アドベンチャーハット 父の日 プレゼント ユニセックス 春 夏 夏フェス ギフト","大きいサイズ","NAVY(H_051)","X12","Y13",,"0","32","31","-1",
"2026/08/04 22:15:55","受注取込","7994812","7994812X12Y23","サファリハット メンズ 釣り 帽子 ハット レディース SUNS(サンズ)  撥水 アウトドア 登山 キャンプ バーベキュー NEK ★REV H-051 H-053 送料無料 大きいサイズあり キッズサイズ 子供 UVカット アドベンチャーハット 父の日 プレゼント ユニセックス 春 夏 夏フェス ギフト","大きいサイズ","BLUE(H_051)","X12","Y23",,"0","17","16","-1",
"2026/08/04 22:19:55","受注取込","7988215","7988215X11Y11","【とにかくデカい！】 大きいサイズ キャップ メッシュキャップ 送料無料 大きめ ビッグサイズ BIG SIZE ★REV 7988215 <br> 帽子 ハット キャップ ワークキャップ メンズキャップ 大きいサイズ バケット 大きい帽子 メンズ バケハ メンズ帽子 大きい 頭 メッシュ 全39カラー","AA","1","X11","Y11",,"0","9","7","-2",
"2026/08/04 22:19:55","受注取込","7986467","7986467X11Y14","【スタイルに合わせて使える2WAY仕様】ゴムベルト レディース 伸縮 ストライプ ACRHT042 NEK 7986467 2cm幅 フック式 ベルトループ対応 ウエストマーク 選べる4カラー","ONESIZE","オリーブ","X11","Y14",,"0","97","96","-1",
"2026/08/04 22:22:25","受注取込","7994812","7994812X12Y11","サファリハット メンズ 釣り 帽子 ハット レディース SUNS(サンズ)  撥水 アウトドア 登山 キャンプ バーベキュー NEK ★REV H-051 H-053 送料無料 大きいサイズあり キッズサイズ 子供 UVカット アドベンチャーハット 父の日 プレゼント ユニセックス 春 夏 夏フェス ギフト","大きいサイズ","BK/BLACK(H_051)","X12","Y11",,"0","387","386","-1",
"2026/08/04 22:22:25","受注取込","7994812","7994812X12Y19","サファリハット メンズ 釣り 帽子 ハット レディース SUNS(サンズ)  撥水 アウトドア 登山 キャンプ バーベキュー NEK ★REV H-051 H-053 送料無料 大きいサイズあり キッズサイズ 子供 UVカット アドベンチャーハット 父の日 プレゼント ユニセックス 春 夏 夏フェス ギフト","大きいサイズ","TORICO(H_051)","X12","Y19",,"0","22","21","-1",
"2026/08/04 22:23:00","受注取込","7986747","7986747X11Y11","【日焼けシェード付き】サファリハット シェード メンズ 釣り 帽子 ハット レディース SUNS(サンズ) 撥水 アウトドア 登山 キャンプ バーベキュー NEK ★REVL H-051 送料無料 大きいサイズあり キッズサイズ 子供 UVカット アドベンチャーハット 父の日 プレゼント ユニセックス 春 夏 夏フェス ギフト","普通サイズ","SHADE_BK/BLACK(H_051)","X11","Y11",,"0","81","80","-1",
"2026/08/04 22:28:26","受注取込","7987697","7987697X11Y11","【速攻配達】冷やスマPRO 盛夏用 スマホ熱中症対策 冷却 クーラー ★REV NEK スマートフォン専用常温保冷剤 熱暴走 結露なし スマホ 冷感 冷却 HIYASUMA","ONESIZE","ホワイト","X11","Y11",,"0","420","418","-2",
"2026/08/04 22:28:26","受注取込","7986799","7986799X11Y11","【なんと！5股/データー転送OK】type-c ケーブル 新型iphone/IQOS対応 充電ケーブル NEK ★REVL 7986799 スマホケーブル 1.5m USB A→Type-C×3 充電ケーブル 5in1 急速 スマホ アクセサリー送料無料","ONESIZE","ブラック","X11","Y11",,"0","14","13","-1",
"2026/08/04 22:28:26","受注取込","7997141","7997141X11Y11","特大 スイカ ドーナツ 浮き輪 浮輪 送料無料 プール 大人用 子供用 NEK 7997141 ★REV 120cm 90cm 80cm 70cm 60cm サイズ 大きい 大きめ うきわ ウキワ すいか 海 海水浴 ビックフロート 水上 レジャー かわいい フローティングベッド 西瓜 子供用浮き輪 大人 子供 こども","120cm","スイカ","X11","Y11",,"0","949","948","-1",
"2026/08/04 22:29:35","受注取込","7994812","7994812X11Y13","サファリハット メンズ 釣り 帽子 ハット レディース SUNS(サンズ)  撥水 アウトドア 登山 キャンプ バーベキュー NEK ★REV H-051 H-053 送料無料 大きいサイズあり キッズサイズ 子供 UVカット アドベンチャーハット 父の日 プレゼント ユニセックス 春 夏 夏フェス ギフト","普通サイズ","NAVY(H_051)","X11","Y13",,"0","78","77","-1",
"2026/08/04 22:30:04","受注取込","7987070","7987070X11Y11","【お得な2枚組】X-LARGE XLARGE エクストララージ ボクサーパンツ メンズ アンダーウェア 下着 NEK ★REVL 7987070 かっこいい ツルツル おすすめ 人気 カモフラ タイダイ 炎 迷彩 カモ柄 ブランド 男性 紳士 プレゼント プチギフト 父の日 誕生日 彼氏 父 息子 ギフト 記念日 大きいサイズ 福袋 送料無料","M","2枚組","X11","Y11",,"0","11","10","-1",
"2026/08/04 22:30:06","受注取込","7986521","7986521X11Y13","【背中ひんやりメッシュ！】フロート 浮き輪 ベッドタイプ 150cm 大人用 ビーチマット NEK ★REVL 7986521 リゾート プール 海 SNS映え PVC素材 送料無料","ONESIZE","パープル","X11","Y13",,"0","20","19","-1",
"2026/08/04 22:30:06","受注取込","7988215","7988215X22Y15","【とにかくデカい！】 大きいサイズ キャップ メッシュキャップ 送料無料 大きめ ビッグサイズ BIG SIZE ★REV 7988215 <br> 帽子 ハット キャップ ワークキャップ メンズキャップ 大きいサイズ バケット 大きい帽子 メンズ バケハ メンズ帽子 大きい 頭 メッシュ 全39カラー","LL","5","X22","Y15",,"0","9","8","-1",
"2026/08/04 22:30:07","受注取込","7987400","7987400X11Y31","【とにかくデカい！/普通サイズあり！】キャップ メンズ 大きいサイズ 帽子 深め ビッグサイズ ★REVM 7987400 BIG SIZE メンズキャップ帽子 大きめ 大きい帽子 メンズ帽子 レディース 春 夏 春夏 プレゼント ギフト 母の日 父の日 送料無料","大きいサイズ","U-ホワイト","X11","Y31",,"0","12","11","-1",
"2026/08/04 22:31:01","受注取込","7987093","7987093X11Y11","【新型iphone/IQOS対応】急速5A 3股 Type-C 充電ケーブル スマホケーブル 1.2m 2m 3m typec NEK ★REVL 7987093 新型iphone IQOS対応 USB A→Type-C×3 充電ケーブル 3in1 急速 送料無料","1.2m","ブラック_TypeA/TypeC×3","X11","Y11",,"0","53","52","-1",
"2026/08/04 22:34:55","受注取込","8009841","8009841X11Y21","リング 指輪 メンズ レディース チタン アクセサリー 梵字 シンプル NEK ★REV 7987947 8009841 指輪 六字真言 心経 麻雀牌 ユニセックス シルバー ブラック ローマ数字 トライバル 十字架 送料無料","14号(海外表記7)","K","X11","Y21",,"0","2","1","-1",
"2026/08/04 22:35:00","受注取込","7990619","7990619X11Y11","アルコール ジェル 除菌 消毒 500ml 62% 【50mlのミニボトル2本付き あす楽】 エタノール ハンドジェル アルコール 消毒 アルコール 除菌 アルコール消毒液 500ml アメリカFDA 認証商品 ウイルス対策  7990619 プレゼント ギフト","500ml","ジェルタイプ","X11","Y11",,"0","931","915","-16",
"2026/08/04 22:36:25","受注取込","7997141","7997141X11Y11","特大 スイカ ドーナツ 浮き輪 浮輪 送料無料 プール 大人用 子供用 NEK 7997141 ★REV 120cm 90cm 80cm 70cm 60cm サイズ 大きい 大きめ うきわ ウキワ すいか 海 海水浴 ビックフロート 水上 レジャー かわいい フローティングベッド 西瓜 子供用浮き輪 大人 子供 こども","120cm","スイカ","X11","Y11",,"0","948","947","-1",
"2026/08/04 22:36:25","受注取込","7994812","7994812X12Y13","サファリハット メンズ 釣り 帽子 ハット レディース SUNS(サンズ)  撥水 アウトドア 登山 キャンプ バーベキュー NEK ★REV H-051 H-053 送料無料 大きいサイズあり キッズサイズ 子供 UVカット アドベンチャーハット 父の日 プレゼント ユニセックス 春 夏 夏フェス ギフト","大きいサイズ","NAVY(H_051)","X12","Y13",,"0","31","30","-1",
"2026/08/04 22:38:00","受注取込","8003102","8003102X12Y11","やみつきになる！ ストレッチ AVIREX アビレックス Tシャツ メンズ ★REV NEK 6143501 6143502 Vネック クルーネック 半袖 プレゼント ギフト","Vネック_ブラック_009","Sサイズ","X12","Y11",,"0","2","1","-1",
"2026/08/04 22:39:26","受注取込","7986747","7986747X12Y11","【日焼けシェード付き】サファリハット シェード メンズ 釣り 帽子 ハット レディース SUNS(サンズ) 撥水 アウトドア 登山 キャンプ バーベキュー NEK ★REVL H-051 送料無料 大きいサイズあり キッズサイズ 子供 UVカット アドベンチャーハット 父の日 プレゼント ユニセックス 春 夏 夏フェス ギフト","大きいサイズ","SHADE_BK/BLACK(H_051)","X12","Y11",,"0","119","118","-1",
"2026/08/04 22:40:08","受注取込","7987070","7987070X12Y11","【お得な2枚組】X-LARGE XLARGE エクストララージ ボクサーパンツ メンズ アンダーウェア 下着 NEK ★REVL 7987070 かっこいい ツルツル おすすめ 人気 カモフラ タイダイ 炎 迷彩 カモ柄 ブランド 男性 紳士 プレゼント プチギフト 父の日 誕生日 彼氏 父 息子 ギフト 記念日 大きいサイズ 福袋 送料無料","L","2枚組","X12","Y11",,"0","21","20","-1",
"2026/08/04 22:40:39","受注取込","7987085","7987085X11Y40","【とにかくデカい！】大きいサイズ キャップ 大きめ 深い 深め ビッグサイズ BIG SIZE ★REV 7987085 メンズキャップ帽子 大きい帽子 メンズ帽子 レディース 春 夏 春夏 プレゼント ギフト 母の日 父の日 送料無料","YA","30","X11","Y40",,"0","13","12","-1",
"2026/08/04 22:41:55","受注取込","7994812","7994812X12Y33","サファリハット メンズ 釣り 帽子 ハット レディース SUNS(サンズ)  撥水 アウトドア 登山 キャンプ バーベキュー NEK ★REV H-051 H-053 送料無料 大きいサイズあり キッズサイズ 子供 UVカット アドベンチャーハット 父の日 プレゼント ユニセックス 春 夏 夏フェス ギフト","大きいサイズ","GREIGE(H-051)","X12","Y33",,"0","17","16","-1",
"2026/08/04 22:46:31","受注取込","7998755","7998755X11Y14","5WAY ボディバッグ メンズ 鞄 かばん カバン ショルダーバッグ ★REV 7998755(7999489) 迷彩 カモフラージュ サコッシュ ミリタリー キャンプ アウトドア サバゲー Military ALI","ONESIZE","オリーブMIX","X11","Y14",,"0","26","25","-1",
"2026/08/04 22:48:55","受注取込","7997141","7997141X11Y11","特大 スイカ ドーナツ 浮き輪 浮輪 送料無料 プール 大人用 子供用 NEK 7997141 ★REV 120cm 90cm 80cm 70cm 60cm サイズ 大きい 大きめ うきわ ウキワ すいか 海 海水浴 ビックフロート 水上 レジャー かわいい フローティングベッド 西瓜 子供用浮き輪 大人 子供 こども","120cm","スイカ","X11","Y11",,"0","947","946","-1",
"2026/08/04 22:48:55","受注取込","7992723","7992723X11Y11","お得！ 送料無料 4枚入り 福袋 Dickies ディッキーズ ボクサーパンツ メンズ かわいい NEK ★REV <br> パンツ ボクサーパンツ セット メンズ下着 メンズボクサーパンツ メンズボクサー 大きいサイズ 大きめ 特大 3L 下着 インナー メンズ usa まとめ買い プレゼント ギフト","M","福袋4枚セット","X11","Y11",,"0","197","196","-1",
"2026/08/04 22:53:55","受注取込","7986651","7986651X11Y11","【銅×グラフェンの力で、スマホを瞬冷！】スマホ熱中症対策 冷却 クーラー NEK ★REVL 7986651 スマートフォン 保冷 結露なし スマホ 冷感 冷却 iphone アクセサリー 送料無料","ONESIZE","ブラック","X11","Y11",,"0","100","99","-1",
"2026/08/04 22:53:55","受注取込","7992495","7992495X11Y13","ブレスレット バングル メンズ レディース サバイバル パラコード 笛付き リフレクター素材 サバゲー ミリタリー アクセサリー プレゼント 送料無料  NEK ALI 7992495 190707","ONESIZE","C","X11","Y13",,"0","25","24","-1",
"2026/08/04 22:53:55","受注取込","7992495","7992495X11Y11","ブレスレット バングル メンズ レディース サバイバル パラコード 笛付き リフレクター素材 サバゲー ミリタリー アクセサリー プレゼント 送料無料  NEK ALI 7992495 190707","ONESIZE","A","X11","Y11",,"0","28","27","-1",
"2026/08/04 22:56:55","受注取込","7994812","7994812X11Y17","サファリハット メンズ 釣り 帽子 ハット レディース SUNS(サンズ)  撥水 アウトドア 登山 キャンプ バーベキュー NEK ★REV H-051 H-053 送料無料 大きいサイズあり キッズサイズ 子供 UVカット アドベンチャーハット 父の日 プレゼント ユニセックス 春 夏 夏フェス ギフト","普通サイズ","YELLOW(H_051)","X11","Y17",,"0","17","16","-1",
"2026/08/04 22:57:01","受注取込","7986651","7986651X11Y11","【銅×グラフェンの力で、スマホを瞬冷！】スマホ熱中症対策 冷却 クーラー NEK ★REVL 7986651 スマートフォン 保冷 結露なし スマホ 冷感 冷却 iphone アクセサリー 送料無料","ONESIZE","ブラック","X11","Y11",,"0","99","98","-1",
"2026/08/04 23:00:14","受注取込","7987439","7987439X11Y16","【通気性◎】メッシュキャップ メンズ 帽子 7987439 ★REV 野球帽 普通サイズ 56cm～59cm 大きいサイズ ビッグサイズ 59cm～63cm BIG 刺繍 プレゼント ギフト 送料無料","普通サイズ","ホワイト","X11","Y16",,"0","4","3","-1",
"2026/08/04 23:00:14","受注取込","7987439","7987439X12Y15","【通気性◎】メッシュキャップ メンズ 帽子 7987439 ★REV 野球帽 普通サイズ 56cm～59cm 大きいサイズ ビッグサイズ 59cm～63cm BIG 刺繍 プレゼント ギフト 送料無料","大きいサイズ","グレー","X12","Y15",,"0","22","21","-1",
"2026/08/04 23:01:25","受注取込","7994812","7994812X11Y11","サファリハット メンズ 釣り 帽子 ハット レディース SUNS(サンズ)  撥水 アウトドア 登山 キャンプ バーベキュー NEK ★REV H-051 H-053 送料無料 大きいサイズあり キッズサイズ 子供 UVカット アドベンチャーハット 父の日 プレゼント ユニセックス 春 夏 夏フェス ギフト","普通サイズ","BK/BLACK(H_051)","X11","Y11",,"0","51","50","-1",
"2026/08/04 23:03:01","受注取込","8003102","8003102X19Y13","やみつきになる！ ストレッチ AVIREX アビレックス Tシャツ メンズ ★REV NEK 6143501 6143502 Vネック クルーネック 半袖 プレゼント ギフト","クルーネック_チャコール_019","Lサイズ","X19","Y13",,"0","3","2","-1",
"2026/08/04 23:03:01","受注取込","8003102","8003102X22Y13","やみつきになる！ ストレッチ AVIREX アビレックス Tシャツ メンズ ★REV NEK 6143501 6143502 Vネック クルーネック 半袖 プレゼント ギフト","クルーネック_ネイビー(ロイヤル)_086","Lサイズ","X22","Y13",,"0","2","1","-1",
"2026/08/04 23:03:59","受注取込","7987883","7987883X11Y15","【カウリ貝】麦わら帽子 メンズ レディース ストローハット 中折れハット ★REV 7987883 幅広 帽子 麦わらハット 夏 ペーパー ハット おしゃれ プレゼント プチギフト 送料無料","ONESIZE","ブルー(ネイビー)","X11","Y15",,"0","3","2","-1",
"2026/08/04 23:06:01","受注取込","7994812","7994812X12Y24","サファリハット メンズ 釣り 帽子 ハット レディース SUNS(サンズ)  撥水 アウトドア 登山 キャンプ バーベキュー NEK ★REV H-051 H-053 送料無料 大きいサイズあり キッズサイズ 子供 UVカット アドベンチャーハット 父の日 プレゼント ユニセックス 春 夏 夏フェス ギフト","大きいサイズ","BEIGE(H_051)","X12","Y24",,"0","40","39","-1",
"2026/08/04 23:13:00","受注取込","7987121","7987121X11Y11","Vintage キャスケット ハンチング メンズ レディース デニム素材 キャスハンチング NEK ★REV 7987121 ハット 鳥打帽 アクセサリー 送料無料","ONESIZE","ネイビー","X11","Y11",,"0","1","0","-1",
"2026/08/04 23:13:00","受注取込","7986752","7986752X11Y12","収納 サンバイザーホルダー マルチ 車 カーポケット ドライブポケット NEK ★REVL 7986752 おしゃれ サンバイザー ポケット カー用品 収納 カー用品 ペン カードポケット 収納ホルダー サングラスホルダー 車 眼鏡ホルダー カーアクセサリー 送料無料","ONESIZE","グレー","X11","Y12",,"0","25","24","-1",
"2026/08/04 23:21:25","受注取込","7987029","7987029X11Y17","【直射日光をはね返す】コカゲル キャップ 洗濯機洗いOK 体感マイナス10℃ UV NEK ★REV CC2R502 7987029 アウトドア SEK サイズ調整 大きいサイズ ユニセックス アウトドア 夏 対策 熱中症 木陰 日よけ 日焼け 送料無料","ONESIZE","グレージュ","X11","Y17",,"0","116","115","-1",
"2026/08/04 23:28:55","受注取込","7994812","7994812X11Y32","サファリハット メンズ 釣り 帽子 ハット レディース SUNS(サンズ)  撥水 アウトドア 登山 キャンプ バーベキュー NEK ★REV H-051 H-053 送料無料 大きいサイズあり キッズサイズ 子供 UVカット アドベンチャーハット 父の日 プレゼント ユニセックス 春 夏 夏フェス ギフト","普通サイズ","T.BLUE(H_051)","X11","Y32",,"0","20","19","-1",
"2026/08/04 23:29:01","受注取込","7987559","7987559X11Y11","ミニ財布 ミニウォレット 短財布 メンズ レディース ウォレット NEK ★REV 7987559 プレゼント ギフト 父の日 母の日 プチギフト 誕プレ 送料無料","ONESIZE","グレー","X11","Y11",,"0","9","8","-1",
"2026/08/04 23:29:55","受注取込","7988215","7988215X16Y15","【とにかくデカい！】 大きいサイズ キャップ メッシュキャップ 送料無料 大きめ ビッグサイズ BIG SIZE ★REV 7988215 <br> 帽子 ハット キャップ ワークキャップ メンズキャップ 大きいサイズ バケット 大きい帽子 メンズ バケハ メンズ帽子 大きい 頭 メッシュ 全39カラー","FF","5","X16","Y15",,"0","70","69","-1",
"2026/08/04 23:30:52","受注取込","7986531","7986531X11Y21","【新型/IQOS イルマ i ワン用】アイコス イルマiワン ILUMA ケース 保護ケース NEK ★REVL 7986531 iqosイルマワン イルマワンカバー 耐衝撃 おしゃれ iqos iluma one 専用 IQOSイルマワン保護ケース レザー ヒョウ柄 ペイズリー 保護カバー アイコスケース アクセサリー 送料無料","ONESIZE","104","X11","Y21",,"0","19","18","-1",
"2026/08/04 23:30:56","受注取込","7994812","7994812X11Y12","サファリハット メンズ 釣り 帽子 ハット レディース SUNS(サンズ)  撥水 アウトドア 登山 キャンプ バーベキュー NEK ★REV H-051 H-053 送料無料 大きいサイズあり キッズサイズ 子供 UVカット アドベンチャーハット 父の日 プレゼント ユニセックス 春 夏 夏フェス ギフト","普通サイズ","BLACK(H_051)","X11","Y12",,"0","55","54","-1",
"2026/08/04 23:32:25","受注取込","7994812","7994812X11Y11","サファリハット メンズ 釣り 帽子 ハット レディース SUNS(サンズ)  撥水 アウトドア 登山 キャンプ バーベキュー NEK ★REV H-051 H-053 送料無料 大きいサイズあり キッズサイズ 子供 UVカット アドベンチャーハット 父の日 プレゼント ユニセックス 春 夏 夏フェス ギフト","普通サイズ","BK/BLACK(H_051)","X11","Y11",,"0","50","49","-1",
"2026/08/04 23:32:31","受注取込","7988120","7988120X11Y14","【とにかくデカい！】大きいサイズ キャップ 帽子 ビッグサイズ BIGサイズ 大きめ メンズ ウール ★REV 7988120 WOOL50％ メルトン プレゼント ギフト 送料無料","ONESIZE","ブラック×ホワイト","X11","Y14",,"0","6","5","-1",
"2026/08/04 23:33:55","受注取込","7987140","7987140X11Y11","【COOLにマナーを】携帯灰皿 カラビナ付き 吸い殻入れ 金属製 フタ付き 小型 軽量 NEK ★REVL 7987140 喫煙グッズ アッシュトレイ 持ち運び便利 男性 メンズ レディース 送料無料","ONESIZE","A.ブラック","X11","Y11",,"0","14","13","-1",
"2026/08/04 23:43:25","受注取込","7997141","7997141X14Y12","特大 スイカ ドーナツ 浮き輪 浮輪 送料無料 プール 大人用 子供用 NEK 7997141 ★REV 120cm 90cm 80cm 70cm 60cm サイズ 大きい 大きめ うきわ ウキワ すいか 海 海水浴 ビックフロート 水上 レジャー かわいい フローティングベッド 西瓜 子供用浮き輪 大人 子供 こども","70cm","ドーナツイチゴ","X14","Y12",,"0","84","83","-1",
"2026/08/04 23:43:25","受注取込","7997141","7997141X14Y13","特大 スイカ ドーナツ 浮き輪 浮輪 送料無料 プール 大人用 子供用 NEK 7997141 ★REV 120cm 90cm 80cm 70cm 60cm サイズ 大きい 大きめ うきわ ウキワ すいか 海 海水浴 ビックフロート 水上 レジャー かわいい フローティングベッド 西瓜 子供用浮き輪 大人 子供 こども","70cm","ドーナツチョコ","X14","Y13",,"0","56","55","-1",
"2026/08/04 23:43:25","受注取込","7994812","7994812X12Y11","サファリハット メンズ 釣り 帽子 ハット レディース SUNS(サンズ)  撥水 アウトドア 登山 キャンプ バーベキュー NEK ★REV H-051 H-053 送料無料 大きいサイズあり キッズサイズ 子供 UVカット アドベンチャーハット 父の日 プレゼント ユニセックス 春 夏 夏フェス ギフト","大きいサイズ","BK/BLACK(H_051)","X12","Y11",,"0","386","385","-1",
"2026/08/04 23:44:25","受注取込","7994812","7994812X12Y33","サファリハット メンズ 釣り 帽子 ハット レディース SUNS(サンズ)  撥水 アウトドア 登山 キャンプ バーベキュー NEK ★REV H-051 H-053 送料無料 大きいサイズあり キッズサイズ 子供 UVカット アドベンチャーハット 父の日 プレゼント ユニセックス 春 夏 夏フェス ギフト","大きいサイズ","GREIGE(H-051)","X12","Y33",,"0","16","15","-1",
"2026/08/04 23:44:25","受注取込","7994812","7994812X11Y11","サファリハット メンズ 釣り 帽子 ハット レディース SUNS(サンズ)  撥水 アウトドア 登山 キャンプ バーベキュー NEK ★REV H-051 H-053 送料無料 大きいサイズあり キッズサイズ 子供 UVカット アドベンチャーハット 父の日 プレゼント ユニセックス 春 夏 夏フェス ギフト","普通サイズ","BK/BLACK(H_051)","X11","Y11",,"0","49","48","-1",
"2026/08/04 23:52:00","受注取込","7986572","7986572X11Y45","【新型/IQOS イルマ i ワン用】アイコス イルマiワン ILUMA ケース 保護ケース NEK ★REVL 7986572 iqosイルマワン イルマワンカバー 耐衝撃 おしゃれ iqos iluma one 専用 IQOSイルマワン保護ケース レザー ヒョウ柄 ペイズリー 保護カバー アイコスケース アクセサリー 送料無料","イルマiワン","89","X11","Y45",,"0","6","5","-1",
"2026/08/04 23:54:55","受注取込","7992723","7992723X12Y11","お得！ 送料無料 4枚入り 福袋 Dickies ディッキーズ ボクサーパンツ メンズ かわいい NEK ★REV <br> パンツ ボクサーパンツ セット メンズ下着 メンズボクサーパンツ メンズボクサー 大きいサイズ 大きめ 特大 3L 下着 インナー メンズ usa まとめ買い プレゼント ギフト","L","福袋4枚セット","X12","Y11",,"0","279","278","-1",
"2026/08/04 23:56:28","受注取込","7992723","7992723X12Y11","お得！ 送料無料 4枚入り 福袋 Dickies ディッキーズ ボクサーパンツ メンズ かわいい NEK ★REV <br> パンツ ボクサーパンツ セット メンズ下着 メンズボクサーパンツ メンズボクサー 大きいサイズ 大きめ 特大 3L 下着 インナー メンズ usa まとめ買い プレゼント ギフト","L","福袋4枚セット","X12","Y11",,"0","278","277","-1",
