"更新日時","更新理由","商品基本コード","商品コード","商品名","属性1名","属性2名","属性1コード","属性2コード","倉庫名","実在庫区分","変動前","変動後","増減値","ユーザー"
"2026/07/26 00:00:28","受注取込","7994812","7994812X12Y16","サファリハット メンズ 釣り 帽子 ハット レディース SUNS(サンズ)  撥水 アウトドア 登山 キャンプ バーベキュー NEK ★REV H-051 H-053 送料無料 大きいサイズあり キッズサイズ 子供 UVカット アドベンチャーハット 父の日 プレゼント ユニセックス 春 夏 夏フェス ギフト","大きいサイズ","GRAY(H_051)","X12","Y16",,"0","108","107","-1",
"2026/07/26 00:00:28","受注取込","7987697","7987697X11Y11","【速攻配達】冷やスマPRO 盛夏用 スマホ熱中症対策 冷却 クーラー ★REV NEK スマートフォン専用常温保冷剤 熱暴走 結露なし スマホ 冷感 冷却 HIYASUMA","ONESIZE","ホワイト","X11","Y11",,"0","743","742","-1",
"2026/07/26 00:01:00","受注取込","7987400","7987400X11Y11","【とにかくデカい！/普通サイズあり！】キャップ メンズ 大きいサイズ 帽子 深め ビッグサイズ ★REVM 7987400 BIG SIZE メンズキャップ帽子 大きめ 大きい帽子 メンズ帽子 レディース 春 夏 春夏 プレゼント ギフト 母の日 父の日 送料無料","大きいサイズ","A-ブラック","X11","Y11",,"0","210","209","-1",
"2026/07/26 00:01:00","受注取込","7987076","7987076X11Y12","【超軽量55g】特価 キャップ 帽子 メッシュキャップ ランニングキャップ NEK ★REV 7987076 メンズ レディース 速乾 軽量 ジョギング アウトドア キャンプ スポーツ 釣り 海 プール","アジャスタータイプ","ダークグレー","X11","Y12",,"0","11","10","-1",
"2026/07/26 00:06:31","受注取込","7987083","7987083X12Y12","LOGOS サファリハット メンズ レディース LS3Q600Q NEK ★REV 7987083 パッチワーク アドベンチャーハット サファリハット 帽子 アウトドア 超軽量 バケットハット ヒモつき キャンプ お洒落 ブランド","大きいサイズ","マルチB-ネイビー","X12","Y12",,"0","4","3","-1",
"2026/07/26 00:07:25","受注取込","7987714","7987714X11Y11","【なんと6+1個入り！速攻配達】水風船 水ふうせん 何度も使える ゴミが出ない プール クラッシュボール ★REV NEK 7987714 水遊び 海 川 お風呂 水鉄砲 子供 おもちゃ 繰り返し BALL 水 風船 ボール エコ ウォーターボム リサイクル 安心 安全 送料無料","ワンサイズ","まる形6+1","X11","Y11",,"0","25","24","-1",
"2026/07/26 00:11:55","受注取込","7986789","7986789X11Y11","【小さな笛が身を守る/お得な2個セット】キーホルダー 防犯ホイッスル 防災ホイッスル 口笛 防犯グッズ NEK ★REV 7986789 護身用 女性 災害 大音量 ランドセル 子ども 男の子 女の子 大人 小学生 中学生 卒園 入学 キャンプ 登山 アウトドア プレゼント ギフト アクセサリー 送料無料","ONESIZE","ゴールド×シルバー(2個セット)","X11","Y11",,"0","6","5","-1",
"2026/07/26 00:14:55","受注取込","7987400","7987400X11Y16","【とにかくデカい！/普通サイズあり！】キャップ メンズ 大きいサイズ 帽子 深め ビッグサイズ ★REVM 7987400 BIG SIZE メンズキャップ帽子 大きめ 大きい帽子 メンズ帽子 レディース 春 夏 春夏 プレゼント ギフト 母の日 父の日 送料無料","大きいサイズ","F-ブラック","X11","Y16",,"0","82","81","-1",
"2026/07/26 00:16:25","受注取込","7987400","7987400X11Y15","【とにかくデカい！/普通サイズあり！】キャップ メンズ 大きいサイズ 帽子 深め ビッグサイズ ★REVM 7987400 BIG SIZE メンズキャップ帽子 大きめ 大きい帽子 メンズ帽子 レディース 春 夏 春夏 プレゼント ギフト 母の日 父の日 送料無料","大きいサイズ","E-ベージュ","X11","Y15",,"0","69","68","-1",
"2026/07/26 00:22:25","受注取込","7987400","7987400X11Y13","【とにかくデカい！/普通サイズあり！】キャップ メンズ 大きいサイズ 帽子 深め ビッグサイズ ★REVM 7987400 BIG SIZE メンズキャップ帽子 大きめ 大きい帽子 メンズ帽子 レディース 春 夏 春夏 プレゼント ギフト 母の日 父の日 送料無料","大きいサイズ","C-グレー","X11","Y13",,"0","37","36","-1",
"2026/07/26 00:26:55","受注取込","7987074","7987074X12Y13","【くすみカラー 超軽量】サファリハット バケットハット メンズ レディース 普通サイズ 大きいサイズ アドベンチャーハット NEK ★REV 7987074 撥水 速乾 軽量 折り畳める UV カット アウトドア キャンプ 登山 ウォーキング 散歩 日焼け防止 紫外線防止 送料無料","大きいサイズ","グレー","X12","Y13",,"0","6","5","-1",
"2026/07/26 00:47:55","受注取込","7994812","7994812X11Y20","サファリハット メンズ 釣り 帽子 ハット レディース SUNS(サンズ)  撥水 アウトドア 登山 キャンプ バーベキュー NEK ★REV H-051 H-053 送料無料 大きいサイズあり キッズサイズ 子供 UVカット アドベンチャーハット 父の日 プレゼント ユニセックス 春 夏 夏フェス ギフト","普通サイズ","PURPLE(H_051)","X11","Y20",,"0","19","18","-1",
"2026/07/26 00:49:25","受注取込","7987400","7987400X11Y13","【とにかくデカい！/普通サイズあり！】キャップ メンズ 大きいサイズ 帽子 深め ビッグサイズ ★REVM 7987400 BIG SIZE メンズキャップ帽子 大きめ 大きい帽子 メンズ帽子 レディース 春 夏 春夏 プレゼント ギフト 母の日 父の日 送料無料","大きいサイズ","C-グレー","X11","Y13",,"0","36","35","-1",
"2026/07/26 00:49:25","受注取込","7997141","7997141X11Y11","特大 スイカ ドーナツ 浮き輪 浮輪 送料無料 プール 大人用 子供用 NEK 7997141 ★REV 120cm 90cm 80cm 70cm 60cm サイズ 大きい 大きめ うきわ ウキワ すいか 海 海水浴 ビックフロート 水上 レジャー かわいい フローティングベッド 西瓜 子供用浮き輪 大人 子供 こども","120cm","スイカ","X11","Y11",,"0","1131","1130","-1",
"2026/07/26 00:49:25","受注取込","7997141","7997141X13Y13","特大 スイカ ドーナツ 浮き輪 浮輪 送料無料 プール 大人用 子供用 NEK 7997141 ★REV 120cm 90cm 80cm 70cm 60cm サイズ 大きい 大きめ うきわ ウキワ すいか 海 海水浴 ビックフロート 水上 レジャー かわいい フローティングベッド 西瓜 子供用浮き輪 大人 子供 こども","80cm","ドーナツチョコ","X13","Y13",,"0","14","13","-1",
"2026/07/26 00:50:05","受注取込","7987093","7987093X12Y13","【新型iphone/IQOS対応】急速5A 3股 Type-C 充電ケーブル スマホケーブル 1.2m 2m 3m typec NEK ★REVL 7987093 新型iphone IQOS対応 USB A→Type-C×3 充電ケーブル 3in1 急速 送料無料","2.0m","ブラック_TypeC/TypeC×3","X12","Y13",,"0","10","9","-1",
"2026/07/26 01:00:47","受注取込","7992723","7992723X11Y11","お得！ 送料無料 4枚入り 福袋 Dickies ディッキーズ ボクサーパンツ メンズ かわいい NEK ★REV <br> パンツ ボクサーパンツ セット メンズ下着 メンズボクサーパンツ メンズボクサー 大きいサイズ 大きめ 特大 3L 下着 インナー メンズ usa まとめ買い プレゼント ギフト","M","福袋4枚セット","X11","Y11",,"0","214","213","-1",
"2026/07/26 01:00:49","受注取込","7988088","7988088X13Y11","安全靴 スニーカー エアウォーク AIR WALK Y_YU AW-920 グリーン フレックスフィット ローカット メンズ セーフティシューズ 樹脂先芯 軽量 衝撃吸収 負担軽減 作業靴 オシャレ  かかとが踏める ムレにくい","26.0cm ","グリーン","X13","Y11",,"0","218","217","-1",
"2026/07/26 01:01:55","受注取込","7994812","7994812X12Y11","サファリハット メンズ 釣り 帽子 ハット レディース SUNS(サンズ)  撥水 アウトドア 登山 キャンプ バーベキュー NEK ★REV H-051 H-053 送料無料 大きいサイズあり キッズサイズ 子供 UVカット アドベンチャーハット 父の日 プレゼント ユニセックス 春 夏 夏フェス ギフト","大きいサイズ","BK/BLACK(H_051)","X12","Y11",,"0","524","523","-1",
"2026/07/26 01:04:30","受注取込","7987794","7987794X12Y12","【大きいサイズもあり】キャスハンチング キャップ メンズ レディース CULTURE MART NEK 101294 ★REV 7987794 ハンチング帽子 ハンチング帽 秋冬 帽子 ハンチング キャスケット メンズ帽子 レディース帽子秋冬 秋冬帽子 メンズハンチング おしゃれ カルチャーマート","大きいサイズ","オリーブ(2)","X12","Y12",,"0","33","32","-1",
"2026/07/26 01:05:55","受注取込","7994812","7994812X12Y13","サファリハット メンズ 釣り 帽子 ハット レディース SUNS(サンズ)  撥水 アウトドア 登山 キャンプ バーベキュー NEK ★REV H-051 H-053 送料無料 大きいサイズあり キッズサイズ 子供 UVカット アドベンチャーハット 父の日 プレゼント ユニセックス 春 夏 夏フェス ギフト","大きいサイズ","NAVY(H_051)","X12","Y13",,"0","14","13","-1",
"2026/07/26 01:07:26","受注取込","7987400","7987400X11Y16","【とにかくデカい！/普通サイズあり！】キャップ メンズ 大きいサイズ 帽子 深め ビッグサイズ ★REVM 7987400 BIG SIZE メンズキャップ帽子 大きめ 大きい帽子 メンズ帽子 レディース 春 夏 春夏 プレゼント ギフト 母の日 父の日 送料無料","大きいサイズ","F-ブラック","X11","Y16",,"0","81","80","-1",
"2026/07/26 01:07:31","受注取込","7986705","7986705X11Y11","【美シルエット/こなれ感UP】ハンチング キャスケット キャスハンチング 帽子 メンズ  レディース NEK ★REVL 7986705 デニム素材 コットン100％ おしゃれ ピンストライプ 送料無料","ONESIZE","ネイビーデニム","X11","Y11",,"0","54","53","-1",
"2026/07/26 01:18:55","受注取込","7988215","7988215X18Y12","【とにかくデカい！】 大きいサイズ キャップ メッシュキャップ 送料無料 大きめ ビッグサイズ BIG SIZE ★REV 7988215 <br> 帽子 ハット キャップ ワークキャップ メンズキャップ 大きいサイズ バケット 大きい帽子 メンズ バケハ メンズ帽子 大きい 頭 メッシュ 全39カラー","HH","2","X18","Y12",,"0","29","28","-1",
"2026/07/26 01:21:55","受注取込","7987697","7987697X11Y11","【速攻配達】冷やスマPRO 盛夏用 スマホ熱中症対策 冷却 クーラー ★REV NEK スマートフォン専用常温保冷剤 熱暴走 結露なし スマホ 冷感 冷却 HIYASUMA","ONESIZE","ホワイト","X11","Y11",,"0","742","741","-1",
"2026/07/26 01:27:55","受注取込","7994812","7994812X12Y13","サファリハット メンズ 釣り 帽子 ハット レディース SUNS(サンズ)  撥水 アウトドア 登山 キャンプ バーベキュー NEK ★REV H-051 H-053 送料無料 大きいサイズあり キッズサイズ 子供 UVカット アドベンチャーハット 父の日 プレゼント ユニセックス 春 夏 夏フェス ギフト","大きいサイズ","NAVY(H_051)","X12","Y13",,"0","13","12","-1",
"2026/07/26 01:28:30","受注取込","7994812","7994812X12Y32","サファリハット メンズ 釣り 帽子 ハット レディース SUNS(サンズ)  撥水 アウトドア 登山 キャンプ バーベキュー NEK ★REV H-051 H-053 送料無料 大きいサイズあり キッズサイズ 子供 UVカット アドベンチャーハット 父の日 プレゼント ユニセックス 春 夏 夏フェス ギフト","大きいサイズ","T.BLUE(H_051)","X12","Y32",,"0","82","81","-1",
"2026/07/26 01:33:25","受注取込","7986572","7986572X11Y39","【新型/IQOS イルマ i ワン用】アイコス イルマiワン ILUMA ケース 保護ケース NEK ★REVL 7986572 iqosイルマワン イルマワンカバー 耐衝撃 おしゃれ iqos iluma one 専用 IQOSイルマワン保護ケース レザー ヒョウ柄 ペイズリー 保護カバー アイコスケース アクセサリー 送料無料","イルマiワン","83","X11","Y39",,"0","29","28","-1",
"2026/07/26 01:40:31","受注取込","7997141","7997141X12Y11","特大 スイカ ドーナツ 浮き輪 浮輪 送料無料 プール 大人用 子供用 NEK 7997141 ★REV 120cm 90cm 80cm 70cm 60cm サイズ 大きい 大きめ うきわ ウキワ すいか 海 海水浴 ビックフロート 水上 レジャー かわいい フローティングベッド 西瓜 子供用浮き輪 大人 子供 こども","90cm","スイカ","X12","Y11",,"0","118","117","-1",
"2026/07/26 01:48:00","受注取込","8003102","8003102X17Y11","やみつきになる！ ストレッチ AVIREX アビレックス Tシャツ メンズ ★REV NEK 6143501 6143502 Vネック クルーネック 半袖 プレゼント ギフト","クルーネック_ブラック_009","Sサイズ","X17","Y11",,"0","3","2","-1",
"2026/07/26 01:50:25","受注取込","7987062","7987062X12Y18","【直射日光をはね返す】コカゲル サファリハット 洗濯機洗いOK 体感マイナス10℃ アドベンチャー NEK CC2R501 ★REV 7987062 ブッシュハット UV アウトドア SEK サイズ調整 大きいサイズ ユニセックス アウトドア 夏 対策 熱中症 木陰 日よけ 日焼け 送料無料","L(58.5～60.0)","ワイン","X12","Y18",,"0","10","9","-1",
"2026/07/26 01:54:55","受注取込","7994812","7994812X11Y27","サファリハット メンズ 釣り 帽子 ハット レディース SUNS(サンズ)  撥水 アウトドア 登山 キャンプ バーベキュー NEK ★REV H-051 H-053 送料無料 大きいサイズあり キッズサイズ 子供 UVカット アドベンチャーハット 父の日 プレゼント ユニセックス 春 夏 夏フェス ギフト","普通サイズ","CAMO(H_051)","X11","Y27",,"0","29","28","-1",
"2026/07/26 01:54:55","受注取込","7986675","7986675X11Y15","【深め/美シルエット】メッシュキャップ キャップ 帽子 メンズ レディース 野球帽 ★REVL 7986675 A-Frame Trucker アメカジ 刺繍 送料無料","ONESIZE","E","X11","Y15",,"0","11","10","-1",
"2026/07/26 02:16:55","受注取込","7987475","7987475X11Y16","【護身用】タクティカルスティック 防災グッズ タクティカルペン キーホルダー キーリング NEK ★REV 7987475 護身 棒 車 ガラス 防災 災害 車内 軽量 丈夫 不審者 痴漢 痴漢対策 護身用 用品 武器 防犯 護身グッズ 自己防衛 コンパクト 非常時 タクティカル バッググリップ","ONESIZE","ゴールド","X11","Y16",,"0","20","19","-1",
"2026/07/26 02:20:18","受注取込","7987093","7987093X12Y13","【新型iphone/IQOS対応】急速5A 3股 Type-C 充電ケーブル スマホケーブル 1.2m 2m 3m typec NEK ★REVL 7987093 新型iphone IQOS対応 USB A→Type-C×3 充電ケーブル 3in1 急速 送料無料","2.0m","ブラック_TypeC/TypeC×3","X12","Y13",,"0","9","8","-1",
"2026/07/26 02:47:55","受注取込","7997141","7997141X11Y11","特大 スイカ ドーナツ 浮き輪 浮輪 送料無料 プール 大人用 子供用 NEK 7997141 ★REV 120cm 90cm 80cm 70cm 60cm サイズ 大きい 大きめ うきわ ウキワ すいか 海 海水浴 ビックフロート 水上 レジャー かわいい フローティングベッド 西瓜 子供用浮き輪 大人 子供 こども","120cm","スイカ","X11","Y11",,"0","1130","1129","-1",
"2026/07/26 03:08:18","受注取込","7987070","7987070X13Y11","【お得な2枚組】X-LARGE XLARGE エクストララージ ボクサーパンツ メンズ アンダーウェア 下着 NEK ★REVL 7987070 かっこいい ツルツル おすすめ 人気 カモフラ タイダイ 炎 迷彩 カモ柄 ブランド 男性 紳士 プレゼント プチギフト 父の日 誕生日 彼氏 父 息子 ギフト 記念日 大きいサイズ 福袋 送料無料","XL","2枚組","X13","Y11",,"0","32","31","-1",
"2026/07/26 03:22:55","受注取込","7986572","7986572X11Y35","【新型/IQOS イルマ i ワン用】アイコス イルマiワン ILUMA ケース 保護ケース NEK ★REVL 7986572 iqosイルマワン イルマワンカバー 耐衝撃 おしゃれ iqos iluma one 専用 IQOSイルマワン保護ケース レザー ヒョウ柄 ペイズリー 保護カバー アイコスケース アクセサリー 送料無料","イルマiワン","79","X11","Y35",,"0","7","6","-1",
"2026/07/26 03:30:26","受注取込","7987085","7987085X12Y30","【とにかくデカい！】大きいサイズ キャップ 大きめ 深い 深め ビッグサイズ BIG SIZE ★REV 7987085 メンズキャップ帽子 大きい帽子 メンズ帽子 レディース 春 夏 春夏 プレゼント ギフト 母の日 父の日 送料無料","SU","20","X12","Y30",,"0","7","6","-1",
"2026/07/26 03:32:25","受注取込","7987706","7987706X11Y12","【～130cm】大きいサイズ対応 ビジネスベルト メンズ 本革 レザー ベルト メンズ ★REV 7987706 本皮 サイズ調整可能 プレゼント ギフト 父の日 送料無料","ONESIZE","シルバー","X11","Y12",,"0","15","14","-1",
"2026/07/26 03:48:25","受注取込","7987062","7987062X14Y17","【直射日光をはね返す】コカゲル サファリハット 洗濯機洗いOK 体感マイナス10℃ アドベンチャー NEK CC2R501 ★REV 7987062 ブッシュハット UV アウトドア SEK サイズ調整 大きいサイズ ユニセックス アウトドア 夏 対策 熱中症 木陰 日よけ 日焼け 送料無料","3XL(63.5～65.0)","グレージュ","X14","Y17",,"0","73","72","-1",
"2026/07/26 03:51:25","受注取込","7986531","7986531X11Y16","【新型/IQOS イルマ i ワン用】アイコス イルマiワン ILUMA ケース 保護ケース NEK ★REVL 7986531 iqosイルマワン イルマワンカバー 耐衝撃 おしゃれ iqos iluma one 専用 IQOSイルマワン保護ケース レザー ヒョウ柄 ペイズリー 保護カバー アイコスケース アクセサリー 送料無料","ONESIZE","99","X11","Y16",,"0","3","2","-1",
"2026/07/26 03:51:25","受注取込","7994812","7994812X12Y13","サファリハット メンズ 釣り 帽子 ハット レディース SUNS(サンズ)  撥水 アウトドア 登山 キャンプ バーベキュー NEK ★REV H-051 H-053 送料無料 大きいサイズあり キッズサイズ 子供 UVカット アドベンチャーハット 父の日 プレゼント ユニセックス 春 夏 夏フェス ギフト","大きいサイズ","NAVY(H_051)","X12","Y13",,"0","12","11","-1",
"2026/07/26 03:52:55","受注取込","7994812","7994812X12Y11","サファリハット メンズ 釣り 帽子 ハット レディース SUNS(サンズ)  撥水 アウトドア 登山 キャンプ バーベキュー NEK ★REV H-051 H-053 送料無料 大きいサイズあり キッズサイズ 子供 UVカット アドベンチャーハット 父の日 プレゼント ユニセックス 春 夏 夏フェス ギフト","大きいサイズ","BK/BLACK(H_051)","X12","Y11",,"0","523","522","-1",
"2026/07/26 04:22:01","受注取込","7988215","7988215X21Y11","【とにかくデカい！】 大きいサイズ キャップ メッシュキャップ 送料無料 大きめ ビッグサイズ BIG SIZE ★REV 7988215 <br> 帽子 ハット キャップ ワークキャップ メンズキャップ 大きいサイズ バケット 大きい帽子 メンズ バケハ メンズ帽子 大きい 頭 メッシュ 全39カラー","KK","1","X21","Y11",,"0","15","14","-1",
"2026/07/26 04:22:01","受注取込","7988215","7988215X14Y11","【とにかくデカい！】 大きいサイズ キャップ メッシュキャップ 送料無料 大きめ ビッグサイズ BIG SIZE ★REV 7988215 <br> 帽子 ハット キャップ ワークキャップ メンズキャップ 大きいサイズ バケット 大きい帽子 メンズ バケハ メンズ帽子 大きい 頭 メッシュ 全39カラー","DD","1","X14","Y11",,"0","19","18","-1",
"2026/07/26 04:28:55","受注取込","7987354","7987354X11Y11","USAブランド 靴下 ソックス NEK ★REV 7987354 メンズ レディース FRUIT OF THE LOOM フルーツオブザルーム プレゼント ギフト 送料無料","メンズ","アンクル【短】","X11","Y11",,"0","5","4","-1",
"2026/07/26 04:31:00","受注取込","7988215","7988215X14Y11","【とにかくデカい！】 大きいサイズ キャップ メッシュキャップ 送料無料 大きめ ビッグサイズ BIG SIZE ★REV 7988215 <br> 帽子 ハット キャップ ワークキャップ メンズキャップ 大きいサイズ バケット 大きい帽子 メンズ バケハ メンズ帽子 大きい 頭 メッシュ 全39カラー","DD","1","X14","Y11",,"0","18","17","-1",
"2026/07/26 05:04:55","受注取込","7987796","7987796X11Y15","【足首おしゃれ】アンクレット レディース メンズ お守り アンク ブレスレット NEK ★REV 7987796 ANKLET アクセサリー 幸運 クローバー 星 スクエア 7種 シルバー 2連 鈴 送料無料","ONESIZE","E","X11","Y15",,"0","8","7","-1",
"2026/07/26 05:30:55","受注取込","7988215","7988215X11Y14","【とにかくデカい！】 大きいサイズ キャップ メッシュキャップ 送料無料 大きめ ビッグサイズ BIG SIZE ★REV 7988215 <br> 帽子 ハット キャップ ワークキャップ メンズキャップ 大きいサイズ バケット 大きい帽子 メンズ バケハ メンズ帽子 大きい 頭 メッシュ 全39カラー","AA","4","X11","Y14",,"0","17","16","-1",
"2026/07/26 05:32:18","受注取込","7988215","7988215X17Y15","【とにかくデカい！】 大きいサイズ キャップ メッシュキャップ 送料無料 大きめ ビッグサイズ BIG SIZE ★REV 7988215 <br> 帽子 ハット キャップ ワークキャップ メンズキャップ 大きいサイズ バケット 大きい帽子 メンズ バケハ メンズ帽子 大きい 頭 メッシュ 全39カラー","GG","5","X17","Y15",,"0","26","25","-1",
"2026/07/26 05:36:30","受注取込","7986651","7986651X11Y11","【銅×グラフェンの力で、スマホを瞬冷！】スマホ熱中症対策 冷却 クーラー NEK ★REVL 7986651 スマートフォン 保冷 結露なし スマホ 冷感 冷却 iphone アクセサリー 送料無料","ONESIZE","ブラック","X11","Y11",,"0","129","128","-1",
"2026/07/26 06:04:55","受注取込","7988215","7988215X17Y12","【とにかくデカい！】 大きいサイズ キャップ メッシュキャップ 送料無料 大きめ ビッグサイズ BIG SIZE ★REV 7988215 <br> 帽子 ハット キャップ ワークキャップ メンズキャップ 大きいサイズ バケット 大きい帽子 メンズ バケハ メンズ帽子 大きい 頭 メッシュ 全39カラー","GG","2","X17","Y12",,"0","26","25","-1",
"2026/07/26 06:09:00","受注取込","7987076","7987076X11Y12","【超軽量55g】特価 キャップ 帽子 メッシュキャップ ランニングキャップ NEK ★REV 7987076 メンズ レディース 速乾 軽量 ジョギング アウトドア キャンプ スポーツ 釣り 海 プール","アジャスタータイプ","ダークグレー","X11","Y12",,"0","10","9","-1",
"2026/07/26 06:24:30","受注取込","7995525","7995525X1Y15","AVIREX 限定モデル キャップ 帽子 父の日 贈り物 プレゼント メンズ ★REV ブラックシリーズ 黒 アビレックス アヴィレックス メッシュキャップ ハンチング ローキャップ バケット ハット ワークキャップ レディース かっこいい yos プレゼント ギフト","ONESIZE","【O】サファリハット_17158400_BIG","X1","Y15",,"0","94","93","-1",
"2026/07/26 06:32:39","受注取込","7988215","7988215X17Y12","【とにかくデカい！】 大きいサイズ キャップ メッシュキャップ 送料無料 大きめ ビッグサイズ BIG SIZE ★REV 7988215 <br> 帽子 ハット キャップ ワークキャップ メンズキャップ 大きいサイズ バケット 大きい帽子 メンズ バケハ メンズ帽子 大きい 頭 メッシュ 全39カラー","GG","2","X17","Y12",,"0","25","24","-1",
"2026/07/26 06:33:01","受注取込","7995525","7995525X1Y15","AVIREX 限定モデル キャップ 帽子 父の日 贈り物 プレゼント メンズ ★REV ブラックシリーズ 黒 アビレックス アヴィレックス メッシュキャップ ハンチング ローキャップ バケット ハット ワークキャップ レディース かっこいい yos プレゼント ギフト","ONESIZE","【O】サファリハット_17158400_BIG","X1","Y15",,"0","93","92","-1",
"2026/07/26 06:33:55","受注取込","7987084","7987084X12Y14","【くすみカラー 10色展開】深め 大きいサイズ 普通サイズ 帽子 キャップ メンズ レディース ★REV 7987084 Vintage 無地 シンプル おしゃれ 送料無料","大きいサイズ","ブラウン","X12","Y14",,"0","20","19","-1",
"2026/07/26 06:40:11","受注取込","7987439","7987439X11Y12","【通気性◎】メッシュキャップ メンズ 帽子 7987439 ★REV 野球帽 普通サイズ 56cm～59cm 大きいサイズ ビッグサイズ 59cm～63cm BIG 刺繍 プレゼント ギフト 送料無料","普通サイズ","ブラック×シルバー","X11","Y12",,"0","8","6","-2",
"2026/07/26 06:47:47","受注取込","7987345","7987345X11Y13","【とにかくデカい！】 大きいサイズ キャップ 送料無料 大きめ ビッグサイズ ★REV 7987345 BIG SIZE 帽子 ハット キャップ キャスケット メンズキャップ 大きいサイズ バケット 大きい帽子 メンズ メンズ帽子 大きい 頭 メッシュキャップ","AAA","3","X11","Y13",,"0","13","12","-1",
"2026/07/26 06:49:25","受注取込","7988386","7988386X11Y11","【高輝度・省電力】LED 卓上 ライト 間接照明 おしゃれ テーブルランプ 北欧 ベッドライト ★REV 7988386 照明 ランプ 一人暮らし ナイトランプ ムードランプ インテリア 雑貨 スタンドライト フロアライト ベッドサイド ルームライト 寝室 usb 電気スタンド フロアランプ","ONESIZE","アイボリー","X11","Y11",,"0","48","47","-1",
"2026/07/26 07:05:01","受注取込","7986663","7986663X11Y11","【最強！溶岩石とオニキス】パワーストーン ブレスレット メンズ レディース バングル NEK ★REVL 7986663 スピリチュアル 天然石 エネルギーアクセサリー プレゼント ギフト 送料無料","ONESIZE","ブラック","X11","Y11",,"0","52","51","-1",
"2026/07/26 07:05:25","受注取込","7999804","7999804X1","壁掛け時計 CULTURE MART カルチャーマート ウォールクロック 101059-7 DRIVE-IN プレゼント ギフト","DRIVE_IN","0","X1","",,"0","27","26","-1",
"2026/07/26 07:16:25","受注取込","7994812","7994812X12Y14","サファリハット メンズ 釣り 帽子 ハット レディース SUNS(サンズ)  撥水 アウトドア 登山 キャンプ バーベキュー NEK ★REV H-051 H-053 送料無料 大きいサイズあり キッズサイズ 子供 UVカット アドベンチャーハット 父の日 プレゼント ユニセックス 春 夏 夏フェス ギフト","大きいサイズ","KHAKI(H_051)","X12","Y14",,"0","23","22","-1",
"2026/07/26 07:16:31","受注取込","7986794","7986794X11Y16","【新作/NEW/11種】AVIREX キャップ 帽子 メッシュキャップ ★REV 7986794 アビレックス アヴィレックス トップガン トムキャット スカジャン 刺繍 ブランド 80973900 80974700 80974900 送料無料","ONESIZE","【F】TIGER_80974700-40_BL","X11","Y16",,"0","7","6","-1",
"2026/07/26 07:18:10","受注取込","7994812","7994812X12Y18","サファリハット メンズ 釣り 帽子 ハット レディース SUNS(サンズ)  撥水 アウトドア 登山 キャンプ バーベキュー NEK ★REV H-051 H-053 送料無料 大きいサイズあり キッズサイズ 子供 UVカット アドベンチャーハット 父の日 プレゼント ユニセックス 春 夏 夏フェス ギフト","大きいサイズ","BEIGE/WINE(H_051)","X12","Y18",,"0","99","98","-1",
"2026/07/26 07:20:04","受注取込","7986710","7986710X11Y17","【春夏秋冬対応/くすみカラー】トートバッグ クロシェバッグ エコバッグ レディース NEK ★REVO 7986710 メッシュ クロシェ編み ナチュラル ニット A4 軽量 かぎ編み おしゃれ 大容量 リゾート 通勤 通学 学生 送料無料","ONESIZE","グレージュ","X11","Y17",,"0","39","38","-1",
"2026/07/26 07:24:25","受注取込","7994812","7994812X11Y31","サファリハット メンズ 釣り 帽子 ハット レディース SUNS(サンズ)  撥水 アウトドア 登山 キャンプ バーベキュー NEK ★REV H-051 H-053 送料無料 大きいサイズあり キッズサイズ 子供 UVカット アドベンチャーハット 父の日 プレゼント ユニセックス 春 夏 夏フェス ギフト","普通サイズ","RENGA(H_051)","X11","Y31",,"0","70","69","-1",
"2026/07/26 07:29:31","受注取込","7987686","7987686X11Y12","【長沢ベルト工業】日本製 ベルト メンズ レディース 本革 本皮 イタリアンレザー 3.0cm幅 30mm ★REV Y_KO NKB-002 ビジネスベルト カジュアルベルト 長沢ベルト工業 ブランド プレゼント ギフト クリスマス 父の日 送料無料","ONESIZE","ダークブラウン","X11","Y12",,"0","18","17","-1",
"2026/07/26 07:30:27","受注取込","7987400","7987400X11Y11","【とにかくデカい！/普通サイズあり！】キャップ メンズ 大きいサイズ 帽子 深め ビッグサイズ ★REVM 7987400 BIG SIZE メンズキャップ帽子 大きめ 大きい帽子 メンズ帽子 レディース 春 夏 春夏 プレゼント ギフト 母の日 父の日 送料無料","大きいサイズ","A-ブラック","X11","Y11",,"0","209","208","-1",
"2026/07/26 07:39:31","受注取込","7988576","7988576X11Y11","【USBを直挿しで超簡単】パソコン専用イヤホン LTG USB マイク付き zoom 用 イヤホン マイク ステレオイヤホン ノートパソコン ヘッドフォン 高音質で通話可能 音量調整 2.5mの長ケーブル 軽量密閉型ヘッドホン 超重低音 USB接続 2.5m NEK ★REV 7988576 プレゼント ギフト","ONESIZE","ブラック","X11","Y11",,"0","3","2","-1",
"2026/07/26 07:48:25","受注取込","7986547","7986547X11Y11","【お得な5枚10点セット】福袋 おなかぷにぷに3Dキャラクターシール 犬猫アニマル NEK ★REVO 7986547 ピンセット付き ぷにぷに触感 ストレス解消 癒しデコシール プレゼント ギフト 送料無料","ONESIZE","5枚10点アソート","X11","Y11",,"0","711","709","-2",
"2026/07/26 08:05:32","受注取込","7994812","7994812X12Y11","サファリハット メンズ 釣り 帽子 ハット レディース SUNS(サンズ)  撥水 アウトドア 登山 キャンプ バーベキュー NEK ★REV H-051 H-053 送料無料 大きいサイズあり キッズサイズ 子供 UVカット アドベンチャーハット 父の日 プレゼント ユニセックス 春 夏 夏フェス ギフト","大きいサイズ","BK/BLACK(H_051)","X12","Y11",,"0","522","521","-1",
"2026/07/26 08:16:28","受注取込","7987140","7987140X11Y13","【COOLにマナーを】携帯灰皿 カラビナ付き 吸い殻入れ 金属製 フタ付き 小型 軽量 NEK ★REVL 7987140 喫煙グッズ アッシュトレイ 持ち運び便利 男性 メンズ レディース 送料無料","ONESIZE","C.ゴールド","X11","Y13",,"0","27","26","-1",
"2026/07/26 08:20:02","受注取込","7988215","7988215X13Y11","【とにかくデカい！】 大きいサイズ キャップ メッシュキャップ 送料無料 大きめ ビッグサイズ BIG SIZE ★REV 7988215 <br> 帽子 ハット キャップ ワークキャップ メンズキャップ 大きいサイズ バケット 大きい帽子 メンズ バケハ メンズ帽子 大きい 頭 メッシュ 全39カラー","CC","1","X13","Y11",,"0","31","30","-1",
"2026/07/26 08:21:56","受注取込","7987892","7987892X11Y15","【深めのシルエット】メッシュキャップ キャップ 帽子 メンズ レディース 大きいサイズ 普通サイズ ★REV 7987892","普通サイズ","E","X11","Y15",,"0","7","6","-1",
"2026/07/26 08:23:00","受注取込","7986747","7986747X12Y11","【日焼けシェード付き】サファリハット シェード メンズ 釣り 帽子 ハット レディース SUNS(サンズ) 撥水 アウトドア 登山 キャンプ バーベキュー NEK ★REVL H-051 送料無料 大きいサイズあり キッズサイズ 子供 UVカット アドベンチャーハット 父の日 プレゼント ユニセックス 春 夏 夏フェス ギフト","大きいサイズ","SHADE_BK/BLACK(H_051)","X12","Y11",,"0","137","136","-1",
"2026/07/26 08:31:00","受注取込","7997141","7997141X11Y13","特大 スイカ ドーナツ 浮き輪 浮輪 送料無料 プール 大人用 子供用 NEK 7997141 ★REV 120cm 90cm 80cm 70cm 60cm サイズ 大きい 大きめ うきわ ウキワ すいか 海 海水浴 ビックフロート 水上 レジャー かわいい フローティングベッド 西瓜 子供用浮き輪 大人 子供 こども","120cm","ドーナツチョコ","X11","Y13",,"0","90","89","-1",
"2026/07/26 08:34:23","受注取込","7988386","7988386X11Y11","【高輝度・省電力】LED 卓上 ライト 間接照明 おしゃれ テーブルランプ 北欧 ベッドライト ★REV 7988386 照明 ランプ 一人暮らし ナイトランプ ムードランプ インテリア 雑貨 スタンドライト フロアライト ベッドサイド ルームライト 寝室 usb 電気スタンド フロアランプ","ONESIZE","アイボリー","X11","Y11",,"0","47","46","-1",
"2026/07/26 08:43:25","受注取込","7987277","7987277X14Y12","【L字で使いやすい】爆速 PD60w対応 スマホ ケーブル C-TO-C Type-C to C NEK ★REV 7987277 TYPE-C 長さ25cm～3m iPhone 3A SPEED 急速 充電器 iPhone15 ipad ipad mini IQOS アイコス イルマ イルマワン プライム 送料無料","3.0M","レッド","X14","Y12",,"0","12","11","-1",
"2026/07/26 08:43:25","受注取込","7987277","7987277X14Y13","【L字で使いやすい】爆速 PD60w対応 スマホ ケーブル C-TO-C Type-C to C NEK ★REV 7987277 TYPE-C 長さ25cm～3m iPhone 3A SPEED 急速 充電器 iPhone15 ipad ipad mini IQOS アイコス イルマ イルマワン プライム 送料無料","3.0M","ネイビー","X14","Y13",,"0","12","11","-1",
"2026/07/26 08:47:26","受注取込","7994812","7994812X12Y11","サファリハット メンズ 釣り 帽子 ハット レディース SUNS(サンズ)  撥水 アウトドア 登山 キャンプ バーベキュー NEK ★REV H-051 H-053 送料無料 大きいサイズあり キッズサイズ 子供 UVカット アドベンチャーハット 父の日 プレゼント ユニセックス 春 夏 夏フェス ギフト","大きいサイズ","BK/BLACK(H_051)","X12","Y11",,"0","521","520","-1",
"2026/07/26 08:47:26","受注取込","7987400","7987400X11Y11","【とにかくデカい！/普通サイズあり！】キャップ メンズ 大きいサイズ 帽子 深め ビッグサイズ ★REVM 7987400 BIG SIZE メンズキャップ帽子 大きめ 大きい帽子 メンズ帽子 レディース 春 夏 春夏 プレゼント ギフト 母の日 父の日 送料無料","大きいサイズ","A-ブラック","X11","Y11",,"0","208","207","-1",
"2026/07/26 08:51:26","受注取込","7987400","7987400X11Y26","【とにかくデカい！/普通サイズあり！】キャップ メンズ 大きいサイズ 帽子 深め ビッグサイズ ★REVM 7987400 BIG SIZE メンズキャップ帽子 大きめ 大きい帽子 メンズ帽子 レディース 春 夏 春夏 プレゼント ギフト 母の日 父の日 送料無料","大きいサイズ","P-ブラック","X11","Y26",,"0","59","58","-1",
"2026/07/26 08:56:57","受注取込","7986572","7986572X11Y48","【新型/IQOS イルマ i ワン用】アイコス イルマiワン ILUMA ケース 保護ケース NEK ★REVL 7986572 iqosイルマワン イルマワンカバー 耐衝撃 おしゃれ iqos iluma one 専用 IQOSイルマワン保護ケース レザー ヒョウ柄 ペイズリー 保護カバー アイコスケース アクセサリー 送料無料","イルマiワン","92","X11","Y48",,"0","24","23","-1",
"2026/07/26 08:56:57","受注取込","7986572","7986572X11Y46","【新型/IQOS イルマ i ワン用】アイコス イルマiワン ILUMA ケース 保護ケース NEK ★REVL 7986572 iqosイルマワン イルマワンカバー 耐衝撃 おしゃれ iqos iluma one 専用 IQOSイルマワン保護ケース レザー ヒョウ柄 ペイズリー 保護カバー アイコスケース アクセサリー 送料無料","イルマiワン","90","X11","Y46",,"0","28","27","-1",
"2026/07/26 09:02:55","受注取込","7987409","7987409X11Y14","【130cm 大きいサイズ対応】本革 床革 ベルト メンズ 130cm NEK ★REV 7987409 大きいサイズ対応 シンセティックレザー ビジネスベルト カジュアルベルト 父の日 送料無料","ONESIZE","ブラウンB","X11","Y14",,"0","14","13","-1",
"2026/07/26 09:10:39","受注取込","7987697","7987697X11Y11","【速攻配達】冷やスマPRO 盛夏用 スマホ熱中症対策 冷却 クーラー ★REV NEK スマートフォン専用常温保冷剤 熱暴走 結露なし スマホ 冷感 冷却 HIYASUMA","ONESIZE","ホワイト","X11","Y11",,"0","741","740","-1",
"2026/07/26 09:12:26","受注取込","7988088","7988088X13Y11","安全靴 スニーカー エアウォーク AIR WALK Y_YU AW-920 グリーン フレックスフィット ローカット メンズ セーフティシューズ 樹脂先芯 軽量 衝撃吸収 負担軽減 作業靴 オシャレ  かかとが踏める ムレにくい","26.0cm ","グリーン","X13","Y11",,"0","217","216","-1",
"2026/07/26 09:13:57","受注取込","7987026","7987026X12Y14","【大きいサイズあり】キャップ 11cm つば長 帽子 メンズ レディース ★REV 7987026 深め 深い ゴルフ 無地 日焼け止め UVカット 送料無料","大きいサイズ","ネイビー","X12","Y14",,"0","9","8","-1",
"2026/07/26 09:17:56","受注取込","7994812","7994812X11Y33","サファリハット メンズ 釣り 帽子 ハット レディース SUNS(サンズ)  撥水 アウトドア 登山 キャンプ バーベキュー NEK ★REV H-051 H-053 送料無料 大きいサイズあり キッズサイズ 子供 UVカット アドベンチャーハット 父の日 プレゼント ユニセックス 春 夏 夏フェス ギフト","普通サイズ","GREIGE(H-051)","X11","Y33",,"0","155","154","-1",
"2026/07/26 09:20:07","受注取込","7987757","7987757X11Y13","【カーボンスタイル 大きいサイズ】メッシュキャップ キャップ 帽子 蒸れない ★REV 7987757 大きいサイズ カーボン調 プレゼント ギフト 送料無料","ONESIZE","ネイビー","X11","Y13",,"0","37","36","-1",
"2026/07/26 09:20:27","受注取込","7986547","7986547X11Y11","【お得な5枚10点セット】福袋 おなかぷにぷに3Dキャラクターシール 犬猫アニマル NEK ★REVO 7986547 ピンセット付き ぷにぷに触感 ストレス解消 癒しデコシール プレゼント ギフト 送料無料","ONESIZE","5枚10点アソート","X11","Y11",,"0","709","707","-2",
"2026/07/26 09:25:56","受注取込","7987400","7987400X11Y16","【とにかくデカい！/普通サイズあり！】キャップ メンズ 大きいサイズ 帽子 深め ビッグサイズ ★REVM 7987400 BIG SIZE メンズキャップ帽子 大きめ 大きい帽子 メンズ帽子 レディース 春 夏 春夏 プレゼント ギフト 母の日 父の日 送料無料","大きいサイズ","F-ブラック","X11","Y16",,"0","80","79","-1",
"2026/07/26 09:26:01","受注取込","7988044","7988044X11Y15","ショルダーバッグ メンズ ワンショルダー 斜め掛け ★REV 7988044 おしゃれバッグ Vintage 斜めがけ メンズボディバック かっこいい ボディバッグ レザー ワンショルダーバッグ カバン 鞄 かばん レザー調 メンズバッグ 斜めがけ メンズショルダーバック 散歩 送料無料","ONESIZE","E_ブラウン","X11","Y15",,"0","28","27","-1",
"2026/07/26 09:27:26","受注取込","7986716","7986716X11Y11","【紫外線でプロ級チェック】アニサキスライト UV 紫外線ライト ブラックライト NEK ★REVL 7986716 365nm 充電式 TYPE-C充電  USB 光学レンズ アニサキス検出 生活 食事 釣り 掃除 コンパクト 送料無料","1本","ブラック(TYPE-C)","X11","Y11",,"0","90","89","-1",
"2026/07/26 09:27:26","受注取込","7988215","7988215X13Y13","【とにかくデカい！】 大きいサイズ キャップ メッシュキャップ 送料無料 大きめ ビッグサイズ BIG SIZE ★REV 7988215 <br> 帽子 ハット キャップ ワークキャップ メンズキャップ 大きいサイズ バケット 大きい帽子 メンズ バケハ メンズ帽子 大きい 頭 メッシュ 全39カラー","CC","3","X13","Y13",,"0","31","30","-1",
"2026/07/26 09:29:31","受注取込","7986572","7986572X11Y25","【新型/IQOS イルマ i ワン用】アイコス イルマiワン ILUMA ケース 保護ケース NEK ★REVL 7986572 iqosイルマワン イルマワンカバー 耐衝撃 おしゃれ iqos iluma one 専用 IQOSイルマワン保護ケース レザー ヒョウ柄 ペイズリー 保護カバー アイコスケース アクセサリー 送料無料","イルマiワン","69","X11","Y25",,"0","12","11","-1",
"2026/07/26 09:39:31","受注取込","7988172","7988172X11Y12","【栃木レザー 日本製 】ベルト ビジネスベルト メンズ 本革 本皮 レザー 栃木レザー ★REV TDBT-1006 日本製 カジュアルベルト プレゼント ギフト MADE IN JAPAN クリスマス 父の日 誕生日プレゼント 送料無料","ONESIZE","ダークブラウン","X11","Y12",,"0","5","4","-1",
"2026/07/26 09:43:25","受注取込","7994812","7994812X12Y33","サファリハット メンズ 釣り 帽子 ハット レディース SUNS(サンズ)  撥水 アウトドア 登山 キャンプ バーベキュー NEK ★REV H-051 H-053 送料無料 大きいサイズあり キッズサイズ 子供 UVカット アドベンチャーハット 父の日 プレゼント ユニセックス 春 夏 夏フェス ギフト","大きいサイズ","GREIGE(H-051)","X12","Y33",,"0","87","86","-1",
"2026/07/26 09:47:55","受注取込","7988215","7988215X16Y15","【とにかくデカい！】 大きいサイズ キャップ メッシュキャップ 送料無料 大きめ ビッグサイズ BIG SIZE ★REV 7988215 <br> 帽子 ハット キャップ ワークキャップ メンズキャップ 大きいサイズ バケット 大きい帽子 メンズ バケハ メンズ帽子 大きい 頭 メッシュ 全39カラー","FF","5","X16","Y15",,"0","103","102","-1",
"2026/07/26 09:56:01","受注取込","7988215","7988215X14Y11","【とにかくデカい！】 大きいサイズ キャップ メッシュキャップ 送料無料 大きめ ビッグサイズ BIG SIZE ★REV 7988215 <br> 帽子 ハット キャップ ワークキャップ メンズキャップ 大きいサイズ バケット 大きい帽子 メンズ バケハ メンズ帽子 大きい 頭 メッシュ 全39カラー","DD","1","X14","Y11",,"0","17","16","-1",
"2026/07/26 09:57:25","受注取込","7994812","7994812X12Y11","サファリハット メンズ 釣り 帽子 ハット レディース SUNS(サンズ)  撥水 アウトドア 登山 キャンプ バーベキュー NEK ★REV H-051 H-053 送料無料 大きいサイズあり キッズサイズ 子供 UVカット アドベンチャーハット 父の日 プレゼント ユニセックス 春 夏 夏フェス ギフト","大きいサイズ","BK/BLACK(H_051)","X12","Y11",,"0","520","519","-1",
"2026/07/26 10:01:55","受注取込","7990254","7990254X11Y11","【送料無料 速攻配達】AVIREX ニットキャップ ニット帽 帽子 メンズ レディース スウェットキャップ  NEK ★REV 14649300 ルーズ キャップ ブランド アビレックス リバーシブル AX REVERSIBLE SWEAT CAP 送料無料 プレゼント ギフト","ONESIZE","カーキ(35)","X11","Y11",,"0","270","269","-1",
"2026/07/26 10:01:55","受注取込","7987796","7987796X11Y16","【足首おしゃれ】アンクレット レディース メンズ お守り アンク ブレスレット NEK ★REV 7987796 ANKLET アクセサリー 幸運 クローバー 星 スクエア 7種 シルバー 2連 鈴 送料無料","ONESIZE","F","X11","Y16",,"0","20","19","-1",
"2026/07/26 10:04:26","受注取込","7988124","7988124X11Y15","大きいサイズ キャップ 帽子 メンズ フルキャップ ベースボールキャップ コットンキャップ 野球帽 ワンポイント ★REV 7988124 イーグル 鷲 刺繍 ミリタリー BIGSIZE キングサイズ 送料無料","ONESIZE","メッシュネイビー","X11","Y15",,"0","19","18","-1",
"2026/07/26 10:04:26","受注取込","7988215","7988215X14Y11","【とにかくデカい！】 大きいサイズ キャップ メッシュキャップ 送料無料 大きめ ビッグサイズ BIG SIZE ★REV 7988215 <br> 帽子 ハット キャップ ワークキャップ メンズキャップ 大きいサイズ バケット 大きい帽子 メンズ バケハ メンズ帽子 大きい 頭 メッシュ 全39カラー","DD","1","X14","Y11",,"0","16","15","-1",
"2026/07/26 10:07:25","受注取込","7986572","7986572X11Y45","【新型/IQOS イルマ i ワン用】アイコス イルマiワン ILUMA ケース 保護ケース NEK ★REVL 7986572 iqosイルマワン イルマワンカバー 耐衝撃 おしゃれ iqos iluma one 専用 IQOSイルマワン保護ケース レザー ヒョウ柄 ペイズリー 保護カバー アイコスケース アクセサリー 送料無料","イルマiワン","89","X11","Y45",,"0","7","6","-1",
"2026/07/26 10:10:05","受注取込","7988124","7988124X11Y17","大きいサイズ キャップ 帽子 メンズ フルキャップ ベースボールキャップ コットンキャップ 野球帽 ワンポイント ★REV 7988124 イーグル 鷲 刺繍 ミリタリー BIGSIZE キングサイズ 送料無料","ONESIZE","メッシュホワイト","X11","Y17",,"0","11","10","-1",
"2026/07/26 10:13:55","受注取込","7994226","7994226X12Y13","【大きいサイズもあり 限定モデル】AVIREX メッシュキャップ メンズ 帽子 メンズ キャップ メンズ 14023200 14670200 レディース ★REV 父の日 贈り物 プレゼント ブランド アビレックス 送料無料 正規品 ブラック 黒 ネイビー 紺 グレー 灰 yos プレゼント ギフト","大きいサイズ_14670200","85_グレー","X12","Y13",,"0","4","3","-1",
"2026/07/26 10:15:25","受注取込","7997141","7997141X11Y11","特大 スイカ ドーナツ 浮き輪 浮輪 送料無料 プール 大人用 子供用 NEK 7997141 ★REV 120cm 90cm 80cm 70cm 60cm サイズ 大きい 大きめ うきわ ウキワ すいか 海 海水浴 ビックフロート 水上 レジャー かわいい フローティングベッド 西瓜 子供用浮き輪 大人 子供 こども","120cm","スイカ","X11","Y11",,"0","1129","1128","-1",
"2026/07/26 10:15:58","WEB画面","7986545","7986545X11Y11","【お得な2枚組】AVIREX アビレックス  アヴィレックス ボクサーパンツ メンズ NEK ★REVL 7986545 アンダーウェア 下着 かっこいい おすすめ 人気 カモフラ 迷彩 カモ柄 ロゴ ブランド 男性 紳士 プレゼント プチギフト 父の日 誕生日 彼氏 父 息子 ギフト 記念日 福袋 送料無料","M","2枚組","X11","Y11",,"0","31","2","-29","阿二"
"2026/07/26 10:15:58","WEB画面","7986545","7986545X12Y11","【お得な2枚組】AVIREX アビレックス  アヴィレックス ボクサーパンツ メンズ NEK ★REVL 7986545 アンダーウェア 下着 かっこいい おすすめ 人気 カモフラ 迷彩 カモ柄 ロゴ ブランド 男性 紳士 プレゼント プチギフト 父の日 誕生日 彼氏 父 息子 ギフト 記念日 福袋 送料無料","L","2枚組","X12","Y11",,"0","25","7","-18","阿二"
"2026/07/26 10:20:16","WEB画面","7986545","7986545X11Y11","【お得な2枚組】AVIREX アビレックス  アヴィレックス ボクサーパンツ メンズ NEK ★REVL 7986545 アンダーウェア 下着 かっこいい おすすめ 人気 カモフラ 迷彩 カモ柄 ロゴ ブランド 男性 紳士 プレゼント プチギフト 父の日 誕生日 彼氏 父 息子 ギフト 記念日 福袋 送料無料","M","2枚組","X11","Y11",,"0","2","9","7","阿二"
"2026/07/26 10:20:16","WEB画面","7986545","7986545X12Y11","【お得な2枚組】AVIREX アビレックス  アヴィレックス ボクサーパンツ メンズ NEK ★REVL 7986545 アンダーウェア 下着 かっこいい おすすめ 人気 カモフラ 迷彩 カモ柄 ロゴ ブランド 男性 紳士 プレゼント プチギフト 父の日 誕生日 彼氏 父 息子 ギフト 記念日 福袋 送料無料","L","2枚組","X12","Y11",,"0","7","3","-4","阿二"
"2026/07/26 10:20:16","WEB画面","7986545","7986545X13Y11","【お得な2枚組】AVIREX アビレックス  アヴィレックス ボクサーパンツ メンズ NEK ★REVL 7986545 アンダーウェア 下着 かっこいい おすすめ 人気 カモフラ 迷彩 カモ柄 ロゴ ブランド 男性 紳士 プレゼント プチギフト 父の日 誕生日 彼氏 父 息子 ギフト 記念日 福袋 送料無料","XL","2枚組","X13","Y11",,"0","20","6","-14","阿二"
"2026/07/26 10:20:21","WEB画面","7987400","7987400X11Y11","【とにかくデカい！/普通サイズあり！】キャップ メンズ 大きいサイズ 帽子 深め ビッグサイズ ★REVM 7987400 BIG SIZE メンズキャップ帽子 大きめ 大きい帽子 メンズ帽子 レディース 春 夏 春夏 プレゼント ギフト 母の日 父の日 送料無料","大きいサイズ","A-ブラック","X11","Y11",,"0","207","208","1","立花"
"2026/07/26 10:22:25","受注取込","7994812","7994812X12Y11","サファリハット メンズ 釣り 帽子 ハット レディース SUNS(サンズ)  撥水 アウトドア 登山 キャンプ バーベキュー NEK ★REV H-051 H-053 送料無料 大きいサイズあり キッズサイズ 子供 UVカット アドベンチャーハット 父の日 プレゼント ユニセックス 春 夏 夏フェス ギフト","大きいサイズ","BK/BLACK(H_051)","X12","Y11",,"0","519","518","-1",
"2026/07/26 10:24:31","受注取込","7987706","7987706X11Y11","【～130cm】大きいサイズ対応 ビジネスベルト メンズ 本革 レザー ベルト メンズ ★REV 7987706 本皮 サイズ調整可能 プレゼント ギフト 父の日 送料無料","ONESIZE","ブラック","X11","Y11",,"0","3","2","-1",
"2026/07/26 10:24:56","受注取込","7997141","7997141X15Y11","特大 スイカ ドーナツ 浮き輪 浮輪 送料無料 プール 大人用 子供用 NEK 7997141 ★REV 120cm 90cm 80cm 70cm 60cm サイズ 大きい 大きめ うきわ ウキワ すいか 海 海水浴 ビックフロート 水上 レジャー かわいい フローティングベッド 西瓜 子供用浮き輪 大人 子供 こども","60cm","スイカ","X15","Y11",,"0","96","95","-1",
"2026/07/26 10:25:31","WEB画面","7986545","7986545X13Y11","【お得な2枚組】AVIREX アビレックス  アヴィレックス ボクサーパンツ メンズ NEK ★REVL 7986545 アンダーウェア 下着 かっこいい おすすめ 人気 カモフラ 迷彩 カモ柄 ロゴ ブランド 男性 紳士 プレゼント プチギフト 父の日 誕生日 彼氏 父 息子 ギフト 記念日 福袋 送料無料","XL","2枚組","X13","Y11",,"0","6","0","-6","阿二"
"2026/07/26 10:30:37","受注取込","7992054","7992054X11Y22","【シンプル/おしゃれ】16mm パワーストーン ネックレス メンズ レディース 瑪瑙 オブシディアン タイガーアイ NEK ★REV 7992054 黒曜石 茶水晶 虎目石 金運 財運 仕事運 恋愛 結婚 家庭円満 癒し 幸運 成功運 勝負運 家族運 厄除祈願 天然石 お守り プレゼント 送料無料","ONESIZE","【L】ピンククォーツ","X11","Y22",,"0","43","42","-1",
"2026/07/26 10:30:37","受注取込","7992054","7992054X11Y17","【シンプル/おしゃれ】16mm パワーストーン ネックレス メンズ レディース 瑪瑙 オブシディアン タイガーアイ NEK ★REV 7992054 黒曜石 茶水晶 虎目石 金運 財運 仕事運 恋愛 結婚 家庭円満 癒し 幸運 成功運 勝負運 家族運 厄除祈願 天然石 お守り プレゼント 送料無料","ONESIZE","【G】レッドタイガーアイ","X11","Y17",,"0","26","25","-1",
"2026/07/26 10:30:37","受注取込","7997141","7997141X16Y15","特大 スイカ ドーナツ 浮き輪 浮輪 送料無料 プール 大人用 子供用 NEK 7997141 ★REV 120cm 90cm 80cm 70cm 60cm サイズ 大きい 大きめ うきわ ウキワ すいか 海 海水浴 ビックフロート 水上 レジャー かわいい フローティングベッド 西瓜 子供用浮き輪 大人 子供 こども","ONESIZE","グリーンストライプ","X16","Y15",,"0","57","56","-1",
"2026/07/26 10:32:19","受注取込","7986509","7986509X11Y15","【使い勝手しやすいベルト】ベルト メンズ レディース 120cm ガチャベルト NEK ★REVL 7986509 フリーサイズ プレゼント 大きいサイズ サバゲー キャンプ アウトドア 登山 作業服 ギフト 送料無料","ONESIZE","オリーブ","X11","Y15",,"0","22","21","-1",
"2026/07/26 10:32:19","受注取込","7987062","7987062X12Y15","【直射日光をはね返す】コカゲル サファリハット 洗濯機洗いOK 体感マイナス10℃ アドベンチャー NEK CC2R501 ★REV 7987062 ブッシュハット UV アウトドア SEK サイズ調整 大きいサイズ ユニセックス アウトドア 夏 対策 熱中症 木陰 日よけ 日焼け 送料無料","L(58.5～60.0)","ブルー","X12","Y15",,"0","10","9","-1",
"2026/07/26 10:40:01","受注取込","7994812","7994812X11Y32","サファリハット メンズ 釣り 帽子 ハット レディース SUNS(サンズ)  撥水 アウトドア 登山 キャンプ バーベキュー NEK ★REV H-051 H-053 送料無料 大きいサイズあり キッズサイズ 子供 UVカット アドベンチャーハット 父の日 プレゼント ユニセックス 春 夏 夏フェス ギフト","普通サイズ","T.BLUE(H_051)","X11","Y32",,"0","28","27","-1",
"2026/07/26 10:42:30","受注取込","7987076","7987076X11Y11","【超軽量55g】特価 キャップ 帽子 メッシュキャップ ランニングキャップ NEK ★REV 7987076 メンズ レディース 速乾 軽量 ジョギング アウトドア キャンプ スポーツ 釣り 海 プール","アジャスタータイプ","ブラック","X11","Y11",,"0","3","2","-1",
"2026/07/26 10:49:25","受注取込","7986747","7986747X12Y11","【日焼けシェード付き】サファリハット シェード メンズ 釣り 帽子 ハット レディース SUNS(サンズ) 撥水 アウトドア 登山 キャンプ バーベキュー NEK ★REVL H-051 送料無料 大きいサイズあり キッズサイズ 子供 UVカット アドベンチャーハット 父の日 プレゼント ユニセックス 春 夏 夏フェス ギフト","大きいサイズ","SHADE_BK/BLACK(H_051)","X12","Y11",,"0","136","135","-1",
"2026/07/26 10:54:06","受注取込","7994702","7994702X11Y11","経年変化を楽しむ！日本製 本革 レザー 130cm 長め ベルト 7994702 メンズ レディース ヌメ革 総革 Artisan aging 送料無料 ナチュラル ギフトBOX付き プレゼント 180618 プレゼント ギフト","ONESIZE","ナチュラル","X11","Y11",,"0","4","3","-1",
"2026/07/26 11:00:20","受注取込","7987400","7987400X11Y11","【とにかくデカい！/普通サイズあり！】キャップ メンズ 大きいサイズ 帽子 深め ビッグサイズ ★REVM 7987400 BIG SIZE メンズキャップ帽子 大きめ 大きい帽子 メンズ帽子 レディース 春 夏 春夏 プレゼント ギフト 母の日 父の日 送料無料","大きいサイズ","A-ブラック","X11","Y11",,"0","208","207","-1",
"2026/07/26 11:01:55","受注取込","7997141","7997141X12Y11","特大 スイカ ドーナツ 浮き輪 浮輪 送料無料 プール 大人用 子供用 NEK 7997141 ★REV 120cm 90cm 80cm 70cm 60cm サイズ 大きい 大きめ うきわ ウキワ すいか 海 海水浴 ビックフロート 水上 レジャー かわいい フローティングベッド 西瓜 子供用浮き輪 大人 子供 こども","90cm","スイカ","X12","Y11",,"0","117","116","-1",
"2026/07/26 11:01:55","受注取込","7997141","7997141X16Y16","特大 スイカ ドーナツ 浮き輪 浮輪 送料無料 プール 大人用 子供用 NEK 7997141 ★REV 120cm 90cm 80cm 70cm 60cm サイズ 大きい 大きめ うきわ ウキワ すいか 海 海水浴 ビックフロート 水上 レジャー かわいい フローティングベッド 西瓜 子供用浮き輪 大人 子供 こども","ONESIZE","イエローストライプ","X16","Y16",,"0","51","50","-1",
"2026/07/26 11:01:55","受注取込","7997141","7997141X13Y12","特大 スイカ ドーナツ 浮き輪 浮輪 送料無料 プール 大人用 子供用 NEK 7997141 ★REV 120cm 90cm 80cm 70cm 60cm サイズ 大きい 大きめ うきわ ウキワ すいか 海 海水浴 ビックフロート 水上 レジャー かわいい フローティングベッド 西瓜 子供用浮き輪 大人 子供 こども","80cm","ドーナツイチゴ","X13","Y12",,"0","81","80","-1",
"2026/07/26 11:04:47","受注取込","7987062","7987062X14Y11","【直射日光をはね返す】コカゲル サファリハット 洗濯機洗いOK 体感マイナス10℃ アドベンチャー NEK CC2R501 ★REV 7987062 ブッシュハット UV アウトドア SEK サイズ調整 大きいサイズ ユニセックス アウトドア 夏 対策 熱中症 木陰 日よけ 日焼け 送料無料","3XL(63.5～65.0)","ブラック","X14","Y11",,"0","71","70","-1",
"2026/07/26 11:09:25","受注取込","7994812","7994812X12Y11","サファリハット メンズ 釣り 帽子 ハット レディース SUNS(サンズ)  撥水 アウトドア 登山 キャンプ バーベキュー NEK ★REV H-051 H-053 送料無料 大きいサイズあり キッズサイズ 子供 UVカット アドベンチャーハット 父の日 プレゼント ユニセックス 春 夏 夏フェス ギフト","大きいサイズ","BK/BLACK(H_051)","X12","Y11",,"0","518","517","-1",
"2026/07/26 11:12:31","受注取込","7987340","7987340X11Y11","本革 ショルダーバッグ バッグ メンズ レディース ★REV 7987340 レザー 本皮 VINTAGE GENUINE LEATHER プレゼント ギフト 送料無料","ONESIZE","ブラウン","X11","Y11",,"0","1","0","-1",
"2026/07/26 11:12:55","受注取込","7987213","7987213X11Y14","【イルマワン アイ対応】アイコス イルマワン ILUMA i ケース 保護ケース iqosイルマワン イルマワンカバー NEK ★REV 7987213 耐衝撃 おしゃれ iqos iluma one 専用 IQOSイルマワン保護ケース レザー ヒョウ柄 ペイズリー 保護カバー アクセサリー アイコスケース 送料無料","イルマワン","D","X11","Y14",,"0","1","0","-1",
"2026/07/26 11:20:38","受注取込","7986675","7986675X11Y11","【深め/美シルエット】メッシュキャップ キャップ 帽子 メンズ レディース 野球帽 ★REVL 7986675 A-Frame Trucker アメカジ 刺繍 送料無料","ONESIZE","A","X11","Y11",,"0","8","7","-1",
"2026/07/26 11:24:32","受注取込","7986967","7986967X13Y15","AVIREX ワッフル Tシャツ メンズ 正規品 MINI WAFFLE V-NECK CREW-NECK S/S T-SHIRT ブランド Y_U NEK ★REV 7986967 おしゃれ 無地 ストレッチ アビレックス アヴィレックス Vネック 7833134007 7835934008 7833134008 7835934009 送料無料","L","クルーネック_グレー(20)","X13","Y15",,"0","1","0","-1",
"2026/07/26 11:30:23","受注取込","7986710","7986710X11Y14","【春夏秋冬対応/くすみカラー】トートバッグ クロシェバッグ エコバッグ レディース NEK ★REVO 7986710 メッシュ クロシェ編み ナチュラル ニット A4 軽量 かぎ編み おしゃれ 大容量 リゾート 通勤 通学 学生 送料無料","ONESIZE","ブラック","X11","Y14",,"0","8","7","-1",
"2026/07/26 11:31:25","受注取込","7986646","7986646X11Y13","大判 レジャーシート 厚手 200cm×200cm 6～8人用 アウトドア キャンプ ★REVL 7986646 お花見 バーベキュー BBQ ピクニック キャンプマット ビーチシート テントシート 送料無料","ONESIZE","C-ワイン","X11","Y13",,"0","19","18","-1",
"2026/07/26 11:39:55","受注取込","7997141","7997141X12Y13","特大 スイカ ドーナツ 浮き輪 浮輪 送料無料 プール 大人用 子供用 NEK 7997141 ★REV 120cm 90cm 80cm 70cm 60cm サイズ 大きい 大きめ うきわ ウキワ すいか 海 海水浴 ビックフロート 水上 レジャー かわいい フローティングベッド 西瓜 子供用浮き輪 大人 子供 こども","90cm","ドーナツチョコ","X12","Y13",,"0","84","83","-1",
"2026/07/26 11:40:20","受注取込","7988215","7988215X21Y11","【とにかくデカい！】 大きいサイズ キャップ メッシュキャップ 送料無料 大きめ ビッグサイズ BIG SIZE ★REV 7988215 <br> 帽子 ハット キャップ ワークキャップ メンズキャップ 大きいサイズ バケット 大きい帽子 メンズ バケハ メンズ帽子 大きい 頭 メッシュ 全39カラー","KK","1","X21","Y11",,"0","14","13","-1",
"2026/07/26 11:41:30","受注取込","7988215","7988215X14Y11","【とにかくデカい！】 大きいサイズ キャップ メッシュキャップ 送料無料 大きめ ビッグサイズ BIG SIZE ★REV 7988215 <br> 帽子 ハット キャップ ワークキャップ メンズキャップ 大きいサイズ バケット 大きい帽子 メンズ バケハ メンズ帽子 大きい 頭 メッシュ 全39カラー","DD","1","X14","Y11",,"0","15","14","-1",
"2026/07/26 11:44:25","受注取込","7987400","7987400X11Y16","【とにかくデカい！/普通サイズあり！】キャップ メンズ 大きいサイズ 帽子 深め ビッグサイズ ★REVM 7987400 BIG SIZE メンズキャップ帽子 大きめ 大きい帽子 メンズ帽子 レディース 春 夏 春夏 プレゼント ギフト 母の日 父の日 送料無料","大きいサイズ","F-ブラック","X11","Y16",,"0","79","78","-1",
"2026/07/26 11:44:25","受注取込","7986568","7986568X11Y11","【豪華5点セット】ワインオープナー VinoArte コルク抜き オープナー ワイン ★REVL 7986568 ボトルオープナー 栓抜き おしゃれ コルク抜き 栓抜き おしゃれ 栓抜き オープナーワイン ワインオープナー 簡単 初心者向け プレゼント ギフト 送料無料","ONESIZE","ブラック","X11","Y11",,"0","35","34","-1",
"2026/07/26 11:44:25","受注取込","7987380","7987380X11Y11","【本革】ショルダーバッグ メンズ レディース サコッシュ バッグ ★REV 7987380 本革 本皮 レザー GENUINE LEATHER プレゼント ギフト 母の日 父の日 送料無料","ONESIZE","キャメル","X11","Y11",,"0","6","5","-1",
"2026/07/26 11:45:55","受注取込","7994812","7994812X12Y12","サファリハット メンズ 釣り 帽子 ハット レディース SUNS(サンズ)  撥水 アウトドア 登山 キャンプ バーベキュー NEK ★REV H-051 H-053 送料無料 大きいサイズあり キッズサイズ 子供 UVカット アドベンチャーハット 父の日 プレゼント ユニセックス 春 夏 夏フェス ギフト","大きいサイズ","BLACK(H_051)","X12","Y12",,"0","46","45","-1",
"2026/07/26 11:47:25","受注取込","7994812","7994812X12Y33","サファリハット メンズ 釣り 帽子 ハット レディース SUNS(サンズ)  撥水 アウトドア 登山 キャンプ バーベキュー NEK ★REV H-051 H-053 送料無料 大きいサイズあり キッズサイズ 子供 UVカット アドベンチャーハット 父の日 プレゼント ユニセックス 春 夏 夏フェス ギフト","大きいサイズ","GREIGE(H-051)","X12","Y33",,"0","86","85","-1",
"2026/07/26 11:50:01","受注取込","7994812","7994812X11Y24","サファリハット メンズ 釣り 帽子 ハット レディース SUNS(サンズ)  撥水 アウトドア 登山 キャンプ バーベキュー NEK ★REV H-051 H-053 送料無料 大きいサイズあり キッズサイズ 子供 UVカット アドベンチャーハット 父の日 プレゼント ユニセックス 春 夏 夏フェス ギフト","普通サイズ","BEIGE(H_051)","X11","Y24",,"0","15","14","-1",
"2026/07/26 11:50:05","受注取込","7988215","7988215X16Y15","【とにかくデカい！】 大きいサイズ キャップ メッシュキャップ 送料無料 大きめ ビッグサイズ BIG SIZE ★REV 7988215 <br> 帽子 ハット キャップ ワークキャップ メンズキャップ 大きいサイズ バケット 大きい帽子 メンズ バケハ メンズ帽子 大きい 頭 メッシュ 全39カラー","FF","5","X16","Y15",,"0","102","101","-1",
"2026/07/26 11:50:05","受注取込","7988215","7988215X16Y15","【とにかくデカい！】 大きいサイズ キャップ メッシュキャップ 送料無料 大きめ ビッグサイズ BIG SIZE ★REV 7988215 <br> 帽子 ハット キャップ ワークキャップ メンズキャップ 大きいサイズ バケット 大きい帽子 メンズ バケハ メンズ帽子 大きい 頭 メッシュ 全39カラー","FF","5","X16","Y15",,"0","101","100","-1",
"2026/07/26 11:51:25","受注取込","7987062","7987062X11Y14","【直射日光をはね返す】コカゲル サファリハット 洗濯機洗いOK 体感マイナス10℃ アドベンチャー NEK CC2R501 ★REV 7987062 ブッシュハット UV アウトドア SEK サイズ調整 大きいサイズ ユニセックス アウトドア 夏 対策 熱中症 木陰 日よけ 日焼け 送料無料","M(57.0～58.5)","イエロー","X11","Y14",,"0","7","6","-1",
"2026/07/26 11:51:25","受注取込","7988215","7988215X18Y14","【とにかくデカい！】 大きいサイズ キャップ メッシュキャップ 送料無料 大きめ ビッグサイズ BIG SIZE ★REV 7988215 <br> 帽子 ハット キャップ ワークキャップ メンズキャップ 大きいサイズ バケット 大きい帽子 メンズ バケハ メンズ帽子 大きい 頭 メッシュ 全39カラー","HH","4","X18","Y14",,"0","13","12","-1",
"2026/07/26 11:52:55","受注取込","7997141","7997141X12Y11","特大 スイカ ドーナツ 浮き輪 浮輪 送料無料 プール 大人用 子供用 NEK 7997141 ★REV 120cm 90cm 80cm 70cm 60cm サイズ 大きい 大きめ うきわ ウキワ すいか 海 海水浴 ビックフロート 水上 レジャー かわいい フローティングベッド 西瓜 子供用浮き輪 大人 子供 こども","90cm","スイカ","X12","Y11",,"0","116","115","-1",
"2026/07/26 11:53:30","受注取込","7994812","7994812X11Y25","サファリハット メンズ 釣り 帽子 ハット レディース SUNS(サンズ)  撥水 アウトドア 登山 キャンプ バーベキュー NEK ★REV H-051 H-053 送料無料 大きいサイズあり キッズサイズ 子供 UVカット アドベンチャーハット 父の日 プレゼント ユニセックス 春 夏 夏フェス ギフト","普通サイズ","BROWN(H_051)","X11","Y25",,"0","31","30","-1",
"2026/07/26 11:54:25","受注取込","7994812","7994812X11Y33","サファリハット メンズ 釣り 帽子 ハット レディース SUNS(サンズ)  撥水 アウトドア 登山 キャンプ バーベキュー NEK ★REV H-051 H-053 送料無料 大きいサイズあり キッズサイズ 子供 UVカット アドベンチャーハット 父の日 プレゼント ユニセックス 春 夏 夏フェス ギフト","普通サイズ","GREIGE(H-051)","X11","Y33",,"0","154","153","-1",
"2026/07/26 12:01:30","受注取込","7987061","7987061X11Y12","【お得な2組セット】アームカバー メンズ レディース 2組セット 冷感 NEK ★REV 7987061 ひんやり スポーツ 紫外線カット UVカット 男用 仕事 外 夏 運動 ゴルフ サイクリング 通気性 速乾性 接触冷感 UPF50+ 日焼け防止 送料無料","ONESIZE","ホワイト","X11","Y12",,"0","169","168","-1",
"2026/07/26 12:01:30","受注取込","7987061","7987061X11Y13","【お得な2組セット】アームカバー メンズ レディース 2組セット 冷感 NEK ★REV 7987061 ひんやり スポーツ 紫外線カット UVカット 男用 仕事 外 夏 運動 ゴルフ サイクリング 通気性 速乾性 接触冷感 UPF50+ 日焼け防止 送料無料","ONESIZE","グレー","X11","Y13",,"0","135","134","-1",
"2026/07/26 12:05:56","受注取込","7986547","7986547X11Y11","【お得な5枚10点セット】福袋 おなかぷにぷに3Dキャラクターシール 犬猫アニマル NEK ★REVO 7986547 ピンセット付き ぷにぷに触感 ストレス解消 癒しデコシール プレゼント ギフト 送料無料","ONESIZE","5枚10点アソート","X11","Y11",,"0","707","706","-1",
"2026/07/26 12:14:25","受注取込","7997141","7997141X16Y14","特大 スイカ ドーナツ 浮き輪 浮輪 送料無料 プール 大人用 子供用 NEK 7997141 ★REV 120cm 90cm 80cm 70cm 60cm サイズ 大きい 大きめ うきわ ウキワ すいか 海 海水浴 ビックフロート 水上 レジャー かわいい フローティングベッド 西瓜 子供用浮き輪 大人 子供 こども","ONESIZE","スイカストライプ","X16","Y14",,"0","68","67","-1",
"2026/07/26 12:15:24","受注取込","7994812","7994812X12Y13","サファリハット メンズ 釣り 帽子 ハット レディース SUNS(サンズ)  撥水 アウトドア 登山 キャンプ バーベキュー NEK ★REV H-051 H-053 送料無料 大きいサイズあり キッズサイズ 子供 UVカット アドベンチャーハット 父の日 プレゼント ユニセックス 春 夏 夏フェス ギフト","大きいサイズ","NAVY(H_051)","X12","Y13",,"0","11","10","-1",
"2026/07/26 12:15:25","受注取込","8003112","8003112X13Y11","AVIREX アビレックス タンクトップ メンズ 無地 アヴィレックス メンズアメカジトップス ★REV NEK 6143503 全10色 プレゼント ギフト","L","ホワイト(01)","X13","Y11",,"0","3","1","-2",
"2026/07/26 12:15:25","受注取込","7990254","7990254X11Y12","【送料無料 速攻配達】AVIREX ニットキャップ ニット帽 帽子 メンズ レディース スウェットキャップ  NEK ★REV 14649300 ルーズ キャップ ブランド アビレックス リバーシブル AX REVERSIBLE SWEAT CAP 送料無料 プレゼント ギフト","ONESIZE","ブラック(80)","X11","Y12",,"0","352","351","-1",
"2026/07/26 12:20:39","WEB画面","7990254","7990254X11Y11","【送料無料 速攻配達】AVIREX ニットキャップ ニット帽 帽子 メンズ レディース スウェットキャップ  NEK ★REV 14649300 ルーズ キャップ ブランド アビレックス リバーシブル AX REVERSIBLE SWEAT CAP 送料無料 プレゼント ギフト","ONESIZE","カーキ(35)","X11","Y11",,"0","269","270","1","塩谷 満里子"
"2026/07/26 12:28:46","受注取込","7987559","7987559X11Y11","ミニ財布 ミニウォレット 短財布 メンズ レディース ウォレット NEK ★REV 7987559 プレゼント ギフト 父の日 母の日 プチギフト 誕プレ 送料無料","ONESIZE","グレー","X11","Y11",,"0","11","10","-1",
"2026/07/26 12:30:30","受注取込","7987697","7987697X11Y11","【速攻配達】冷やスマPRO 盛夏用 スマホ熱中症対策 冷却 クーラー ★REV NEK スマートフォン専用常温保冷剤 熱暴走 結露なし スマホ 冷感 冷却 HIYASUMA","ONESIZE","ホワイト","X11","Y11",,"0","740","738","-2",
"2026/07/26 12:36:30","受注取込","7987892","7987892X12Y12","【深めのシルエット】メッシュキャップ キャップ 帽子 メンズ レディース 大きいサイズ 普通サイズ ★REV 7987892","大きいサイズ","B","X12","Y12",,"0","20","19","-1",
"2026/07/26 12:42:25","受注取込","7997141","7997141X13Y11","特大 スイカ ドーナツ 浮き輪 浮輪 送料無料 プール 大人用 子供用 NEK 7997141 ★REV 120cm 90cm 80cm 70cm 60cm サイズ 大きい 大きめ うきわ ウキワ すいか 海 海水浴 ビックフロート 水上 レジャー かわいい フローティングベッド 西瓜 子供用浮き輪 大人 子供 こども","80cm","スイカ","X13","Y11",,"0","78","77","-1",
"2026/07/26 12:50:08","受注取込","7988215","7988215X16Y15","【とにかくデカい！】 大きいサイズ キャップ メッシュキャップ 送料無料 大きめ ビッグサイズ BIG SIZE ★REV 7988215 <br> 帽子 ハット キャップ ワークキャップ メンズキャップ 大きいサイズ バケット 大きい帽子 メンズ バケハ メンズ帽子 大きい 頭 メッシュ 全39カラー","FF","5","X16","Y15",,"0","100","99","-1",
"2026/07/26 12:50:09","受注取込","7988215","7988215X21Y11","【とにかくデカい！】 大きいサイズ キャップ メッシュキャップ 送料無料 大きめ ビッグサイズ BIG SIZE ★REV 7988215 <br> 帽子 ハット キャップ ワークキャップ メンズキャップ 大きいサイズ バケット 大きい帽子 メンズ バケハ メンズ帽子 大きい 頭 メッシュ 全39カラー","KK","1","X21","Y11",,"0","13","12","-1",
"2026/07/26 12:53:55","受注取込","7997141","7997141X12Y12","特大 スイカ ドーナツ 浮き輪 浮輪 送料無料 プール 大人用 子供用 NEK 7997141 ★REV 120cm 90cm 80cm 70cm 60cm サイズ 大きい 大きめ うきわ ウキワ すいか 海 海水浴 ビックフロート 水上 レジャー かわいい フローティングベッド 西瓜 子供用浮き輪 大人 子供 こども","90cm","ドーナツイチゴ","X12","Y12",,"0","53","52","-1",
"2026/07/26 12:53:55","受注取込","7997141","7997141X11Y13","特大 スイカ ドーナツ 浮き輪 浮輪 送料無料 プール 大人用 子供用 NEK 7997141 ★REV 120cm 90cm 80cm 70cm 60cm サイズ 大きい 大きめ うきわ ウキワ すいか 海 海水浴 ビックフロート 水上 レジャー かわいい フローティングベッド 西瓜 子供用浮き輪 大人 子供 こども","120cm","ドーナツチョコ","X11","Y13",,"0","89","88","-1",
"2026/07/26 12:53:55","受注取込","7994812","7994812X12Y11","サファリハット メンズ 釣り 帽子 ハット レディース SUNS(サンズ)  撥水 アウトドア 登山 キャンプ バーベキュー NEK ★REV H-051 H-053 送料無料 大きいサイズあり キッズサイズ 子供 UVカット アドベンチャーハット 父の日 プレゼント ユニセックス 春 夏 夏フェス ギフト","大きいサイズ","BK/BLACK(H_051)","X12","Y11",,"0","517","516","-1",
"2026/07/26 12:53:55","受注取込","7994812","7994812X11Y33","サファリハット メンズ 釣り 帽子 ハット レディース SUNS(サンズ)  撥水 アウトドア 登山 キャンプ バーベキュー NEK ★REV H-051 H-053 送料無料 大きいサイズあり キッズサイズ 子供 UVカット アドベンチャーハット 父の日 プレゼント ユニセックス 春 夏 夏フェス ギフト","普通サイズ","GREIGE(H-051)","X11","Y33",,"0","153","152","-1",
"2026/07/26 12:56:53","受注取込","7986779","7986779X12Y11","【高純度テラヘルツ/鏡面多面カット】 テラヘルツ アンクレット ブレスレット メンズ レディース NEK ★REV 7986779 4.0mm 健康 テラヘルツ波 パワーストーン 天然石 アクセサリー プレゼント ギフト プチギフト 母の日 父の日 送料無料","アンクレット","テラヘルツ","X12","Y11",,"0","70","69","-1",
"2026/07/26 13:05:31","受注取込","7987147","7987147X11Y26","【本革】財布 ミニ財布 短財布 メンズ レディース コンパクト レザー NEK ★REVH 7987147 革 本革 牛革 ショートウォレット さいふ ウォレット 多機能 大容量 男性 ギフト 紳士用 プレゼント 薄い スリム 収納 三つ折り","ONESIZE","くすみパープル","X11","Y26",,"0","4","3","-1",
"2026/07/26 13:06:25","受注取込","7994812","7994812X11Y24","サファリハット メンズ 釣り 帽子 ハット レディース SUNS(サンズ)  撥水 アウトドア 登山 キャンプ バーベキュー NEK ★REV H-051 H-053 送料無料 大きいサイズあり キッズサイズ 子供 UVカット アドベンチャーハット 父の日 プレゼント ユニセックス 春 夏 夏フェス ギフト","普通サイズ","BEIGE(H_051)","X11","Y24",,"0","14","13","-1",
"2026/07/26 13:06:25","受注取込","7994812","7994812X12Y15","サファリハット メンズ 釣り 帽子 ハット レディース SUNS(サンズ)  撥水 アウトドア 登山 キャンプ バーベキュー NEK ★REV H-051 H-053 送料無料 大きいサイズあり キッズサイズ 子供 UVカット アドベンチャーハット 父の日 プレゼント ユニセックス 春 夏 夏フェス ギフト","大きいサイズ","WINE(H_051)","X12","Y15",,"0","14","13","-1",
"2026/07/26 13:07:55","受注取込","7986528","7986528X11Y16","【Ploom AURA】プルーム オーラ カバー ケース レザー調 ストラップ付 保護 耐衝撃 NEK ★REVL 7986528 おしゃれ プルームオーラ 保護ケース 保護カバー アクセサリー 送料無料","ONESIZE","F","X11","Y16",,"0","11","10","-1",
"2026/07/26 13:10:00","受注取込","7986601","7986601X11Y11","【首元リセット/癒しの深温波】テラハーモニー TeraHarmony 天然 テラヘルツ NEK ★REVL 7986601 健康 リラックス 安眠 天然石 パワーストーン お風呂 テラヘルツ鉱石 温泉 健康グッズ 健康器具 テラヘル マッサージ 肩こり 腰痛 疲労 母の日 父の日送料無料","ONESIZE","ブラック","X11","Y11",,"0","9","8","-1",
"2026/07/26 13:10:00","受注取込","7986597","7986597X11Y11","【目元リラックス！高純度テラヘルツ】高純度 テラヘルツ アイマスク NEK ★REVL 7986597 重さ150g・包み込む美容ケア・リラクゼーション用 健康 テラヘルツ波 パワーストーン 天然石 アクセサリー プレゼント ギフト プチギフト 母の日 父の日 送料無料","アイマスク","メタリッククローム","X11","Y11",,"0","38","37","-1",
"2026/07/26 13:10:05","受注取込","7988215","7988215X16Y15","【とにかくデカい！】 大きいサイズ キャップ メッシュキャップ 送料無料 大きめ ビッグサイズ BIG SIZE ★REV 7988215 <br> 帽子 ハット キャップ ワークキャップ メンズキャップ 大きいサイズ バケット 大きい帽子 メンズ バケハ メンズ帽子 大きい 頭 メッシュ 全39カラー","FF","5","X16","Y15",,"0","99","98","-1",
"2026/07/26 13:10:06","受注取込","7986989","7986989X11Y25","【本革/特価/16色展開】本革 ショルダーバッグ ポーチ レディース ミニショルダーバッグ NEK ★REV 7986989 斜めがけ お財布 ショルダー お財布バッグ 送料無料","ONESIZE","ホワイト","X11","Y25",,"0","2","1","-1",
"2026/07/26 13:16:25","受注取込","7997141","7997141X12Y13","特大 スイカ ドーナツ 浮き輪 浮輪 送料無料 プール 大人用 子供用 NEK 7997141 ★REV 120cm 90cm 80cm 70cm 60cm サイズ 大きい 大きめ うきわ ウキワ すいか 海 海水浴 ビックフロート 水上 レジャー かわいい フローティングベッド 西瓜 子供用浮き輪 大人 子供 こども","90cm","ドーナツチョコ","X12","Y13",,"0","83","82","-1",
"2026/07/26 13:16:25","受注取込","7997141","7997141X12Y12","特大 スイカ ドーナツ 浮き輪 浮輪 送料無料 プール 大人用 子供用 NEK 7997141 ★REV 120cm 90cm 80cm 70cm 60cm サイズ 大きい 大きめ うきわ ウキワ すいか 海 海水浴 ビックフロート 水上 レジャー かわいい フローティングベッド 西瓜 子供用浮き輪 大人 子供 こども","90cm","ドーナツイチゴ","X12","Y12",,"0","52","51","-1",
"2026/07/26 13:16:31","受注取込","7987848","7987848X11Y12","【ROUTE66】キャップ ローキャップ 帽子 メンズ レディース 7987848 Vintage アメカジ おしゃれ ルート66 アメリカ USA","ONESIZE","カーキ","X11","Y12",,"0","14","13","-1",
"2026/07/26 13:16:31","受注取込","7987848","7987848X11Y13","【ROUTE66】キャップ ローキャップ 帽子 メンズ レディース 7987848 Vintage アメカジ おしゃれ ルート66 アメリカ USA","ONESIZE","ワイン","X11","Y13",,"0","6","5","-1",
"2026/07/26 13:16:31","受注取込","7988215","7988215X18Y12","【とにかくデカい！】 大きいサイズ キャップ メッシュキャップ 送料無料 大きめ ビッグサイズ BIG SIZE ★REV 7988215 <br> 帽子 ハット キャップ ワークキャップ メンズキャップ 大きいサイズ バケット 大きい帽子 メンズ バケハ メンズ帽子 大きい 頭 メッシュ 全39カラー","HH","2","X18","Y12",,"0","28","27","-1",
"2026/07/26 13:16:31","受注取込","7987400","7987400X11Y11","【とにかくデカい！/普通サイズあり！】キャップ メンズ 大きいサイズ 帽子 深め ビッグサイズ ★REVM 7987400 BIG SIZE メンズキャップ帽子 大きめ 大きい帽子 メンズ帽子 レディース 春 夏 春夏 プレゼント ギフト 母の日 父の日 送料無料","大きいサイズ","A-ブラック","X11","Y11",,"0","207","206","-1",
"2026/07/26 13:20:20","受注取込","7986710","7986710X11Y14","【春夏秋冬対応/くすみカラー】トートバッグ クロシェバッグ エコバッグ レディース NEK ★REVO 7986710 メッシュ クロシェ編み ナチュラル ニット A4 軽量 かぎ編み おしゃれ 大容量 リゾート 通勤 通学 学生 送料無料","ONESIZE","ブラック","X11","Y14",,"0","7","6","-1",
"2026/07/26 13:30:29","受注取込","7986850","7986850X11Y12","【耐滑底/おしゃれ】安全靴 スニーカー エアウォーク ミッドカット AIR WALK AW-940 AW-950 Y_YU ★REV 7986850 メンズ おしゃれ 耐滑底 樹脂先芯 ストレッチロック セーフティシューズ 作業靴 送料無料","25.0cm","AW-950_ホワイト","X11","Y12",,"0","144","143","-1",
"2026/07/26 13:30:55","受注取込","7987697","7987697X11Y11","【速攻配達】冷やスマPRO 盛夏用 スマホ熱中症対策 冷却 クーラー ★REV NEK スマートフォン専用常温保冷剤 熱暴走 結露なし スマホ 冷感 冷却 HIYASUMA","ONESIZE","ホワイト","X11","Y11",,"0","738","737","-1",
"2026/07/26 13:38:55","受注取込","7994812","7994812X12Y33","サファリハット メンズ 釣り 帽子 ハット レディース SUNS(サンズ)  撥水 アウトドア 登山 キャンプ バーベキュー NEK ★REV H-051 H-053 送料無料 大きいサイズあり キッズサイズ 子供 UVカット アドベンチャーハット 父の日 プレゼント ユニセックス 春 夏 夏フェス ギフト","大きいサイズ","GREIGE(H-051)","X12","Y33",,"0","85","84","-1",
"2026/07/26 13:43:25","受注取込","7988386","7988386X11Y14","【高輝度・省電力】LED 卓上 ライト 間接照明 おしゃれ テーブルランプ 北欧 ベッドライト ★REV 7988386 照明 ランプ 一人暮らし ナイトランプ ムードランプ インテリア 雑貨 スタンドライト フロアライト ベッドサイド ルームライト 寝室 usb 電気スタンド フロアランプ","ONESIZE","キャメル","X11","Y14",,"0","154","153","-1",
"2026/07/26 13:43:38","受注取込","7987400","7987400X11Y16","【とにかくデカい！/普通サイズあり！】キャップ メンズ 大きいサイズ 帽子 深め ビッグサイズ ★REVM 7987400 BIG SIZE メンズキャップ帽子 大きめ 大きい帽子 メンズ帽子 レディース 春 夏 春夏 プレゼント ギフト 母の日 父の日 送料無料","大きいサイズ","F-ブラック","X11","Y16",,"0","78","77","-1",
"2026/07/26 13:45:10","WEB画面","7994702","7994702X11Y11","経年変化を楽しむ！日本製 本革 レザー 130cm 長め ベルト 7994702 メンズ レディース ヌメ革 総革 Artisan aging 送料無料 ナチュラル ギフトBOX付き プレゼント 180618 プレゼント ギフト","ONESIZE","ナチュラル","X11","Y11",,"0","3","2","-1","立花"
"2026/07/26 13:48:18","受注取込","7992054","7992054X11Y22","【シンプル/おしゃれ】16mm パワーストーン ネックレス メンズ レディース 瑪瑙 オブシディアン タイガーアイ NEK ★REV 7992054 黒曜石 茶水晶 虎目石 金運 財運 仕事運 恋愛 結婚 家庭円満 癒し 幸運 成功運 勝負運 家族運 厄除祈願 天然石 お守り プレゼント 送料無料","ONESIZE","【L】ピンククォーツ","X11","Y22",,"0","42","41","-1",
"2026/07/26 13:50:04","受注取込","7992540","7992540X11Y14","AVIREX ワークキャップ メンズ 大きいサイズ 大きめ キャップ ブランド 帽子 アメカジ アビレックス 春 夏 秋 冬 綿100％ ★REV 18490000 14787700 80264100 7992540 ネイビー/ベージュ/ブラック/カーキ プレゼント ギフト","ONESIZE","【D】カーキ","X11","Y14",,"0","49","48","-1",
"2026/07/26 13:51:55","受注取込","7994812","7994812X12Y11","サファリハット メンズ 釣り 帽子 ハット レディース SUNS(サンズ)  撥水 アウトドア 登山 キャンプ バーベキュー NEK ★REV H-051 H-053 送料無料 大きいサイズあり キッズサイズ 子供 UVカット アドベンチャーハット 父の日 プレゼント ユニセックス 春 夏 夏フェス ギフト","大きいサイズ","BK/BLACK(H_051)","X12","Y11",,"0","516","515","-1",
"2026/07/26 13:55:00","受注取込","7994812","7994812X12Y16","サファリハット メンズ 釣り 帽子 ハット レディース SUNS(サンズ)  撥水 アウトドア 登山 キャンプ バーベキュー NEK ★REV H-051 H-053 送料無料 大きいサイズあり キッズサイズ 子供 UVカット アドベンチャーハット 父の日 プレゼント ユニセックス 春 夏 夏フェス ギフト","大きいサイズ","GRAY(H_051)","X12","Y16",,"0","107","106","-1",
"2026/07/26 14:06:30","受注取込","7987642","7987642X11Y11","【送料無料】ミニ財布 メンズ 本革 レディース 二つ折り 財布 カードケース LTG カード入れ 多い NEK ★REV 7987642 折りたたみ コンパクト 小さい財布 小銭入れ コインスルー お札が折れない スキミング防止 ファスナー コインケース ミニマリスト ラウンドジッパー","ONESIZE","ブラック","X11","Y11",,"0","34","33","-1",
"2026/07/26 14:06:47","受注取込","8003102","8003102X16Y11","やみつきになる！ ストレッチ AVIREX アビレックス Tシャツ メンズ ★REV NEK 6143501 6143502 Vネック クルーネック 半袖 プレゼント ギフト","クルーネック_ホワイト_001","Sサイズ","X16","Y11",,"0","0","-1","-1",
"2026/07/26 14:16:29","受注取込","7986545","7986545X11Y11","【お得な2枚組】AVIREX アビレックス  アヴィレックス ボクサーパンツ メンズ NEK ★REVL 7986545 アンダーウェア 下着 かっこいい おすすめ 人気 カモフラ 迷彩 カモ柄 ロゴ ブランド 男性 紳士 プレゼント プチギフト 父の日 誕生日 彼氏 父 息子 ギフト 記念日 福袋 送料無料","M","2枚組","X11","Y11",,"0","9","7","-2",
"2026/07/26 14:18:55","受注取込","7987687","7987687X11Y11","【長沢ベルト工業】日本製 ベルト メンズ レディース 本革 本皮 イタリアンレザー ★REV Y_KO NKB-001 3.0cm幅 30mm ビジネスベルト カジュアルベルト 長沢ベルト工業 ブランド プレゼント ギフト クリスマス 父の日 バケッタ製法 送料無料","ONESIZE","ブラック","X11","Y11",,"0","20","19","-1",
"2026/07/26 14:22:55","受注取込","7994812","7994812X11Y24","サファリハット メンズ 釣り 帽子 ハット レディース SUNS(サンズ)  撥水 アウトドア 登山 キャンプ バーベキュー NEK ★REV H-051 H-053 送料無料 大きいサイズあり キッズサイズ 子供 UVカット アドベンチャーハット 父の日 プレゼント ユニセックス 春 夏 夏フェス ギフト","普通サイズ","BEIGE(H_051)","X11","Y24",,"0","13","12","-1",
"2026/07/26 14:26:55","受注取込","7994812","7994812X11Y20","サファリハット メンズ 釣り 帽子 ハット レディース SUNS(サンズ)  撥水 アウトドア 登山 キャンプ バーベキュー NEK ★REV H-051 H-053 送料無料 大きいサイズあり キッズサイズ 子供 UVカット アドベンチャーハット 父の日 プレゼント ユニセックス 春 夏 夏フェス ギフト","普通サイズ","PURPLE(H_051)","X11","Y20",,"0","18","17","-1",
"2026/07/26 14:30:04","受注取込","7987085","7987085X11Y23","【とにかくデカい！】大きいサイズ キャップ 大きめ 深い 深め ビッグサイズ BIG SIZE ★REV 7987085 メンズキャップ帽子 大きい帽子 メンズ帽子 レディース 春 夏 春夏 プレゼント ギフト 母の日 父の日 送料無料","YA","13","X11","Y23",,"0","15","14","-1",
"2026/07/26 14:31:01","受注取込","7987400","7987400X11Y14","【とにかくデカい！/普通サイズあり！】キャップ メンズ 大きいサイズ 帽子 深め ビッグサイズ ★REVM 7987400 BIG SIZE メンズキャップ帽子 大きめ 大きい帽子 メンズ帽子 レディース 春 夏 春夏 プレゼント ギフト 母の日 父の日 送料無料","大きいサイズ","D-ネイビー","X11","Y14",,"0","47","46","-1",
"2026/07/26 14:40:01","受注取込","7987061","7987061X11Y13","【お得な2組セット】アームカバー メンズ レディース 2組セット 冷感 NEK ★REV 7987061 ひんやり スポーツ 紫外線カット UVカット 男用 仕事 外 夏 運動 ゴルフ サイクリング 通気性 速乾性 接触冷感 UPF50+ 日焼け防止 送料無料","ONESIZE","グレー","X11","Y13",,"0","134","133","-1",
"2026/07/26 14:40:01","受注取込","7987714","7987714X11Y11","【なんと6+1個入り！速攻配達】水風船 水ふうせん 何度も使える ゴミが出ない プール クラッシュボール ★REV NEK 7987714 水遊び 海 川 お風呂 水鉄砲 子供 おもちゃ 繰り返し BALL 水 風船 ボール エコ ウォーターボム リサイクル 安心 安全 送料無料","ワンサイズ","まる形6+1","X11","Y11",,"0","24","23","-1",
"2026/07/26 14:41:55","受注取込","7986572","7986572X11Y44","【新型/IQOS イルマ i ワン用】アイコス イルマiワン ILUMA ケース 保護ケース NEK ★REVL 7986572 iqosイルマワン イルマワンカバー 耐衝撃 おしゃれ iqos iluma one 専用 IQOSイルマワン保護ケース レザー ヒョウ柄 ペイズリー 保護カバー アイコスケース アクセサリー 送料無料","イルマiワン","88","X11","Y44",,"0","12","11","-1",
"2026/07/26 14:41:55","受注取込","7986572","7986572X11Y39","【新型/IQOS イルマ i ワン用】アイコス イルマiワン ILUMA ケース 保護ケース NEK ★REVL 7986572 iqosイルマワン イルマワンカバー 耐衝撃 おしゃれ iqos iluma one 専用 IQOSイルマワン保護ケース レザー ヒョウ柄 ペイズリー 保護カバー アイコスケース アクセサリー 送料無料","イルマiワン","83","X11","Y39",,"0","28","27","-1",
"2026/07/26 14:45:35","受注取込","7986477","7986477X11Y11","【和の彩りを手のひらサイズに】豆がま口キーホルダー 6色セット 鈴付き ミニがま口 NEK 7986477 和柄 小銭入れ アクセサリーケース 和雑貨 ギフト 送料無料","ONESIZE","6色セット","X11","Y11",,"0","136","135","-1",
"2026/07/26 14:48:25","受注取込","7994812","7994812X12Y27","サファリハット メンズ 釣り 帽子 ハット レディース SUNS(サンズ)  撥水 アウトドア 登山 キャンプ バーベキュー NEK ★REV H-051 H-053 送料無料 大きいサイズあり キッズサイズ 子供 UVカット アドベンチャーハット 父の日 プレゼント ユニセックス 春 夏 夏フェス ギフト","大きいサイズ","CAMO(H_051)","X12","Y27",,"0","105","104","-1",
"2026/07/26 14:49:31","受注取込","7986757","7986757X11Y12","【置くだけで充電】 ワイヤレス充電器 車載 ホルダー 置き型 Type-C充電 USB-A NEK ★REVL 7986757 最大20W 車載ワイヤレス充電パッド 充電 充電器 車載 スマホ ホルダー スタンド 車 携帯ホルダー 急速充電 サイズ調整可能 滑り止め iphone/Android 1M PD充電 スマホアクセサリー Qi規格 送料無料","ONESIZE","TYPE-C(1m)","X11","Y12",,"0","20","19","-1",
"2026/07/26 14:50:11","受注取込","7987400","7987400X11Y11","【とにかくデカい！/普通サイズあり！】キャップ メンズ 大きいサイズ 帽子 深め ビッグサイズ ★REVM 7987400 BIG SIZE メンズキャップ帽子 大きめ 大きい帽子 メンズ帽子 レディース 春 夏 春夏 プレゼント ギフト 母の日 父の日 送料無料","大きいサイズ","A-ブラック","X11","Y11",,"0","206","205","-1",
"2026/07/26 14:51:25","受注取込","7994812","7994812X12Y33","サファリハット メンズ 釣り 帽子 ハット レディース SUNS(サンズ)  撥水 アウトドア 登山 キャンプ バーベキュー NEK ★REV H-051 H-053 送料無料 大きいサイズあり キッズサイズ 子供 UVカット アドベンチャーハット 父の日 プレゼント ユニセックス 春 夏 夏フェス ギフト","大きいサイズ","GREIGE(H-051)","X12","Y33",,"0","84","83","-1",
"2026/07/26 14:53:55","受注取込","7987400","7987400X11Y14","【とにかくデカい！/普通サイズあり！】キャップ メンズ 大きいサイズ 帽子 深め ビッグサイズ ★REVM 7987400 BIG SIZE メンズキャップ帽子 大きめ 大きい帽子 メンズ帽子 レディース 春 夏 春夏 プレゼント ギフト 母の日 父の日 送料無料","大きいサイズ","D-ネイビー","X11","Y14",,"0","46","45","-1",
"2026/07/26 14:54:08","受注取込","7986562","7986562X11Y23","IQOS アイコス イルマiワン イルマアイ TEREA テリア ケース ヒートスティックケース NEK ★REVL 7986562 カバー 加熱式たばこ用ハードケース SENTIA（センティア) HEETS プレゼント ギフト 送料無料","ONESIZE","M","X11","Y23",,"0","2","1","-1",
"2026/07/26 14:56:00","受注取込","7987275","7987275X11Y12","AVIREX アビレックス ニットキャップ ニット帽 NEK ★REV 7987275 帽子 大きい 大きめ 大きいサイズ ニット素材 メンズ レディース アヴィレックス ブランド プレゼント ギフト ミリタリー アメカジ ストリート アウトドア プレゼント ギフト 送料無料","ONESIZE","ブラウン","X11","Y12",,"0","54","53","-1",
"2026/07/26 14:56:00","受注取込","7994812","7994812X12Y33","サファリハット メンズ 釣り 帽子 ハット レディース SUNS(サンズ)  撥水 アウトドア 登山 キャンプ バーベキュー NEK ★REV H-051 H-053 送料無料 大きいサイズあり キッズサイズ 子供 UVカット アドベンチャーハット 父の日 プレゼント ユニセックス 春 夏 夏フェス ギフト","大きいサイズ","GREIGE(H-051)","X12","Y33",,"0","83","82","-1",
"2026/07/26 14:56:18","受注取込","7986662","7986662X11Y11","【溶岩石とオニキスの力】パワーストーン ブレスレット メンズ レディース バングル NEK ★REVL 7986662 スピリチュアル 天然石 エネルギーアクセサリー プレゼント ギフト 送料無料","ONESIZE","ブラック","X11","Y11",,"0","9","8","-1",
"2026/07/26 15:00:55","受注取込","7987400","7987400X11Y11","【とにかくデカい！/普通サイズあり！】キャップ メンズ 大きいサイズ 帽子 深め ビッグサイズ ★REVM 7987400 BIG SIZE メンズキャップ帽子 大きめ 大きい帽子 メンズ帽子 レディース 春 夏 春夏 プレゼント ギフト 母の日 父の日 送料無料","大きいサイズ","A-ブラック","X11","Y11",,"0","205","204","-1",
"2026/07/26 15:04:55","受注取込","7987061","7987061X11Y13","【お得な2組セット】アームカバー メンズ レディース 2組セット 冷感 NEK ★REV 7987061 ひんやり スポーツ 紫外線カット UVカット 男用 仕事 外 夏 運動 ゴルフ サイクリング 通気性 速乾性 接触冷感 UPF50+ 日焼け防止 送料無料","ONESIZE","グレー","X11","Y13",,"0","133","131","-2",
"2026/07/26 15:10:19","受注取込","7987794","7987794X11Y18","【大きいサイズもあり】キャスハンチング キャップ メンズ レディース CULTURE MART NEK 101294 ★REV 7987794 ハンチング帽子 ハンチング帽 秋冬 帽子 ハンチング キャスケット メンズ帽子 レディース帽子秋冬 秋冬帽子 メンズハンチング おしゃれ カルチャーマート","普通サイズ","インディゴ×デニム","X11","Y18",,"0","40","39","-1",
"2026/07/26 15:10:31","受注取込","7986778","7986778X11Y11","【高純度テラヘルツ/3通りの使い方可能】 テラヘルツ ネックレス アンクレット ブレスレット NEK ★REV 7986778 メンズ レディース 鏡面多面カット 3.0mm 健康 テラヘルツ波 パワーストーン 天然石 アクセサリー プレゼント ギフト プチギフト 母の日 父の日 送料無料","球型","テラヘルツ","X11","Y11",,"0","19","18","-1",
"2026/07/26 15:18:31","受注取込","7998075","7998075X12Y15","他店圧倒価格♪最安値に挑戦！ 1点までメール便送料無料 ワッチキャップ ニット帽子 ニットキャップ 7998075 【MB】【ALI】■05161126【wow未販売】 sg追加200125 sg追加200125","大きいサイズ(～65cm)","チャコール","X12","Y15",,"0","91","90","-1",
"2026/07/26 15:20:06","受注取込","7987093","7987093X11Y13","【新型iphone/IQOS対応】急速5A 3股 Type-C 充電ケーブル スマホケーブル 1.2m 2m 3m typec NEK ★REVL 7987093 新型iphone IQOS対応 USB A→Type-C×3 充電ケーブル 3in1 急速 送料無料","1.2m","ブラック_TypeC/TypeC×3","X11","Y13",,"0","18","17","-1",
"2026/07/26 15:24:55","WEB画面","7994812","7994812X11Y11","サファリハット メンズ 釣り 帽子 ハット レディース SUNS(サンズ)  撥水 アウトドア 登山 キャンプ バーベキュー NEK ★REV H-051 H-053 送料無料 大きいサイズあり キッズサイズ 子供 UVカット アドベンチャーハット 父の日 プレゼント ユニセックス 春 夏 夏フェス ギフト","普通サイズ","BK/BLACK(H_051)","X11","Y11",,"0","61","60","-1","立花"
"2026/07/26 15:28:55","受注取込","7994812","7994812X12Y33","サファリハット メンズ 釣り 帽子 ハット レディース SUNS(サンズ)  撥水 アウトドア 登山 キャンプ バーベキュー NEK ★REV H-051 H-053 送料無料 大きいサイズあり キッズサイズ 子供 UVカット アドベンチャーハット 父の日 プレゼント ユニセックス 春 夏 夏フェス ギフト","大きいサイズ","GREIGE(H-051)","X12","Y33",,"0","82","81","-1",
"2026/07/26 15:31:00","受注取込","7986675","7986675X11Y15","【深め/美シルエット】メッシュキャップ キャップ 帽子 メンズ レディース 野球帽 ★REVL 7986675 A-Frame Trucker アメカジ 刺繍 送料無料","ONESIZE","E","X11","Y15",,"0","10","9","-1",
"2026/07/26 15:33:25","受注取込","7992723","7992723X12Y11","お得！ 送料無料 4枚入り 福袋 Dickies ディッキーズ ボクサーパンツ メンズ かわいい NEK ★REV <br> パンツ ボクサーパンツ セット メンズ下着 メンズボクサーパンツ メンズボクサー 大きいサイズ 大きめ 特大 3L 下着 インナー メンズ usa まとめ買い プレゼント ギフト","L","福袋4枚セット","X12","Y11",,"0","302","301","-1",
"2026/07/26 15:34:00","受注取込","7994226","7994226X12Y12","【大きいサイズもあり 限定モデル】AVIREX メッシュキャップ メンズ 帽子 メンズ キャップ メンズ 14023200 14670200 レディース ★REV 父の日 贈り物 プレゼント ブランド アビレックス 送料無料 正規品 ブラック 黒 ネイビー 紺 グレー 灰 yos プレゼント ギフト","大きいサイズ_14670200","80_ブラック","X12","Y12",,"0","39","38","-1",
"2026/07/26 15:35:38","WEB画面","9009978","9009978X8Y6","帽子 メンズ AVIREX アビレックス 送料無料 キャップ 父の日 プレゼント 贈り物 ニットキャップ メッシュキャップ 大きいサイズ レディース ディッキーズ ローキャップ ワークキャップ ハット ハンチング おしゃれ ロゴ 刺繍 プリント アメカジ HYPE 通販 yos ギフト","H","-6","X8","Y6",,"0","-1","0","1","阿二"
"2026/07/26 15:40:05","受注取込","7987091","7987091X11Y12","【使い方色々!】キーケース 小銭入れ ポーチ ベルトポーチ 短財布 財布 NEK ★REV 7987091 イヤホンケース メンズ レディース ミリタリー サバゲー キャンプ アウトドア メディカルポーチ 防災グッズ 送料無料","ONESIZE","カーキ","X11","Y12",,"0","3","2","-1",
"2026/07/26 15:40:06","受注取込","7988208","7988208X11Y13","【旅行にピッタリ】ボストンバッグ ボストン メンズ レディース ★REV 7988208 小旅行 大容量 2泊 大きい ゴルフ ビジネス 出張 修学旅行 収納ポケット多数 シンプル 送料無料","ONESIZE","グレー","X11","Y13",,"0","4","3","-1",
"2026/07/26 15:40:07","受注取込","7986545","7986545X11Y11","【お得な2枚組】AVIREX アビレックス  アヴィレックス ボクサーパンツ メンズ NEK ★REVL 7986545 アンダーウェア 下着 かっこいい おすすめ 人気 カモフラ 迷彩 カモ柄 ロゴ ブランド 男性 紳士 プレゼント プチギフト 父の日 誕生日 彼氏 父 息子 ギフト 記念日 福袋 送料無料","M","2枚組","X11","Y11",,"0","7","6","-1",
"2026/07/26 15:40:28","受注取込","7986850","7986850X16Y12","【耐滑底/おしゃれ】安全靴 スニーカー エアウォーク ミッドカット AIR WALK AW-940 AW-950 Y_YU ★REV 7986850 メンズ おしゃれ 耐滑底 樹脂先芯 ストレッチロック セーフティシューズ 作業靴 送料無料","28.0cm","AW-950_ホワイト","X16","Y12",,"0","15","14","-1",
"2026/07/26 15:57:25","受注取込","7992723","7992723X14Y11","お得！ 送料無料 4枚入り 福袋 Dickies ディッキーズ ボクサーパンツ メンズ かわいい NEK ★REV <br> パンツ ボクサーパンツ セット メンズ下着 メンズボクサーパンツ メンズボクサー 大きいサイズ 大きめ 特大 3L 下着 インナー メンズ usa まとめ買い プレゼント ギフト","3L","福袋4枚セット","X14","Y11",,"0","206","205","-1",
"2026/07/26 15:57:31","受注取込","8003102","8003102X16Y14","やみつきになる！ ストレッチ AVIREX アビレックス Tシャツ メンズ ★REV NEK 6143501 6143502 Vネック クルーネック 半袖 プレゼント ギフト","クルーネック_ホワイト_001","XLサイズ","X16","Y14",,"0","3","2","-1",
"2026/07/26 15:57:31","受注取込","7994812","7994812X12Y25","サファリハット メンズ 釣り 帽子 ハット レディース SUNS(サンズ)  撥水 アウトドア 登山 キャンプ バーベキュー NEK ★REV H-051 H-053 送料無料 大きいサイズあり キッズサイズ 子供 UVカット アドベンチャーハット 父の日 プレゼント ユニセックス 春 夏 夏フェス ギフト","大きいサイズ","BROWN(H_051)","X12","Y25",,"0","22","21","-1",
"2026/07/26 16:03:09","受注取込","7986651","7986651X11Y11","【銅×グラフェンの力で、スマホを瞬冷！】スマホ熱中症対策 冷却 クーラー NEK ★REVL 7986651 スマートフォン 保冷 結露なし スマホ 冷感 冷却 iphone アクセサリー 送料無料","ONESIZE","ブラック","X11","Y11",,"0","128","127","-1",
"2026/07/26 16:08:25","受注取込","7994812","7994812X11Y33","サファリハット メンズ 釣り 帽子 ハット レディース SUNS(サンズ)  撥水 アウトドア 登山 キャンプ バーベキュー NEK ★REV H-051 H-053 送料無料 大きいサイズあり キッズサイズ 子供 UVカット アドベンチャーハット 父の日 プレゼント ユニセックス 春 夏 夏フェス ギフト","普通サイズ","GREIGE(H-051)","X11","Y33",,"0","152","151","-1",
"2026/07/26 16:10:12","受注取込","7987029","7987029X11Y11","【直射日光をはね返す】コカゲル キャップ 洗濯機洗いOK 体感マイナス10℃ UV NEK ★REV CC2R502 7987029 アウトドア SEK サイズ調整 大きいサイズ ユニセックス アウトドア 夏 対策 熱中症 木陰 日よけ 日焼け 送料無料","ONESIZE","ブラック","X11","Y11",,"0","114","113","-1",
"2026/07/26 16:12:55","受注取込","7994812","7994812X11Y33","サファリハット メンズ 釣り 帽子 ハット レディース SUNS(サンズ)  撥水 アウトドア 登山 キャンプ バーベキュー NEK ★REV H-051 H-053 送料無料 大きいサイズあり キッズサイズ 子供 UVカット アドベンチャーハット 父の日 プレゼント ユニセックス 春 夏 夏フェス ギフト","普通サイズ","GREIGE(H-051)","X11","Y33",,"0","151","150","-1",
"2026/07/26 16:13:00","受注取込","7994812","7994812X12Y11","サファリハット メンズ 釣り 帽子 ハット レディース SUNS(サンズ)  撥水 アウトドア 登山 キャンプ バーベキュー NEK ★REV H-051 H-053 送料無料 大きいサイズあり キッズサイズ 子供 UVカット アドベンチャーハット 父の日 プレゼント ユニセックス 春 夏 夏フェス ギフト","大きいサイズ","BK/BLACK(H_051)","X12","Y11",,"0","515","514","-1",
"2026/07/26 16:17:25","受注取込","7987075","7987075X11Y19","アンクレット レディース メンズ つけっぱなし NEK ★REV 7987075 ゴールド シルバー アクセサリー プレゼント ギフト おしゃれ 送料無料","ONESIZE","I","X11","Y19",,"0","29","28","-1",
"2026/07/26 16:17:25","受注取込","7987075","7987075X11Y23","アンクレット レディース メンズ つけっぱなし NEK ★REV 7987075 ゴールド シルバー アクセサリー プレゼント ギフト おしゃれ 送料無料","ONESIZE","M","X11","Y23",,"0","29","28","-1",
"2026/07/26 16:20:07","受注取込","7987327","7987327X11Y11","本革 レザー キャスケット ハンチング 帽子 メンズ ★REV 7987327 キャップ あしたのジョー おしゃれ 皮製 ブラック ダークブラウン キャメル 黒 茶  送料無料","ONESIZE","ブラック","X11","Y11",,"0","34","33","-1",
"2026/07/26 16:27:25","受注取込","7997141","7997141X11Y11","特大 スイカ ドーナツ 浮き輪 浮輪 送料無料 プール 大人用 子供用 NEK 7997141 ★REV 120cm 90cm 80cm 70cm 60cm サイズ 大きい 大きめ うきわ ウキワ すいか 海 海水浴 ビックフロート 水上 レジャー かわいい フローティングベッド 西瓜 子供用浮き輪 大人 子供 こども","120cm","スイカ","X11","Y11",,"0","1128","1127","-1",
"2026/07/26 16:27:25","受注取込","7997141","7997141X13Y11","特大 スイカ ドーナツ 浮き輪 浮輪 送料無料 プール 大人用 子供用 NEK 7997141 ★REV 120cm 90cm 80cm 70cm 60cm サイズ 大きい 大きめ うきわ ウキワ すいか 海 海水浴 ビックフロート 水上 レジャー かわいい フローティングベッド 西瓜 子供用浮き輪 大人 子供 こども","80cm","スイカ","X13","Y11",,"0","77","76","-1",
"2026/07/26 16:30:13","WEB画面","7987757","7987757X11Y11","【カーボンスタイル 大きいサイズ】メッシュキャップ キャップ 帽子 蒸れない ★REV 7987757 大きいサイズ カーボン調 プレゼント ギフト 送料無料","ONESIZE","ブラック","X11","Y11",,"0","94","79","-15","大木 望"
"2026/07/26 16:30:13","WEB画面","7987757","7987757X11Y12","【カーボンスタイル 大きいサイズ】メッシュキャップ キャップ 帽子 蒸れない ★REV 7987757 大きいサイズ カーボン調 プレゼント ギフト 送料無料","ONESIZE","カーキ","X11","Y12",,"0","22","12","-10","大木 望"
"2026/07/26 16:30:13","WEB画面","7987757","7987757X11Y13","【カーボンスタイル 大きいサイズ】メッシュキャップ キャップ 帽子 蒸れない ★REV 7987757 大きいサイズ カーボン調 プレゼント ギフト 送料無料","ONESIZE","ネイビー","X11","Y13",,"0","36","21","-15","大木 望"
"2026/07/26 16:30:13","WEB画面","7987757","7987757X11Y14","【カーボンスタイル 大きいサイズ】メッシュキャップ キャップ 帽子 蒸れない ★REV 7987757 大きいサイズ カーボン調 プレゼント ギフト 送料無料","ONESIZE","チャコール","X11","Y14",,"0","36","21","-15","大木 望"
"2026/07/26 16:31:02","受注取込","7992723","7992723X14Y11","お得！ 送料無料 4枚入り 福袋 Dickies ディッキーズ ボクサーパンツ メンズ かわいい NEK ★REV <br> パンツ ボクサーパンツ セット メンズ下着 メンズボクサーパンツ メンズボクサー 大きいサイズ 大きめ 特大 3L 下着 インナー メンズ usa まとめ買い プレゼント ギフト","3L","福袋4枚セット","X14","Y11",,"0","205","204","-1",
"2026/07/26 16:31:02","受注取込","7986747","7986747X12Y11","【日焼けシェード付き】サファリハット シェード メンズ 釣り 帽子 ハット レディース SUNS(サンズ) 撥水 アウトドア 登山 キャンプ バーベキュー NEK ★REVL H-051 送料無料 大きいサイズあり キッズサイズ 子供 UVカット アドベンチャーハット 父の日 プレゼント ユニセックス 春 夏 夏フェス ギフト","大きいサイズ","SHADE_BK/BLACK(H_051)","X12","Y11",,"0","135","134","-1",
"2026/07/26 16:33:33","WEB画面","FBA-7987400","FBA-7987400X11Y30","【FBA専用】帽子 7987400","ONESIZE","T-ブラック","X11","Y30",,"0","10","0","-10","大木 望"
"2026/07/26 16:34:52","WEB画面","7987085","7987085X11Y23","【とにかくデカい！】大きいサイズ キャップ 大きめ 深い 深め ビッグサイズ BIG SIZE ★REV 7987085 メンズキャップ帽子 大きい帽子 メンズ帽子 レディース 春 夏 春夏 プレゼント ギフト 母の日 父の日 送料無料","YA","13","X11","Y23",,"0","14","15","1","立花"
"2026/07/26 16:35:47","WEB画面","7986680","7986680X11Y11","【電池付き/ドミノ260個/すぐに遊べる】ドミノ ドミノ倒し ブロック 積み木 ドミノトレイン ★REVL 7986680 知育玩具 3歳～ おもちゃ 玩具 プレゼント ギフト 送料無料","ONESIZE","ピンク","X11","Y11",,"0","12","11","-1","立花"
"2026/07/26 16:35:55","受注取込","7994812","7994812X12Y11","サファリハット メンズ 釣り 帽子 ハット レディース SUNS(サンズ)  撥水 アウトドア 登山 キャンプ バーベキュー NEK ★REV H-051 H-053 送料無料 大きいサイズあり キッズサイズ 子供 UVカット アドベンチャーハット 父の日 プレゼント ユニセックス 春 夏 夏フェス ギフト","大きいサイズ","BK/BLACK(H_051)","X12","Y11",,"0","514","513","-1",
"2026/07/26 16:40:19","受注取込","7987757","7987757X11Y14","【カーボンスタイル 大きいサイズ】メッシュキャップ キャップ 帽子 蒸れない ★REV 7987757 大きいサイズ カーボン調 プレゼント ギフト 送料無料","ONESIZE","チャコール","X11","Y14",,"0","21","20","-1",
"2026/07/26 16:40:25","受注取込","7987400","7987400X11Y16","【とにかくデカい！/普通サイズあり！】キャップ メンズ 大きいサイズ 帽子 深め ビッグサイズ ★REVM 7987400 BIG SIZE メンズキャップ帽子 大きめ 大きい帽子 メンズ帽子 レディース 春 夏 春夏 プレゼント ギフト 母の日 父の日 送料無料","大きいサイズ","F-ブラック","X11","Y16",,"0","77","76","-1",
"2026/07/26 16:42:55","受注取込","7992723","7992723X12Y11","お得！ 送料無料 4枚入り 福袋 Dickies ディッキーズ ボクサーパンツ メンズ かわいい NEK ★REV <br> パンツ ボクサーパンツ セット メンズ下着 メンズボクサーパンツ メンズボクサー 大きいサイズ 大きめ 特大 3L 下着 インナー メンズ usa まとめ買い プレゼント ギフト","L","福袋4枚セット","X12","Y11",,"0","301","299","-2",
"2026/07/26 16:46:01","受注取込","7997141","7997141X16Y14","特大 スイカ ドーナツ 浮き輪 浮輪 送料無料 プール 大人用 子供用 NEK 7997141 ★REV 120cm 90cm 80cm 70cm 60cm サイズ 大きい 大きめ うきわ ウキワ すいか 海 海水浴 ビックフロート 水上 レジャー かわいい フローティングベッド 西瓜 子供用浮き輪 大人 子供 こども","ONESIZE","スイカストライプ","X16","Y14",,"0","67","66","-1",
"2026/07/26 16:47:25","受注取込","7986572","7986572X11Y34","【新型/IQOS イルマ i ワン用】アイコス イルマiワン ILUMA ケース 保護ケース NEK ★REVL 7986572 iqosイルマワン イルマワンカバー 耐衝撃 おしゃれ iqos iluma one 専用 IQOSイルマワン保護ケース レザー ヒョウ柄 ペイズリー 保護カバー アイコスケース アクセサリー 送料無料","イルマiワン","78","X11","Y34",,"0","14","13","-1",
"2026/07/26 16:50:12","受注取込","7997141","7997141X11Y12","特大 スイカ ドーナツ 浮き輪 浮輪 送料無料 プール 大人用 子供用 NEK 7997141 ★REV 120cm 90cm 80cm 70cm 60cm サイズ 大きい 大きめ うきわ ウキワ すいか 海 海水浴 ビックフロート 水上 レジャー かわいい フローティングベッド 西瓜 子供用浮き輪 大人 子供 こども","120cm","ドーナツイチゴ","X11","Y12",,"0","44","43","-1",
"2026/07/26 16:51:55","受注取込","7986547","7986547X11Y11","【お得な5枚10点セット】福袋 おなかぷにぷに3Dキャラクターシール 犬猫アニマル NEK ★REVO 7986547 ピンセット付き ぷにぷに触感 ストレス解消 癒しデコシール プレゼント ギフト 送料無料","ONESIZE","5枚10点アソート","X11","Y11",,"0","706","705","-1",
"2026/07/26 16:58:00","WEB画面","8003102","8003102X16Y11","やみつきになる！ ストレッチ AVIREX アビレックス Tシャツ メンズ ★REV NEK 6143501 6143502 Vネック クルーネック 半袖 プレゼント ギフト","クルーネック_ホワイト_001","Sサイズ","X16","Y11",,"0","-1","0","1","村垣 文香"
"2026/07/26 16:58:55","受注取込","7994812","7994812X11Y31","サファリハット メンズ 釣り 帽子 ハット レディース SUNS(サンズ)  撥水 アウトドア 登山 キャンプ バーベキュー NEK ★REV H-051 H-053 送料無料 大きいサイズあり キッズサイズ 子供 UVカット アドベンチャーハット 父の日 プレゼント ユニセックス 春 夏 夏フェス ギフト","普通サイズ","RENGA(H_051)","X11","Y31",,"0","69","68","-1",
"2026/07/26 17:00:54","受注取込","7996283","7996283X1Y1","本革 羊革 レザー ラムレザー ワークキャップ メンズ レディース 7996283 新品 帽子【ALI】■02170830 プレゼント ギフト","ONESIZE","ブラック","X1","Y1",,"0","25","24","-1",
"2026/07/26 17:01:01","受注取込","7994812","7994812X12Y33","サファリハット メンズ 釣り 帽子 ハット レディース SUNS(サンズ)  撥水 アウトドア 登山 キャンプ バーベキュー NEK ★REV H-051 H-053 送料無料 大きいサイズあり キッズサイズ 子供 UVカット アドベンチャーハット 父の日 プレゼント ユニセックス 春 夏 夏フェス ギフト","大きいサイズ","GREIGE(H-051)","X12","Y33",,"0","81","80","-1",
"2026/07/26 17:04:31","受注取込","7987678","7987678X13Y14","【洗濯可能】トレーニンググローブ 手袋 筋トレ 筋トレグローブ メンズ レディース 指無し NEK ★REV 7987678 ウェイトリフティング 防滑 クッション性 伸びる 洗濯OK バーベル サイクリング ヨガ グリップ","L","B-ブラック","X13","Y14",,"0","16","15","-1",
"2026/07/26 17:07:25","受注取込","7994812","7994812X11Y24","サファリハット メンズ 釣り 帽子 ハット レディース SUNS(サンズ)  撥水 アウトドア 登山 キャンプ バーベキュー NEK ★REV H-051 H-053 送料無料 大きいサイズあり キッズサイズ 子供 UVカット アドベンチャーハット 父の日 プレゼント ユニセックス 春 夏 夏フェス ギフト","普通サイズ","BEIGE(H_051)","X11","Y24",,"0","12","11","-1",
"2026/07/26 17:10:55","受注取込","7986572","7986572X11Y18","【新型/IQOS イルマ i ワン用】アイコス イルマiワン ILUMA ケース 保護ケース NEK ★REVL 7986572 iqosイルマワン イルマワンカバー 耐衝撃 おしゃれ iqos iluma one 専用 IQOSイルマワン保護ケース レザー ヒョウ柄 ペイズリー 保護カバー アイコスケース アクセサリー 送料無料","イルマiワン","62","X11","Y18",,"0","8","7","-1",
"2026/07/26 17:12:25","受注取込","7994812","7994812X12Y13","サファリハット メンズ 釣り 帽子 ハット レディース SUNS(サンズ)  撥水 アウトドア 登山 キャンプ バーベキュー NEK ★REV H-051 H-053 送料無料 大きいサイズあり キッズサイズ 子供 UVカット アドベンチャーハット 父の日 プレゼント ユニセックス 春 夏 夏フェス ギフト","大きいサイズ","NAVY(H_051)","X12","Y13",,"0","10","9","-1",
"2026/07/26 17:13:55","受注取込","7987400","7987400X11Y18","【とにかくデカい！/普通サイズあり！】キャップ メンズ 大きいサイズ 帽子 深め ビッグサイズ ★REVM 7987400 BIG SIZE メンズキャップ帽子 大きめ 大きい帽子 メンズ帽子 レディース 春 夏 春夏 プレゼント ギフト 母の日 父の日 送料無料","大きいサイズ","H-オリーブ","X11","Y18",,"0","24","23","-1",
"2026/07/26 17:13:55","受注取込","7987400","7987400X11Y19","【とにかくデカい！/普通サイズあり！】キャップ メンズ 大きいサイズ 帽子 深め ビッグサイズ ★REVM 7987400 BIG SIZE メンズキャップ帽子 大きめ 大きい帽子 メンズ帽子 レディース 春 夏 春夏 プレゼント ギフト 母の日 父の日 送料無料","大きいサイズ","I-ネイビー","X11","Y19",,"0","34","33","-1",
"2026/07/26 17:13:55","受注取込","7987400","7987400X11Y15","【とにかくデカい！/普通サイズあり！】キャップ メンズ 大きいサイズ 帽子 深め ビッグサイズ ★REVM 7987400 BIG SIZE メンズキャップ帽子 大きめ 大きい帽子 メンズ帽子 レディース 春 夏 春夏 プレゼント ギフト 母の日 父の日 送料無料","大きいサイズ","E-ベージュ","X11","Y15",,"0","68","67","-1",
"2026/07/26 17:16:00","受注取込","8003102","8003102X12Y13","やみつきになる！ ストレッチ AVIREX アビレックス Tシャツ メンズ ★REV NEK 6143501 6143502 Vネック クルーネック 半袖 プレゼント ギフト","Vネック_ブラック_009","Lサイズ","X12","Y13",,"0","4","3","-1",
"2026/07/26 17:16:25","受注取込","7992540","7992540X11Y11","AVIREX ワークキャップ メンズ 大きいサイズ 大きめ キャップ ブランド 帽子 アメカジ アビレックス 春 夏 秋 冬 綿100％ ★REV 18490000 14787700 80264100 7992540 ネイビー/ベージュ/ブラック/カーキ プレゼント ギフト","ONESIZE","【A】ネイビー","X11","Y11",,"0","32","31","-1",
"2026/07/26 17:18:25","受注取込","7987062","7987062X14Y12","【直射日光をはね返す】コカゲル サファリハット 洗濯機洗いOK 体感マイナス10℃ アドベンチャー NEK CC2R501 ★REV 7987062 ブッシュハット UV アウトドア SEK サイズ調整 大きいサイズ ユニセックス アウトドア 夏 対策 熱中症 木陰 日よけ 日焼け 送料無料","3XL(63.5～65.0)","ネイビー","X14","Y12",,"0","92","91","-1",
"2026/07/26 17:20:11","受注取込","7997141","7997141X14Y12","特大 スイカ ドーナツ 浮き輪 浮輪 送料無料 プール 大人用 子供用 NEK 7997141 ★REV 120cm 90cm 80cm 70cm 60cm サイズ 大きい 大きめ うきわ ウキワ すいか 海 海水浴 ビックフロート 水上 レジャー かわいい フローティングベッド 西瓜 子供用浮き輪 大人 子供 こども","70cm","ドーナツイチゴ","X14","Y12",,"0","88","87","-1",
"2026/07/26 17:21:31","受注取込","7995363","7995363X4Y3","安全靴 鋼鉄先芯 スニーカー ブーツ シューズ メンズ 父の日 贈り物 プレゼント セーフティーシューズ 耐油 防滑 ブラック 黒 7995363 作業用 作業靴 おしゃれ かっこいい ハイカット 釘踏み抜き防止 靴 紐靴 レースアップ ALI プレゼント ギフト","26.5cm","C_7991146","X4","Y3",,"0","16","15","-1",
"2026/07/26 17:22:24","WEB画面","8003102","8003102X12Y12","やみつきになる！ ストレッチ AVIREX アビレックス Tシャツ メンズ ★REV NEK 6143501 6143502 Vネック クルーネック 半袖 プレゼント ギフト","Vネック_ブラック_009","Mサイズ","X12","Y12",,"0","0","2","2","立花"
"2026/07/26 17:22:24","WEB画面","8003102","8003102X21Y14","やみつきになる！ ストレッチ AVIREX アビレックス Tシャツ メンズ ★REV NEK 6143501 6143502 Vネック クルーネック 半袖 プレゼント ギフト","Vネック_ネイビー(ロイヤル)_086","XLサイズ","X21","Y14",,"0","1","3","2","立花"
"2026/07/26 17:22:24","WEB画面","8003102","8003102X16Y11","やみつきになる！ ストレッチ AVIREX アビレックス Tシャツ メンズ ★REV NEK 6143501 6143502 Vネック クルーネック 半袖 プレゼント ギフト","クルーネック_ホワイト_001","Sサイズ","X16","Y11",,"0","0","3","3","立花"
"2026/07/26 17:22:24","WEB画面","8003102","8003102X16Y12","やみつきになる！ ストレッチ AVIREX アビレックス Tシャツ メンズ ★REV NEK 6143501 6143502 Vネック クルーネック 半袖 プレゼント ギフト","クルーネック_ホワイト_001","Mサイズ","X16","Y12",,"0","0","2","2","立花"
"2026/07/26 17:23:55","受注取込","7994812","7994812X11Y16","サファリハット メンズ 釣り 帽子 ハット レディース SUNS(サンズ)  撥水 アウトドア 登山 キャンプ バーベキュー NEK ★REV H-051 H-053 送料無料 大きいサイズあり キッズサイズ 子供 UVカット アドベンチャーハット 父の日 プレゼント ユニセックス 春 夏 夏フェス ギフト","普通サイズ","GRAY(H_051)","X11","Y16",,"0","46","45","-1",
"2026/07/26 17:23:55","受注取込","7987026","7987026X11Y14","【大きいサイズあり】キャップ 11cm つば長 帽子 メンズ レディース ★REV 7987026 深め 深い ゴルフ 無地 日焼け止め UVカット 送料無料","普通サイズ","ネイビー","X11","Y14",,"0","21","20","-1",
"2026/07/26 17:28:25","受注取込","7994812","7994812X12Y33","サファリハット メンズ 釣り 帽子 ハット レディース SUNS(サンズ)  撥水 アウトドア 登山 キャンプ バーベキュー NEK ★REV H-051 H-053 送料無料 大きいサイズあり キッズサイズ 子供 UVカット アドベンチャーハット 父の日 プレゼント ユニセックス 春 夏 夏フェス ギフト","大きいサイズ","GREIGE(H-051)","X12","Y33",,"0","80","79","-1",
"2026/07/26 17:30:20","受注取込","7992540","7992540X11Y13","AVIREX ワークキャップ メンズ 大きいサイズ 大きめ キャップ ブランド 帽子 アメカジ アビレックス 春 夏 秋 冬 綿100％ ★REV 18490000 14787700 80264100 7992540 ネイビー/ベージュ/ブラック/カーキ プレゼント ギフト","ONESIZE","【C】ブラック","X11","Y13",,"0","297","296","-1",
"2026/07/26 17:31:56","受注取込","7987408","7987408X11Y11","【2WAY 本革】レディースベルト リバーシブル ビジネス NEK ★REV 7987408 ロゴ フォーマル シンプル カジュアル スーツ レザー 本革 送料無料","ONESIZE","A-ブラック","X11","Y11",,"0","8","7","-1",
"2026/07/26 17:35:55","受注取込","7994812","7994812X12Y11","サファリハット メンズ 釣り 帽子 ハット レディース SUNS(サンズ)  撥水 アウトドア 登山 キャンプ バーベキュー NEK ★REV H-051 H-053 送料無料 大きいサイズあり キッズサイズ 子供 UVカット アドベンチャーハット 父の日 プレゼント ユニセックス 春 夏 夏フェス ギフト","大きいサイズ","BK/BLACK(H_051)","X12","Y11",,"0","513","512","-1",
"2026/07/26 17:46:30","受注取込","7994812","7994812X12Y12","サファリハット メンズ 釣り 帽子 ハット レディース SUNS(サンズ)  撥水 アウトドア 登山 キャンプ バーベキュー NEK ★REV H-051 H-053 送料無料 大きいサイズあり キッズサイズ 子供 UVカット アドベンチャーハット 父の日 プレゼント ユニセックス 春 夏 夏フェス ギフト","大きいサイズ","BLACK(H_051)","X12","Y12",,"0","45","44","-1",
"2026/07/26 17:47:01","受注取込","7997141","7997141X14Y11","特大 スイカ ドーナツ 浮き輪 浮輪 送料無料 プール 大人用 子供用 NEK 7997141 ★REV 120cm 90cm 80cm 70cm 60cm サイズ 大きい 大きめ うきわ ウキワ すいか 海 海水浴 ビックフロート 水上 レジャー かわいい フローティングベッド 西瓜 子供用浮き輪 大人 子供 こども","70cm","スイカ","X14","Y11",,"0","100","99","-1",
"2026/07/26 17:49:30","受注取込","7988215","7988215X17Y11","【とにかくデカい！】 大きいサイズ キャップ メッシュキャップ 送料無料 大きめ ビッグサイズ BIG SIZE ★REV 7988215 <br> 帽子 ハット キャップ ワークキャップ メンズキャップ 大きいサイズ バケット 大きい帽子 メンズ バケハ メンズ帽子 大きい 頭 メッシュ 全39カラー","GG","1","X17","Y11",,"0","30","29","-1",
"2026/07/26 17:50:06","受注取込","7987400","7987400X11Y11","【とにかくデカい！/普通サイズあり！】キャップ メンズ 大きいサイズ 帽子 深め ビッグサイズ ★REVM 7987400 BIG SIZE メンズキャップ帽子 大きめ 大きい帽子 メンズ帽子 レディース 春 夏 春夏 プレゼント ギフト 母の日 父の日 送料無料","大きいサイズ","A-ブラック","X11","Y11",,"0","204","203","-1",
"2026/07/26 17:52:55","受注取込","7997141","7997141X11Y11","特大 スイカ ドーナツ 浮き輪 浮輪 送料無料 プール 大人用 子供用 NEK 7997141 ★REV 120cm 90cm 80cm 70cm 60cm サイズ 大きい 大きめ うきわ ウキワ すいか 海 海水浴 ビックフロート 水上 レジャー かわいい フローティングベッド 西瓜 子供用浮き輪 大人 子供 こども","120cm","スイカ","X11","Y11",,"0","1127","1126","-1",
"2026/07/26 17:52:55","受注取込","7997141","7997141X11Y13","特大 スイカ ドーナツ 浮き輪 浮輪 送料無料 プール 大人用 子供用 NEK 7997141 ★REV 120cm 90cm 80cm 70cm 60cm サイズ 大きい 大きめ うきわ ウキワ すいか 海 海水浴 ビックフロート 水上 レジャー かわいい フローティングベッド 西瓜 子供用浮き輪 大人 子供 こども","120cm","ドーナツチョコ","X11","Y13",,"0","88","87","-1",
"2026/07/26 17:53:01","受注取込","7987515","7987515X11Y14","【選べる6柄×3サイズ】ネックレス チェーン メンズ レディース NEK ★REV 7987515 サージカルステンレス316L 50cm 60cm 70cm シンプル おしゃれ プレゼント プチギフト バレンタイン クリスマス 送料無料","50cm","D","X11","Y14",,"0","9","8","-1",
"2026/07/26 17:59:55","受注取込","7994812","7994812X12Y11","サファリハット メンズ 釣り 帽子 ハット レディース SUNS(サンズ)  撥水 アウトドア 登山 キャンプ バーベキュー NEK ★REV H-051 H-053 送料無料 大きいサイズあり キッズサイズ 子供 UVカット アドベンチャーハット 父の日 プレゼント ユニセックス 春 夏 夏フェス ギフト","大きいサイズ","BK/BLACK(H_051)","X12","Y11",,"0","512","511","-1",
"2026/07/26 17:59:55","受注取込","7994812","7994812X12Y11","サファリハット メンズ 釣り 帽子 ハット レディース SUNS(サンズ)  撥水 アウトドア 登山 キャンプ バーベキュー NEK ★REV H-051 H-053 送料無料 大きいサイズあり キッズサイズ 子供 UVカット アドベンチャーハット 父の日 プレゼント ユニセックス 春 夏 夏フェス ギフト","大きいサイズ","BK/BLACK(H_051)","X12","Y11",,"0","511","510","-1",
"2026/07/26 18:00:27","受注取込","7987794","7987794X11Y18","【大きいサイズもあり】キャスハンチング キャップ メンズ レディース CULTURE MART NEK 101294 ★REV 7987794 ハンチング帽子 ハンチング帽 秋冬 帽子 ハンチング キャスケット メンズ帽子 レディース帽子秋冬 秋冬帽子 メンズハンチング おしゃれ カルチャーマート","普通サイズ","インディゴ×デニム","X11","Y18",,"0","39","38","-1",
"2026/07/26 18:01:01","受注取込","7987400","7987400X11Y11","【とにかくデカい！/普通サイズあり！】キャップ メンズ 大きいサイズ 帽子 深め ビッグサイズ ★REVM 7987400 BIG SIZE メンズキャップ帽子 大きめ 大きい帽子 メンズ帽子 レディース 春 夏 春夏 プレゼント ギフト 母の日 父の日 送料無料","大きいサイズ","A-ブラック","X11","Y11",,"0","203","202","-1",
"2026/07/26 18:01:01","受注取込","7987026","7987026X12Y13","【大きいサイズあり】キャップ 11cm つば長 帽子 メンズ レディース ★REV 7987026 深め 深い ゴルフ 無地 日焼け止め UVカット 送料無料","大きいサイズ","ベージュ","X12","Y13",,"0","11","10","-1",
"2026/07/26 18:01:47","受注取込","7986651","7986651X11Y11","【銅×グラフェンの力で、スマホを瞬冷！】スマホ熱中症対策 冷却 クーラー NEK ★REVL 7986651 スマートフォン 保冷 結露なし スマホ 冷感 冷却 iphone アクセサリー 送料無料","ONESIZE","ブラック","X11","Y11",,"0","127","126","-1",
"2026/07/26 18:02:55","WEB画面","7988124","7988124X11Y14","大きいサイズ キャップ 帽子 メンズ フルキャップ ベースボールキャップ コットンキャップ 野球帽 ワンポイント ★REV 7988124 イーグル 鷲 刺繍 ミリタリー BIGSIZE キングサイズ 送料無料","ONESIZE","メッシュブラック","X11","Y14",,"0","0","12","12","村垣 文香"
"2026/07/26 18:03:55","WEB画面","7988215","7988215X23Y14","【とにかくデカい！】 大きいサイズ キャップ メッシュキャップ 送料無料 大きめ ビッグサイズ BIG SIZE ★REV 7988215 <br> 帽子 ハット キャップ ワークキャップ メンズキャップ 大きいサイズ バケット 大きい帽子 メンズ バケハ メンズ帽子 大きい 頭 メッシュ 全39カラー","MM","4","X23","Y14",,"0","0","7","7","村垣 文香"
"2026/07/26 18:04:36","WEB画面","7988215","7988215X24Y11","【とにかくデカい！】 大きいサイズ キャップ メッシュキャップ 送料無料 大きめ ビッグサイズ BIG SIZE ★REV 7988215 <br> 帽子 ハット キャップ ワークキャップ メンズキャップ 大きいサイズ バケット 大きい帽子 メンズ バケハ メンズ帽子 大きい 頭 メッシュ 全39カラー","NN","1","X24","Y11",,"0","0","2","2","村垣 文香"
"2026/07/26 18:04:36","WEB画面","7988215","7988215X24Y12","【とにかくデカい！】 大きいサイズ キャップ メッシュキャップ 送料無料 大きめ ビッグサイズ BIG SIZE ★REV 7988215 <br> 帽子 ハット キャップ ワークキャップ メンズキャップ 大きいサイズ バケット 大きい帽子 メンズ バケハ メンズ帽子 大きい 頭 メッシュ 全39カラー","NN","2","X24","Y12",,"0","0","3","3","村垣 文香"
"2026/07/26 18:04:47","受注取込","7987186","7987186X11Y11","アップルペンシル タッチペン タブレット ケース カバー Apple Pencil NEK ★REV 7987186 第1世代 第2世代 レザー ゴムバンド付き スタイラス ペン ケース アップル ペンシル iPad ペンホルダー 紛失防止 ipad ペンケース apple pencil case Apple Pencil 2nd generation","ONESIZE","ブラウン","X11","Y11",,"0","9","8","-1",
"2026/07/26 18:06:55","受注取込","7997141","7997141X11Y12","特大 スイカ ドーナツ 浮き輪 浮輪 送料無料 プール 大人用 子供用 NEK 7997141 ★REV 120cm 90cm 80cm 70cm 60cm サイズ 大きい 大きめ うきわ ウキワ すいか 海 海水浴 ビックフロート 水上 レジャー かわいい フローティングベッド 西瓜 子供用浮き輪 大人 子供 こども","120cm","ドーナツイチゴ","X11","Y12",,"0","43","42","-1",
"2026/07/26 18:13:25","受注取込","7994812","7994812X12Y11","サファリハット メンズ 釣り 帽子 ハット レディース SUNS(サンズ)  撥水 アウトドア 登山 キャンプ バーベキュー NEK ★REV H-051 H-053 送料無料 大きいサイズあり キッズサイズ 子供 UVカット アドベンチャーハット 父の日 プレゼント ユニセックス 春 夏 夏フェス ギフト","大きいサイズ","BK/BLACK(H_051)","X12","Y11",,"0","510","509","-1",
"2026/07/26 18:13:25","受注取込","7994812","7994812X12Y33","サファリハット メンズ 釣り 帽子 ハット レディース SUNS(サンズ)  撥水 アウトドア 登山 キャンプ バーベキュー NEK ★REV H-051 H-053 送料無料 大きいサイズあり キッズサイズ 子供 UVカット アドベンチャーハット 父の日 プレゼント ユニセックス 春 夏 夏フェス ギフト","大きいサイズ","GREIGE(H-051)","X12","Y33",,"0","79","78","-1",
"2026/07/26 18:13:25","受注取込","7997141","7997141X11Y11","特大 スイカ ドーナツ 浮き輪 浮輪 送料無料 プール 大人用 子供用 NEK 7997141 ★REV 120cm 90cm 80cm 70cm 60cm サイズ 大きい 大きめ うきわ ウキワ すいか 海 海水浴 ビックフロート 水上 レジャー かわいい フローティングベッド 西瓜 子供用浮き輪 大人 子供 こども","120cm","スイカ","X11","Y11",,"0","1126","1125","-1",
"2026/07/26 18:14:26","受注取込","7987437","7987437X12Y13","【のびーーる 楽々ストレッチ】カジュアルベルト メッシュベルト メンズ レディース 大きいサイズ 普通サイズ 7987437 ★REV NEK 35mm 115cm 125cm 伸縮 カジュアル シンプル おしゃれ プレゼント ギフト 父の日 母の日 送料無料","125cm","カーキ","X12","Y13",,"0","9","8","-1",
"2026/07/26 18:17:55","受注取込","7994812","7994812X12Y22","サファリハット メンズ 釣り 帽子 ハット レディース SUNS(サンズ)  撥水 アウトドア 登山 キャンプ バーベキュー NEK ★REV H-051 H-053 送料無料 大きいサイズあり キッズサイズ 子供 UVカット アドベンチャーハット 父の日 プレゼント ユニセックス 春 夏 夏フェス ギフト","大きいサイズ","BROWN/BEIGE(H_051)","X12","Y22",,"0","17","16","-1",
"2026/07/26 18:17:55","受注取込","7987075","7987075X11Y12","アンクレット レディース メンズ つけっぱなし NEK ★REV 7987075 ゴールド シルバー アクセサリー プレゼント ギフト おしゃれ 送料無料","ONESIZE","B","X11","Y12",,"0","17","16","-1",
"2026/07/26 18:17:55","受注取込","7987075","7987075X11Y19","アンクレット レディース メンズ つけっぱなし NEK ★REV 7987075 ゴールド シルバー アクセサリー プレゼント ギフト おしゃれ 送料無料","ONESIZE","I","X11","Y19",,"0","28","27","-1",
"2026/07/26 18:20:11","受注取込","7986710","7986710X11Y11","【春夏秋冬対応/くすみカラー】トートバッグ クロシェバッグ エコバッグ レディース NEK ★REVO 7986710 メッシュ クロシェ編み ナチュラル ニット A4 軽量 かぎ編み おしゃれ 大容量 リゾート 通勤 通学 学生 送料無料","ONESIZE","カーキ","X11","Y11",,"0","19","18","-1",
"2026/07/26 18:23:25","受注取込","7988215","7988215X17Y13","【とにかくデカい！】 大きいサイズ キャップ メッシュキャップ 送料無料 大きめ ビッグサイズ BIG SIZE ★REV 7988215 <br> 帽子 ハット キャップ ワークキャップ メンズキャップ 大きいサイズ バケット 大きい帽子 メンズ バケハ メンズ帽子 大きい 頭 メッシュ 全39カラー","GG","3","X17","Y13",,"0","34","33","-1",
"2026/07/26 18:24:36","受注取込","7988091","7988091X13Y11","安全靴 スニーカー エアウォーク AIR WALK Y_YU AW-900 アクティブライト ローカット メンズ セーフティシューズ 樹脂先芯 軽量 衝撃吸収 負担軽減 作業靴 オシャレ","26.0cm ","グレー迷彩","X13","Y11",,"0","293","292","-1",
"2026/07/26 18:24:36","受注取込","7987076","7987076X11Y12","【超軽量55g】特価 キャップ 帽子 メッシュキャップ ランニングキャップ NEK ★REV 7987076 メンズ レディース 速乾 軽量 ジョギング アウトドア キャンプ スポーツ 釣り 海 プール","アジャスタータイプ","ダークグレー","X11","Y12",,"0","9","8","-1",
"2026/07/26 18:26:30","受注取込","7988215","7988215X16Y15","【とにかくデカい！】 大きいサイズ キャップ メッシュキャップ 送料無料 大きめ ビッグサイズ BIG SIZE ★REV 7988215 <br> 帽子 ハット キャップ ワークキャップ メンズキャップ 大きいサイズ バケット 大きい帽子 メンズ バケハ メンズ帽子 大きい 頭 メッシュ 全39カラー","FF","5","X16","Y15",,"0","98","97","-1",
"2026/07/26 18:30:00","受注取込","7987140","7987140X11Y16","【COOLにマナーを】携帯灰皿 カラビナ付き 吸い殻入れ 金属製 フタ付き 小型 軽量 NEK ★REVL 7987140 喫煙グッズ アッシュトレイ 持ち運び便利 男性 メンズ レディース 送料無料","ONESIZE","F.ブラックペイズリー","X11","Y16",,"0","46","45","-1",
"2026/07/26 18:30:19","受注取込","7997141","7997141X13Y11","特大 スイカ ドーナツ 浮き輪 浮輪 送料無料 プール 大人用 子供用 NEK 7997141 ★REV 120cm 90cm 80cm 70cm 60cm サイズ 大きい 大きめ うきわ ウキワ すいか 海 海水浴 ビックフロート 水上 レジャー かわいい フローティングベッド 西瓜 子供用浮き輪 大人 子供 こども","80cm","スイカ","X13","Y11",,"0","76","75","-1",
"2026/07/26 18:30:20","受注取込","7997141","7997141X13Y12","特大 スイカ ドーナツ 浮き輪 浮輪 送料無料 プール 大人用 子供用 NEK 7997141 ★REV 120cm 90cm 80cm 70cm 60cm サイズ 大きい 大きめ うきわ ウキワ すいか 海 海水浴 ビックフロート 水上 レジャー かわいい フローティングベッド 西瓜 子供用浮き輪 大人 子供 こども","80cm","ドーナツイチゴ","X13","Y12",,"0","80","79","-1",
"2026/07/26 18:32:00","受注取込","7994812","7994812X11Y33","サファリハット メンズ 釣り 帽子 ハット レディース SUNS(サンズ)  撥水 アウトドア 登山 キャンプ バーベキュー NEK ★REV H-051 H-053 送料無料 大きいサイズあり キッズサイズ 子供 UVカット アドベンチャーハット 父の日 プレゼント ユニセックス 春 夏 夏フェス ギフト","普通サイズ","GREIGE(H-051)","X11","Y33",,"0","150","149","-1",
"2026/07/26 18:33:25","受注取込","7987626","7987626X11Y11","【お得な5個セット】LEDライト キーホルダー 小型LEDライト NEK ★REV 7987626 キーライト 高輝度 5灯 LR44 ボタン電池 LTG 送料無料","ONESIZE","5本セット","X11","Y11",,"0","151","150","-1",
"2026/07/26 18:34:25","受注取込","7987400","7987400X11Y11","【とにかくデカい！/普通サイズあり！】キャップ メンズ 大きいサイズ 帽子 深め ビッグサイズ ★REVM 7987400 BIG SIZE メンズキャップ帽子 大きめ 大きい帽子 メンズ帽子 レディース 春 夏 春夏 プレゼント ギフト 母の日 父の日 送料無料","大きいサイズ","A-ブラック","X11","Y11",,"0","202","201","-1",
"2026/07/26 18:35:31","受注取込","7987400","7987400X11Y25","【とにかくデカい！/普通サイズあり！】キャップ メンズ 大きいサイズ 帽子 深め ビッグサイズ ★REVM 7987400 BIG SIZE メンズキャップ帽子 大きめ 大きい帽子 メンズ帽子 レディース 春 夏 春夏 プレゼント ギフト 母の日 父の日 送料無料","大きいサイズ","O-ネイビー","X11","Y25",,"0","25","24","-1",
"2026/07/26 18:35:31","受注取込","7997141","7997141X11Y11","特大 スイカ ドーナツ 浮き輪 浮輪 送料無料 プール 大人用 子供用 NEK 7997141 ★REV 120cm 90cm 80cm 70cm 60cm サイズ 大きい 大きめ うきわ ウキワ すいか 海 海水浴 ビックフロート 水上 レジャー かわいい フローティングベッド 西瓜 子供用浮き輪 大人 子供 こども","120cm","スイカ","X11","Y11",,"0","1125","1124","-1",
"2026/07/26 18:39:01","受注取込","7987802","7987802X15Y13","健康サンダル 足つぼ スリッパ 健康 サンダル 健康スリッパ 天然石 パワーストーン レディース メンズ オフィス ★REV 7987802 リラックス ストーン 足裏 足うら 刺激 ツボ押し つぼ押し 超強力 マッサージ 室内 屋外 野外 リフレクソロジー 足ツボサンダル 石 岩 送料無料","43-44(26.5～27.0cm)","シャンパンゴールド","X15","Y13",,"0","31","30","-1",
"2026/07/26 18:39:01","受注取込","7988215","7988215X12Y11","【とにかくデカい！】 大きいサイズ キャップ メッシュキャップ 送料無料 大きめ ビッグサイズ BIG SIZE ★REV 7988215 <br> 帽子 ハット キャップ ワークキャップ メンズキャップ 大きいサイズ バケット 大きい帽子 メンズ バケハ メンズ帽子 大きい 頭 メッシュ 全39カラー","BB","1","X12","Y11",,"0","41","40","-1",
"2026/07/26 18:39:01","受注取込","7987400","7987400X11Y15","【とにかくデカい！/普通サイズあり！】キャップ メンズ 大きいサイズ 帽子 深め ビッグサイズ ★REVM 7987400 BIG SIZE メンズキャップ帽子 大きめ 大きい帽子 メンズ帽子 レディース 春 夏 春夏 プレゼント ギフト 母の日 父の日 送料無料","大きいサイズ","E-ベージュ","X11","Y15",,"0","67","66","-1",
"2026/07/26 18:39:25","受注取込","7994812","7994812X12Y13","サファリハット メンズ 釣り 帽子 ハット レディース SUNS(サンズ)  撥水 アウトドア 登山 キャンプ バーベキュー NEK ★REV H-051 H-053 送料無料 大きいサイズあり キッズサイズ 子供 UVカット アドベンチャーハット 父の日 プレゼント ユニセックス 春 夏 夏フェス ギフト","大きいサイズ","NAVY(H_051)","X12","Y13",,"0","9","8","-1",
"2026/07/26 18:48:25","受注取込","7988163","7988163X11Y11","【錆びないチタン】メンズブレスレット ブレスレット メンズ つけっぱなし NEK ★REV 7988163 チタン ブレスレット ワイヤーブレスレット シンプル バングル おしゃれ 送料無料 シルバー ゴールド ブラック","ONESIZE","シルバー","X11","Y11",,"0","20","19","-1",
"2026/07/26 18:49:55","受注取込","7987026","7987026X12Y14","【大きいサイズあり】キャップ 11cm つば長 帽子 メンズ レディース ★REV 7987026 深め 深い ゴルフ 無地 日焼け止め UVカット 送料無料","大きいサイズ","ネイビー","X12","Y14",,"0","8","7","-1",
"2026/07/26 18:51:31","受注取込","7994812","7994812X12Y20","サファリハット メンズ 釣り 帽子 ハット レディース SUNS(サンズ)  撥水 アウトドア 登山 キャンプ バーベキュー NEK ★REV H-051 H-053 送料無料 大きいサイズあり キッズサイズ 子供 UVカット アドベンチャーハット 父の日 プレゼント ユニセックス 春 夏 夏フェス ギフト","大きいサイズ","PURPLE(H_051)","X12","Y20",,"0","21","20","-1",
"2026/07/26 18:51:31","受注取込","7990235","7990235X14Y11","【送料無料】AVIREX ブーツ メンズ ブランド アヴィレックス アビレックス DESTROYER デストロイヤー サイドゴアブーツ リングブーツ ミリタリーブーツ シューズ 靴 Y_KO AV2710","26.5cm","ブラック","X14","Y11",,"0","1","0","-1",
"2026/07/26 19:00:31","受注取込","7994812","7994812X11Y11","サファリハット メンズ 釣り 帽子 ハット レディース SUNS(サンズ)  撥水 アウトドア 登山 キャンプ バーベキュー NEK ★REV H-051 H-053 送料無料 大きいサイズあり キッズサイズ 子供 UVカット アドベンチャーハット 父の日 プレゼント ユニセックス 春 夏 夏フェス ギフト","普通サイズ","BK/BLACK(H_051)","X11","Y11",,"0","60","59","-1",
"2026/07/26 19:00:31","受注取込","7992723","7992723X12Y11","お得！ 送料無料 4枚入り 福袋 Dickies ディッキーズ ボクサーパンツ メンズ かわいい NEK ★REV <br> パンツ ボクサーパンツ セット メンズ下着 メンズボクサーパンツ メンズボクサー 大きいサイズ 大きめ 特大 3L 下着 インナー メンズ usa まとめ買い プレゼント ギフト","L","福袋4枚セット","X12","Y11",,"0","299","298","-1",
"2026/07/26 19:02:01","受注取込","7988124","7988124X11Y14","大きいサイズ キャップ 帽子 メンズ フルキャップ ベースボールキャップ コットンキャップ 野球帽 ワンポイント ★REV 7988124 イーグル 鷲 刺繍 ミリタリー BIGSIZE キングサイズ 送料無料","ONESIZE","メッシュブラック","X11","Y14",,"0","12","11","-1",
"2026/07/26 19:02:01","受注取込","7988215","7988215X11Y12","【とにかくデカい！】 大きいサイズ キャップ メッシュキャップ 送料無料 大きめ ビッグサイズ BIG SIZE ★REV 7988215 <br> 帽子 ハット キャップ ワークキャップ メンズキャップ 大きいサイズ バケット 大きい帽子 メンズ バケハ メンズ帽子 大きい 頭 メッシュ 全39カラー","AA","2","X11","Y12",,"0","10","9","-1",
"2026/07/26 19:07:57","受注取込","7994812","7994812X12Y16","サファリハット メンズ 釣り 帽子 ハット レディース SUNS(サンズ)  撥水 アウトドア 登山 キャンプ バーベキュー NEK ★REV H-051 H-053 送料無料 大きいサイズあり キッズサイズ 子供 UVカット アドベンチャーハット 父の日 プレゼント ユニセックス 春 夏 夏フェス ギフト","大きいサイズ","GRAY(H_051)","X12","Y16",,"0","106","105","-1",
"2026/07/26 19:09:25","受注取込","7997141","7997141X16Y14","特大 スイカ ドーナツ 浮き輪 浮輪 送料無料 プール 大人用 子供用 NEK 7997141 ★REV 120cm 90cm 80cm 70cm 60cm サイズ 大きい 大きめ うきわ ウキワ すいか 海 海水浴 ビックフロート 水上 レジャー かわいい フローティングベッド 西瓜 子供用浮き輪 大人 子供 こども","ONESIZE","スイカストライプ","X16","Y14",,"0","66","65","-1",
"2026/07/26 19:09:25","受注取込","7987078","7987078X11Y11","【3個の福袋！即出荷】ビーチボール 水遊び ビーチバレー 浮き輪 フロート NEK ★REV 7987078 サッカーボール 30cm アウトドア キャンプ 海 プール 川 リゾート 送料無料","ONESIZE","3個セット","X11","Y11",,"0","76","75","-1",
"2026/07/26 19:10:00","受注取込","7988215","7988215X16Y15","【とにかくデカい！】 大きいサイズ キャップ メッシュキャップ 送料無料 大きめ ビッグサイズ BIG SIZE ★REV 7988215 <br> 帽子 ハット キャップ ワークキャップ メンズキャップ 大きいサイズ バケット 大きい帽子 メンズ バケハ メンズ帽子 大きい 頭 メッシュ 全39カラー","FF","5","X16","Y15",,"0","97","96","-1",
"2026/07/26 19:10:12","受注取込","7987439","7987439X12Y15","【通気性◎】メッシュキャップ メンズ 帽子 7987439 ★REV 野球帽 普通サイズ 56cm～59cm 大きいサイズ ビッグサイズ 59cm～63cm BIG 刺繍 プレゼント ギフト 送料無料","大きいサイズ","グレー","X12","Y15",,"0","24","23","-1",
"2026/07/26 19:10:12","受注取込","7987400","7987400X11Y11","【とにかくデカい！/普通サイズあり！】キャップ メンズ 大きいサイズ 帽子 深め ビッグサイズ ★REVM 7987400 BIG SIZE メンズキャップ帽子 大きめ 大きい帽子 メンズ帽子 レディース 春 夏 春夏 プレゼント ギフト 母の日 父の日 送料無料","大きいサイズ","A-ブラック","X11","Y11",,"0","201","200","-1",
"2026/07/26 19:10:13","受注取込","7987757","7987757X11Y14","【カーボンスタイル 大きいサイズ】メッシュキャップ キャップ 帽子 蒸れない ★REV 7987757 大きいサイズ カーボン調 プレゼント ギフト 送料無料","ONESIZE","チャコール","X11","Y14",,"0","20","19","-1",
"2026/07/26 19:14:49","受注取込","7997141","7997141X11Y13","特大 スイカ ドーナツ 浮き輪 浮輪 送料無料 プール 大人用 子供用 NEK 7997141 ★REV 120cm 90cm 80cm 70cm 60cm サイズ 大きい 大きめ うきわ ウキワ すいか 海 海水浴 ビックフロート 水上 レジャー かわいい フローティングベッド 西瓜 子供用浮き輪 大人 子供 こども","120cm","ドーナツチョコ","X11","Y13",,"0","87","86","-1",
"2026/07/26 19:17:55","受注取込","7986747","7986747X11Y11","【日焼けシェード付き】サファリハット シェード メンズ 釣り 帽子 ハット レディース SUNS(サンズ) 撥水 アウトドア 登山 キャンプ バーベキュー NEK ★REVL H-051 送料無料 大きいサイズあり キッズサイズ 子供 UVカット アドベンチャーハット 父の日 プレゼント ユニセックス 春 夏 夏フェス ギフト","普通サイズ","SHADE_BK/BLACK(H_051)","X11","Y11",,"0","90","89","-1",
"2026/07/26 19:20:11","受注取込","7997141","7997141X12Y13","特大 スイカ ドーナツ 浮き輪 浮輪 送料無料 プール 大人用 子供用 NEK 7997141 ★REV 120cm 90cm 80cm 70cm 60cm サイズ 大きい 大きめ うきわ ウキワ すいか 海 海水浴 ビックフロート 水上 レジャー かわいい フローティングベッド 西瓜 子供用浮き輪 大人 子供 こども","90cm","ドーナツチョコ","X12","Y13",,"0","82","81","-1",
"2026/07/26 19:21:55","受注取込","7988215","7988215X14Y11","【とにかくデカい！】 大きいサイズ キャップ メッシュキャップ 送料無料 大きめ ビッグサイズ BIG SIZE ★REV 7988215 <br> 帽子 ハット キャップ ワークキャップ メンズキャップ 大きいサイズ バケット 大きい帽子 メンズ バケハ メンズ帽子 大きい 頭 メッシュ 全39カラー","DD","1","X14","Y11",,"0","14","13","-1",
"2026/07/26 19:24:25","受注取込","7992723","7992723X11Y11","お得！ 送料無料 4枚入り 福袋 Dickies ディッキーズ ボクサーパンツ メンズ かわいい NEK ★REV <br> パンツ ボクサーパンツ セット メンズ下着 メンズボクサーパンツ メンズボクサー 大きいサイズ 大きめ 特大 3L 下着 インナー メンズ usa まとめ買い プレゼント ギフト","M","福袋4枚セット","X11","Y11",,"0","213","212","-1",
"2026/07/26 19:24:25","受注取込","7994812","7994812X12Y13","サファリハット メンズ 釣り 帽子 ハット レディース SUNS(サンズ)  撥水 アウトドア 登山 キャンプ バーベキュー NEK ★REV H-051 H-053 送料無料 大きいサイズあり キッズサイズ 子供 UVカット アドベンチャーハット 父の日 プレゼント ユニセックス 春 夏 夏フェス ギフト","大きいサイズ","NAVY(H_051)","X12","Y13",,"0","8","7","-1",
"2026/07/26 19:30:15","受注取込","7986712","7986712X11Y41","【超協力マグネット/選べる33種】帽子クリップ ハットクリップ キャップクリップ  NEK ★REV 7986712 帽子収納ホルダー 収納フック キーホルダー 強力マグネット レザー調 アクセサリー チャーム キーリング キーケース 送料無料","ONESIZE","31","X11","Y41",,"0","1","0","-1",
"2026/07/26 19:30:16","受注取込","7987070","7987070X13Y11","【お得な2枚組】X-LARGE XLARGE エクストララージ ボクサーパンツ メンズ アンダーウェア 下着 NEK ★REVL 7987070 かっこいい ツルツル おすすめ 人気 カモフラ タイダイ 炎 迷彩 カモ柄 ブランド 男性 紳士 プレゼント プチギフト 父の日 誕生日 彼氏 父 息子 ギフト 記念日 大きいサイズ 福袋 送料無料","XL","2枚組","X13","Y11",,"0","31","30","-1",
"2026/07/26 19:37:28","受注取込","7994812","7994812X12Y11","サファリハット メンズ 釣り 帽子 ハット レディース SUNS(サンズ)  撥水 アウトドア 登山 キャンプ バーベキュー NEK ★REV H-051 H-053 送料無料 大きいサイズあり キッズサイズ 子供 UVカット アドベンチャーハット 父の日 プレゼント ユニセックス 春 夏 夏フェス ギフト","大きいサイズ","BK/BLACK(H_051)","X12","Y11",,"0","509","508","-1",
"2026/07/26 19:38:25","受注取込","7994812","7994812X11Y24","サファリハット メンズ 釣り 帽子 ハット レディース SUNS(サンズ)  撥水 アウトドア 登山 キャンプ バーベキュー NEK ★REV H-051 H-053 送料無料 大きいサイズあり キッズサイズ 子供 UVカット アドベンチャーハット 父の日 プレゼント ユニセックス 春 夏 夏フェス ギフト","普通サイズ","BEIGE(H_051)","X11","Y24",,"0","11","10","-1",
"2026/07/26 19:39:26","受注取込","7994812","7994812X11Y12","サファリハット メンズ 釣り 帽子 ハット レディース SUNS(サンズ)  撥水 アウトドア 登山 キャンプ バーベキュー NEK ★REV H-051 H-053 送料無料 大きいサイズあり キッズサイズ 子供 UVカット アドベンチャーハット 父の日 プレゼント ユニセックス 春 夏 夏フェス ギフト","普通サイズ","BLACK(H_051)","X11","Y12",,"0","43","42","-1",
"2026/07/26 19:40:23","受注取込","7997141","7997141X11Y11","特大 スイカ ドーナツ 浮き輪 浮輪 送料無料 プール 大人用 子供用 NEK 7997141 ★REV 120cm 90cm 80cm 70cm 60cm サイズ 大きい 大きめ うきわ ウキワ すいか 海 海水浴 ビックフロート 水上 レジャー かわいい フローティングベッド 西瓜 子供用浮き輪 大人 子供 こども","120cm","スイカ","X11","Y11",,"0","1124","1123","-1",
"2026/07/26 19:45:55","受注取込","7986747","7986747X12Y11","【日焼けシェード付き】サファリハット シェード メンズ 釣り 帽子 ハット レディース SUNS(サンズ) 撥水 アウトドア 登山 キャンプ バーベキュー NEK ★REVL H-051 送料無料 大きいサイズあり キッズサイズ 子供 UVカット アドベンチャーハット 父の日 プレゼント ユニセックス 春 夏 夏フェス ギフト","大きいサイズ","SHADE_BK/BLACK(H_051)","X12","Y11",,"0","134","133","-1",
"2026/07/26 19:45:55","受注取込","7994812","7994812X11Y14","サファリハット メンズ 釣り 帽子 ハット レディース SUNS(サンズ)  撥水 アウトドア 登山 キャンプ バーベキュー NEK ★REV H-051 H-053 送料無料 大きいサイズあり キッズサイズ 子供 UVカット アドベンチャーハット 父の日 プレゼント ユニセックス 春 夏 夏フェス ギフト","普通サイズ","KHAKI(H_051)","X11","Y14",,"0","68","67","-1",
"2026/07/26 19:50:18","受注取込","7987168","7987168X11Y11","バーベキューコンロ 一人用 簡易式 焚き火台 グリル LTG 小型 コンパクト 小さい 小さめ 収納ケース付き 軽量 NEK ★REVL 7987168 少人数 七輪 しちりん 炭火焼 網焼き ソロキャンプ キャンプ ソロキャン 釣り ツーリング アウトドア BBQ コンパクト 送料無料","ONESIZE","シルバー","X11","Y11",,"0","77","76","-1",
"2026/07/26 19:52:55","受注取込","7994812","7994812X12Y11","サファリハット メンズ 釣り 帽子 ハット レディース SUNS(サンズ)  撥水 アウトドア 登山 キャンプ バーベキュー NEK ★REV H-051 H-053 送料無料 大きいサイズあり キッズサイズ 子供 UVカット アドベンチャーハット 父の日 プレゼント ユニセックス 春 夏 夏フェス ギフト","大きいサイズ","BK/BLACK(H_051)","X12","Y11",,"0","508","507","-1",
"2026/07/26 19:55:26","受注取込","7997141","7997141X11Y13","特大 スイカ ドーナツ 浮き輪 浮輪 送料無料 プール 大人用 子供用 NEK 7997141 ★REV 120cm 90cm 80cm 70cm 60cm サイズ 大きい 大きめ うきわ ウキワ すいか 海 海水浴 ビックフロート 水上 レジャー かわいい フローティングベッド 西瓜 子供用浮き輪 大人 子供 こども","120cm","ドーナツチョコ","X11","Y13",,"0","86","85","-1",
"2026/07/26 19:58:01","受注取込","7987061","7987061X11Y13","【お得な2組セット】アームカバー メンズ レディース 2組セット 冷感 NEK ★REV 7987061 ひんやり スポーツ 紫外線カット UVカット 男用 仕事 外 夏 運動 ゴルフ サイクリング 通気性 速乾性 接触冷感 UPF50+ 日焼け防止 送料無料","ONESIZE","グレー","X11","Y13",,"0","131","130","-1",
"2026/07/26 19:59:55","受注取込","8003102","8003102X12Y11","やみつきになる！ ストレッチ AVIREX アビレックス Tシャツ メンズ ★REV NEK 6143501 6143502 Vネック クルーネック 半袖 プレゼント ギフト","Vネック_ブラック_009","Sサイズ","X12","Y11",,"0","3","2","-1",
"2026/07/26 19:59:55","受注取込","7987345","7987345X23Y12","【とにかくデカい！】 大きいサイズ キャップ 送料無料 大きめ ビッグサイズ ★REV 7987345 BIG SIZE 帽子 ハット キャップ キャスケット メンズキャップ 大きいサイズ バケット 大きい帽子 メンズ メンズ帽子 大きい 頭 メッシュキャップ","MMM","2","X23","Y12",,"0","13","12","-1",
"2026/07/26 20:01:00","受注取込","7987084","7987084X12Y12","【くすみカラー 10色展開】深め 大きいサイズ 普通サイズ 帽子 キャップ メンズ レディース ★REV 7987084 Vintage 無地 シンプル おしゃれ 送料無料","大きいサイズ","グレー","X12","Y12",,"0","30","29","-1",
"2026/07/26 20:01:00","受注取込","7994812","7994812X12Y11","サファリハット メンズ 釣り 帽子 ハット レディース SUNS(サンズ)  撥水 アウトドア 登山 キャンプ バーベキュー NEK ★REV H-051 H-053 送料無料 大きいサイズあり キッズサイズ 子供 UVカット アドベンチャーハット 父の日 プレゼント ユニセックス 春 夏 夏フェス ギフト","大きいサイズ","BK/BLACK(H_051)","X12","Y11",,"0","507","506","-1",
"2026/07/26 20:03:17","受注取込","7986521","7986521X11Y13","【背中ひんやりメッシュ！】フロート 浮き輪 ベッドタイプ 150cm 大人用 ビーチマット NEK ★REVL 7986521 リゾート プール 海 SNS映え PVC素材 送料無料","ONESIZE","パープル","X11","Y13",,"0","31","30","-1",
"2026/07/26 20:05:26","受注取込","7988215","7988215X20Y13","【とにかくデカい！】 大きいサイズ キャップ メッシュキャップ 送料無料 大きめ ビッグサイズ BIG SIZE ★REV 7988215 <br> 帽子 ハット キャップ ワークキャップ メンズキャップ 大きいサイズ バケット 大きい帽子 メンズ バケハ メンズ帽子 大きい 頭 メッシュ 全39カラー","JJ","3","X20","Y13",,"0","67","65","-2",
"2026/07/26 20:08:01","受注取込","7995525","7995525X1Y15","AVIREX 限定モデル キャップ 帽子 父の日 贈り物 プレゼント メンズ ★REV ブラックシリーズ 黒 アビレックス アヴィレックス メッシュキャップ ハンチング ローキャップ バケット ハット ワークキャップ レディース かっこいい yos プレゼント ギフト","ONESIZE","【O】サファリハット_17158400_BIG","X1","Y15",,"0","92","91","-1",
"2026/07/26 20:09:25","受注取込","7987078","7987078X11Y11","【3個の福袋！即出荷】ビーチボール 水遊び ビーチバレー 浮き輪 フロート NEK ★REV 7987078 サッカーボール 30cm アウトドア キャンプ 海 プール 川 リゾート 送料無料","ONESIZE","3個セット","X11","Y11",,"0","75","74","-1",
"2026/07/26 20:10:04","受注取込","7987558","7987558X11Y13","ミニ財布 ミニウォレット 短財布 財布 二つ折り メンズ レディース ウォレット NEK ★REV 7987558 プレゼント ギフト 父の日 母の日 プチギフト 誕プレ 送料無料","ONESIZE","ダークブラウン","X11","Y13",,"0","17","16","-1",
"2026/07/26 20:10:05","受注取込","7987128","7987128X11Y12","【コンパクト】電動エアーポンプ 充電式 強力 USB Type-c 電動ポンプ ★REVL 7987128 エアーポンプ 空気入れ 3000mAh IPX4防水 4000pa アウトドア マット 浮き輪 ノズル付き 送料無料","ONESIZE","ホワイト","X11","Y12",,"0","8","7","-1",
"2026/07/26 20:10:06","受注取込","7988215","7988215X24Y12","【とにかくデカい！】 大きいサイズ キャップ メッシュキャップ 送料無料 大きめ ビッグサイズ BIG SIZE ★REV 7988215 <br> 帽子 ハット キャップ ワークキャップ メンズキャップ 大きいサイズ バケット 大きい帽子 メンズ バケハ メンズ帽子 大きい 頭 メッシュ 全39カラー","NN","2","X24","Y12",,"0","3","2","-1",
"2026/07/26 20:10:07","受注取込","7988124","7988124X11Y17","大きいサイズ キャップ 帽子 メンズ フルキャップ ベースボールキャップ コットンキャップ 野球帽 ワンポイント ★REV 7988124 イーグル 鷲 刺繍 ミリタリー BIGSIZE キングサイズ 送料無料","ONESIZE","メッシュホワイト","X11","Y17",,"0","10","9","-1",
"2026/07/26 20:10:09","受注取込","7987029","7987029X11Y15","【直射日光をはね返す】コカゲル キャップ 洗濯機洗いOK 体感マイナス10℃ UV NEK ★REV CC2R502 7987029 アウトドア SEK サイズ調整 大きいサイズ ユニセックス アウトドア 夏 対策 熱中症 木陰 日よけ 日焼け 送料無料","ONESIZE","ブルー","X11","Y15",,"0","20","19","-1",
"2026/07/26 20:11:05","受注取込","7987475","7987475X11Y16","【護身用】タクティカルスティック 防災グッズ タクティカルペン キーホルダー キーリング NEK ★REV 7987475 護身 棒 車 ガラス 防災 災害 車内 軽量 丈夫 不審者 痴漢 痴漢対策 護身用 用品 武器 防犯 護身グッズ 自己防衛 コンパクト 非常時 タクティカル バッググリップ","ONESIZE","ゴールド","X11","Y16",,"0","19","18","-1",
"2026/07/26 20:13:55","受注取込","7987395","7987395X11Y11","【中折れ対策】ILUMA TEREA イルマ テリア アイコス IQOS グロー プルーム 電子タバコ お掃除 NEK ★REV 7987395 LTG クリーニングフィルター クリーナー プレゼント ギフト 母の日 父の日 送料無料","ONESIZE","ホワイト","X11","Y11",,"0","91","85","-6",
"2026/07/26 20:17:55","受注取込","7986484","7986484X14Y12","AVIREX ブーツ スニーカー メンズ レディース ブランド アヴィレックス AV2290 Y_KO ★REVM 7986484  DISADTER ミドルカット カジュアルシューズ ユニセックス","26.0cm","BLACK/BLACK","X14","Y12",,"0","10","9","-1",
"2026/07/26 20:19:25","受注取込","7994812","7994812X12Y14","サファリハット メンズ 釣り 帽子 ハット レディース SUNS(サンズ)  撥水 アウトドア 登山 キャンプ バーベキュー NEK ★REV H-051 H-053 送料無料 大きいサイズあり キッズサイズ 子供 UVカット アドベンチャーハット 父の日 プレゼント ユニセックス 春 夏 夏フェス ギフト","大きいサイズ","KHAKI(H_051)","X12","Y14",,"0","22","21","-1",
"2026/07/26 20:21:31","受注取込","7994812","7994812X12Y13","サファリハット メンズ 釣り 帽子 ハット レディース SUNS(サンズ)  撥水 アウトドア 登山 キャンプ バーベキュー NEK ★REV H-051 H-053 送料無料 大きいサイズあり キッズサイズ 子供 UVカット アドベンチャーハット 父の日 プレゼント ユニセックス 春 夏 夏フェス ギフト","大きいサイズ","NAVY(H_051)","X12","Y13",,"0","7","6","-1",
"2026/07/26 20:24:33","受注取込","7988298","7988298X11Y12","【厚革 一枚革】ベルト 本革 レザー 本皮 ヌメ革 GENUINE LEATHER  Vintage ★REV 7988298 メンズ レディース 新品 125cm～130cm サイズ調整可能","ONESIZE","ワインレッド","X11","Y12",,"0","26","25","-1",
"2026/07/26 20:27:25","受注取込","7986528","7986528X11Y20","【Ploom AURA】プルーム オーラ カバー ケース レザー調 ストラップ付 保護 耐衝撃 NEK ★REVL 7986528 おしゃれ プルームオーラ 保護ケース 保護カバー アクセサリー 送料無料","ONESIZE","J","X11","Y20",,"0","13","12","-1",
"2026/07/26 20:28:56","受注取込","7997141","7997141X13Y11","特大 スイカ ドーナツ 浮き輪 浮輪 送料無料 プール 大人用 子供用 NEK 7997141 ★REV 120cm 90cm 80cm 70cm 60cm サイズ 大きい 大きめ うきわ ウキワ すいか 海 海水浴 ビックフロート 水上 レジャー かわいい フローティングベッド 西瓜 子供用浮き輪 大人 子供 こども","80cm","スイカ","X13","Y11",,"0","75","74","-1",
"2026/07/26 20:29:00","受注取込","8003102","8003102X17Y11","やみつきになる！ ストレッチ AVIREX アビレックス Tシャツ メンズ ★REV NEK 6143501 6143502 Vネック クルーネック 半袖 プレゼント ギフト","クルーネック_ブラック_009","Sサイズ","X17","Y11",,"0","2","1","-1",
"2026/07/26 20:30:55","受注取込","7987395","7987395X11Y11","【中折れ対策】ILUMA TEREA イルマ テリア アイコス IQOS グロー プルーム 電子タバコ お掃除 NEK ★REV 7987395 LTG クリーニングフィルター クリーナー プレゼント ギフト 母の日 父の日 送料無料","ONESIZE","ホワイト","X11","Y11",,"0","85","84","-1",
"2026/07/26 20:32:55","受注取込","7994812","7994812X11Y33","サファリハット メンズ 釣り 帽子 ハット レディース SUNS(サンズ)  撥水 アウトドア 登山 キャンプ バーベキュー NEK ★REV H-051 H-053 送料無料 大きいサイズあり キッズサイズ 子供 UVカット アドベンチャーハット 父の日 プレゼント ユニセックス 春 夏 夏フェス ギフト","普通サイズ","GREIGE(H-051)","X11","Y33",,"0","149","148","-1",
"2026/07/26 20:32:55","受注取込","7994812","7994812X12Y13","サファリハット メンズ 釣り 帽子 ハット レディース SUNS(サンズ)  撥水 アウトドア 登山 キャンプ バーベキュー NEK ★REV H-051 H-053 送料無料 大きいサイズあり キッズサイズ 子供 UVカット アドベンチャーハット 父の日 プレゼント ユニセックス 春 夏 夏フェス ギフト","大きいサイズ","NAVY(H_051)","X12","Y13",,"0","6","5","-1",
"2026/07/26 20:33:55","受注取込","7994812","7994812X12Y12","サファリハット メンズ 釣り 帽子 ハット レディース SUNS(サンズ)  撥水 アウトドア 登山 キャンプ バーベキュー NEK ★REV H-051 H-053 送料無料 大きいサイズあり キッズサイズ 子供 UVカット アドベンチャーハット 父の日 プレゼント ユニセックス 春 夏 夏フェス ギフト","大きいサイズ","BLACK(H_051)","X12","Y12",,"0","44","43","-1",
"2026/07/26 20:33:55","受注取込","7994812","7994812X12Y27","サファリハット メンズ 釣り 帽子 ハット レディース SUNS(サンズ)  撥水 アウトドア 登山 キャンプ バーベキュー NEK ★REV H-051 H-053 送料無料 大きいサイズあり キッズサイズ 子供 UVカット アドベンチャーハット 父の日 プレゼント ユニセックス 春 夏 夏フェス ギフト","大きいサイズ","CAMO(H_051)","X12","Y27",,"0","104","103","-1",
"2026/07/26 20:35:01","受注取込","7994812","7994812X12Y16","サファリハット メンズ 釣り 帽子 ハット レディース SUNS(サンズ)  撥水 アウトドア 登山 キャンプ バーベキュー NEK ★REV H-051 H-053 送料無料 大きいサイズあり キッズサイズ 子供 UVカット アドベンチャーハット 父の日 プレゼント ユニセックス 春 夏 夏フェス ギフト","大きいサイズ","GRAY(H_051)","X12","Y16",,"0","105","104","-1",
"2026/07/26 20:35:25","受注取込","7994812","7994812X13Y12","サファリハット メンズ 釣り 帽子 ハット レディース SUNS(サンズ)  撥水 アウトドア 登山 キャンプ バーベキュー NEK ★REV H-051 H-053 送料無料 大きいサイズあり キッズサイズ 子供 UVカット アドベンチャーハット 父の日 プレゼント ユニセックス 春 夏 夏フェス ギフト","キッズサイズ","BLACK(H_051)","X13","Y12",,"0","12","11","-1",
"2026/07/26 20:35:25","受注取込","7994812","7994812X13Y33","サファリハット メンズ 釣り 帽子 ハット レディース SUNS(サンズ)  撥水 アウトドア 登山 キャンプ バーベキュー NEK ★REV H-051 H-053 送料無料 大きいサイズあり キッズサイズ 子供 UVカット アドベンチャーハット 父の日 プレゼント ユニセックス 春 夏 夏フェス ギフト","キッズサイズ","GREIGE(H-051)","X13","Y33",,"0","13","12","-1",
"2026/07/26 20:38:01","受注取込","7986747","7986747X12Y11","【日焼けシェード付き】サファリハット シェード メンズ 釣り 帽子 ハット レディース SUNS(サンズ) 撥水 アウトドア 登山 キャンプ バーベキュー NEK ★REVL H-051 送料無料 大きいサイズあり キッズサイズ 子供 UVカット アドベンチャーハット 父の日 プレゼント ユニセックス 春 夏 夏フェス ギフト","大きいサイズ","SHADE_BK/BLACK(H_051)","X12","Y11",,"0","133","132","-1",
"2026/07/26 20:38:01","受注取込","7987137","7987137X11Y11","【最安値に挑戦 日本製】GEVAERT ゲバルト ベルト YKK社製 軽量バックル使用 35mm幅 NEK ★REV 7987137 ゴムベルト GVT-1062 1063 1064 1011 1048 無地 カモフラ柄 ベルギー生地使用 日本製 メンズ レディース カジュアル 入学 卒業 通勤 通学 送料無料","ONESIZE","A","X11","Y11",,"0","7","6","-1",
"2026/07/26 20:40:04","受注取込","7988215","7988215X16Y15","【とにかくデカい！】 大きいサイズ キャップ メッシュキャップ 送料無料 大きめ ビッグサイズ BIG SIZE ★REV 7988215 <br> 帽子 ハット キャップ ワークキャップ メンズキャップ 大きいサイズ バケット 大きい帽子 メンズ バケハ メンズ帽子 大きい 頭 メッシュ 全39カラー","FF","5","X16","Y15",,"0","96","95","-1",
"2026/07/26 20:40:22","受注取込","7987558","7987558X11Y12","ミニ財布 ミニウォレット 短財布 財布 二つ折り メンズ レディース ウォレット NEK ★REV 7987558 プレゼント ギフト 父の日 母の日 プチギフト 誕プレ 送料無料","ONESIZE","ブラウン","X11","Y12",,"0","32","31","-1",
"2026/07/26 20:47:25","受注取込","7987073","7987073X12Y15","【くすみカラー 超軽量】バケットハット サファリハット メンズ レディース 普通サイズ 大きいサイズ NEK ★REV 7987073 アドベンチャーハット 撥水 速乾 軽量 折り畳める UV カット アウトドア キャンプ 登山 ウォーキング 散歩 日焼け防止 紫外線防止 送料無料","大きいサイズ","オリーブ","X12","Y15",,"0","28","27","-1",
"2026/07/26 20:48:25","受注取込","7986989","7986989X11Y16","【本革/特価/16色展開】本革 ショルダーバッグ ポーチ レディース ミニショルダーバッグ NEK ★REV 7986989 斜めがけ お財布 ショルダー お財布バッグ 送料無料","ONESIZE","ブラック","X11","Y16",,"0","4","3","-1",
"2026/07/26 20:49:25","受注取込","7988215","7988215X17Y13","【とにかくデカい！】 大きいサイズ キャップ メッシュキャップ 送料無料 大きめ ビッグサイズ BIG SIZE ★REV 7988215 <br> 帽子 ハット キャップ ワークキャップ メンズキャップ 大きいサイズ バケット 大きい帽子 メンズ バケハ メンズ帽子 大きい 頭 メッシュ 全39カラー","GG","3","X17","Y13",,"0","33","32","-1",
"2026/07/26 20:49:25","受注取込","7988215","7988215X17Y12","【とにかくデカい！】 大きいサイズ キャップ メッシュキャップ 送料無料 大きめ ビッグサイズ BIG SIZE ★REV 7988215 <br> 帽子 ハット キャップ ワークキャップ メンズキャップ 大きいサイズ バケット 大きい帽子 メンズ バケハ メンズ帽子 大きい 頭 メッシュ 全39カラー","GG","2","X17","Y12",,"0","24","23","-1",
"2026/07/26 20:51:57","受注取込","7988486","7988486X11Y14","キーケース メンズ レディース 本革 レザー スマートキー キーホルダー 鍵 キーチェーン 小銭入れ ★REV 7988486 プレゼント ギフト","ONESIZE","グレー","X11","Y14",,"0","33","32","-1",
"2026/07/26 20:56:26","受注取込","7994812","7994812X12Y13","サファリハット メンズ 釣り 帽子 ハット レディース SUNS(サンズ)  撥水 アウトドア 登山 キャンプ バーベキュー NEK ★REV H-051 H-053 送料無料 大きいサイズあり キッズサイズ 子供 UVカット アドベンチャーハット 父の日 プレゼント ユニセックス 春 夏 夏フェス ギフト","大きいサイズ","NAVY(H_051)","X12","Y13",,"0","5","4","-1",
"2026/07/26 20:56:26","受注取込","7987400","7987400X11Y19","【とにかくデカい！/普通サイズあり！】キャップ メンズ 大きいサイズ 帽子 深め ビッグサイズ ★REVM 7987400 BIG SIZE メンズキャップ帽子 大きめ 大きい帽子 メンズ帽子 レディース 春 夏 春夏 プレゼント ギフト 母の日 父の日 送料無料","大きいサイズ","I-ネイビー","X11","Y19",,"0","33","32","-1",
"2026/07/26 20:59:25","受注取込","7997141","7997141X11Y11","特大 スイカ ドーナツ 浮き輪 浮輪 送料無料 プール 大人用 子供用 NEK 7997141 ★REV 120cm 90cm 80cm 70cm 60cm サイズ 大きい 大きめ うきわ ウキワ すいか 海 海水浴 ビックフロート 水上 レジャー かわいい フローティングベッド 西瓜 子供用浮き輪 大人 子供 こども","120cm","スイカ","X11","Y11",,"0","1123","1122","-1",
"2026/07/26 20:59:25","受注取込","7994812","7994812X12Y13","サファリハット メンズ 釣り 帽子 ハット レディース SUNS(サンズ)  撥水 アウトドア 登山 キャンプ バーベキュー NEK ★REV H-051 H-053 送料無料 大きいサイズあり キッズサイズ 子供 UVカット アドベンチャーハット 父の日 プレゼント ユニセックス 春 夏 夏フェス ギフト","大きいサイズ","NAVY(H_051)","X12","Y13",,"0","4","3","-1",
"2026/07/26 21:00:00","受注取込","8003102","8003102X16Y13","やみつきになる！ ストレッチ AVIREX アビレックス Tシャツ メンズ ★REV NEK 6143501 6143502 Vネック クルーネック 半袖 プレゼント ギフト","クルーネック_ホワイト_001","Lサイズ","X16","Y13",,"0","6","5","-1",
"2026/07/26 21:00:20","受注取込","7987093","7987093X12Y13","【新型iphone/IQOS対応】急速5A 3股 Type-C 充電ケーブル スマホケーブル 1.2m 2m 3m typec NEK ★REVL 7987093 新型iphone IQOS対応 USB A→Type-C×3 充電ケーブル 3in1 急速 送料無料","2.0m","ブラック_TypeC/TypeC×3","X12","Y13",,"0","8","3","-5",
"2026/07/26 21:02:00","受注取込","7987714","7987714X11Y11","【なんと6+1個入り！速攻配達】水風船 水ふうせん 何度も使える ゴミが出ない プール クラッシュボール ★REV NEK 7987714 水遊び 海 川 お風呂 水鉄砲 子供 おもちゃ 繰り返し BALL 水 風船 ボール エコ ウォーターボム リサイクル 安心 安全 送料無料","ワンサイズ","まる形6+1","X11","Y11",,"0","23","21","-2",
"2026/07/26 21:03:25","受注取込","7987400","7987400X11Y26","【とにかくデカい！/普通サイズあり！】キャップ メンズ 大きいサイズ 帽子 深め ビッグサイズ ★REVM 7987400 BIG SIZE メンズキャップ帽子 大きめ 大きい帽子 メンズ帽子 レディース 春 夏 春夏 プレゼント ギフト 母の日 父の日 送料無料","大きいサイズ","P-ブラック","X11","Y26",,"0","58","57","-1",
"2026/07/26 21:06:25","受注取込","7986849","7986849X11Y12","【ゴージャスに遊ぶ】トランプ プラスチック 54枚 撥水 NEK ★REV 7986849 ブラック ゴールド シルバー ピンクゴールド カードゲーム マジックトランプ パーティーグッズ プレゼント ギフト ポーカー ブラックジャック 手品 送料無料","ONESIZE","B","X11","Y12",,"0","10","9","-1",
"2026/07/26 21:08:55","受注取込","7994812","7994812X12Y12","サファリハット メンズ 釣り 帽子 ハット レディース SUNS(サンズ)  撥水 アウトドア 登山 キャンプ バーベキュー NEK ★REV H-051 H-053 送料無料 大きいサイズあり キッズサイズ 子供 UVカット アドベンチャーハット 父の日 プレゼント ユニセックス 春 夏 夏フェス ギフト","大きいサイズ","BLACK(H_051)","X12","Y12",,"0","43","42","-1",
"2026/07/26 21:12:55","受注取込","7987345","7987345X16Y13","【とにかくデカい！】 大きいサイズ キャップ 送料無料 大きめ ビッグサイズ ★REV 7987345 BIG SIZE 帽子 ハット キャップ キャスケット メンズキャップ 大きいサイズ バケット 大きい帽子 メンズ メンズ帽子 大きい 頭 メッシュキャップ","FFF","3","X16","Y13",,"0","20","19","-1",
"2026/07/26 21:12:55","受注取込","7994812","7994812X12Y12","サファリハット メンズ 釣り 帽子 ハット レディース SUNS(サンズ)  撥水 アウトドア 登山 キャンプ バーベキュー NEK ★REV H-051 H-053 送料無料 大きいサイズあり キッズサイズ 子供 UVカット アドベンチャーハット 父の日 プレゼント ユニセックス 春 夏 夏フェス ギフト","大きいサイズ","BLACK(H_051)","X12","Y12",,"0","42","41","-1",
"2026/07/26 21:15:25","受注取込","7997141","7997141X11Y11","特大 スイカ ドーナツ 浮き輪 浮輪 送料無料 プール 大人用 子供用 NEK 7997141 ★REV 120cm 90cm 80cm 70cm 60cm サイズ 大きい 大きめ うきわ ウキワ すいか 海 海水浴 ビックフロート 水上 レジャー かわいい フローティングベッド 西瓜 子供用浮き輪 大人 子供 こども","120cm","スイカ","X11","Y11",,"0","1122","1121","-1",
"2026/07/26 21:15:31","受注取込","7995525","7995525X1Y15","AVIREX 限定モデル キャップ 帽子 父の日 贈り物 プレゼント メンズ ★REV ブラックシリーズ 黒 アビレックス アヴィレックス メッシュキャップ ハンチング ローキャップ バケット ハット ワークキャップ レディース かっこいい yos プレゼント ギフト","ONESIZE","【O】サファリハット_17158400_BIG","X1","Y15",,"0","91","90","-1",
"2026/07/26 21:17:06","受注取込","7990405","7990405X11Y11","リュックチェア 折りたたみ 椅子 リュックサック 保冷バッグ 保温 アウトドア 行列 運動会 キャンプ バーベキュー ミリタリー 送料無料 ★REV 7990405 椅子付き 座れるリュック リュック 持ち運び 保冷リュック 携帯椅子 携帯イス 折りたたみチェア イス 椅子 折り畳みチェア","ONESIZE","ブラック","X11","Y11",,"0","68","67","-1",
"2026/07/26 21:18:25","受注取込","7986770","7986770X11Y39","【新型 アイコス イルマ i ワン 対応】アイコス イルマワン ILUMA i ケース 保護ケース iqosイルマワン イルマワンカバー NEK ★REV 7986770 耐衝撃 おしゃれ iqos iluma one 専用 IQOSイルマワン保護ケース レザー ヒョウ柄 ペイズリー 保護カバー アクセサリー アイコスケース 送料無料","イルマワン","29","X11","Y39",,"0","14","13","-1",
"2026/07/26 21:20:55","受注取込","7986804","7986804X11Y11","【シンプル/おしゃれ/年中大活躍】ワッチキャップ スラウチビーニー ニット帽 ニットキャップ 帽子 NEK ★REV 7986804 無地 ワッチ メンズ レディース ユニセックス 送料無料","ONESIZE","グレー","X11","Y11",,"0","21","20","-1",
"2026/07/26 21:22:25","受注取込","7988044","7988044X11Y22","ショルダーバッグ メンズ ワンショルダー 斜め掛け ★REV 7988044 おしゃれバッグ Vintage 斜めがけ メンズボディバック かっこいい ボディバッグ レザー ワンショルダーバッグ カバン 鞄 かばん レザー調 メンズバッグ 斜めがけ メンズショルダーバック 散歩 送料無料","ONESIZE","L_キャメル","X11","Y22",,"0","17","16","-1",
"2026/07/26 21:24:25","受注取込","7992054","7992054X11Y13","【シンプル/おしゃれ】16mm パワーストーン ネックレス メンズ レディース 瑪瑙 オブシディアン タイガーアイ NEK ★REV 7992054 黒曜石 茶水晶 虎目石 金運 財運 仕事運 恋愛 結婚 家庭円満 癒し 幸運 成功運 勝負運 家族運 厄除祈願 天然石 お守り プレゼント 送料無料","ONESIZE","【C】ブラウンクオーツ","X11","Y13",,"0","10","9","-1",
"2026/07/26 21:30:19","受注取込","7987400","7987400X11Y11","【とにかくデカい！/普通サイズあり！】キャップ メンズ 大きいサイズ 帽子 深め ビッグサイズ ★REVM 7987400 BIG SIZE メンズキャップ帽子 大きめ 大きい帽子 メンズ帽子 レディース 春 夏 春夏 プレゼント ギフト 母の日 父の日 送料無料","大きいサイズ","A-ブラック","X11","Y11",,"0","200","199","-1",
"2026/07/26 21:32:49","受注取込","7986516","7986516X11Y11","【当店限定モデル/深め】 AVIREX キャップ メンズ レディース 深め 刺繍 シンプル 81747500 ★REVL 7986516 ブランド コットン100％ サイズ調整可能 ブラック グレージュ 送料無料","ONESIZE","ブラック","X11","Y11",,"0","65","64","-1",
"2026/07/26 21:32:49","受注取込","7986516","7986516X11Y11","【当店限定モデル/深め】 AVIREX キャップ メンズ レディース 深め 刺繍 シンプル 81747500 ★REVL 7986516 ブランド コットン100％ サイズ調整可能 ブラック グレージュ 送料無料","ONESIZE","ブラック","X11","Y11",,"0","64","63","-1",
"2026/07/26 21:34:25","受注取込","7994812","7994812X12Y33","サファリハット メンズ 釣り 帽子 ハット レディース SUNS(サンズ)  撥水 アウトドア 登山 キャンプ バーベキュー NEK ★REV H-051 H-053 送料無料 大きいサイズあり キッズサイズ 子供 UVカット アドベンチャーハット 父の日 プレゼント ユニセックス 春 夏 夏フェス ギフト","大きいサイズ","GREIGE(H-051)","X12","Y33",,"0","78","77","-1",
"2026/07/26 21:35:58","受注取込","7988088","7988088X15Y11","安全靴 スニーカー エアウォーク AIR WALK Y_YU AW-920 グリーン フレックスフィット ローカット メンズ セーフティシューズ 樹脂先芯 軽量 衝撃吸収 負担軽減 作業靴 オシャレ  かかとが踏める ムレにくい","27.0cm ","グリーン","X15","Y11",,"0","112","111","-1",
"2026/07/26 21:36:31","受注取込","7987075","7987075X11Y19","アンクレット レディース メンズ つけっぱなし NEK ★REV 7987075 ゴールド シルバー アクセサリー プレゼント ギフト おしゃれ 送料無料","ONESIZE","I","X11","Y19",,"0","27","26","-1",
"2026/07/26 21:36:31","受注取込","7987075","7987075X11Y20","アンクレット レディース メンズ つけっぱなし NEK ★REV 7987075 ゴールド シルバー アクセサリー プレゼント ギフト おしゃれ 送料無料","ONESIZE","J","X11","Y20",,"0","29","28","-1",
"2026/07/26 21:38:55","受注取込","7987400","7987400X11Y18","【とにかくデカい！/普通サイズあり！】キャップ メンズ 大きいサイズ 帽子 深め ビッグサイズ ★REVM 7987400 BIG SIZE メンズキャップ帽子 大きめ 大きい帽子 メンズ帽子 レディース 春 夏 春夏 プレゼント ギフト 母の日 父の日 送料無料","大きいサイズ","H-オリーブ","X11","Y18",,"0","23","22","-1",
"2026/07/26 21:40:04","受注取込","7987093","7987093X12Y13","【新型iphone/IQOS対応】急速5A 3股 Type-C 充電ケーブル スマホケーブル 1.2m 2m 3m typec NEK ★REVL 7987093 新型iphone IQOS対応 USB A→Type-C×3 充電ケーブル 3in1 急速 送料無料","2.0m","ブラック_TypeC/TypeC×3","X12","Y13",,"0","3","2","-1",
"2026/07/26 21:40:06","受注取込","7986710","7986710X11Y17","【春夏秋冬対応/くすみカラー】トートバッグ クロシェバッグ エコバッグ レディース NEK ★REVO 7986710 メッシュ クロシェ編み ナチュラル ニット A4 軽量 かぎ編み おしゃれ 大容量 リゾート 通勤 通学 学生 送料無料","ONESIZE","グレージュ","X11","Y17",,"0","38","37","-1",
"2026/07/26 21:40:35","受注取込","7987073","7987073X12Y17","【くすみカラー 超軽量】バケットハット サファリハット メンズ レディース 普通サイズ 大きいサイズ NEK ★REV 7987073 アドベンチャーハット 撥水 速乾 軽量 折り畳める UV カット アウトドア キャンプ 登山 ウォーキング 散歩 日焼け防止 紫外線防止 送料無料","大きいサイズ","レンガ","X12","Y17",,"0","21","20","-1",
"2026/07/26 21:40:35","受注取込","7997141","7997141X11Y12","特大 スイカ ドーナツ 浮き輪 浮輪 送料無料 プール 大人用 子供用 NEK 7997141 ★REV 120cm 90cm 80cm 70cm 60cm サイズ 大きい 大きめ うきわ ウキワ すいか 海 海水浴 ビックフロート 水上 レジャー かわいい フローティングベッド 西瓜 子供用浮き輪 大人 子供 こども","120cm","ドーナツイチゴ","X11","Y12",,"0","42","41","-1",
"2026/07/26 21:41:25","受注取込","7986547","7986547X11Y11","【お得な5枚10点セット】福袋 おなかぷにぷに3Dキャラクターシール 犬猫アニマル NEK ★REVO 7986547 ピンセット付き ぷにぷに触感 ストレス解消 癒しデコシール プレゼント ギフト 送料無料","ONESIZE","5枚10点アソート","X11","Y11",,"0","705","704","-1",
"2026/07/26 21:45:55","受注取込","7987678","7987678X11Y14","【洗濯可能】トレーニンググローブ 手袋 筋トレ 筋トレグローブ メンズ レディース 指無し NEK ★REV 7987678 ウェイトリフティング 防滑 クッション性 伸びる 洗濯OK バーベル サイクリング ヨガ グリップ","S","B-ブラック","X11","Y14",,"0","8","7","-1",
"2026/07/26 21:49:00","受注取込","7988390","7988390X11Y11","【おまけ付き 速攻配達】テント ワンタッチ 2人用 1人用 3-4人用 折りたたみテント ★REV 7988390 自動ポップアップテント 撥水加工 紫外線防止 登山 折りたたみ 防水 通気性 アウトドア 登山 運動会 日よけ キャンプ サンシェード uvカット 簡単 アウトドア バーベキュー","ONESIZE","オレンジ","X11","Y11",,"0","48","47","-1",
"2026/07/26 21:52:00","受注取込","7994812","7994812X11Y11","サファリハット メンズ 釣り 帽子 ハット レディース SUNS(サンズ)  撥水 アウトドア 登山 キャンプ バーベキュー NEK ★REV H-051 H-053 送料無料 大きいサイズあり キッズサイズ 子供 UVカット アドベンチャーハット 父の日 プレゼント ユニセックス 春 夏 夏フェス ギフト","普通サイズ","BK/BLACK(H_051)","X11","Y11",,"0","59","58","-1",
"2026/07/26 21:54:47","受注取込","7986797","7986797X11Y11","【お得な2個セット】天然石 オブシディアン 黒曜石 3mm 4mm ブレスレット レディース NEK ★REVL 7986797 メンズ パワーストーン アクセサリー プレゼント ギフト お守り 金運 財運 仕事運 恋愛 結婚 家庭円満 癒し 幸運 成功運 勝負運 家族運 厄除祈願","2個セット","ブラック","X11","Y11",,"0","9","8","-1",
"2026/07/26 21:55:25","受注取込","7988386","7988386X11Y11","【高輝度・省電力】LED 卓上 ライト 間接照明 おしゃれ テーブルランプ 北欧 ベッドライト ★REV 7988386 照明 ランプ 一人暮らし ナイトランプ ムードランプ インテリア 雑貨 スタンドライト フロアライト ベッドサイド ルームライト 寝室 usb 電気スタンド フロアランプ","ONESIZE","アイボリー","X11","Y11",,"0","46","45","-1",
"2026/07/26 21:56:19","受注取込","7987062","7987062X11Y11","【直射日光をはね返す】コカゲル サファリハット 洗濯機洗いOK 体感マイナス10℃ アドベンチャー NEK CC2R501 ★REV 7987062 ブッシュハット UV アウトドア SEK サイズ調整 大きいサイズ ユニセックス アウトドア 夏 対策 熱中症 木陰 日よけ 日焼け 送料無料","M(57.0～58.5)","ブラック","X11","Y11",,"0","79","78","-1",
"2026/07/26 21:56:55","受注取込","7994812","7994812X12Y33","サファリハット メンズ 釣り 帽子 ハット レディース SUNS(サンズ)  撥水 アウトドア 登山 キャンプ バーベキュー NEK ★REV H-051 H-053 送料無料 大きいサイズあり キッズサイズ 子供 UVカット アドベンチャーハット 父の日 プレゼント ユニセックス 春 夏 夏フェス ギフト","大きいサイズ","GREIGE(H-051)","X12","Y33",,"0","77","76","-1",
"2026/07/26 21:56:55","受注取込","7994812","7994812X12Y23","サファリハット メンズ 釣り 帽子 ハット レディース SUNS(サンズ)  撥水 アウトドア 登山 キャンプ バーベキュー NEK ★REV H-051 H-053 送料無料 大きいサイズあり キッズサイズ 子供 UVカット アドベンチャーハット 父の日 プレゼント ユニセックス 春 夏 夏フェス ギフト","大きいサイズ","BLUE(H_051)","X12","Y23",,"0","25","24","-1",
"2026/07/26 21:59:05","受注取込","8003102","8003102X17Y11","やみつきになる！ ストレッチ AVIREX アビレックス Tシャツ メンズ ★REV NEK 6143501 6143502 Vネック クルーネック 半袖 プレゼント ギフト","クルーネック_ブラック_009","Sサイズ","X17","Y11",,"0","1","0","-1",
"2026/07/26 22:00:19","受注取込","7988215","7988215X20Y15","【とにかくデカい！】 大きいサイズ キャップ メッシュキャップ 送料無料 大きめ ビッグサイズ BIG SIZE ★REV 7988215 <br> 帽子 ハット キャップ ワークキャップ メンズキャップ 大きいサイズ バケット 大きい帽子 メンズ バケハ メンズ帽子 大きい 頭 メッシュ 全39カラー","JJ","5","X20","Y15",,"0","22","21","-1",
"2026/07/26 22:00:20","受注取込","7988044","7988044X11Y17","ショルダーバッグ メンズ ワンショルダー 斜め掛け ★REV 7988044 おしゃれバッグ Vintage 斜めがけ メンズボディバック かっこいい ボディバッグ レザー ワンショルダーバッグ カバン 鞄 かばん レザー調 メンズバッグ 斜めがけ メンズショルダーバック 散歩 送料無料","ONESIZE","G_ブラック","X11","Y17",,"0","29","28","-1",
"2026/07/26 22:00:21","受注取込","7997141","7997141X11Y12","特大 スイカ ドーナツ 浮き輪 浮輪 送料無料 プール 大人用 子供用 NEK 7997141 ★REV 120cm 90cm 80cm 70cm 60cm サイズ 大きい 大きめ うきわ ウキワ すいか 海 海水浴 ビックフロート 水上 レジャー かわいい フローティングベッド 西瓜 子供用浮き輪 大人 子供 こども","120cm","ドーナツイチゴ","X11","Y12",,"0","41","40","-1",
"2026/07/26 22:00:21","受注取込","7997141","7997141X12Y13","特大 スイカ ドーナツ 浮き輪 浮輪 送料無料 プール 大人用 子供用 NEK 7997141 ★REV 120cm 90cm 80cm 70cm 60cm サイズ 大きい 大きめ うきわ ウキワ すいか 海 海水浴 ビックフロート 水上 レジャー かわいい フローティングベッド 西瓜 子供用浮き輪 大人 子供 こども","90cm","ドーナツチョコ","X12","Y13",,"0","81","80","-1",
"2026/07/26 22:00:21","受注取込","7997141","7997141X14Y12","特大 スイカ ドーナツ 浮き輪 浮輪 送料無料 プール 大人用 子供用 NEK 7997141 ★REV 120cm 90cm 80cm 70cm 60cm サイズ 大きい 大きめ うきわ ウキワ すいか 海 海水浴 ビックフロート 水上 レジャー かわいい フローティングベッド 西瓜 子供用浮き輪 大人 子供 こども","70cm","ドーナツイチゴ","X14","Y12",,"0","87","86","-1",
"2026/07/26 22:00:22","受注取込","7987757","7987757X11Y12","【カーボンスタイル 大きいサイズ】メッシュキャップ キャップ 帽子 蒸れない ★REV 7987757 大きいサイズ カーボン調 プレゼント ギフト 送料無料","ONESIZE","カーキ","X11","Y12",,"0","12","11","-1",
"2026/07/26 22:07:00","受注取込","8003112","8003112X11Y12","AVIREX アビレックス タンクトップ メンズ 無地 アヴィレックス メンズアメカジトップス ★REV NEK 6143503 全10色 プレゼント ギフト","S","ブラック(09)","X11","Y12",,"0","3","2","-1",
"2026/07/26 22:07:00","受注取込","8003102","8003102X17Y11","やみつきになる！ ストレッチ AVIREX アビレックス Tシャツ メンズ ★REV NEK 6143501 6143502 Vネック クルーネック 半袖 プレゼント ギフト","クルーネック_ブラック_009","Sサイズ","X17","Y11",,"0","0","-1","-1",
"2026/07/26 22:08:55","受注取込","7988248","7988248X11Y17","リュック メンズ レディース 防水 防災リュック 避難 スポーツ 軽量 リュックサック 32L ★REV 7988248 バックパック デイパック アウトドア キャンプ ジム 登山 散歩  送料無料","ONESIZE","ピンク","X11","Y17",,"0","9","8","-1",
"2026/07/26 22:10:25","受注取込","7988215","7988215X13Y11","【とにかくデカい！】 大きいサイズ キャップ メッシュキャップ 送料無料 大きめ ビッグサイズ BIG SIZE ★REV 7988215 <br> 帽子 ハット キャップ ワークキャップ メンズキャップ 大きいサイズ バケット 大きい帽子 メンズ バケハ メンズ帽子 大きい 頭 メッシュ 全39カラー","CC","1","X13","Y11",,"0","30","29","-1",
"2026/07/26 22:10:25","受注取込","7988215","7988215X16Y11","【とにかくデカい！】 大きいサイズ キャップ メッシュキャップ 送料無料 大きめ ビッグサイズ BIG SIZE ★REV 7988215 <br> 帽子 ハット キャップ ワークキャップ メンズキャップ 大きいサイズ バケット 大きい帽子 メンズ バケハ メンズ帽子 大きい 頭 メッシュ 全39カラー","FF","1","X16","Y11",,"0","47","46","-1",
"2026/07/26 22:11:26","受注取込","7994812","7994812X12Y13","サファリハット メンズ 釣り 帽子 ハット レディース SUNS(サンズ)  撥水 アウトドア 登山 キャンプ バーベキュー NEK ★REV H-051 H-053 送料無料 大きいサイズあり キッズサイズ 子供 UVカット アドベンチャーハット 父の日 プレゼント ユニセックス 春 夏 夏フェス ギフト","大きいサイズ","NAVY(H_051)","X12","Y13",,"0","3","2","-1",
"2026/07/26 22:14:25","受注取込","7994812","7994812X11Y31","サファリハット メンズ 釣り 帽子 ハット レディース SUNS(サンズ)  撥水 アウトドア 登山 キャンプ バーベキュー NEK ★REV H-051 H-053 送料無料 大きいサイズあり キッズサイズ 子供 UVカット アドベンチャーハット 父の日 プレゼント ユニセックス 春 夏 夏フェス ギフト","普通サイズ","RENGA(H_051)","X11","Y31",,"0","68","67","-1",
"2026/07/26 22:16:25","受注取込","7987626","7987626X11Y11","【お得な5個セット】LEDライト キーホルダー 小型LEDライト NEK ★REV 7987626 キーライト 高輝度 5灯 LR44 ボタン電池 LTG 送料無料","ONESIZE","5本セット","X11","Y11",,"0","150","149","-1",
"2026/07/26 22:24:25","受注取込","7986648","7986648X11Y11","【孔雀石】パワーストーン ブレスレット 孔雀石 マラカイト メンズ レディース NEK ★REVL 7986648 バングル スピリチュアル 天然石 エネルギーアクセサリー プレゼント ギフト 送料無料","ONESIZE","ブラック","X11","Y11",,"0","3","2","-1",
"2026/07/26 22:27:56","受注取込","7988125","7988125X11Y13","【カーボンスタイル 大きいサイズ】メッシュキャップ キャップ 帽子 ★REV 7988125 大きいサイズ 大きめ ビッグサイズ BIGサイズ シンプル 無地 カーボン調 プレゼント ギフト 送料無料","ONESIZE","ネイビー","X11","Y13",,"0","48","47","-1",
"2026/07/26 22:30:33","受注取込","7987400","7987400X11Y16","【とにかくデカい！/普通サイズあり！】キャップ メンズ 大きいサイズ 帽子 深め ビッグサイズ ★REVM 7987400 BIG SIZE メンズキャップ帽子 大きめ 大きい帽子 メンズ帽子 レディース 春 夏 春夏 プレゼント ギフト 母の日 父の日 送料無料","大きいサイズ","F-ブラック","X11","Y16",,"0","76","75","-1",
"2026/07/26 22:30:33","受注取込","7988610","7988610X11Y13","【おまけ付き】タックルボックス ルアーケース 釣り具ケース 収納 防水 タックルケース 釣り ワームケース ケース 釣り針 シンカー フライボックス 7988610 プレゼント ギフト","中","グレー","X11","Y13",,"0","27","26","-1",
"2026/07/26 22:30:33","受注取込","7988610","7988610X12Y11","【おまけ付き】タックルボックス ルアーケース 釣り具ケース 収納 防水 タックルケース 釣り ワームケース ケース 釣り針 シンカー フライボックス 7988610 プレゼント ギフト","大","ブラック","X12","Y11",,"0","2","1","-1",
"2026/07/26 22:35:55","受注取込","7987714","7987714X11Y11","【なんと6+1個入り！速攻配達】水風船 水ふうせん 何度も使える ゴミが出ない プール クラッシュボール ★REV NEK 7987714 水遊び 海 川 お風呂 水鉄砲 子供 おもちゃ 繰り返し BALL 水 風船 ボール エコ ウォーターボム リサイクル 安心 安全 送料無料","ワンサイズ","まる形6+1","X11","Y11",,"0","21","20","-1",
"2026/07/26 22:40:06","受注取込","7986850","7986850X12Y12","【耐滑底/おしゃれ】安全靴 スニーカー エアウォーク ミッドカット AIR WALK AW-940 AW-950 Y_YU ★REV 7986850 メンズ おしゃれ 耐滑底 樹脂先芯 ストレッチロック セーフティシューズ 作業靴 送料無料","25.5cm","AW-950_ホワイト","X12","Y12",,"0","161","160","-1",
"2026/07/26 22:40:46","受注取込","7986516","7986516X11Y11","【当店限定モデル/深め】 AVIREX キャップ メンズ レディース 深め 刺繍 シンプル 81747500 ★REVL 7986516 ブランド コットン100％ サイズ調整可能 ブラック グレージュ 送料無料","ONESIZE","ブラック","X11","Y11",,"0","63","62","-1",
"2026/07/26 22:40:46","受注取込","7987400","7987400X11Y14","【とにかくデカい！/普通サイズあり！】キャップ メンズ 大きいサイズ 帽子 深め ビッグサイズ ★REVM 7987400 BIG SIZE メンズキャップ帽子 大きめ 大きい帽子 メンズ帽子 レディース 春 夏 春夏 プレゼント ギフト 母の日 父の日 送料無料","大きいサイズ","D-ネイビー","X11","Y14",,"0","45","44","-1",
"2026/07/26 22:45:56","受注取込","7988386","7988386X11Y11","【高輝度・省電力】LED 卓上 ライト 間接照明 おしゃれ テーブルランプ 北欧 ベッドライト ★REV 7988386 照明 ランプ 一人暮らし ナイトランプ ムードランプ インテリア 雑貨 スタンドライト フロアライト ベッドサイド ルームライト 寝室 usb 電気スタンド フロアランプ","ONESIZE","アイボリー","X11","Y11",,"0","45","44","-1",
"2026/07/26 22:50:25","受注取込","7987345","7987345X15Y13","【とにかくデカい！】 大きいサイズ キャップ 送料無料 大きめ ビッグサイズ ★REV 7987345 BIG SIZE 帽子 ハット キャップ キャスケット メンズキャップ 大きいサイズ バケット 大きい帽子 メンズ メンズ帽子 大きい 頭 メッシュキャップ","EEE","3","X15","Y13",,"0","31","30","-1",
"2026/07/26 22:56:21","受注取込","7986562","7986562X11Y23","IQOS アイコス イルマiワン イルマアイ TEREA テリア ケース ヒートスティックケース NEK ★REVL 7986562 カバー 加熱式たばこ用ハードケース SENTIA（センティア) HEETS プレゼント ギフト 送料無料","ONESIZE","M","X11","Y23",,"0","1","0","-1",
"2026/07/26 22:59:55","受注取込","7997141","7997141X16Y17","特大 スイカ ドーナツ 浮き輪 浮輪 送料無料 プール 大人用 子供用 NEK 7997141 ★REV 120cm 90cm 80cm 70cm 60cm サイズ 大きい 大きめ うきわ ウキワ すいか 海 海水浴 ビックフロート 水上 レジャー かわいい フローティングベッド 西瓜 子供用浮き輪 大人 子供 こども","ONESIZE","ブルーストライプ","X16","Y17",,"0","59","58","-1",
"2026/07/26 23:03:01","受注取込","7995525","7995525X1Y15","AVIREX 限定モデル キャップ 帽子 父の日 贈り物 プレゼント メンズ ★REV ブラックシリーズ 黒 アビレックス アヴィレックス メッシュキャップ ハンチング ローキャップ バケット ハット ワークキャップ レディース かっこいい yos プレゼント ギフト","ONESIZE","【O】サファリハット_17158400_BIG","X1","Y15",,"0","90","89","-1",
"2026/07/26 23:06:01","受注取込","7987400","7987400X11Y26","【とにかくデカい！/普通サイズあり！】キャップ メンズ 大きいサイズ 帽子 深め ビッグサイズ ★REVM 7987400 BIG SIZE メンズキャップ帽子 大きめ 大きい帽子 メンズ帽子 レディース 春 夏 春夏 プレゼント ギフト 母の日 父の日 送料無料","大きいサイズ","P-ブラック","X11","Y26",,"0","57","56","-1",
"2026/07/26 23:06:01","受注取込","7988215","7988215X16Y15","【とにかくデカい！】 大きいサイズ キャップ メッシュキャップ 送料無料 大きめ ビッグサイズ BIG SIZE ★REV 7988215 <br> 帽子 ハット キャップ ワークキャップ メンズキャップ 大きいサイズ バケット 大きい帽子 メンズ バケハ メンズ帽子 大きい 頭 メッシュ 全39カラー","FF","5","X16","Y15",,"0","95","94","-1",
"2026/07/26 23:06:01","受注取込","7997141","7997141X11Y11","特大 スイカ ドーナツ 浮き輪 浮輪 送料無料 プール 大人用 子供用 NEK 7997141 ★REV 120cm 90cm 80cm 70cm 60cm サイズ 大きい 大きめ うきわ ウキワ すいか 海 海水浴 ビックフロート 水上 レジャー かわいい フローティングベッド 西瓜 子供用浮き輪 大人 子供 こども","120cm","スイカ","X11","Y11",,"0","1121","1120","-1",
"2026/07/26 23:10:31","受注取込","7992540","7992540X11Y11","AVIREX ワークキャップ メンズ 大きいサイズ 大きめ キャップ ブランド 帽子 アメカジ アビレックス 春 夏 秋 冬 綿100％ ★REV 18490000 14787700 80264100 7992540 ネイビー/ベージュ/ブラック/カーキ プレゼント ギフト","ONESIZE","【A】ネイビー","X11","Y11",,"0","31","30","-1",
"2026/07/26 23:14:29","受注取込","7994812","7994812X12Y33","サファリハット メンズ 釣り 帽子 ハット レディース SUNS(サンズ)  撥水 アウトドア 登山 キャンプ バーベキュー NEK ★REV H-051 H-053 送料無料 大きいサイズあり キッズサイズ 子供 UVカット アドベンチャーハット 父の日 プレゼント ユニセックス 春 夏 夏フェス ギフト","大きいサイズ","GREIGE(H-051)","X12","Y33",,"0","76","75","-1",
"2026/07/26 23:15:30","受注取込","7987137","7987137X11Y22","【最安値に挑戦 日本製】GEVAERT ゲバルト ベルト YKK社製 軽量バックル使用 35mm幅 NEK ★REV 7987137 ゴムベルト GVT-1062 1063 1064 1011 1048 無地 カモフラ柄 ベルギー生地使用 日本製 メンズ レディース カジュアル 入学 卒業 通勤 通学 送料無料","ONESIZE","L","X11","Y22",,"0","3","2","-1",
"2026/07/26 23:15:30","受注取込","7987137","7987137X11Y27","【最安値に挑戦 日本製】GEVAERT ゲバルト ベルト YKK社製 軽量バックル使用 35mm幅 NEK ★REV 7987137 ゴムベルト GVT-1062 1063 1064 1011 1048 無地 カモフラ柄 ベルギー生地使用 日本製 メンズ レディース カジュアル 入学 卒業 通勤 通学 送料無料","ONESIZE","Q","X11","Y27",,"0","4","3","-1",
"2026/07/26 23:15:30","受注取込","7987137","7987137X11Y24","【最安値に挑戦 日本製】GEVAERT ゲバルト ベルト YKK社製 軽量バックル使用 35mm幅 NEK ★REV 7987137 ゴムベルト GVT-1062 1063 1064 1011 1048 無地 カモフラ柄 ベルギー生地使用 日本製 メンズ レディース カジュアル 入学 卒業 通勤 通学 送料無料","ONESIZE","N","X11","Y24",,"0","5","4","-1",
"2026/07/26 23:15:30","受注取込","7987137","7987137X11Y13","【最安値に挑戦 日本製】GEVAERT ゲバルト ベルト YKK社製 軽量バックル使用 35mm幅 NEK ★REV 7987137 ゴムベルト GVT-1062 1063 1064 1011 1048 無地 カモフラ柄 ベルギー生地使用 日本製 メンズ レディース カジュアル 入学 卒業 通勤 通学 送料無料","ONESIZE","C","X11","Y13",,"0","2","1","-1",
"2026/07/26 23:15:30","受注取込","7988460","7988460X11Y11","犬 アロハシャツ 犬服 南国シャツ アロハ シャツ ペットウエア スナップボタンタイプ 抜け毛防止 部屋着 ペット服 ドッグウェア ★REVG NEK 7988460 プレゼント ギフト","XS","A","X11","Y11",,"0","6","5","-1",
"2026/07/26 23:19:55","受注取込","7988044","7988044X11Y16","ショルダーバッグ メンズ ワンショルダー 斜め掛け ★REV 7988044 おしゃれバッグ Vintage 斜めがけ メンズボディバック かっこいい ボディバッグ レザー ワンショルダーバッグ カバン 鞄 かばん レザー調 メンズバッグ 斜めがけ メンズショルダーバック 散歩 送料無料","ONESIZE","F_ダークブラウン","X11","Y16",,"0","23","22","-1",
"2026/07/26 23:20:19","受注取込","7988215","7988215X21Y11","【とにかくデカい！】 大きいサイズ キャップ メッシュキャップ 送料無料 大きめ ビッグサイズ BIG SIZE ★REV 7988215 <br> 帽子 ハット キャップ ワークキャップ メンズキャップ 大きいサイズ バケット 大きい帽子 メンズ バケハ メンズ帽子 大きい 頭 メッシュ 全39カラー","KK","1","X21","Y11",,"0","12","11","-1",
"2026/07/26 23:29:25","受注取込","7994812","7994812X12Y11","サファリハット メンズ 釣り 帽子 ハット レディース SUNS(サンズ)  撥水 アウトドア 登山 キャンプ バーベキュー NEK ★REV H-051 H-053 送料無料 大きいサイズあり キッズサイズ 子供 UVカット アドベンチャーハット 父の日 プレゼント ユニセックス 春 夏 夏フェス ギフト","大きいサイズ","BK/BLACK(H_051)","X12","Y11",,"0","506","505","-1",
"2026/07/26 23:30:23","受注取込","7986710","7986710X11Y11","【春夏秋冬対応/くすみカラー】トートバッグ クロシェバッグ エコバッグ レディース NEK ★REVO 7986710 メッシュ クロシェ編み ナチュラル ニット A4 軽量 かぎ編み おしゃれ 大容量 リゾート 通勤 通学 学生 送料無料","ONESIZE","カーキ","X11","Y11",,"0","18","17","-1",
"2026/07/26 23:32:28","受注取込","7986597","7986597X11Y11","【目元リラックス！高純度テラヘルツ】高純度 テラヘルツ アイマスク NEK ★REVL 7986597 重さ150g・包み込む美容ケア・リラクゼーション用 健康 テラヘルツ波 パワーストーン 天然石 アクセサリー プレゼント ギフト プチギフト 母の日 父の日 送料無料","アイマスク","メタリッククローム","X11","Y11",,"0","37","36","-1",
"2026/07/26 23:34:00","受注取込","7994812","7994812X11Y12","サファリハット メンズ 釣り 帽子 ハット レディース SUNS(サンズ)  撥水 アウトドア 登山 キャンプ バーベキュー NEK ★REV H-051 H-053 送料無料 大きいサイズあり キッズサイズ 子供 UVカット アドベンチャーハット 父の日 プレゼント ユニセックス 春 夏 夏フェス ギフト","普通サイズ","BLACK(H_051)","X11","Y12",,"0","42","41","-1",
"2026/07/26 23:35:32","受注取込","7987073","7987073X12Y16","【くすみカラー 超軽量】バケットハット サファリハット メンズ レディース 普通サイズ 大きいサイズ NEK ★REV 7987073 アドベンチャーハット 撥水 速乾 軽量 折り畳める UV カット アウトドア キャンプ 登山 ウォーキング 散歩 日焼け防止 紫外線防止 送料無料","大きいサイズ","ネイビー","X12","Y16",,"0","9","8","-1",
"2026/07/26 23:37:00","受注取込","7988215","7988215X13Y12","【とにかくデカい！】 大きいサイズ キャップ メッシュキャップ 送料無料 大きめ ビッグサイズ BIG SIZE ★REV 7988215 <br> 帽子 ハット キャップ ワークキャップ メンズキャップ 大きいサイズ バケット 大きい帽子 メンズ バケハ メンズ帽子 大きい 頭 メッシュ 全39カラー","CC","2","X13","Y12",,"0","39","38","-1",
"2026/07/26 23:38:55","受注取込","7988044","7988044X11Y19","ショルダーバッグ メンズ ワンショルダー 斜め掛け ★REV 7988044 おしゃれバッグ Vintage 斜めがけ メンズボディバック かっこいい ボディバッグ レザー ワンショルダーバッグ カバン 鞄 かばん レザー調 メンズバッグ 斜めがけ メンズショルダーバック 散歩 送料無料","ONESIZE","I_ブラウン","X11","Y19",,"0","24","23","-1",
"2026/07/26 23:39:01","受注取込","7986757","7986757X11Y11","【置くだけで充電】 ワイヤレス充電器 車載 ホルダー 置き型 Type-C充電 USB-A NEK ★REVL 7986757 最大20W 車載ワイヤレス充電パッド 充電 充電器 車載 スマホ ホルダー スタンド 車 携帯ホルダー 急速充電 サイズ調整可能 滑り止め iphone/Android 1M PD充電 スマホアクセサリー Qi規格 送料無料","ONESIZE","USB-A(1m)","X11","Y11",,"0","2","1","-1",
"2026/07/26 23:42:55","受注取込","7986751","7986751X12Y13","【グリップ力効果/洗濯可能】トレーニンググローブ 手袋 筋トレ 筋トレグローブ NEK ★REV 7986751 レディース メンズ ジム手袋 指無し ウェイトリフティング 防滑 クッション性 伸びる 洗濯OK バーベル サイクリング ヨガ グリップ 衝撃吸収 通気性 送料無料","M","ブラック","X12","Y13",,"0","26","25","-1",
"2026/07/26 23:42:55","受注取込","7994226","7994226X12Y13","【大きいサイズもあり 限定モデル】AVIREX メッシュキャップ メンズ 帽子 メンズ キャップ メンズ 14023200 14670200 レディース ★REV 父の日 贈り物 プレゼント ブランド アビレックス 送料無料 正規品 ブラック 黒 ネイビー 紺 グレー 灰 yos プレゼント ギフト","大きいサイズ_14670200","85_グレー","X12","Y13",,"0","3","2","-1",
"2026/07/26 23:46:55","受注取込","7987400","7987400X11Y11","【とにかくデカい！/普通サイズあり！】キャップ メンズ 大きいサイズ 帽子 深め ビッグサイズ ★REVM 7987400 BIG SIZE メンズキャップ帽子 大きめ 大きい帽子 メンズ帽子 レディース 春 夏 春夏 プレゼント ギフト 母の日 父の日 送料無料","大きいサイズ","A-ブラック","X11","Y11",,"0","199","198","-1",
"2026/07/26 23:50:04","受注取込","7986720","7986720X11Y16","【ダメージ加工がCOOL】帽子 キャップ Vintage メンズ レディース くすみカラー ★REVL 7986720 こなれ感 深め しっかり素材 送料無料","ONESIZE","ホワイト","X11","Y16",,"0","7","6","-1",
"2026/07/26 23:50:05","受注取込","7986545","7986545X11Y11","【お得な2枚組】AVIREX アビレックス  アヴィレックス ボクサーパンツ メンズ NEK ★REVL 7986545 アンダーウェア 下着 かっこいい おすすめ 人気 カモフラ 迷彩 カモ柄 ロゴ ブランド 男性 紳士 プレゼント プチギフト 父の日 誕生日 彼氏 父 息子 ギフト 記念日 福袋 送料無料","M","2枚組","X11","Y11",,"0","6","5","-1",
"2026/07/26 23:53:25","受注取込","7994812","7994812X11Y27","サファリハット メンズ 釣り 帽子 ハット レディース SUNS(サンズ)  撥水 アウトドア 登山 キャンプ バーベキュー NEK ★REV H-051 H-053 送料無料 大きいサイズあり キッズサイズ 子供 UVカット アドベンチャーハット 父の日 プレゼント ユニセックス 春 夏 夏フェス ギフト","普通サイズ","CAMO(H_051)","X11","Y27",,"0","28","27","-1",
