"更新日時","更新理由","商品基本コード","商品コード","商品名","属性1名","属性2名","属性1コード","属性2コード","倉庫名","実在庫区分","変動前","変動後","増減値","ユーザー"
"2026/08/02 00:00:25","受注取込","7997141","7997141X11Y11","特大 スイカ ドーナツ 浮き輪 浮輪 送料無料 プール 大人用 子供用 NEK 7997141 ★REV 120cm 90cm 80cm 70cm 60cm サイズ 大きい 大きめ うきわ ウキワ すいか 海 海水浴 ビックフロート 水上 レジャー かわいい フローティングベッド 西瓜 子供用浮き輪 大人 子供 こども","120cm","スイカ","X11","Y11",,"0","1016","1015","-1",
"2026/08/02 00:02:01","受注取込","7987697","7987697X11Y11","【速攻配達】冷やスマPRO 盛夏用 スマホ熱中症対策 冷却 クーラー ★REV NEK スマートフォン専用常温保冷剤 熱暴走 結露なし スマホ 冷感 冷却 HIYASUMA","ONESIZE","ホワイト","X11","Y11",,"0","424","423","-1",
"2026/08/02 00:12:25","受注取込","7994812","7994812X11Y13","サファリハット メンズ 釣り 帽子 ハット レディース SUNS(サンズ)  撥水 アウトドア 登山 キャンプ バーベキュー NEK ★REV H-051 H-053 送料無料 大きいサイズあり キッズサイズ 子供 UVカット アドベンチャーハット 父の日 プレゼント ユニセックス 春 夏 夏フェス ギフト","普通サイズ","NAVY(H_051)","X11","Y13",,"0","83","82","-1",
"2026/08/02 00:14:00","受注取込","7986572","7986572X11Y39","【新型/IQOS イルマ i ワン用】アイコス イルマiワン ILUMA ケース 保護ケース NEK ★REVL 7986572 iqosイルマワン イルマワンカバー 耐衝撃 おしゃれ iqos iluma one 専用 IQOSイルマワン保護ケース レザー ヒョウ柄 ペイズリー 保護カバー アイコスケース アクセサリー 送料無料","イルマiワン","83","X11","Y39",,"0","27","26","-1",
"2026/08/02 00:19:25","受注取込","7986643","7986643X14Y12"," 【ヒョウ柄 ふわふわ毛布 おしゃれ】毛布 ふわとろ毛布 もこもこ毛布 ブランケット ★REVL 7986643 モコモコ とろとろ ふわふわ 毛布 シングル セミダブル ダブル ひざ掛け 送料無料","160X200","ベージュ","X14","Y12",,"0","24","23","-1",
"2026/08/02 00:22:17","受注取込","7986651","7986651X11Y11","【銅×グラフェンの力で、スマホを瞬冷！】スマホ熱中症対策 冷却 クーラー NEK ★REVL 7986651 スマートフォン 保冷 結露なし スマホ 冷感 冷却 iphone アクセサリー 送料無料","ONESIZE","ブラック","X11","Y11",,"0","108","107","-1",
"2026/08/02 00:23:01","受注取込","7994812","7994812X11Y11","サファリハット メンズ 釣り 帽子 ハット レディース SUNS(サンズ)  撥水 アウトドア 登山 キャンプ バーベキュー NEK ★REV H-051 H-053 送料無料 大きいサイズあり キッズサイズ 子供 UVカット アドベンチャーハット 父の日 プレゼント ユニセックス 春 夏 夏フェス ギフト","普通サイズ","BK/BLACK(H_051)","X11","Y11",,"0","62","61","-1",
"2026/08/02 00:40:26","受注取込","7987400","7987400X11Y11","【とにかくデカい！/普通サイズあり！】キャップ メンズ 大きいサイズ 帽子 深め ビッグサイズ ★REVM 7987400 BIG SIZE メンズキャップ帽子 大きめ 大きい帽子 メンズ帽子 レディース 春 夏 春夏 プレゼント ギフト 母の日 父の日 送料無料","大きいサイズ","A-ブラック","X11","Y11",,"0","163","162","-1",
"2026/08/02 00:50:55","受注取込","7987400","7987400X11Y11","【とにかくデカい！/普通サイズあり！】キャップ メンズ 大きいサイズ 帽子 深め ビッグサイズ ★REVM 7987400 BIG SIZE メンズキャップ帽子 大きめ 大きい帽子 メンズ帽子 レディース 春 夏 春夏 プレゼント ギフト 母の日 父の日 送料無料","大きいサイズ","A-ブラック","X11","Y11",,"0","162","161","-1",
"2026/08/02 00:53:00","受注取込","7992723","7992723X11Y11","お得！ 送料無料 4枚入り 福袋 Dickies ディッキーズ ボクサーパンツ メンズ かわいい NEK ★REV <br> パンツ ボクサーパンツ セット メンズ下着 メンズボクサーパンツ メンズボクサー 大きいサイズ 大きめ 特大 3L 下着 インナー メンズ usa まとめ買い プレゼント ギフト","M","福袋4枚セット","X11","Y11",,"0","205","204","-1",
"2026/08/02 01:40:45","受注取込","7992054","7992054X11Y19","【シンプル/おしゃれ】16mm パワーストーン ネックレス メンズ レディース 瑪瑙 オブシディアン タイガーアイ NEK ★REV 7992054 黒曜石 茶水晶 虎目石 金運 財運 仕事運 恋愛 結婚 家庭円満 癒し 幸運 成功運 勝負運 家族運 厄除祈願 天然石 お守り プレゼント 送料無料","ONESIZE","【I】ブルータイガーアイ","X11","Y19",,"0","57","56","-1",
"2026/08/02 02:55:28","受注取込","7987002","7987002X11Y13","【Vintage感が超カッコいい 深め】帽子 キャップ メンズ レディース Vintage クラッシュ加工 ★REVL 7987002 デニム ジーンズ 送料無料","ONESIZE","ブラック","X11","Y13",,"0","88","87","-1",
"2026/08/02 02:59:25","受注取込","7997141","7997141X12Y11","特大 スイカ ドーナツ 浮き輪 浮輪 送料無料 プール 大人用 子供用 NEK 7997141 ★REV 120cm 90cm 80cm 70cm 60cm サイズ 大きい 大きめ うきわ ウキワ すいか 海 海水浴 ビックフロート 水上 レジャー かわいい フローティングベッド 西瓜 子供用浮き輪 大人 子供 こども","90cm","スイカ","X12","Y11",,"0","61","60","-1",
"2026/08/02 04:03:59","受注取込","7986821","7986821X11Y12","巾着バッグ ドローストリングバッグ ショルダーバッグ ★REV 7986821 バケットバッグ 2way 肩掛け 手提げ ショルダー 軽量 ナイロン レディース メンズ 送料無料","ONESIZE","オリーブ","X11","Y12",,"0","51","50","-1",
"2026/08/02 04:53:28","受注取込","7987398","7987398X11Y11","希少 アイス オブシディアン 黒耀石 パワーストーン NEK ★REV 7987398 ブレスレット バングル メンズ レディース アクセサリー 金運 財運 仕事運 恋愛 結婚 家庭円満 癒し 幸運 成功運 勝負運 家族運 厄除祈願 天然石 お守り プレゼント ギフト 母の日 父の日 送料無料","ONESIZE","ブラック","X11","Y11",,"0","7","6","-1",
"2026/08/02 05:16:55","受注取込","7992491","7992491X11Y11","ブルー メッシュキャップ キャップ 帽子 メンズ レディース ALI 7992491 ブルー 青 190612","ONESIZE","ブルー","X11","Y11",,"0","22","20","-2",
"2026/08/02 05:42:31","受注取込","7994812","7994812X12Y12","サファリハット メンズ 釣り 帽子 ハット レディース SUNS(サンズ)  撥水 アウトドア 登山 キャンプ バーベキュー NEK ★REV H-051 H-053 送料無料 大きいサイズあり キッズサイズ 子供 UVカット アドベンチャーハット 父の日 プレゼント ユニセックス 春 夏 夏フェス ギフト","大きいサイズ","BLACK(H_051)","X12","Y12",,"0","53","52","-1",
"2026/08/02 05:48:18","受注取込","7987073","7987073X11Y13","【くすみカラー 超軽量】バケットハット サファリハット メンズ レディース 普通サイズ 大きいサイズ NEK ★REV 7987073 アドベンチャーハット 撥水 速乾 軽量 折り畳める UV カット アウトドア キャンプ 登山 ウォーキング 散歩 日焼け防止 紫外線防止 送料無料","普通サイズ","ブラック","X11","Y13",,"0","112","111","-1",
"2026/08/02 06:18:55","受注取込","7992723","7992723X11Y11","お得！ 送料無料 4枚入り 福袋 Dickies ディッキーズ ボクサーパンツ メンズ かわいい NEK ★REV <br> パンツ ボクサーパンツ セット メンズ下着 メンズボクサーパンツ メンズボクサー 大きいサイズ 大きめ 特大 3L 下着 インナー メンズ usa まとめ買い プレゼント ギフト","M","福袋4枚セット","X11","Y11",,"0","204","203","-1",
"2026/08/02 06:43:55","受注取込","7987075","7987075X11Y11","アンクレット レディース メンズ つけっぱなし NEK ★REV 7987075 ゴールド シルバー アクセサリー プレゼント ギフト おしゃれ 送料無料","ONESIZE","A","X11","Y11",,"0","31","30","-1",
"2026/08/02 06:43:55","受注取込","7987075","7987075X11Y17","アンクレット レディース メンズ つけっぱなし NEK ★REV 7987075 ゴールド シルバー アクセサリー プレゼント ギフト おしゃれ 送料無料","ONESIZE","G","X11","Y17",,"0","37","36","-1",
"2026/08/02 06:48:00","受注取込","7986961","7986961X12Y11","AVIREX ワッフル ロンT 長袖シャツ メンズ 正規品 MINI WAFFLE V-NECK CREW-NECK ブランド Y_U NEK ★REV 6163584 6143333 4930008 4930009 7986961 おしゃれ 無地 ストレッチ アビレックス アヴィレックス Vネック 送料無料","M","Vネック_ブラック(10)","X12","Y11",,"0","8","7","-1",
"2026/08/02 06:49:55","受注取込","7987400","7987400X11Y15","【とにかくデカい！/普通サイズあり！】キャップ メンズ 大きいサイズ 帽子 深め ビッグサイズ ★REVM 7987400 BIG SIZE メンズキャップ帽子 大きめ 大きい帽子 メンズ帽子 レディース 春 夏 春夏 プレゼント ギフト 母の日 父の日 送料無料","大きいサイズ","E-ベージュ","X11","Y15",,"0","54","53","-1",
"2026/08/02 06:54:01","受注取込","7994812","7994812X11Y33","サファリハット メンズ 釣り 帽子 ハット レディース SUNS(サンズ)  撥水 アウトドア 登山 キャンプ バーベキュー NEK ★REV H-051 H-053 送料無料 大きいサイズあり キッズサイズ 子供 UVカット アドベンチャーハット 父の日 プレゼント ユニセックス 春 夏 夏フェス ギフト","普通サイズ","GREIGE(H-051)","X11","Y33",,"0","111","110","-1",
"2026/08/02 07:06:31","受注取込","7988163","7988163X11Y13","【錆びないチタン】メンズブレスレット ブレスレット メンズ つけっぱなし NEK ★REV 7988163 チタン ブレスレット ワイヤーブレスレット シンプル バングル おしゃれ 送料無料 シルバー ゴールド ブラック","ONESIZE","ブラック","X11","Y13",,"0","24","23","-1",
"2026/08/02 07:12:55","受注取込","7994812","7994812X11Y11","サファリハット メンズ 釣り 帽子 ハット レディース SUNS(サンズ)  撥水 アウトドア 登山 キャンプ バーベキュー NEK ★REV H-051 H-053 送料無料 大きいサイズあり キッズサイズ 子供 UVカット アドベンチャーハット 父の日 プレゼント ユニセックス 春 夏 夏フェス ギフト","普通サイズ","BK/BLACK(H_051)","X11","Y11",,"0","61","60","-1",
"2026/08/02 07:21:01","受注取込","7987075","7987075X11Y11","アンクレット レディース メンズ つけっぱなし NEK ★REV 7987075 ゴールド シルバー アクセサリー プレゼント ギフト おしゃれ 送料無料","ONESIZE","A","X11","Y11",,"0","30","29","-1",
"2026/08/02 07:34:25","受注取込","7994812","7994812X11Y11","サファリハット メンズ 釣り 帽子 ハット レディース SUNS(サンズ)  撥水 アウトドア 登山 キャンプ バーベキュー NEK ★REV H-051 H-053 送料無料 大きいサイズあり キッズサイズ 子供 UVカット アドベンチャーハット 父の日 プレゼント ユニセックス 春 夏 夏フェス ギフト","普通サイズ","BK/BLACK(H_051)","X11","Y11",,"0","60","59","-1",
"2026/08/02 07:36:01","受注取込","7987475","7987475X11Y11","【護身用】タクティカルスティック 防災グッズ タクティカルペン キーホルダー キーリング NEK ★REV 7987475 護身 棒 車 ガラス 防災 災害 車内 軽量 丈夫 不審者 痴漢 痴漢対策 護身用 用品 武器 防犯 護身グッズ 自己防衛 コンパクト 非常時 タクティカル バッググリップ","ONESIZE","ブラック","X11","Y11",,"0","4","3","-1",
"2026/08/02 07:43:28","受注取込","7994812","7994812X12Y16","サファリハット メンズ 釣り 帽子 ハット レディース SUNS(サンズ)  撥水 アウトドア 登山 キャンプ バーベキュー NEK ★REV H-051 H-053 送料無料 大きいサイズあり キッズサイズ 子供 UVカット アドベンチャーハット 父の日 プレゼント ユニセックス 春 夏 夏フェス ギフト","大きいサイズ","GRAY(H_051)","X12","Y16",,"0","96","95","-1",
"2026/08/02 07:45:00","受注取込","7994812","7994812X12Y33","サファリハット メンズ 釣り 帽子 ハット レディース SUNS(サンズ)  撥水 アウトドア 登山 キャンプ バーベキュー NEK ★REV H-051 H-053 送料無料 大きいサイズあり キッズサイズ 子供 UVカット アドベンチャーハット 父の日 プレゼント ユニセックス 春 夏 夏フェス ギフト","大きいサイズ","GREIGE(H-051)","X12","Y33",,"0","42","41","-1",
"2026/08/02 07:50:06","受注取込","7988215","7988215X22Y13","【とにかくデカい！】 大きいサイズ キャップ メッシュキャップ 送料無料 大きめ ビッグサイズ BIG SIZE ★REV 7988215 <br> 帽子 ハット キャップ ワークキャップ メンズキャップ 大きいサイズ バケット 大きい帽子 メンズ バケハ メンズ帽子 大きい 頭 メッシュ 全39カラー","LL","3","X22","Y13",,"0","5","4","-1",
"2026/08/02 07:56:31","受注取込","7986597","7986597X11Y11","【目元リラックス！高純度テラヘルツ】高純度 テラヘルツ アイマスク NEK ★REVL 7986597 重さ150g・包み込む美容ケア・リラクゼーション用 健康 テラヘルツ波 パワーストーン 天然石 アクセサリー プレゼント ギフト プチギフト 母の日 父の日 送料無料","アイマスク","メタリッククローム","X11","Y11",,"0","30","29","-1",
"2026/08/02 07:56:31","受注取込","7986751","7986751X12Y11","【グリップ力効果/洗濯可能】トレーニンググローブ 手袋 筋トレ 筋トレグローブ NEK ★REV 7986751 レディース メンズ ジム手袋 指無し ウェイトリフティング 防滑 クッション性 伸びる 洗濯OK バーベル サイクリング ヨガ グリップ 衝撃吸収 通気性 送料無料","M","ピンク","X12","Y11",,"0","15","13","-2",
"2026/08/02 08:04:29","受注取込","7997141","7997141X12Y13","特大 スイカ ドーナツ 浮き輪 浮輪 送料無料 プール 大人用 子供用 NEK 7997141 ★REV 120cm 90cm 80cm 70cm 60cm サイズ 大きい 大きめ うきわ ウキワ すいか 海 海水浴 ビックフロート 水上 レジャー かわいい フローティングベッド 西瓜 子供用浮き輪 大人 子供 こども","90cm","ドーナツチョコ","X12","Y13",,"0","62","61","-1",
"2026/08/02 08:06:56","受注取込","7994812","7994812X12Y13","サファリハット メンズ 釣り 帽子 ハット レディース SUNS(サンズ)  撥水 アウトドア 登山 キャンプ バーベキュー NEK ★REV H-051 H-053 送料無料 大きいサイズあり キッズサイズ 子供 UVカット アドベンチャーハット 父の日 プレゼント ユニセックス 春 夏 夏フェス ギフト","大きいサイズ","NAVY(H_051)","X12","Y13",,"0","44","43","-1",
"2026/08/02 08:08:26","受注取込","7992723","7992723X12Y11","お得！ 送料無料 4枚入り 福袋 Dickies ディッキーズ ボクサーパンツ メンズ かわいい NEK ★REV <br> パンツ ボクサーパンツ セット メンズ下着 メンズボクサーパンツ メンズボクサー 大きいサイズ 大きめ 特大 3L 下着 インナー メンズ usa まとめ買い プレゼント ギフト","L","福袋4枚セット","X12","Y11",,"0","283","282","-1",
"2026/08/02 08:10:39","受注取込","7988386","7988386X11Y11","【高輝度・省電力】LED 卓上 ライト 間接照明 おしゃれ テーブルランプ 北欧 ベッドライト ★REV 7988386 照明 ランプ 一人暮らし ナイトランプ ムードランプ インテリア 雑貨 スタンドライト フロアライト ベッドサイド ルームライト 寝室 usb 電気スタンド フロアランプ","ONESIZE","アイボリー","X11","Y11",,"0","40","39","-1",
"2026/08/02 08:18:26","受注取込","7987061","7987061X11Y11","【お得な2組セット】アームカバー メンズ レディース 2組セット 冷感 NEK ★REV 7987061 ひんやり スポーツ 紫外線カット UVカット 男用 仕事 外 夏 運動 ゴルフ サイクリング 通気性 速乾性 接触冷感 UPF50+ 日焼け防止 送料無料","ONESIZE","ブラック","X11","Y11",,"0","444","442","-2",
"2026/08/02 08:19:55","受注取込","7987026","7987026X12Y11","【大きいサイズあり】キャップ 11cm つば長 帽子 メンズ レディース ★REV 7987026 深め 深い ゴルフ 無地 日焼け止め UVカット 送料無料","大きいサイズ","ブラック","X12","Y11",,"0","29","28","-1",
"2026/08/02 08:24:02","受注取込","7987076","7987076X11Y17","【超軽量55g】特価 キャップ 帽子 メッシュキャップ ランニングキャップ NEK ★REV 7987076 メンズ レディース 速乾 軽量 ジョギング アウトドア キャンプ スポーツ 釣り 海 プール","アジャスタータイプ","ライトブルー","X11","Y17",,"0","28","27","-1",
"2026/08/02 08:32:38","受注取込","7986822","7986822X11Y16","【耐強風/12本骨】 折りたたみ傘 大きいサイズ メンズ レディース 117cm 自動開閉 ★REV 7986822 遮蔽率99.9% UVカット UPF50+ 日傘 晴雨兼用 収納袋 紫外線遮断 雨傘 丈夫 頑丈 傘 完全遮光 ワンタッチ かさ 送料無料","ONESIZE","パープル","X11","Y16",,"0","1","0","-1",
"2026/08/02 08:33:30","受注取込","7987400","7987400X11Y14","【とにかくデカい！/普通サイズあり！】キャップ メンズ 大きいサイズ 帽子 深め ビッグサイズ ★REVM 7987400 BIG SIZE メンズキャップ帽子 大きめ 大きい帽子 メンズ帽子 レディース 春 夏 春夏 プレゼント ギフト 母の日 父の日 送料無料","大きいサイズ","D-ネイビー","X11","Y14",,"0","38","37","-1",
"2026/08/02 08:33:30","受注取込","7994812","7994812X12Y11","サファリハット メンズ 釣り 帽子 ハット レディース SUNS(サンズ)  撥水 アウトドア 登山 キャンプ バーベキュー NEK ★REV H-051 H-053 送料無料 大きいサイズあり キッズサイズ 子供 UVカット アドベンチャーハット 父の日 プレゼント ユニセックス 春 夏 夏フェス ギフト","大きいサイズ","BK/BLACK(H_051)","X12","Y11",,"0","440","439","-1",
"2026/08/02 08:33:30","受注取込","7994812","7994812X12Y13","サファリハット メンズ 釣り 帽子 ハット レディース SUNS(サンズ)  撥水 アウトドア 登山 キャンプ バーベキュー NEK ★REV H-051 H-053 送料無料 大きいサイズあり キッズサイズ 子供 UVカット アドベンチャーハット 父の日 プレゼント ユニセックス 春 夏 夏フェス ギフト","大きいサイズ","NAVY(H_051)","X12","Y13",,"0","43","42","-1",
"2026/08/02 08:33:30","受注取込","7986597","7986597X11Y11","【目元リラックス！高純度テラヘルツ】高純度 テラヘルツ アイマスク NEK ★REVL 7986597 重さ150g・包み込む美容ケア・リラクゼーション用 健康 テラヘルツ波 パワーストーン 天然石 アクセサリー プレゼント ギフト プチギフト 母の日 父の日 送料無料","アイマスク","メタリッククローム","X11","Y11",,"0","29","28","-1",
"2026/08/02 08:39:56","受注取込","7987400","7987400X11Y16","【とにかくデカい！/普通サイズあり！】キャップ メンズ 大きいサイズ 帽子 深め ビッグサイズ ★REVM 7987400 BIG SIZE メンズキャップ帽子 大きめ 大きい帽子 メンズ帽子 レディース 春 夏 春夏 プレゼント ギフト 母の日 父の日 送料無料","大きいサイズ","F-ブラック","X11","Y16",,"0","55","54","-1",
"2026/08/02 08:40:35","受注取込","7986651","7986651X11Y11","【銅×グラフェンの力で、スマホを瞬冷！】スマホ熱中症対策 冷却 クーラー NEK ★REVL 7986651 スマートフォン 保冷 結露なし スマホ 冷感 冷却 iphone アクセサリー 送料無料","ONESIZE","ブラック","X11","Y11",,"0","107","106","-1",
"2026/08/02 08:47:26","受注取込","7988215","7988215X20Y13","【とにかくデカい！】 大きいサイズ キャップ メッシュキャップ 送料無料 大きめ ビッグサイズ BIG SIZE ★REV 7988215 <br> 帽子 ハット キャップ ワークキャップ メンズキャップ 大きいサイズ バケット 大きい帽子 メンズ バケハ メンズ帽子 大きい 頭 メッシュ 全39カラー","JJ","3","X20","Y13",,"0","65","64","-1",
"2026/08/02 08:49:01","受注取込","7986690","7986690X11Y14","【当店限定/大きいサイズ】LOGOS ロゴス キャップ メッシュキャップ 帽子 大きいサイズ ★REVL 7986690 ブランド メンズ レディース 野球帽 XXLサイズ KING SIZE アウトドア キャンプ シンプル おしゃれ 送料無料","メッシュキャップ","ネイビー","X11","Y14",,"0","134","133","-1",
"2026/08/02 08:51:55","受注取込","7987400","7987400X11Y16","【とにかくデカい！/普通サイズあり！】キャップ メンズ 大きいサイズ 帽子 深め ビッグサイズ ★REVM 7987400 BIG SIZE メンズキャップ帽子 大きめ 大きい帽子 メンズ帽子 レディース 春 夏 春夏 プレゼント ギフト 母の日 父の日 送料無料","大きいサイズ","F-ブラック","X11","Y16",,"0","54","53","-1",
"2026/08/02 08:57:56","受注取込","7994812","7994812X12Y13","サファリハット メンズ 釣り 帽子 ハット レディース SUNS(サンズ)  撥水 アウトドア 登山 キャンプ バーベキュー NEK ★REV H-051 H-053 送料無料 大きいサイズあり キッズサイズ 子供 UVカット アドベンチャーハット 父の日 プレゼント ユニセックス 春 夏 夏フェス ギフト","大きいサイズ","NAVY(H_051)","X12","Y13",,"0","42","41","-1",
"2026/08/02 08:57:56","受注取込","7987026","7987026X12Y11","【大きいサイズあり】キャップ 11cm つば長 帽子 メンズ レディース ★REV 7987026 深め 深い ゴルフ 無地 日焼け止め UVカット 送料無料","大きいサイズ","ブラック","X12","Y11",,"0","28","27","-1",
"2026/08/02 09:03:56","受注取込","7994812","7994812X12Y13","サファリハット メンズ 釣り 帽子 ハット レディース SUNS(サンズ)  撥水 アウトドア 登山 キャンプ バーベキュー NEK ★REV H-051 H-053 送料無料 大きいサイズあり キッズサイズ 子供 UVカット アドベンチャーハット 父の日 プレゼント ユニセックス 春 夏 夏フェス ギフト","大きいサイズ","NAVY(H_051)","X12","Y13",,"0","41","40","-1",
"2026/08/02 09:18:30","受注取込","7987400","7987400X11Y11","【とにかくデカい！/普通サイズあり！】キャップ メンズ 大きいサイズ 帽子 深め ビッグサイズ ★REVM 7987400 BIG SIZE メンズキャップ帽子 大きめ 大きい帽子 メンズ帽子 レディース 春 夏 春夏 プレゼント ギフト 母の日 父の日 送料無料","大きいサイズ","A-ブラック","X11","Y11",,"0","161","160","-1",
"2026/08/02 09:19:27","受注取込","7987400","7987400X11Y11","【とにかくデカい！/普通サイズあり！】キャップ メンズ 大きいサイズ 帽子 深め ビッグサイズ ★REVM 7987400 BIG SIZE メンズキャップ帽子 大きめ 大きい帽子 メンズ帽子 レディース 春 夏 春夏 プレゼント ギフト 母の日 父の日 送料無料","大きいサイズ","A-ブラック","X11","Y11",,"0","160","159","-1",
"2026/08/02 09:19:27","受注取込","7987400","7987400X11Y12","【とにかくデカい！/普通サイズあり！】キャップ メンズ 大きいサイズ 帽子 深め ビッグサイズ ★REVM 7987400 BIG SIZE メンズキャップ帽子 大きめ 大きい帽子 メンズ帽子 レディース 春 夏 春夏 プレゼント ギフト 母の日 父の日 送料無料","大きいサイズ","B-ホワイト","X11","Y12",,"0","38","36","-2",
"2026/08/02 09:24:51","受注取込","7987393","7987393X11Y12","【極小】イヤホン ワイヤレス 片耳イヤホン NEK ★REV 7987393 bluetooth5.3 スポーツ ワイヤレスイヤホン マイク 左右兼用 片耳 高音質 イヤホン スポーツ iPhone android スマホ対応 ブルートゥース 高音質 ランニング 運動","ONESIZE","ホワイト","X11","Y12",,"0","8","6","-2",
"2026/08/02 09:29:55","受注取込","7994812","7994812X12Y11","サファリハット メンズ 釣り 帽子 ハット レディース SUNS(サンズ)  撥水 アウトドア 登山 キャンプ バーベキュー NEK ★REV H-051 H-053 送料無料 大きいサイズあり キッズサイズ 子供 UVカット アドベンチャーハット 父の日 プレゼント ユニセックス 春 夏 夏フェス ギフト","大きいサイズ","BK/BLACK(H_051)","X12","Y11",,"0","439","438","-1",
"2026/08/02 09:31:14","受注取込","7987630","7987630X12Y11","【筋トレ必需品！】LTG トレーニングベルト パワーベルト 腹圧ベルト 男性 女性 メンズ レディース ★REV 7987630 筋トレ ナイロン製 ベルクロ 重量挙げ 腰 サポーター ジム スポーツ 送料無料","M","ブラック","X12","Y11",,"0","6","5","-1",
"2026/08/02 09:38:25","受注取込","7987400","7987400X11Y15","【とにかくデカい！/普通サイズあり！】キャップ メンズ 大きいサイズ 帽子 深め ビッグサイズ ★REVM 7987400 BIG SIZE メンズキャップ帽子 大きめ 大きい帽子 メンズ帽子 レディース 春 夏 春夏 プレゼント ギフト 母の日 父の日 送料無料","大きいサイズ","E-ベージュ","X11","Y15",,"0","53","52","-1",
"2026/08/02 09:40:30","受注取込","7987400","7987400X11Y18","【とにかくデカい！/普通サイズあり！】キャップ メンズ 大きいサイズ 帽子 深め ビッグサイズ ★REVM 7987400 BIG SIZE メンズキャップ帽子 大きめ 大きい帽子 メンズ帽子 レディース 春 夏 春夏 プレゼント ギフト 母の日 父の日 送料無料","大きいサイズ","H-オリーブ","X11","Y18",,"0","17","16","-1",
"2026/08/02 09:40:30","受注取込","7987400","7987400X11Y11","【とにかくデカい！/普通サイズあり！】キャップ メンズ 大きいサイズ 帽子 深め ビッグサイズ ★REVM 7987400 BIG SIZE メンズキャップ帽子 大きめ 大きい帽子 メンズ帽子 レディース 春 夏 春夏 プレゼント ギフト 母の日 父の日 送料無料","大きいサイズ","A-ブラック","X11","Y11",,"0","159","158","-1",
"2026/08/02 09:46:01","受注取込","7987400","7987400X11Y28","【とにかくデカい！/普通サイズあり！】キャップ メンズ 大きいサイズ 帽子 深め ビッグサイズ ★REVM 7987400 BIG SIZE メンズキャップ帽子 大きめ 大きい帽子 メンズ帽子 レディース 春 夏 春夏 プレゼント ギフト 母の日 父の日 送料無料","大きいサイズ","R-グレー","X11","Y28",,"0","11","10","-1",
"2026/08/02 09:47:55","受注取込","7987400","7987400X11Y15","【とにかくデカい！/普通サイズあり！】キャップ メンズ 大きいサイズ 帽子 深め ビッグサイズ ★REVM 7987400 BIG SIZE メンズキャップ帽子 大きめ 大きい帽子 メンズ帽子 レディース 春 夏 春夏 プレゼント ギフト 母の日 父の日 送料無料","大きいサイズ","E-ベージュ","X11","Y15",,"0","52","51","-1",
"2026/08/02 09:47:55","受注取込","7987400","7987400X11Y16","【とにかくデカい！/普通サイズあり！】キャップ メンズ 大きいサイズ 帽子 深め ビッグサイズ ★REVM 7987400 BIG SIZE メンズキャップ帽子 大きめ 大きい帽子 メンズ帽子 レディース 春 夏 春夏 プレゼント ギフト 母の日 父の日 送料無料","大きいサイズ","F-ブラック","X11","Y16",,"0","53","52","-1",
"2026/08/02 09:49:01","受注取込","7987437","7987437X12Y15","【のびーーる 楽々ストレッチ】カジュアルベルト メッシュベルト メンズ レディース 大きいサイズ 普通サイズ 7987437 ★REV NEK 35mm 115cm 125cm 伸縮 カジュアル シンプル おしゃれ プレゼント ギフト 父の日 母の日 送料無料","125cm","ネイビー","X12","Y15",,"0","4","3","-1",
"2026/08/02 09:52:52","受注取込","7988089","7988089X12Y11","安全靴 スニーカー エアウォーク AIR WALK Y_YU AW-880 レッド迷彩 アクティブライト ローカット メンズ セーフティシューズ 樹脂先芯 軽量 衝撃吸収 負担軽減 作業靴 オシャレ","25.5cm ","レッド迷彩","X12","Y11",,"0","290","289","-1",
"2026/08/02 09:52:55","受注取込","7997141","7997141X11Y11","特大 スイカ ドーナツ 浮き輪 浮輪 送料無料 プール 大人用 子供用 NEK 7997141 ★REV 120cm 90cm 80cm 70cm 60cm サイズ 大きい 大きめ うきわ ウキワ すいか 海 海水浴 ビックフロート 水上 レジャー かわいい フローティングベッド 西瓜 子供用浮き輪 大人 子供 こども","120cm","スイカ","X11","Y11",,"0","1015","1014","-1",
"2026/08/02 09:53:59","受注取込","7986547","7986547X11Y11","【お得な5枚10点セット】福袋 おなかぷにぷに3Dキャラクターシール 犬猫アニマル NEK ★REVO 7986547 ピンセット付き ぷにぷに触感 ストレス解消 癒しデコシール プレゼント ギフト 送料無料","ONESIZE","5枚10点アソート","X11","Y11",,"0","695","694","-1",
"2026/08/02 09:55:00","受注取込","7987400","7987400X11Y15","【とにかくデカい！/普通サイズあり！】キャップ メンズ 大きいサイズ 帽子 深め ビッグサイズ ★REVM 7987400 BIG SIZE メンズキャップ帽子 大きめ 大きい帽子 メンズ帽子 レディース 春 夏 春夏 プレゼント ギフト 母の日 父の日 送料無料","大きいサイズ","E-ベージュ","X11","Y15",,"0","51","50","-1",
"2026/08/02 09:55:00","受注取込","7987988","7987988X12Y15","【AVIREX 限定】サファリハット メンズ 大きいサイズ BIGサイズ アドベンチャーハット 17158300 17158400 釣り 帽子 ハット ★REV NEK 7987988 大きめ 普通サイズ AVIREX 限定 かっこいい アウトドア ブラックシリーズ アビレックス 帽子 キャップ ブランド 撥水加工","大きいサイズ_17158400","グレージュ(73)","X12","Y15",,"0","53","52","-1",
"2026/08/02 09:57:29","受注取込","7994812","7994812X12Y12","サファリハット メンズ 釣り 帽子 ハット レディース SUNS(サンズ)  撥水 アウトドア 登山 キャンプ バーベキュー NEK ★REV H-051 H-053 送料無料 大きいサイズあり キッズサイズ 子供 UVカット アドベンチャーハット 父の日 プレゼント ユニセックス 春 夏 夏フェス ギフト","大きいサイズ","BLACK(H_051)","X12","Y12",,"0","52","51","-1",
"2026/08/02 10:04:26","受注取込","7986533","7986533X11Y13","【ダメージ加工がCOOL】LA Los Angeles 帽子 キャップ Vintage メンズ レディース ★REVL 7986533 くすみカラー こなれ感 深め しっかり素材 送料無料","ONESIZE","ベージュ","X11","Y13",,"0","3","2","-1",
"2026/08/02 10:08:31","受注取込","7994812","7994812X12Y11","サファリハット メンズ 釣り 帽子 ハット レディース SUNS(サンズ)  撥水 アウトドア 登山 キャンプ バーベキュー NEK ★REV H-051 H-053 送料無料 大きいサイズあり キッズサイズ 子供 UVカット アドベンチャーハット 父の日 プレゼント ユニセックス 春 夏 夏フェス ギフト","大きいサイズ","BK/BLACK(H_051)","X12","Y11",,"0","438","437","-1",
"2026/08/02 10:13:55","受注取込","7988090","7988090X15Y11","安全靴 スニーカー エアウォーク AIR WALK Y_YU AW-890 ブルー迷彩 アクティブライト ローカット メンズ セーフティシューズ 樹脂先芯 軽量 衝撃吸収 負担軽減 作業靴 オシャレ","27.0cm ","ブルー迷彩","X15","Y11",,"0","141","140","-1",
"2026/08/02 10:15:25","受注取込","7997141","7997141X11Y12","特大 スイカ ドーナツ 浮き輪 浮輪 送料無料 プール 大人用 子供用 NEK 7997141 ★REV 120cm 90cm 80cm 70cm 60cm サイズ 大きい 大きめ うきわ ウキワ すいか 海 海水浴 ビックフロート 水上 レジャー かわいい フローティングベッド 西瓜 子供用浮き輪 大人 子供 こども","120cm","ドーナツイチゴ","X11","Y12",,"0","26","25","-1",
"2026/08/02 10:20:25","受注取込","7987029","7987029X11Y13","【直射日光をはね返す】コカゲル キャップ 洗濯機洗いOK 体感マイナス10℃ UV NEK ★REV CC2R502 7987029 アウトドア SEK サイズ調整 大きいサイズ ユニセックス アウトドア 夏 対策 熱中症 木陰 日よけ 日焼け 送料無料","ONESIZE","ベージュ","X11","Y13",,"0","44","43","-1",
"2026/08/02 10:23:13","受注取込","7987400","7987400X11Y33","【とにかくデカい！/普通サイズあり！】キャップ メンズ 大きいサイズ 帽子 深め ビッグサイズ ★REVM 7987400 BIG SIZE メンズキャップ帽子 大きめ 大きい帽子 メンズ帽子 レディース 春 夏 春夏 プレゼント ギフト 母の日 父の日 送料無料","大きいサイズ","W-グレー","X11","Y33",,"0","19","18","-1",
"2026/08/02 10:24:26","受注取込","7992054","7992054X11Y19","【シンプル/おしゃれ】16mm パワーストーン ネックレス メンズ レディース 瑪瑙 オブシディアン タイガーアイ NEK ★REV 7992054 黒曜石 茶水晶 虎目石 金運 財運 仕事運 恋愛 結婚 家庭円満 癒し 幸運 成功運 勝負運 家族運 厄除祈願 天然石 お守り プレゼント 送料無料","ONESIZE","【I】ブルータイガーアイ","X11","Y19",,"0","56","55","-1",
"2026/08/02 10:26:01","受注取込","7994812","7994812X12Y11","サファリハット メンズ 釣り 帽子 ハット レディース SUNS(サンズ)  撥水 アウトドア 登山 キャンプ バーベキュー NEK ★REV H-051 H-053 送料無料 大きいサイズあり キッズサイズ 子供 UVカット アドベンチャーハット 父の日 プレゼント ユニセックス 春 夏 夏フェス ギフト","大きいサイズ","BK/BLACK(H_051)","X12","Y11",,"0","437","436","-1",
"2026/08/02 10:31:55","受注取込","7997141","7997141X11Y11","特大 スイカ ドーナツ 浮き輪 浮輪 送料無料 プール 大人用 子供用 NEK 7997141 ★REV 120cm 90cm 80cm 70cm 60cm サイズ 大きい 大きめ うきわ ウキワ すいか 海 海水浴 ビックフロート 水上 レジャー かわいい フローティングベッド 西瓜 子供用浮き輪 大人 子供 こども","120cm","スイカ","X11","Y11",,"0","1014","1013","-1",
"2026/08/02 10:34:55","受注取込","7987026","7987026X11Y12","【大きいサイズあり】キャップ 11cm つば長 帽子 メンズ レディース ★REV 7987026 深め 深い ゴルフ 無地 日焼け止め UVカット 送料無料","普通サイズ","グレー","X11","Y12",,"0","22","21","-1",
"2026/08/02 10:37:01","受注取込","7987074","7987074X12Y13","【くすみカラー 超軽量】サファリハット バケットハット メンズ レディース 普通サイズ 大きいサイズ アドベンチャーハット NEK ★REV 7987074 撥水 速乾 軽量 折り畳める UV カット アウトドア キャンプ 登山 ウォーキング 散歩 日焼け防止 紫外線防止 送料無料","大きいサイズ","グレー","X12","Y13",,"0","4","3","-1",
"2026/08/02 10:40:04","受注取込","7986524","7986524X11Y12","【ミニマル】スマホショルダー サコッシュ ミニバッグ 軽量 撥水 コンパクト 収納力抜群 NEK ★REVL 7986524 レディース メンズ ユニセックス 斜めがけ ポーチ アウトドア 旅行 サブバッグ 送料無料","ONESIZE","グリーン","X11","Y12",,"0","104","103","-1",
"2026/08/02 10:41:55","受注取込","7987062","7987062X12Y17","【直射日光をはね返す】コカゲル サファリハット 洗濯機洗いOK 体感マイナス10℃ アドベンチャー NEK CC2R501 ★REV 7987062 ブッシュハット UV アウトドア SEK サイズ調整 大きいサイズ ユニセックス アウトドア 夏 対策 熱中症 木陰 日よけ 日焼け 送料無料","L(58.5～60.0)","グレージュ","X12","Y17",,"0","51","50","-1",
"2026/08/02 10:45:56","受注取込","7994812","7994812X12Y11","サファリハット メンズ 釣り 帽子 ハット レディース SUNS(サンズ)  撥水 アウトドア 登山 キャンプ バーベキュー NEK ★REV H-051 H-053 送料無料 大きいサイズあり キッズサイズ 子供 UVカット アドベンチャーハット 父の日 プレゼント ユニセックス 春 夏 夏フェス ギフト","大きいサイズ","BK/BLACK(H_051)","X12","Y11",,"0","436","435","-1",
"2026/08/02 10:47:01","受注取込","7988215","7988215X17Y12","【とにかくデカい！】 大きいサイズ キャップ メッシュキャップ 送料無料 大きめ ビッグサイズ BIG SIZE ★REV 7988215 <br> 帽子 ハット キャップ ワークキャップ メンズキャップ 大きいサイズ バケット 大きい帽子 メンズ バケハ メンズ帽子 大きい 頭 メッシュ 全39カラー","GG","2","X17","Y12",,"0","18","17","-1",
"2026/08/02 10:50:01","受注取込","7994812","7994812X12Y33","サファリハット メンズ 釣り 帽子 ハット レディース SUNS(サンズ)  撥水 アウトドア 登山 キャンプ バーベキュー NEK ★REV H-051 H-053 送料無料 大きいサイズあり キッズサイズ 子供 UVカット アドベンチャーハット 父の日 プレゼント ユニセックス 春 夏 夏フェス ギフト","大きいサイズ","GREIGE(H-051)","X12","Y33",,"0","41","40","-1",
"2026/08/02 10:57:25","受注取込","7987073","7987073X12Y12","【くすみカラー 超軽量】バケットハット サファリハット メンズ レディース 普通サイズ 大きいサイズ NEK ★REV 7987073 アドベンチャーハット 撥水 速乾 軽量 折り畳める UV カット アウトドア キャンプ 登山 ウォーキング 散歩 日焼け防止 紫外線防止 送料無料","大きいサイズ","グレー","X12","Y12",,"0","34","33","-1",
"2026/08/02 10:57:25","受注取込","7987400","7987400X11Y30","【とにかくデカい！/普通サイズあり！】キャップ メンズ 大きいサイズ 帽子 深め ビッグサイズ ★REVM 7987400 BIG SIZE メンズキャップ帽子 大きめ 大きい帽子 メンズ帽子 レディース 春 夏 春夏 プレゼント ギフト 母の日 父の日 送料無料","大きいサイズ","T-ブラック","X11","Y30",,"0","11","10","-1",
"2026/08/02 10:57:25","受注取込","7987400","7987400X11Y33","【とにかくデカい！/普通サイズあり！】キャップ メンズ 大きいサイズ 帽子 深め ビッグサイズ ★REVM 7987400 BIG SIZE メンズキャップ帽子 大きめ 大きい帽子 メンズ帽子 レディース 春 夏 春夏 プレゼント ギフト 母の日 父の日 送料無料","大きいサイズ","W-グレー","X11","Y33",,"0","18","17","-1",
"2026/08/02 11:00:25","受注取込","7988215","7988215X17Y13","【とにかくデカい！】 大きいサイズ キャップ メッシュキャップ 送料無料 大きめ ビッグサイズ BIG SIZE ★REV 7988215 <br> 帽子 ハット キャップ ワークキャップ メンズキャップ 大きいサイズ バケット 大きい帽子 メンズ バケハ メンズ帽子 大きい 頭 メッシュ 全39カラー","GG","3","X17","Y13",,"0","25","24","-1",
"2026/08/02 11:00:25","受注取込","7987395","7987395X11Y11","【中折れ対策】ILUMA TEREA イルマ テリア アイコス IQOS グロー プルーム 電子タバコ お掃除 NEK ★REV 7987395 LTG クリーニングフィルター クリーナー プレゼント ギフト 母の日 父の日 送料無料","ONESIZE","ホワイト","X11","Y11",,"0","82","80","-2",
"2026/08/02 11:01:55","受注取込","7994812","7994812X13Y12","サファリハット メンズ 釣り 帽子 ハット レディース SUNS(サンズ)  撥水 アウトドア 登山 キャンプ バーベキュー NEK ★REV H-051 H-053 送料無料 大きいサイズあり キッズサイズ 子供 UVカット アドベンチャーハット 父の日 プレゼント ユニセックス 春 夏 夏フェス ギフト","キッズサイズ","BLACK(H_051)","X13","Y12",,"0","7","6","-1",
"2026/08/02 11:01:55","受注取込","7994812","7994812X13Y33","サファリハット メンズ 釣り 帽子 ハット レディース SUNS(サンズ)  撥水 アウトドア 登山 キャンプ バーベキュー NEK ★REV H-051 H-053 送料無料 大きいサイズあり キッズサイズ 子供 UVカット アドベンチャーハット 父の日 プレゼント ユニセックス 春 夏 夏フェス ギフト","キッズサイズ","GREIGE(H-051)","X13","Y33",,"0","6","5","-1",
"2026/08/02 11:06:25","受注取込","7994812","7994812X12Y11","サファリハット メンズ 釣り 帽子 ハット レディース SUNS(サンズ)  撥水 アウトドア 登山 キャンプ バーベキュー NEK ★REV H-051 H-053 送料無料 大きいサイズあり キッズサイズ 子供 UVカット アドベンチャーハット 父の日 プレゼント ユニセックス 春 夏 夏フェス ギフト","大きいサイズ","BK/BLACK(H_051)","X12","Y11",,"0","435","434","-1",
"2026/08/02 11:07:55","受注取込","7987074","7987074X12Y16","【くすみカラー 超軽量】サファリハット バケットハット メンズ レディース 普通サイズ 大きいサイズ アドベンチャーハット NEK ★REV 7987074 撥水 速乾 軽量 折り畳める UV カット アウトドア キャンプ 登山 ウォーキング 散歩 日焼け防止 紫外線防止 送料無料","大きいサイズ","オリーブ","X12","Y16",,"0","5","4","-1",
"2026/08/02 11:20:04","受注取込","7987137","7987137X11Y16","【最安値に挑戦 日本製】GEVAERT ゲバルト ベルト YKK社製 軽量バックル使用 35mm幅 NEK ★REV 7987137 ゴムベルト GVT-1062 1063 1064 1011 1048 無地 カモフラ柄 ベルギー生地使用 日本製 メンズ レディース カジュアル 入学 卒業 通勤 通学 送料無料","ONESIZE","F","X11","Y16",,"0","5","4","-1",
"2026/08/02 11:24:01","受注取込","7994812","7994812X13Y23","サファリハット メンズ 釣り 帽子 ハット レディース SUNS(サンズ)  撥水 アウトドア 登山 キャンプ バーベキュー NEK ★REV H-051 H-053 送料無料 大きいサイズあり キッズサイズ 子供 UVカット アドベンチャーハット 父の日 プレゼント ユニセックス 春 夏 夏フェス ギフト","キッズサイズ","BLUE(H_051)","X13","Y23",,"0","4","3","-1",
"2026/08/02 11:26:56","受注取込","7987400","7987400X11Y14","【とにかくデカい！/普通サイズあり！】キャップ メンズ 大きいサイズ 帽子 深め ビッグサイズ ★REVM 7987400 BIG SIZE メンズキャップ帽子 大きめ 大きい帽子 メンズ帽子 レディース 春 夏 春夏 プレゼント ギフト 母の日 父の日 送料無料","大きいサイズ","D-ネイビー","X11","Y14",,"0","37","36","-1",
"2026/08/02 11:30:25","受注取込","7992495","7992495X11Y19","ブレスレット バングル メンズ レディース サバイバル パラコード 笛付き リフレクター素材 サバゲー ミリタリー アクセサリー プレゼント 送料無料  NEK ALI 7992495 190707","ONESIZE","I","X11","Y19",,"0","25","24","-1",
"2026/08/02 11:30:38","受注取込","7987988","7987988X12Y15","【AVIREX 限定】サファリハット メンズ 大きいサイズ BIGサイズ アドベンチャーハット 17158300 17158400 釣り 帽子 ハット ★REV NEK 7987988 大きめ 普通サイズ AVIREX 限定 かっこいい アウトドア ブラックシリーズ アビレックス 帽子 キャップ ブランド 撥水加工","大きいサイズ_17158400","グレージュ(73)","X12","Y15",,"0","52","51","-1",
"2026/08/02 11:33:00","受注取込","7986779","7986779X12Y11","【高純度テラヘルツ/鏡面多面カット】 テラヘルツ アンクレット ブレスレット メンズ レディース NEK ★REV 7986779 4.0mm 健康 テラヘルツ波 パワーストーン 天然石 アクセサリー プレゼント ギフト プチギフト 母の日 父の日 送料無料","アンクレット","テラヘルツ","X12","Y11",,"0","66","65","-1",
"2026/08/02 11:36:00","受注取込","7987079","7987079X11Y11","【高級 天然木材】孫の手 まごのて ロング 天然木 48cm 使いやすい ★REV 7987079 おしゃれ アンティーク 北欧 敬老の日 肩甲骨 父の日 母の日 プレゼント ギフト 送料無料","ONESIZE","A","X11","Y11",,"0","14","13","-1",
"2026/08/02 11:38:46","受注取込","7986779","7986779X11Y11","【高純度テラヘルツ/鏡面多面カット】 テラヘルツ アンクレット ブレスレット メンズ レディース NEK ★REV 7986779 4.0mm 健康 テラヘルツ波 パワーストーン 天然石 アクセサリー プレゼント ギフト プチギフト 母の日 父の日 送料無料","ブレスレット","テラヘルツ","X11","Y11",,"0","22","21","-1",
"2026/08/02 11:38:46","受注取込","7986779","7986779X12Y11","【高純度テラヘルツ/鏡面多面カット】 テラヘルツ アンクレット ブレスレット メンズ レディース NEK ★REV 7986779 4.0mm 健康 テラヘルツ波 パワーストーン 天然石 アクセサリー プレゼント ギフト プチギフト 母の日 父の日 送料無料","アンクレット","テラヘルツ","X12","Y11",,"0","65","64","-1",
"2026/08/02 11:39:00","受注取込","7994812","7994812X12Y33","サファリハット メンズ 釣り 帽子 ハット レディース SUNS(サンズ)  撥水 アウトドア 登山 キャンプ バーベキュー NEK ★REV H-051 H-053 送料無料 大きいサイズあり キッズサイズ 子供 UVカット アドベンチャーハット 父の日 プレゼント ユニセックス 春 夏 夏フェス ギフト","大きいサイズ","GREIGE(H-051)","X12","Y33",,"0","40","39","-1",
"2026/08/02 11:41:26","受注取込","7987714","7987714X11Y11","【なんと6+1個入り！速攻配達】水風船 水ふうせん 何度も使える ゴミが出ない プール クラッシュボール ★REV NEK 7987714 水遊び 海 川 お風呂 水鉄砲 子供 おもちゃ 繰り返し BALL 水 風船 ボール エコ ウォーターボム リサイクル 安心 安全 送料無料","ワンサイズ","まる形6+1","X11","Y11",,"0","6","5","-1",
"2026/08/02 11:44:31","受注取込","8003102","8003102X11Y12","やみつきになる！ ストレッチ AVIREX アビレックス Tシャツ メンズ ★REV NEK 6143501 6143502 Vネック クルーネック 半袖 プレゼント ギフト","Vネック_ホワイト_001","Mサイズ","X11","Y12",,"0","2","1","-1",
"2026/08/02 11:45:55","受注取込","7986572","7986572X11Y11","【新型/IQOS イルマ i ワン用】アイコス イルマiワン ILUMA ケース 保護ケース NEK ★REVL 7986572 iqosイルマワン イルマワンカバー 耐衝撃 おしゃれ iqos iluma one 専用 IQOSイルマワン保護ケース レザー ヒョウ柄 ペイズリー 保護カバー アイコスケース アクセサリー 送料無料","イルマiワン","55","X11","Y11",,"0","2","1","-1",
"2026/08/02 11:48:25","受注取込","7988125","7988125X11Y11","【カーボンスタイル 大きいサイズ】メッシュキャップ キャップ 帽子 ★REV 7988125 大きいサイズ 大きめ ビッグサイズ BIGサイズ シンプル 無地 カーボン調 プレゼント ギフト 送料無料","ONESIZE","ブラック","X11","Y11",,"0","48","47","-1",
"2026/08/02 11:48:25","受注取込","7998075","7998075X12Y11","他店圧倒価格♪最安値に挑戦！ 1点までメール便送料無料 ワッチキャップ ニット帽子 ニットキャップ 7998075 【MB】【ALI】■05161126【wow未販売】 sg追加200125 sg追加200125","大きいサイズ(～65cm)","ブラック杢","X12","Y11",,"0","239","238","-1",
"2026/08/02 11:51:32","受注取込","7997141","7997141X16Y18","特大 スイカ ドーナツ 浮き輪 浮輪 送料無料 プール 大人用 子供用 NEK 7997141 ★REV 120cm 90cm 80cm 70cm 60cm サイズ 大きい 大きめ うきわ ウキワ すいか 海 海水浴 ビックフロート 水上 レジャー かわいい フローティングベッド 西瓜 子供用浮き輪 大人 子供 こども","ONESIZE","ピンクストライプ","X16","Y18",,"0","35","34","-1",
"2026/08/02 11:51:32","受注取込","7997141","7997141X12Y13","特大 スイカ ドーナツ 浮き輪 浮輪 送料無料 プール 大人用 子供用 NEK 7997141 ★REV 120cm 90cm 80cm 70cm 60cm サイズ 大きい 大きめ うきわ ウキワ すいか 海 海水浴 ビックフロート 水上 レジャー かわいい フローティングベッド 西瓜 子供用浮き輪 大人 子供 こども","90cm","ドーナツチョコ","X12","Y13",,"0","61","60","-1",
"2026/08/02 11:51:32","受注取込","7994812","7994812X11Y16","サファリハット メンズ 釣り 帽子 ハット レディース SUNS(サンズ)  撥水 アウトドア 登山 キャンプ バーベキュー NEK ★REV H-051 H-053 送料無料 大きいサイズあり キッズサイズ 子供 UVカット アドベンチャーハット 父の日 プレゼント ユニセックス 春 夏 夏フェス ギフト","普通サイズ","GRAY(H_051)","X11","Y16",,"0","30","29","-1",
"2026/08/02 11:53:31","受注取込","7988172","7988172X11Y11","【栃木レザー 日本製 】ベルト ビジネスベルト メンズ 本革 本皮 レザー 栃木レザー ★REV TDBT-1006 日本製 カジュアルベルト プレゼント ギフト MADE IN JAPAN クリスマス 父の日 誕生日プレゼント 送料無料","ONESIZE","ブラック","X11","Y11",,"0","5","4","-1",
"2026/08/02 11:58:46","受注取込","7988002","7988002X11Y14","【光る首輪】光る 犬 首輪 光る 犬用 LED ライト USB充電式 猫用 カラー 可愛い NEK ★REVG 7988002 ペット用品 ドッグ 大型犬 中型犬 小型犬 向け サイズ調節 35cm 50cm 70cm レインボー 猫 事故防止 散歩 防水 送料無料","S(35cm)","ピンク","X11","Y14",,"0","11","10","-1",
"2026/08/02 12:02:26","受注取込","7994812","7994812X12Y33","サファリハット メンズ 釣り 帽子 ハット レディース SUNS(サンズ)  撥水 アウトドア 登山 キャンプ バーベキュー NEK ★REV H-051 H-053 送料無料 大きいサイズあり キッズサイズ 子供 UVカット アドベンチャーハット 父の日 プレゼント ユニセックス 春 夏 夏フェス ギフト","大きいサイズ","GREIGE(H-051)","X12","Y33",,"0","39","38","-1",
"2026/08/02 12:06:55","受注取込","7987475","7987475X11Y11","【護身用】タクティカルスティック 防災グッズ タクティカルペン キーホルダー キーリング NEK ★REV 7987475 護身 棒 車 ガラス 防災 災害 車内 軽量 丈夫 不審者 痴漢 痴漢対策 護身用 用品 武器 防犯 護身グッズ 自己防衛 コンパクト 非常時 タクティカル バッググリップ","ONESIZE","ブラック","X11","Y11",,"0","3","2","-1",
"2026/08/02 12:20:26","受注取込","7988215","7988215X13Y13","【とにかくデカい！】 大きいサイズ キャップ メッシュキャップ 送料無料 大きめ ビッグサイズ BIG SIZE ★REV 7988215 <br> 帽子 ハット キャップ ワークキャップ メンズキャップ 大きいサイズ バケット 大きい帽子 メンズ バケハ メンズ帽子 大きい 頭 メッシュ 全39カラー","CC","3","X13","Y13",,"0","28","27","-1",
"2026/08/02 12:20:30","受注取込","8003112","8003112X12Y13","AVIREX アビレックス タンクトップ メンズ 無地 アヴィレックス メンズアメカジトップス ★REV NEK 6143503 全10色 プレゼント ギフト","M","グレー(14)","X12","Y13",,"0","2","1","-1",
"2026/08/02 12:20:30","受注取込","8003112","8003112X12Y11","AVIREX アビレックス タンクトップ メンズ 無地 アヴィレックス メンズアメカジトップス ★REV NEK 6143503 全10色 プレゼント ギフト","M","ホワイト(01)","X12","Y11",,"0","1","0","-1",
"2026/08/02 12:21:56","受注取込","7997141","7997141X11Y11","特大 スイカ ドーナツ 浮き輪 浮輪 送料無料 プール 大人用 子供用 NEK 7997141 ★REV 120cm 90cm 80cm 70cm 60cm サイズ 大きい 大きめ うきわ ウキワ すいか 海 海水浴 ビックフロート 水上 レジャー かわいい フローティングベッド 西瓜 子供用浮き輪 大人 子供 こども","120cm","スイカ","X11","Y11",,"0","1013","1012","-1",
"2026/08/02 12:26:30","受注取込","7987400","7987400X11Y16","【とにかくデカい！/普通サイズあり！】キャップ メンズ 大きいサイズ 帽子 深め ビッグサイズ ★REVM 7987400 BIG SIZE メンズキャップ帽子 大きめ 大きい帽子 メンズ帽子 レディース 春 夏 春夏 プレゼント ギフト 母の日 父の日 送料無料","大きいサイズ","F-ブラック","X11","Y16",,"0","52","51","-1",
"2026/08/02 12:27:55","受注取込","7987073","7987073X12Y16","【くすみカラー 超軽量】バケットハット サファリハット メンズ レディース 普通サイズ 大きいサイズ NEK ★REV 7987073 アドベンチャーハット 撥水 速乾 軽量 折り畳める UV カット アウトドア キャンプ 登山 ウォーキング 散歩 日焼け防止 紫外線防止 送料無料","大きいサイズ","ネイビー","X12","Y16",,"0","37","36","-1",
"2026/08/02 12:30:14","受注取込","7988125","7988125X11Y11","【カーボンスタイル 大きいサイズ】メッシュキャップ キャップ 帽子 ★REV 7988125 大きいサイズ 大きめ ビッグサイズ BIGサイズ シンプル 無地 カーボン調 プレゼント ギフト 送料無料","ONESIZE","ブラック","X11","Y11",,"0","47","46","-1",
"2026/08/02 12:30:26","受注取込","7988215","7988215X23Y14","【とにかくデカい！】 大きいサイズ キャップ メッシュキャップ 送料無料 大きめ ビッグサイズ BIG SIZE ★REV 7988215 <br> 帽子 ハット キャップ ワークキャップ メンズキャップ 大きいサイズ バケット 大きい帽子 メンズ バケハ メンズ帽子 大きい 頭 メッシュ 全39カラー","MM","4","X23","Y14",,"0","7","6","-1",
"2026/08/02 12:32:32","受注取込","7988215","7988215X20Y13","【とにかくデカい！】 大きいサイズ キャップ メッシュキャップ 送料無料 大きめ ビッグサイズ BIG SIZE ★REV 7988215 <br> 帽子 ハット キャップ ワークキャップ メンズキャップ 大きいサイズ バケット 大きい帽子 メンズ バケハ メンズ帽子 大きい 頭 メッシュ 全39カラー","JJ","3","X20","Y13",,"0","64","63","-1",
"2026/08/02 12:40:18","受注取込","7986604","7986604X11Y14","【スマイル刺繍】 SMILE キャップ 帽子 メンズ レディース ユニセックス コットン 刺繍 ★REVL 7986604 送料無料","ONESIZE","ホワイト","X11","Y14",,"0","2","1","-1",
"2026/08/02 12:41:00","受注取込","7987400","7987400X11Y15","【とにかくデカい！/普通サイズあり！】キャップ メンズ 大きいサイズ 帽子 深め ビッグサイズ ★REVM 7987400 BIG SIZE メンズキャップ帽子 大きめ 大きい帽子 メンズ帽子 レディース 春 夏 春夏 プレゼント ギフト 母の日 父の日 送料無料","大きいサイズ","E-ベージュ","X11","Y15",,"0","50","49","-1",
"2026/08/02 12:41:00","受注取込","7994812","7994812X12Y32","サファリハット メンズ 釣り 帽子 ハット レディース SUNS(サンズ)  撥水 アウトドア 登山 キャンプ バーベキュー NEK ★REV H-051 H-053 送料無料 大きいサイズあり キッズサイズ 子供 UVカット アドベンチャーハット 父の日 プレゼント ユニセックス 春 夏 夏フェス ギフト","大きいサイズ","T.BLUE(H_051)","X12","Y32",,"0","66","65","-1",
"2026/08/02 12:41:01","受注取込","7987851","7987851X11Y12","【Vintage加工】 帽子 キャップ メンズ レディース Vintage ヴィンテージ加工 ★REV 7987851 ピグメント加工 こなれ感 ローキャップ シンプル ギフト プレゼント 父の日","ONESIZE","ブラック","X11","Y12",,"0","16","15","-1",
"2026/08/02 12:44:25","受注取込","7987794","7987794X12Y11","【大きいサイズもあり】キャスハンチング キャップ メンズ レディース CULTURE MART NEK 101294 ★REV 7987794 ハンチング帽子 ハンチング帽 秋冬 帽子 ハンチング キャスケット メンズ帽子 レディース帽子秋冬 秋冬帽子 メンズハンチング おしゃれ カルチャーマート","大きいサイズ","ベージュ(1)","X12","Y11",,"0","143","142","-1",
"2026/08/02 12:44:25","受注取込","7987327","7987327X11Y11","本革 レザー キャスケット ハンチング 帽子 メンズ ★REV 7987327 キャップ あしたのジョー おしゃれ 皮製 ブラック ダークブラウン キャメル 黒 茶  送料無料","ONESIZE","ブラック","X11","Y11",,"0","34","33","-1",
"2026/08/02 12:45:56","受注取込","7988044","7988044X11Y13","ショルダーバッグ メンズ ワンショルダー 斜め掛け ★REV 7988044 おしゃれバッグ Vintage 斜めがけ メンズボディバック かっこいい ボディバッグ レザー ワンショルダーバッグ カバン 鞄 かばん レザー調 メンズバッグ 斜めがけ メンズショルダーバック 散歩 送料無料","ONESIZE","C_ブラウン","X11","Y13",,"0","35","34","-1",
"2026/08/02 12:49:31","受注取込","7986598","7986598X11Y11","【熊対策/大音量】 熊対策！熊避け！大音量アラーム&ライト 120dB 害獣避け 害鳥避け NEK ★REVL 7986598 害獣対策 くま避け 熊よけ べアBEAR クマよけ 熊避け 熊・猪などの野生動物対策に アウトドア キャンプ 登山 ハイキング トレッキング アクセサリー 非常用 緊急用 笛 防犯 防災グッズ 送料無料","ONESIZE","ブラック","X11","Y11",,"0","164","163","-1",
"2026/08/02 12:52:02","WEB画面","7987400","7987400X11Y11","【とにかくデカい！/普通サイズあり！】キャップ メンズ 大きいサイズ 帽子 深め ビッグサイズ ★REVM 7987400 BIG SIZE メンズキャップ帽子 大きめ 大きい帽子 メンズ帽子 レディース 春 夏 春夏 プレゼント ギフト 母の日 父の日 送料無料","大きいサイズ","A-ブラック","X11","Y11",,"0","158","157","-1","立花"
"2026/08/02 12:52:02","WEB画面","7987400","7987400X12Y11","【とにかくデカい！/普通サイズあり！】キャップ メンズ 大きいサイズ 帽子 深め ビッグサイズ ★REVM 7987400 BIG SIZE メンズキャップ帽子 大きめ 大きい帽子 メンズ帽子 レディース 春 夏 春夏 プレゼント ギフト 母の日 父の日 送料無料","普通サイズ","A-ブラック","X12","Y11",,"0","11","12","1","立花"
"2026/08/02 12:52:31","受注取込","7986675","7986675X11Y13","【深め/美シルエット】メッシュキャップ キャップ 帽子 メンズ レディース 野球帽 ★REVL 7986675 A-Frame Trucker アメカジ 刺繍 送料無料","ONESIZE","C","X11","Y13",,"0","8","7","-1",
"2026/08/02 12:56:25","受注取込","7988215","7988215X17Y13","【とにかくデカい！】 大きいサイズ キャップ メッシュキャップ 送料無料 大きめ ビッグサイズ BIG SIZE ★REV 7988215 <br> 帽子 ハット キャップ ワークキャップ メンズキャップ 大きいサイズ バケット 大きい帽子 メンズ バケハ メンズ帽子 大きい 頭 メッシュ 全39カラー","GG","3","X17","Y13",,"0","24","23","-1",
"2026/08/02 13:01:55","受注取込","7994812","7994812X12Y16","サファリハット メンズ 釣り 帽子 ハット レディース SUNS(サンズ)  撥水 アウトドア 登山 キャンプ バーベキュー NEK ★REV H-051 H-053 送料無料 大きいサイズあり キッズサイズ 子供 UVカット アドベンチャーハット 父の日 プレゼント ユニセックス 春 夏 夏フェス ギフト","大きいサイズ","GRAY(H_051)","X12","Y16",,"0","95","94","-1",
"2026/08/02 13:07:55","受注取込","7994812","7994812X12Y33","サファリハット メンズ 釣り 帽子 ハット レディース SUNS(サンズ)  撥水 アウトドア 登山 キャンプ バーベキュー NEK ★REV H-051 H-053 送料無料 大きいサイズあり キッズサイズ 子供 UVカット アドベンチャーハット 父の日 プレゼント ユニセックス 春 夏 夏フェス ギフト","大きいサイズ","GREIGE(H-051)","X12","Y33",,"0","38","37","-1",
"2026/08/02 13:10:05","受注取込","7992054","7992054X11Y19","【シンプル/おしゃれ】16mm パワーストーン ネックレス メンズ レディース 瑪瑙 オブシディアン タイガーアイ NEK ★REV 7992054 黒曜石 茶水晶 虎目石 金運 財運 仕事運 恋愛 結婚 家庭円満 癒し 幸運 成功運 勝負運 家族運 厄除祈願 天然石 お守り プレゼント 送料無料","ONESIZE","【I】ブルータイガーアイ","X11","Y19",,"0","55","54","-1",
"2026/08/02 13:10:05","受注取込","7987988","7987988X12Y15","【AVIREX 限定】サファリハット メンズ 大きいサイズ BIGサイズ アドベンチャーハット 17158300 17158400 釣り 帽子 ハット ★REV NEK 7987988 大きめ 普通サイズ AVIREX 限定 かっこいい アウトドア ブラックシリーズ アビレックス 帽子 キャップ ブランド 撥水加工","大きいサイズ_17158400","グレージュ(73)","X12","Y15",,"0","51","50","-1",
"2026/08/02 13:11:00","受注取込","7987098","7987098X11Y11","【お得な2個セット COOLにマナーを】携帯灰皿 吸い殻入れ 金属製 フタ付き 小型 軽量 NEK ★REVL 7987098 喫煙グッズ アッシュトレイ 持ち運び便利 男性 メンズ レディース アイコス イルマ テリア IQOS ILUMA TEREA 送料無料","ONESIZE","2個セット","X11","Y11",,"0","15","14","-1",
"2026/08/02 13:13:55","受注取込","7988044","7988044X11Y21","ショルダーバッグ メンズ ワンショルダー 斜め掛け ★REV 7988044 おしゃれバッグ Vintage 斜めがけ メンズボディバック かっこいい ボディバッグ レザー ワンショルダーバッグ カバン 鞄 かばん レザー調 メンズバッグ 斜めがけ メンズショルダーバック 散歩 送料無料","ONESIZE","K_ブラウン","X11","Y21",,"0","1","0","-1",
"2026/08/02 13:14:00","受注取込","7994812","7994812X12Y11","サファリハット メンズ 釣り 帽子 ハット レディース SUNS(サンズ)  撥水 アウトドア 登山 キャンプ バーベキュー NEK ★REV H-051 H-053 送料無料 大きいサイズあり キッズサイズ 子供 UVカット アドベンチャーハット 父の日 プレゼント ユニセックス 春 夏 夏フェス ギフト","大きいサイズ","BK/BLACK(H_051)","X12","Y11",,"0","434","433","-1",
"2026/08/02 13:16:31","受注取込","7994812","7994812X12Y22","サファリハット メンズ 釣り 帽子 ハット レディース SUNS(サンズ)  撥水 アウトドア 登山 キャンプ バーベキュー NEK ★REV H-051 H-053 送料無料 大きいサイズあり キッズサイズ 子供 UVカット アドベンチャーハット 父の日 プレゼント ユニセックス 春 夏 夏フェス ギフト","大きいサイズ","BROWN/BEIGE(H_051)","X12","Y22",,"0","14","13","-1",
"2026/08/02 13:22:31","受注取込","7995525","7995525X1Y15","AVIREX 限定モデル キャップ 帽子 父の日 贈り物 プレゼント メンズ ★REV ブラックシリーズ 黒 アビレックス アヴィレックス メッシュキャップ ハンチング ローキャップ バケット ハット ワークキャップ レディース かっこいい yos プレゼント ギフト","ONESIZE","【O】サファリハット_17158400_BIG","X1","Y15",,"0","75","74","-1",
"2026/08/02 13:23:25","受注取込","7997141","7997141X12Y13","特大 スイカ ドーナツ 浮き輪 浮輪 送料無料 プール 大人用 子供用 NEK 7997141 ★REV 120cm 90cm 80cm 70cm 60cm サイズ 大きい 大きめ うきわ ウキワ すいか 海 海水浴 ビックフロート 水上 レジャー かわいい フローティングベッド 西瓜 子供用浮き輪 大人 子供 こども","90cm","ドーナツチョコ","X12","Y13",,"0","60","59","-1",
"2026/08/02 13:28:30","受注取込","7987170","7987170X11Y11","【万能で役立つ！男ツール】 マルチツール ドライバー 多機能 工具 日曜大工 DIY NEK ★REVL 7987170 防災 アウトドア 用品 キャンプ 雑貨 ペンチ のこぎり 缶切り ボトルオープナー ワイヤーカッター 収納ケース付 庭 ガーデニング 多機能ペンチ ギフト プレゼント","ONESIZE","シルバー","X11","Y11",,"0","22","20","-2",
"2026/08/02 13:28:46","受注取込","7986640","7986640X11Y11","【くすみカラーでおしゃれ/お得な3連セット】おしゃれ ブレスレット パワーストーン レディース NEK ★REVL 7986640 バングル 天然石 天然石×猫眼石×ウッド調ビーズ スピリチュアル エネルギーアクセサリー プレゼント ギフト 送料無料","ONESIZE","3種セット","X11","Y11",,"0","8","7","-1",
"2026/08/02 13:33:47","受注取込","9009978","9009978X1Y1","帽子 メンズ AVIREX アビレックス 送料無料 キャップ 父の日 プレゼント 贈り物 ニットキャップ メッシュキャップ 大きいサイズ レディース ディッキーズ ローキャップ ワークキャップ ハット ハンチング おしゃれ ロゴ 刺繍 プリント アメカジ HYPE 通販 yos ギフト","A","-1","X1","Y1",,"0","4","3","-1",
"2026/08/02 13:34:25","受注取込","7986527","7986527X14Y11","【シリコン製/つけっぱなし】シリコンリング 指輪 メンズ レディース 軽量 耐水 NEK ★REVL 7986527 ユニセックス プレゼント ギフト ミニマル アクセサリー 送料無料","21号","ブラック","X14","Y11",,"0","18","16","-2",
"2026/08/02 13:38:00","受注取込","7988215","7988215X14Y12","【とにかくデカい！】 大きいサイズ キャップ メッシュキャップ 送料無料 大きめ ビッグサイズ BIG SIZE ★REV 7988215 <br> 帽子 ハット キャップ ワークキャップ メンズキャップ 大きいサイズ バケット 大きい帽子 メンズ バケハ メンズ帽子 大きい 頭 メッシュ 全39カラー","DD","2","X14","Y12",,"0","17","16","-1",
"2026/08/02 13:40:05","受注取込","7987026","7987026X11Y11","【大きいサイズあり】キャップ 11cm つば長 帽子 メンズ レディース ★REV 7987026 深め 深い ゴルフ 無地 日焼け止め UVカット 送料無料","普通サイズ","ブラック","X11","Y11",,"0","6","5","-1",
"2026/08/02 13:40:25","受注取込","7994812","7994812X11Y16","サファリハット メンズ 釣り 帽子 ハット レディース SUNS(サンズ)  撥水 アウトドア 登山 キャンプ バーベキュー NEK ★REV H-051 H-053 送料無料 大きいサイズあり キッズサイズ 子供 UVカット アドベンチャーハット 父の日 プレゼント ユニセックス 春 夏 夏フェス ギフト","普通サイズ","GRAY(H_051)","X11","Y16",,"0","29","28","-1",
"2026/08/02 13:47:25","受注取込","7994812","7994812X11Y24","サファリハット メンズ 釣り 帽子 ハット レディース SUNS(サンズ)  撥水 アウトドア 登山 キャンプ バーベキュー NEK ★REV H-051 H-053 送料無料 大きいサイズあり キッズサイズ 子供 UVカット アドベンチャーハット 父の日 プレゼント ユニセックス 春 夏 夏フェス ギフト","普通サイズ","BEIGE(H_051)","X11","Y24",,"0","27","26","-1",
"2026/08/02 13:48:46","受注取込","7987367","7987367X11Y13","【2023年最新！熱中症対策】 ネッククーラー 首掛け扇風機 携帯扇風機 ネックファン ★REV 7987367 急速冷却 小型 羽根なし 首かけ 充電式 扇風機 5000mAh大容量 軽量 3段階風量調節 ひんやり 子供 大人 男女兼用 通勤 通学 家事 熱中症対策 プレゼント ギフト","ONESIZE","ピンク","X11","Y13",,"0","36","35","-1",
"2026/08/02 13:51:25","受注取込","7988486","7988486X11Y11","キーケース メンズ レディース 本革 レザー スマートキー キーホルダー 鍵 キーチェーン 小銭入れ ★REV 7988486 プレゼント ギフト","ONESIZE","ブラック","X11","Y11",,"0","27","26","-1",
"2026/08/02 13:52:55","受注取込","7994812","7994812X12Y27","サファリハット メンズ 釣り 帽子 ハット レディース SUNS(サンズ)  撥水 アウトドア 登山 キャンプ バーベキュー NEK ★REV H-051 H-053 送料無料 大きいサイズあり キッズサイズ 子供 UVカット アドベンチャーハット 父の日 プレゼント ユニセックス 春 夏 夏フェス ギフト","大きいサイズ","CAMO(H_051)","X12","Y27",,"0","100","99","-1",
"2026/08/02 13:54:25","受注取込","8003112","8003112X12Y12","AVIREX アビレックス タンクトップ メンズ 無地 アヴィレックス メンズアメカジトップス ★REV NEK 6143503 全10色 プレゼント ギフト","M","ブラック(09)","X12","Y12",,"0","3","1","-2",
"2026/08/02 13:56:30","受注取込","7987070","7987070X11Y11","【お得な2枚組】X-LARGE XLARGE エクストララージ ボクサーパンツ メンズ アンダーウェア 下着 NEK ★REVL 7987070 かっこいい ツルツル おすすめ 人気 カモフラ タイダイ 炎 迷彩 カモ柄 ブランド 男性 紳士 プレゼント プチギフト 父の日 誕生日 彼氏 父 息子 ギフト 記念日 大きいサイズ 福袋 送料無料","M","2枚組","X11","Y11",,"0","16","15","-1",
"2026/08/02 13:56:35","受注取込","7987169","7987169X11Y14","【本革 コンパクト】財布 レディース メンズ ミニ財布 短財布 ミニウォレット NEK ★REVH 7987169 エンボス レザー 革 本革 牛革 ショートウォレット さいふ ウォレット 多機能 大容量 男性 ギフト 紳士用 プレゼント 薄い スリム 収納 ラウンドファスナー 送料無料","ONESIZE","ネイビー×ワイン","X11","Y14",,"0","9","8","-1",
"2026/08/02 13:59:30","受注取込","7988215","7988215X13Y13","【とにかくデカい！】 大きいサイズ キャップ メッシュキャップ 送料無料 大きめ ビッグサイズ BIG SIZE ★REV 7988215 <br> 帽子 ハット キャップ ワークキャップ メンズキャップ 大きいサイズ バケット 大きい帽子 メンズ バケハ メンズ帽子 大きい 頭 メッシュ 全39カラー","CC","3","X13","Y13",,"0","27","26","-1",
"2026/08/02 14:06:01","受注取込","7986674","7986674X11Y12","【深め/美シルエット】メッシュキャップ キャップ 帽子 メンズ レディース スエード風 ★REVL 7986674 野球帽 A-Frame Trucker 無地 刺繍 10色展開 送料無料","ONESIZE","B","X11","Y12",,"0","9","8","-1",
"2026/08/02 14:06:25","受注取込","7986593","7986593X11Y15","【ヒョウ柄】レディース メンズ 帽子 アニマル柄 キャスケット ヒョウ柄 レオパード ハンチング NEK ★REVO 7986593 ベレー帽 帽子 おしゃれ かわいい  送料無料","ONESIZE","E","X11","Y15",,"0","18","17","-1",
"2026/08/02 14:11:55","受注取込","7994812","7994812X12Y11","サファリハット メンズ 釣り 帽子 ハット レディース SUNS(サンズ)  撥水 アウトドア 登山 キャンプ バーベキュー NEK ★REV H-051 H-053 送料無料 大きいサイズあり キッズサイズ 子供 UVカット アドベンチャーハット 父の日 プレゼント ユニセックス 春 夏 夏フェス ギフト","大きいサイズ","BK/BLACK(H_051)","X12","Y11",,"0","433","432","-1",
"2026/08/02 14:12:01","受注取込","7987400","7987400X11Y19","【とにかくデカい！/普通サイズあり！】キャップ メンズ 大きいサイズ 帽子 深め ビッグサイズ ★REVM 7987400 BIG SIZE メンズキャップ帽子 大きめ 大きい帽子 メンズ帽子 レディース 春 夏 春夏 プレゼント ギフト 母の日 父の日 送料無料","大きいサイズ","I-ネイビー","X11","Y19",,"0","26","25","-1",
"2026/08/02 14:13:55","受注取込","7988215","7988215X13Y13","【とにかくデカい！】 大きいサイズ キャップ メッシュキャップ 送料無料 大きめ ビッグサイズ BIG SIZE ★REV 7988215 <br> 帽子 ハット キャップ ワークキャップ メンズキャップ 大きいサイズ バケット 大きい帽子 メンズ バケハ メンズ帽子 大きい 頭 メッシュ 全39カラー","CC","3","X13","Y13",,"0","26","25","-1",
"2026/08/02 14:17:31","受注取込","7986747","7986747X12Y11","【日焼けシェード付き】サファリハット シェード メンズ 釣り 帽子 ハット レディース SUNS(サンズ) 撥水 アウトドア 登山 キャンプ バーベキュー NEK ★REVL H-051 送料無料 大きいサイズあり キッズサイズ 子供 UVカット アドベンチャーハット 父の日 プレゼント ユニセックス 春 夏 夏フェス ギフト","大きいサイズ","SHADE_BK/BLACK(H_051)","X12","Y11",,"0","125","124","-1",
"2026/08/02 14:17:31","受注取込","7986822","7986822X11Y12","【耐強風/12本骨】 折りたたみ傘 大きいサイズ メンズ レディース 117cm 自動開閉 ★REV 7986822 遮蔽率99.9% UVカット UPF50+ 日傘 晴雨兼用 収納袋 紫外線遮断 雨傘 丈夫 頑丈 傘 完全遮光 ワンタッチ かさ 送料無料","ONESIZE","ネイビー","X11","Y12",,"0","17","16","-1",
"2026/08/02 14:17:31","受注取込","7994812","7994812X11Y11","サファリハット メンズ 釣り 帽子 ハット レディース SUNS(サンズ)  撥水 アウトドア 登山 キャンプ バーベキュー NEK ★REV H-051 H-053 送料無料 大きいサイズあり キッズサイズ 子供 UVカット アドベンチャーハット 父の日 プレゼント ユニセックス 春 夏 夏フェス ギフト","普通サイズ","BK/BLACK(H_051)","X11","Y11",,"0","59","58","-1",
"2026/08/02 14:20:04","受注取込","7987439","7987439X11Y13","【通気性◎】メッシュキャップ メンズ 帽子 7987439 ★REV 野球帽 普通サイズ 56cm～59cm 大きいサイズ ビッグサイズ 59cm～63cm BIG 刺繍 プレゼント ギフト 送料無料","普通サイズ","ブラック×ゴールド","X11","Y13",,"0","2","1","-1",
"2026/08/02 14:22:25","受注取込","7994812","7994812X12Y11","サファリハット メンズ 釣り 帽子 ハット レディース SUNS(サンズ)  撥水 アウトドア 登山 キャンプ バーベキュー NEK ★REV H-051 H-053 送料無料 大きいサイズあり キッズサイズ 子供 UVカット アドベンチャーハット 父の日 プレゼント ユニセックス 春 夏 夏フェス ギフト","大きいサイズ","BK/BLACK(H_051)","X12","Y11",,"0","432","431","-1",
"2026/08/02 14:23:55","受注取込","7988172","7988172X11Y12","【栃木レザー 日本製 】ベルト ビジネスベルト メンズ 本革 本皮 レザー 栃木レザー ★REV TDBT-1006 日本製 カジュアルベルト プレゼント ギフト MADE IN JAPAN クリスマス 父の日 誕生日プレゼント 送料無料","ONESIZE","ダークブラウン","X11","Y12",,"0","1","0","-1",
"2026/08/02 14:30:55","受注取込","7994812","7994812X12Y11","サファリハット メンズ 釣り 帽子 ハット レディース SUNS(サンズ)  撥水 アウトドア 登山 キャンプ バーベキュー NEK ★REV H-051 H-053 送料無料 大きいサイズあり キッズサイズ 子供 UVカット アドベンチャーハット 父の日 プレゼント ユニセックス 春 夏 夏フェス ギフト","大きいサイズ","BK/BLACK(H_051)","X12","Y11",,"0","431","430","-1",
"2026/08/02 14:30:55","受注取込","7994812","7994812X11Y21","サファリハット メンズ 釣り 帽子 ハット レディース SUNS(サンズ)  撥水 アウトドア 登山 キャンプ バーベキュー NEK ★REV H-051 H-053 送料無料 大きいサイズあり キッズサイズ 子供 UVカット アドベンチャーハット 父の日 プレゼント ユニセックス 春 夏 夏フェス ギフト","普通サイズ","PINK(H_051)","X11","Y21",,"0","31","30","-1",
"2026/08/02 14:33:01","受注取込","7987659","7987659X11Y13","【スーツに合う！】カーボン 財布 メンズ ミニ財布 短財布 LTG レザー 革 本革 牛革 NEK ★REV 7987659 ビジネス カーボンレザー ショートウォレット 父の日 おすすめ 人気 ギフト さいふ ウォレット 男性 ギフト 紳士用 プレゼント 薄い スリム 収納 メンズ財布 送料無料","ONESIZE","ブラック×ブラック","X11","Y13",,"0","12","11","-1",
"2026/08/02 14:43:55","受注取込","7994812","7994812X12Y31","サファリハット メンズ 釣り 帽子 ハット レディース SUNS(サンズ)  撥水 アウトドア 登山 キャンプ バーベキュー NEK ★REV H-051 H-053 送料無料 大きいサイズあり キッズサイズ 子供 UVカット アドベンチャーハット 父の日 プレゼント ユニセックス 春 夏 夏フェス ギフト","大きいサイズ","RENGA(H_051)","X12","Y31",,"0","46","45","-1",
"2026/08/02 14:46:55","受注取込","7994812","7994812X12Y12","サファリハット メンズ 釣り 帽子 ハット レディース SUNS(サンズ)  撥水 アウトドア 登山 キャンプ バーベキュー NEK ★REV H-051 H-053 送料無料 大きいサイズあり キッズサイズ 子供 UVカット アドベンチャーハット 父の日 プレゼント ユニセックス 春 夏 夏フェス ギフト","大きいサイズ","BLACK(H_051)","X12","Y12",,"0","51","50","-1",
"2026/08/02 14:47:55","受注取込","7986989","7986989X11Y17","【本革/特価/16色展開】本革 ショルダーバッグ ポーチ レディース ミニショルダーバッグ NEK ★REV 7986989 斜めがけ お財布 ショルダー お財布バッグ 送料無料","ONESIZE","オレンジ","X11","Y17",,"0","15","14","-1",
"2026/08/02 14:48:24","受注取込","7988215","7988215X13Y13","【とにかくデカい！】 大きいサイズ キャップ メッシュキャップ 送料無料 大きめ ビッグサイズ BIG SIZE ★REV 7988215 <br> 帽子 ハット キャップ ワークキャップ メンズキャップ 大きいサイズ バケット 大きい帽子 メンズ バケハ メンズ帽子 大きい 頭 メッシュ 全39カラー","CC","3","X13","Y13",,"0","25","24","-1",
"2026/08/02 14:50:37","受注取込","7997141","7997141X13Y12","特大 スイカ ドーナツ 浮き輪 浮輪 送料無料 プール 大人用 子供用 NEK 7997141 ★REV 120cm 90cm 80cm 70cm 60cm サイズ 大きい 大きめ うきわ ウキワ すいか 海 海水浴 ビックフロート 水上 レジャー かわいい フローティングベッド 西瓜 子供用浮き輪 大人 子供 こども","80cm","ドーナツイチゴ","X13","Y12",,"0","67","66","-1",
"2026/08/02 14:56:27","受注取込","7986572","7986572X11Y42","【新型/IQOS イルマ i ワン用】アイコス イルマiワン ILUMA ケース 保護ケース NEK ★REVL 7986572 iqosイルマワン イルマワンカバー 耐衝撃 おしゃれ iqos iluma one 専用 IQOSイルマワン保護ケース レザー ヒョウ柄 ペイズリー 保護カバー アイコスケース アクセサリー 送料無料","イルマiワン","86","X11","Y42",,"0","23","22","-1",
"2026/08/02 15:01:00","受注取込","7987400","7987400X11Y11","【とにかくデカい！/普通サイズあり！】キャップ メンズ 大きいサイズ 帽子 深め ビッグサイズ ★REVM 7987400 BIG SIZE メンズキャップ帽子 大きめ 大きい帽子 メンズ帽子 レディース 春 夏 春夏 プレゼント ギフト 母の日 父の日 送料無料","大きいサイズ","A-ブラック","X11","Y11",,"0","157","156","-1",
"2026/08/02 15:06:09","WEB画面","7987400","7987400X11Y13","【とにかくデカい！/普通サイズあり！】キャップ メンズ 大きいサイズ 帽子 深め ビッグサイズ ★REVM 7987400 BIG SIZE メンズキャップ帽子 大きめ 大きい帽子 メンズ帽子 レディース 春 夏 春夏 プレゼント ギフト 母の日 父の日 送料無料","大きいサイズ","C-グレー","X11","Y13",,"0","38","33","-5","門田"
"2026/08/02 15:06:31","受注取込","7987791","7987791X11Y11","【お得セット】ステッパー ミニ ステッパー パワーバンド付 ダイエット  器具 踏み台昇降 ★REV 7987791 健康 器具 ジム ツイストステッパー フィットネス 有酸素運動 脂肪燃焼 皮下脂肪 内臓脂肪 送料無料 プレゼント ギフト 母の日 父の日","ONESIZE","ホワイト×ブラック","X11","Y11",,"0","28","27","-1",
"2026/08/02 15:10:25","受注取込","7994812","7994812X11Y33","サファリハット メンズ 釣り 帽子 ハット レディース SUNS(サンズ)  撥水 アウトドア 登山 キャンプ バーベキュー NEK ★REV H-051 H-053 送料無料 大きいサイズあり キッズサイズ 子供 UVカット アドベンチャーハット 父の日 プレゼント ユニセックス 春 夏 夏フェス ギフト","普通サイズ","GREIGE(H-051)","X11","Y33",,"0","110","109","-1",
"2026/08/02 15:10:25","受注取込","7990413","7990413X11Y13","【超おしゃれ】マスク スカーフマスク 送料無料 感染対策 女性 レディース スカーフ マスクスカーフ 花柄 おしゃれ エレガント 防塵 花粉 UVカット 洗える NEK 7990413","ONESIZE","C","X11","Y13",,"0","3","2","-1",
"2026/08/02 15:16:30","WEB画面","7994812","7994812X12Y13","サファリハット メンズ 釣り 帽子 ハット レディース SUNS(サンズ)  撥水 アウトドア 登山 キャンプ バーベキュー NEK ★REV H-051 H-053 送料無料 大きいサイズあり キッズサイズ 子供 UVカット アドベンチャーハット 父の日 プレゼント ユニセックス 春 夏 夏フェス ギフト","大きいサイズ","NAVY(H_051)","X12","Y13",,"0","40","39","-1","塩谷 満里子"
"2026/08/02 15:17:25","受注取込","7994812","7994812X12Y14","サファリハット メンズ 釣り 帽子 ハット レディース SUNS(サンズ)  撥水 アウトドア 登山 キャンプ バーベキュー NEK ★REV H-051 H-053 送料無料 大きいサイズあり キッズサイズ 子供 UVカット アドベンチャーハット 父の日 プレゼント ユニセックス 春 夏 夏フェス ギフト","大きいサイズ","KHAKI(H_051)","X12","Y14",,"0","33","32","-1",
"2026/08/02 15:22:55","受注取込","7994812","7994812X12Y16","サファリハット メンズ 釣り 帽子 ハット レディース SUNS(サンズ)  撥水 アウトドア 登山 キャンプ バーベキュー NEK ★REV H-051 H-053 送料無料 大きいサイズあり キッズサイズ 子供 UVカット アドベンチャーハット 父の日 プレゼント ユニセックス 春 夏 夏フェス ギフト","大きいサイズ","GRAY(H_051)","X12","Y16",,"0","94","93","-1",
"2026/08/02 15:24:01","受注取込","7987073","7987073X12Y18","【くすみカラー 超軽量】バケットハット サファリハット メンズ レディース 普通サイズ 大きいサイズ NEK ★REV 7987073 アドベンチャーハット 撥水 速乾 軽量 折り畳める UV カット アウトドア キャンプ 登山 ウォーキング 散歩 日焼け防止 紫外線防止 送料無料","大きいサイズ","カーキ","X12","Y18",,"0","18","17","-1",
"2026/08/02 15:24:28","受注取込","7988089","7988089X16Y11","安全靴 スニーカー エアウォーク AIR WALK Y_YU AW-880 レッド迷彩 アクティブライト ローカット メンズ セーフティシューズ 樹脂先芯 軽量 衝撃吸収 負担軽減 作業靴 オシャレ","28.0cm","レッド迷彩","X16","Y11",,"0","189","188","-1",
"2026/08/02 15:25:55","受注取込","7986545","7986545X13Y11","【お得な2枚組】AVIREX アビレックス  アヴィレックス ボクサーパンツ メンズ NEK ★REVL 7986545 アンダーウェア 下着 かっこいい おすすめ 人気 カモフラ 迷彩 カモ柄 ロゴ ブランド 男性 紳士 プレゼント プチギフト 父の日 誕生日 彼氏 父 息子 ギフト 記念日 福袋 送料無料","XL","2枚組","X13","Y11",,"0","32","31","-1",
"2026/08/02 15:39:25","受注取込","7994812","7994812X11Y14","サファリハット メンズ 釣り 帽子 ハット レディース SUNS(サンズ)  撥水 アウトドア 登山 キャンプ バーベキュー NEK ★REV H-051 H-053 送料無料 大きいサイズあり キッズサイズ 子供 UVカット アドベンチャーハット 父の日 プレゼント ユニセックス 春 夏 夏フェス ギフト","普通サイズ","KHAKI(H_051)","X11","Y14",,"0","62","61","-1",
"2026/08/02 15:47:31","受注取込","7994812","7994812X12Y11","サファリハット メンズ 釣り 帽子 ハット レディース SUNS(サンズ)  撥水 アウトドア 登山 キャンプ バーベキュー NEK ★REV H-051 H-053 送料無料 大きいサイズあり キッズサイズ 子供 UVカット アドベンチャーハット 父の日 プレゼント ユニセックス 春 夏 夏フェス ギフト","大きいサイズ","BK/BLACK(H_051)","X12","Y11",,"0","430","429","-1",
"2026/08/02 15:50:18","受注取込","7992723","7992723X12Y11","お得！ 送料無料 4枚入り 福袋 Dickies ディッキーズ ボクサーパンツ メンズ かわいい NEK ★REV <br> パンツ ボクサーパンツ セット メンズ下着 メンズボクサーパンツ メンズボクサー 大きいサイズ 大きめ 特大 3L 下着 インナー メンズ usa まとめ買い プレゼント ギフト","L","福袋4枚セット","X12","Y11",,"0","282","281","-1",
"2026/08/02 15:55:55","受注取込","7994812","7994812X12Y11","サファリハット メンズ 釣り 帽子 ハット レディース SUNS(サンズ)  撥水 アウトドア 登山 キャンプ バーベキュー NEK ★REV H-051 H-053 送料無料 大きいサイズあり キッズサイズ 子供 UVカット アドベンチャーハット 父の日 プレゼント ユニセックス 春 夏 夏フェス ギフト","大きいサイズ","BK/BLACK(H_051)","X12","Y11",,"0","429","428","-1",
"2026/08/02 15:55:55","受注取込","7987085","7987085X12Y13","【とにかくデカい！】大きいサイズ キャップ 大きめ 深い 深め ビッグサイズ BIG SIZE ★REV 7987085 メンズキャップ帽子 大きい帽子 メンズ帽子 レディース 春 夏 春夏 プレゼント ギフト 母の日 父の日 送料無料","SU","3","X12","Y13",,"0","23","22","-1",
"2026/08/02 16:00:00","受注取込","7987082","7987082X11Y14","【超冷感】アームカバー UPF50＋ UVカット レディース uvカット アームカバー NEK ★REVA 7987082 指先まで 日焼け止め 腕カバー アームカバー uv 冷感 日焼け止め 手袋 アームカバー 日焼け対策 アームカバー 日焼け 冷感 夏 アウトドア 運転 自転車 ゴルフ 送料無料","ONESIZE","ライトグレー","X11","Y14",,"0","4","3","-1",
"2026/08/02 16:00:00","受注取込","7992723","7992723X11Y11","お得！ 送料無料 4枚入り 福袋 Dickies ディッキーズ ボクサーパンツ メンズ かわいい NEK ★REV <br> パンツ ボクサーパンツ セット メンズ下着 メンズボクサーパンツ メンズボクサー 大きいサイズ 大きめ 特大 3L 下着 インナー メンズ usa まとめ買い プレゼント ギフト","M","福袋4枚セット","X11","Y11",,"0","203","201","-2",
"2026/08/02 16:08:12","WEB画面","7987076","7987076X11Y12","【超軽量55g】特価 キャップ 帽子 メッシュキャップ ランニングキャップ NEK ★REV 7987076 メンズ レディース 速乾 軽量 ジョギング アウトドア キャンプ スポーツ 釣り 海 プール","アジャスタータイプ","ダークグレー","X11","Y12",,"0","36","26","-10","村垣 文香"
"2026/08/02 16:08:55","受注取込","7987400","7987400X11Y16","【とにかくデカい！/普通サイズあり！】キャップ メンズ 大きいサイズ 帽子 深め ビッグサイズ ★REVM 7987400 BIG SIZE メンズキャップ帽子 大きめ 大きい帽子 メンズ帽子 レディース 春 夏 春夏 プレゼント ギフト 母の日 父の日 送料無料","大きいサイズ","F-ブラック","X11","Y16",,"0","51","50","-1",
"2026/08/02 16:14:25","受注取込","7987075","7987075X11Y12","アンクレット レディース メンズ つけっぱなし NEK ★REV 7987075 ゴールド シルバー アクセサリー プレゼント ギフト おしゃれ 送料無料","ONESIZE","B","X11","Y12",,"0","13","12","-1",
"2026/08/02 16:14:25","受注取込","7987075","7987075X11Y16","アンクレット レディース メンズ つけっぱなし NEK ★REV 7987075 ゴールド シルバー アクセサリー プレゼント ギフト おしゃれ 送料無料","ONESIZE","F","X11","Y16",,"0","26","25","-1",
"2026/08/02 16:15:55","受注取込","7987400","7987400X11Y11","【とにかくデカい！/普通サイズあり！】キャップ メンズ 大きいサイズ 帽子 深め ビッグサイズ ★REVM 7987400 BIG SIZE メンズキャップ帽子 大きめ 大きい帽子 メンズ帽子 レディース 春 夏 春夏 プレゼント ギフト 母の日 父の日 送料無料","大きいサイズ","A-ブラック","X11","Y11",,"0","156","155","-1",
"2026/08/02 16:18:56","受注取込","7987078","7987078X11Y11","【3個の福袋！即出荷】ビーチボール 水遊び ビーチバレー 浮き輪 フロート NEK ★REV 7987078 サッカーボール 30cm アウトドア キャンプ 海 プール 川 リゾート 送料無料","ONESIZE","3個セット","X11","Y11",,"0","65","64","-1",
"2026/08/02 16:19:50","WEB画面","8003102","8003102X11Y12","やみつきになる！ ストレッチ AVIREX アビレックス Tシャツ メンズ ★REV NEK 6143501 6143502 Vネック クルーネック 半袖 プレゼント ギフト","Vネック_ホワイト_001","Mサイズ","X11","Y12",,"0","1","5","4","塩谷 満里子"
"2026/08/02 16:19:50","WEB画面","8003102","8003102X12Y11","やみつきになる！ ストレッチ AVIREX アビレックス Tシャツ メンズ ★REV NEK 6143501 6143502 Vネック クルーネック 半袖 プレゼント ギフト","Vネック_ブラック_009","Sサイズ","X12","Y11",,"0","0","2","2","塩谷 満里子"
"2026/08/02 16:19:50","WEB画面","8003102","8003102X12Y13","やみつきになる！ ストレッチ AVIREX アビレックス Tシャツ メンズ ★REV NEK 6143501 6143502 Vネック クルーネック 半袖 プレゼント ギフト","Vネック_ブラック_009","Lサイズ","X12","Y13",,"0","1","5","4","塩谷 満里子"
"2026/08/02 16:19:50","WEB画面","8003102","8003102X13Y11","やみつきになる！ ストレッチ AVIREX アビレックス Tシャツ メンズ ★REV NEK 6143501 6143502 Vネック クルーネック 半袖 プレゼント ギフト","Vネック_グレー_014","Sサイズ","X13","Y11",,"0","1","3","2","塩谷 満里子"
"2026/08/02 16:19:50","WEB画面","8003102","8003102X14Y12","やみつきになる！ ストレッチ AVIREX アビレックス Tシャツ メンズ ★REV NEK 6143501 6143502 Vネック クルーネック 半袖 プレゼント ギフト","Vネック_チャコール_019","Mサイズ","X14","Y12",,"0","1","3","2","塩谷 満里子"
"2026/08/02 16:19:50","WEB画面","8003102","8003102X21Y12","やみつきになる！ ストレッチ AVIREX アビレックス Tシャツ メンズ ★REV NEK 6143501 6143502 Vネック クルーネック 半袖 プレゼント ギフト","Vネック_ネイビー(ロイヤル)_086","Mサイズ","X21","Y12",,"0","0","2","2","塩谷 満里子"
"2026/08/02 16:20:12","受注取込","7987493","7987493X11Y12","【楽あけくん】 瓶オープナー 缶オープナー キャップオープナー 蓋開け ジャーオープナー NEK ★REV 7987493 ツイスト 力節約 びん蓋開け ジャムのフタや缶 滑り止め 安全 らくらく 力の弱い 女性 お年寄り お子様 キッチンツール キッチン用品 送料無料","ONESIZE","グリーン","X11","Y12",,"0","38","37","-1",
"2026/08/02 16:20:13","受注取込","7987093","7987093X11Y13","【新型iphone/IQOS対応】急速5A 3股 Type-C 充電ケーブル スマホケーブル 1.2m 2m 3m typec NEK ★REVL 7987093 新型iphone IQOS対応 USB A→Type-C×3 充電ケーブル 3in1 急速 送料無料","1.2m","ブラック_TypeC/TypeC×3","X11","Y13",,"0","84","82","-2",
"2026/08/02 16:20:22","WEB画面","8003102","8003102X16Y11","やみつきになる！ ストレッチ AVIREX アビレックス Tシャツ メンズ ★REV NEK 6143501 6143502 Vネック クルーネック 半袖 プレゼント ギフト","クルーネック_ホワイト_001","Sサイズ","X16","Y11",,"0","0","3","3","塩谷 満里子"
"2026/08/02 16:20:22","WEB画面","8003102","8003102X17Y11","やみつきになる！ ストレッチ AVIREX アビレックス Tシャツ メンズ ★REV NEK 6143501 6143502 Vネック クルーネック 半袖 プレゼント ギフト","クルーネック_ブラック_009","Sサイズ","X17","Y11",,"0","0","3","3","塩谷 満里子"
"2026/08/02 16:20:22","WEB画面","8003102","8003102X17Y12","やみつきになる！ ストレッチ AVIREX アビレックス Tシャツ メンズ ★REV NEK 6143501 6143502 Vネック クルーネック 半袖 プレゼント ギフト","クルーネック_ブラック_009","Mサイズ","X17","Y12",,"0","0","3","3","塩谷 満里子"
"2026/08/02 16:21:22","WEB画面","8003112","8003112X12Y11","AVIREX アビレックス タンクトップ メンズ 無地 アヴィレックス メンズアメカジトップス ★REV NEK 6143503 全10色 プレゼント ギフト","M","ホワイト(01)","X12","Y11",,"0","0","2","2","塩谷 満里子"
"2026/08/02 16:21:22","WEB画面","8003112","8003112X13Y11","AVIREX アビレックス タンクトップ メンズ 無地 アヴィレックス メンズアメカジトップス ★REV NEK 6143503 全10色 プレゼント ギフト","L","ホワイト(01)","X13","Y11",,"0","1","3","2","塩谷 満里子"
"2026/08/02 16:21:22","WEB画面","8003112","8003112X13Y12","AVIREX アビレックス タンクトップ メンズ 無地 アヴィレックス メンズアメカジトップス ★REV NEK 6143503 全10色 プレゼント ギフト","L","ブラック(09)","X13","Y12",,"0","1","3","2","塩谷 満里子"
"2026/08/02 16:21:55","受注取込","8003112","8003112X12Y14","AVIREX アビレックス タンクトップ メンズ 無地 アヴィレックス メンズアメカジトップス ★REV NEK 6143503 全10色 プレゼント ギフト","M","チャコール(19)","X12","Y14",,"0","2","1","-1",
"2026/08/02 16:32:35","受注取込","7987061","7987061X11Y12","【お得な2組セット】アームカバー メンズ レディース 2組セット 冷感 NEK ★REV 7987061 ひんやり スポーツ 紫外線カット UVカット 男用 仕事 外 夏 運動 ゴルフ サイクリング 通気性 速乾性 接触冷感 UPF50+ 日焼け防止 送料無料","ONESIZE","ホワイト","X11","Y12",,"0","151","150","-1",
"2026/08/02 16:35:55","受注取込","7987643","7987643X11Y11","【多機能】財布 短財布 レザー ミニ 二つ折り メンズ レディース ミニウォレット 本革 NEK ★REV 7987643 RFID スキミング防止 LTG プレゼント ギフト 父の日 母の日 送料無料","ONESIZE","ブラック","X11","Y11",,"0","29","28","-1",
"2026/08/02 16:36:58","受注取込","7987061","7987061X11Y11","【お得な2組セット】アームカバー メンズ レディース 2組セット 冷感 NEK ★REV 7987061 ひんやり スポーツ 紫外線カット UVカット 男用 仕事 外 夏 運動 ゴルフ サイクリング 通気性 速乾性 接触冷感 UPF50+ 日焼け防止 送料無料","ONESIZE","ブラック","X11","Y11",,"0","442","441","-1",
"2026/08/02 16:37:25","受注取込","7994812","7994812X11Y13","サファリハット メンズ 釣り 帽子 ハット レディース SUNS(サンズ)  撥水 アウトドア 登山 キャンプ バーベキュー NEK ★REV H-051 H-053 送料無料 大きいサイズあり キッズサイズ 子供 UVカット アドベンチャーハット 父の日 プレゼント ユニセックス 春 夏 夏フェス ギフト","普通サイズ","NAVY(H_051)","X11","Y13",,"0","82","81","-1",
"2026/08/02 16:40:19","受注取込","7987031","7987031X11Y12","【大人気SUNSより当店限定！】ミニトート バッグ レディース メンズ トートバッグ トート NEK ★REVL 7987031 CRB-001 ミニ 仕切り ポケット ランチバッグ マザーズバッグ 収納 ミリタリー MA-1 シンプル おしゃれ 便利 無地 通勤 通学 ユニセックス ジッパー付き 撥水","ONESIZE","カーキ","X11","Y12",,"0","56","55","-1",
"2026/08/02 16:43:01","受注取込","7987400","7987400X11Y15","【とにかくデカい！/普通サイズあり！】キャップ メンズ 大きいサイズ 帽子 深め ビッグサイズ ★REVM 7987400 BIG SIZE メンズキャップ帽子 大きめ 大きい帽子 メンズ帽子 レディース 春 夏 春夏 プレゼント ギフト 母の日 父の日 送料無料","大きいサイズ","E-ベージュ","X11","Y15",,"0","49","48","-1",
"2026/08/02 16:45:55","受注取込","7987345","7987345X22Y13","【とにかくデカい！】 大きいサイズ キャップ 送料無料 大きめ ビッグサイズ ★REV 7987345 BIG SIZE 帽子 ハット キャップ キャスケット メンズキャップ 大きいサイズ バケット 大きい帽子 メンズ メンズ帽子 大きい 頭 メッシュキャップ","LLL","3","X22","Y13",,"0","12","11","-1",
"2026/08/02 16:49:00","受注取込","7986779","7986779X12Y11","【高純度テラヘルツ/鏡面多面カット】 テラヘルツ アンクレット ブレスレット メンズ レディース NEK ★REV 7986779 4.0mm 健康 テラヘルツ波 パワーストーン 天然石 アクセサリー プレゼント ギフト プチギフト 母の日 父の日 送料無料","アンクレット","テラヘルツ","X12","Y11",,"0","64","63","-1",
"2026/08/02 16:55:20","WEB画面","7992540","7992540X11Y14","AVIREX ワークキャップ メンズ 大きいサイズ 大きめ キャップ ブランド 帽子 アメカジ アビレックス 春 夏 秋 冬 綿100％ ★REV 18490000 14787700 80264100 7992540 ネイビー/ベージュ/ブラック/カーキ プレゼント ギフト","ONESIZE","【D】カーキ","X11","Y14",,"0","38","48","10","大木 望"
"2026/08/02 16:57:36","WEB画面","7986710","7986710X11Y11","【春夏秋冬対応/くすみカラー】トートバッグ クロシェバッグ エコバッグ レディース NEK ★REVO 7986710 メッシュ クロシェ編み ナチュラル ニット A4 軽量 かぎ編み おしゃれ 大容量 リゾート 通勤 通学 学生 送料無料","ONESIZE","カーキ","X11","Y11",,"0","65","15","-50","門田"
"2026/08/02 16:57:48","WEB画面","7986710","7986710X11Y18","【春夏秋冬対応/くすみカラー】トートバッグ クロシェバッグ エコバッグ レディース NEK ★REVO 7986710 メッシュ クロシェ編み ナチュラル ニット A4 軽量 かぎ編み おしゃれ 大容量 リゾート 通勤 通学 学生 送料無料","ONESIZE","アイボリー","X11","Y18",,"0","6","56","50","門田"
"2026/08/02 16:58:55","受注取込","7994812","7994812X12Y11","サファリハット メンズ 釣り 帽子 ハット レディース SUNS(サンズ)  撥水 アウトドア 登山 キャンプ バーベキュー NEK ★REV H-051 H-053 送料無料 大きいサイズあり キッズサイズ 子供 UVカット アドベンチャーハット 父の日 プレゼント ユニセックス 春 夏 夏フェス ギフト","大きいサイズ","BK/BLACK(H_051)","X12","Y11",,"0","428","427","-1",
"2026/08/02 17:00:30","受注取込","7995525","7995525X1Y14","AVIREX 限定モデル キャップ 帽子 父の日 贈り物 プレゼント メンズ ★REV ブラックシリーズ 黒 アビレックス アヴィレックス メッシュキャップ ハンチング ローキャップ バケット ハット ワークキャップ レディース かっこいい yos プレゼント ギフト","ONESIZE","【N】サファリハット_17158300","X1","Y14",,"0","133","132","-1",
"2026/08/02 17:01:01","受注取込","7994812","7994812X12Y12","サファリハット メンズ 釣り 帽子 ハット レディース SUNS(サンズ)  撥水 アウトドア 登山 キャンプ バーベキュー NEK ★REV H-051 H-053 送料無料 大きいサイズあり キッズサイズ 子供 UVカット アドベンチャーハット 父の日 プレゼント ユニセックス 春 夏 夏フェス ギフト","大きいサイズ","BLACK(H_051)","X12","Y12",,"0","50","49","-1",
"2026/08/02 17:03:25","受注取込","7997141","7997141X16Y14","特大 スイカ ドーナツ 浮き輪 浮輪 送料無料 プール 大人用 子供用 NEK 7997141 ★REV 120cm 90cm 80cm 70cm 60cm サイズ 大きい 大きめ うきわ ウキワ すいか 海 海水浴 ビックフロート 水上 レジャー かわいい フローティングベッド 西瓜 子供用浮き輪 大人 子供 こども","ONESIZE","スイカストライプ","X16","Y14",,"0","57","56","-1",
"2026/08/02 17:06:25","受注取込","7997141","7997141X12Y11","特大 スイカ ドーナツ 浮き輪 浮輪 送料無料 プール 大人用 子供用 NEK 7997141 ★REV 120cm 90cm 80cm 70cm 60cm サイズ 大きい 大きめ うきわ ウキワ すいか 海 海水浴 ビックフロート 水上 レジャー かわいい フローティングベッド 西瓜 子供用浮き輪 大人 子供 こども","90cm","スイカ","X12","Y11",,"0","60","59","-1",
"2026/08/02 17:07:01","受注取込","7988450","7988450X11Y11","【撫でるだけ！】ペット グルーミング グローブ ブラシ 手袋 犬 猫 マッサージ NEK 7988450 ブラシ 抜け毛抜き 毛玉除去 毛取り マッサージ手袋 抜け毛対策 グルーミンググローブ ペット用品 ペットグッズ 換毛期 右手用 プレゼント ギフト","ONESIZE","ブルー","X11","Y11",,"0","59","58","-1",
"2026/08/02 17:08:01","受注取込","7986532","7986532X11Y11","【新型/IQOS イルマ i ワン用】アイコス イルマiワン ILUMA ケース 保護ケース NEK ★REVL 7986532 iqosイルマワン イルマワンカバー 耐衝撃 おしゃれ iqos iluma one 専用 IQOSイルマワン保護ケース レザー 保護カバー アイコスケース アクセサリー 送料無料","ONESIZE","クリア","X11","Y11",,"0","2","0","-2",
"2026/08/02 17:08:56","受注取込","8003112","8003112X13Y14","AVIREX アビレックス タンクトップ メンズ 無地 アヴィレックス メンズアメカジトップス ★REV NEK 6143503 全10色 プレゼント ギフト","L","チャコール(19)","X13","Y14",,"0","1","0","-1",
"2026/08/02 17:12:25","受注取込","7994812","7994812X13Y12","サファリハット メンズ 釣り 帽子 ハット レディース SUNS(サンズ)  撥水 アウトドア 登山 キャンプ バーベキュー NEK ★REV H-051 H-053 送料無料 大きいサイズあり キッズサイズ 子供 UVカット アドベンチャーハット 父の日 プレゼント ユニセックス 春 夏 夏フェス ギフト","キッズサイズ","BLACK(H_051)","X13","Y12",,"0","6","5","-1",
"2026/08/02 17:16:25","受注取込","7988215","7988215X13Y11","【とにかくデカい！】 大きいサイズ キャップ メッシュキャップ 送料無料 大きめ ビッグサイズ BIG SIZE ★REV 7988215 <br> 帽子 ハット キャップ ワークキャップ メンズキャップ 大きいサイズ バケット 大きい帽子 メンズ バケハ メンズ帽子 大きい 頭 メッシュ 全39カラー","CC","1","X13","Y11",,"0","26","25","-1",
"2026/08/02 17:16:31","受注取込","7988215","7988215X13Y12","【とにかくデカい！】 大きいサイズ キャップ メッシュキャップ 送料無料 大きめ ビッグサイズ BIG SIZE ★REV 7988215 <br> 帽子 ハット キャップ ワークキャップ メンズキャップ 大きいサイズ バケット 大きい帽子 メンズ バケハ メンズ帽子 大きい 頭 メッシュ 全39カラー","CC","2","X13","Y12",,"0","33","32","-1",
"2026/08/02 17:16:31","受注取込","7988215","7988215X16Y11","【とにかくデカい！】 大きいサイズ キャップ メッシュキャップ 送料無料 大きめ ビッグサイズ BIG SIZE ★REV 7988215 <br> 帽子 ハット キャップ ワークキャップ メンズキャップ 大きいサイズ バケット 大きい帽子 メンズ バケハ メンズ帽子 大きい 頭 メッシュ 全39カラー","FF","1","X16","Y11",,"0","46","45","-1",
"2026/08/02 17:20:14","受注取込","7988124","7988124X11Y17","大きいサイズ キャップ 帽子 メンズ フルキャップ ベースボールキャップ コットンキャップ 野球帽 ワンポイント ★REV 7988124 イーグル 鷲 刺繍 ミリタリー BIGSIZE キングサイズ 送料無料","ONESIZE","メッシュホワイト","X11","Y17",,"0","18","17","-1",
"2026/08/02 17:22:01","受注取込","7986712","7986712X11Y17","【超協力マグネット/選べる33種】帽子クリップ ハットクリップ キャップクリップ  NEK ★REV 7986712 帽子収納ホルダー 収納フック キーホルダー 強力マグネット レザー調 アクセサリー チャーム キーリング キーケース 送料無料","ONESIZE","7","X11","Y17",,"0","77","76","-1",
"2026/08/02 17:22:11","WEB画面","7987400","7987400X11Y13","【とにかくデカい！/普通サイズあり！】キャップ メンズ 大きいサイズ 帽子 深め ビッグサイズ ★REVM 7987400 BIG SIZE メンズキャップ帽子 大きめ 大きい帽子 メンズ帽子 レディース 春 夏 春夏 プレゼント ギフト 母の日 父の日 送料無料","大きいサイズ","C-グレー","X11","Y13",,"0","33","38","5","門田"
"2026/08/02 17:24:55","受注取込","7997141","7997141X13Y11","特大 スイカ ドーナツ 浮き輪 浮輪 送料無料 プール 大人用 子供用 NEK 7997141 ★REV 120cm 90cm 80cm 70cm 60cm サイズ 大きい 大きめ うきわ ウキワ すいか 海 海水浴 ビックフロート 水上 レジャー かわいい フローティングベッド 西瓜 子供用浮き輪 大人 子供 こども","80cm","スイカ","X13","Y11",,"0","44","43","-1",
"2026/08/02 17:31:12","WEB画面","7986476","7986476X11Y11","キャンバス ショルダートートバッグ レディース メンズ 大容量 A4 通勤 通学 NEK ★REVL MADE-030 7986476 キャンバストートバッグ ショルダーバッグ 2WAY 肩掛け 軽量 帆布 ファスナー付き 内ポケット付き 男女兼用 SUNS TOKYO 送料無料","ONESIZE","ブラック","X11","Y11",,"0","8","6","-2","大木 望"
"2026/08/02 17:31:12","WEB画面","7986476","7986476X11Y12","キャンバス ショルダートートバッグ レディース メンズ 大容量 A4 通勤 通学 NEK ★REVL MADE-030 7986476 キャンバストートバッグ ショルダーバッグ 2WAY 肩掛け 軽量 帆布 ファスナー付き 内ポケット付き 男女兼用 SUNS TOKYO 送料無料","ONESIZE","ナチュラル","X11","Y12",,"0","8","6","-2","大木 望"
"2026/08/02 17:31:12","WEB画面","7986476","7986476X11Y13","キャンバス ショルダートートバッグ レディース メンズ 大容量 A4 通勤 通学 NEK ★REVL MADE-030 7986476 キャンバストートバッグ ショルダーバッグ 2WAY 肩掛け 軽量 帆布 ファスナー付き 内ポケット付き 男女兼用 SUNS TOKYO 送料無料","ONESIZE","レッド","X11","Y13",,"0","8","6","-2","大木 望"
"2026/08/02 17:31:12","WEB画面","7986476","7986476X11Y14","キャンバス ショルダートートバッグ レディース メンズ 大容量 A4 通勤 通学 NEK ★REVL MADE-030 7986476 キャンバストートバッグ ショルダーバッグ 2WAY 肩掛け 軽量 帆布 ファスナー付き 内ポケット付き 男女兼用 SUNS TOKYO 送料無料","ONESIZE","グレー","X11","Y14",,"0","8","6","-2","大木 望"
"2026/08/02 17:31:12","WEB画面","7986476","7986476X11Y15","キャンバス ショルダートートバッグ レディース メンズ 大容量 A4 通勤 通学 NEK ★REVL MADE-030 7986476 キャンバストートバッグ ショルダーバッグ 2WAY 肩掛け 軽量 帆布 ファスナー付き 内ポケット付き 男女兼用 SUNS TOKYO 送料無料","ONESIZE","カーキ","X11","Y15",,"0","8","6","-2","大木 望"
"2026/08/02 17:31:12","WEB画面","7986476","7986476X11Y16","キャンバス ショルダートートバッグ レディース メンズ 大容量 A4 通勤 通学 NEK ★REVL MADE-030 7986476 キャンバストートバッグ ショルダーバッグ 2WAY 肩掛け 軽量 帆布 ファスナー付き 内ポケット付き 男女兼用 SUNS TOKYO 送料無料","ONESIZE","ベージュ","X11","Y16",,"0","8","6","-2","大木 望"
"2026/08/02 17:31:12","WEB画面","7986476","7986476X11Y17","キャンバス ショルダートートバッグ レディース メンズ 大容量 A4 通勤 通学 NEK ★REVL MADE-030 7986476 キャンバストートバッグ ショルダーバッグ 2WAY 肩掛け 軽量 帆布 ファスナー付き 内ポケット付き 男女兼用 SUNS TOKYO 送料無料","ONESIZE","ピンク","X11","Y17",,"0","8","6","-2","大木 望"
"2026/08/02 17:31:12","WEB画面","7986476","7986476X11Y18","キャンバス ショルダートートバッグ レディース メンズ 大容量 A4 通勤 通学 NEK ★REVL MADE-030 7986476 キャンバストートバッグ ショルダーバッグ 2WAY 肩掛け 軽量 帆布 ファスナー付き 内ポケット付き 男女兼用 SUNS TOKYO 送料無料","ONESIZE","ネイビー","X11","Y18",,"0","8","6","-2","大木 望"
"2026/08/02 17:32:00","受注取込","7988390","7988390X11Y13","【おまけ付き 速攻配達】テント ワンタッチ 2人用 1人用 3-4人用 折りたたみテント ★REV 7988390 自動ポップアップテント 撥水加工 紫外線防止 登山 折りたたみ 防水 通気性 アウトドア 登山 運動会 日よけ キャンプ サンシェード uvカット 簡単 アウトドア バーベキュー","ONESIZE","グリーン","X11","Y13",,"0","40","39","-1",
"2026/08/02 17:37:17","WEB画面","7987073","7987073X11Y12","【くすみカラー 超軽量】バケットハット サファリハット メンズ レディース 普通サイズ 大きいサイズ NEK ★REV 7987073 アドベンチャーハット 撥水 速乾 軽量 折り畳める UV カット アウトドア キャンプ 登山 ウォーキング 散歩 日焼け防止 紫外線防止 送料無料","普通サイズ","グレー","X11","Y12",,"0","6","8","2","塩谷 満里子"
"2026/08/02 17:37:17","WEB画面","7987073","7987073X11Y14","【くすみカラー 超軽量】バケットハット サファリハット メンズ レディース 普通サイズ 大きいサイズ NEK ★REV 7987073 アドベンチャーハット 撥水 速乾 軽量 折り畳める UV カット アウトドア キャンプ 登山 ウォーキング 散歩 日焼け防止 紫外線防止 送料無料","普通サイズ","ピンク","X11","Y14",,"0","25","27","2","塩谷 満里子"
"2026/08/02 17:37:17","WEB画面","7987073","7987073X11Y15","【くすみカラー 超軽量】バケットハット サファリハット メンズ レディース 普通サイズ 大きいサイズ NEK ★REV 7987073 アドベンチャーハット 撥水 速乾 軽量 折り畳める UV カット アウトドア キャンプ 登山 ウォーキング 散歩 日焼け防止 紫外線防止 送料無料","普通サイズ","オリーブ","X11","Y15",,"0","12","14","2","塩谷 満里子"
"2026/08/02 17:37:17","WEB画面","7987073","7987073X11Y16","【くすみカラー 超軽量】バケットハット サファリハット メンズ レディース 普通サイズ 大きいサイズ NEK ★REV 7987073 アドベンチャーハット 撥水 速乾 軽量 折り畳める UV カット アウトドア キャンプ 登山 ウォーキング 散歩 日焼け防止 紫外線防止 送料無料","普通サイズ","ネイビー","X11","Y16",,"0","39","41","2","塩谷 満里子"
"2026/08/02 17:37:17","WEB画面","7987073","7987073X11Y18","【くすみカラー 超軽量】バケットハット サファリハット メンズ レディース 普通サイズ 大きいサイズ NEK ★REV 7987073 アドベンチャーハット 撥水 速乾 軽量 折り畳める UV カット アウトドア キャンプ 登山 ウォーキング 散歩 日焼け防止 紫外線防止 送料無料","普通サイズ","カーキ","X11","Y18",,"0","6","7","1","塩谷 満里子"
"2026/08/02 17:37:17","WEB画面","7987073","7987073X12Y15","【くすみカラー 超軽量】バケットハット サファリハット メンズ レディース 普通サイズ 大きいサイズ NEK ★REV 7987073 アドベンチャーハット 撥水 速乾 軽量 折り畳める UV カット アウトドア キャンプ 登山 ウォーキング 散歩 日焼け防止 紫外線防止 送料無料","大きいサイズ","オリーブ","X12","Y15",,"0","30","31","1","塩谷 満里子"
"2026/08/02 17:37:17","WEB画面","7987073","7987073X12Y16","【くすみカラー 超軽量】バケットハット サファリハット メンズ レディース 普通サイズ 大きいサイズ NEK ★REV 7987073 アドベンチャーハット 撥水 速乾 軽量 折り畳める UV カット アウトドア キャンプ 登山 ウォーキング 散歩 日焼け防止 紫外線防止 送料無料","大きいサイズ","ネイビー","X12","Y16",,"0","36","37","1","塩谷 満里子"
"2026/08/02 17:37:17","WEB画面","7987073","7987073X12Y17","【くすみカラー 超軽量】バケットハット サファリハット メンズ レディース 普通サイズ 大きいサイズ NEK ★REV 7987073 アドベンチャーハット 撥水 速乾 軽量 折り畳める UV カット アウトドア キャンプ 登山 ウォーキング 散歩 日焼け防止 紫外線防止 送料無料","大きいサイズ","レンガ","X12","Y17",,"0","20","22","2","塩谷 満里子"
"2026/08/02 17:37:17","WEB画面","7987073","7987073X12Y18","【くすみカラー 超軽量】バケットハット サファリハット メンズ レディース 普通サイズ 大きいサイズ NEK ★REV 7987073 アドベンチャーハット 撥水 速乾 軽量 折り畳める UV カット アウトドア キャンプ 登山 ウォーキング 散歩 日焼け防止 紫外線防止 送料無料","大きいサイズ","カーキ","X12","Y18",,"0","17","18","1","塩谷 満里子"
"2026/08/02 17:37:26","WEB画面","7987073","7987073X11Y13","【くすみカラー 超軽量】バケットハット サファリハット メンズ レディース 普通サイズ 大きいサイズ NEK ★REV 7987073 アドベンチャーハット 撥水 速乾 軽量 折り畳める UV カット アウトドア キャンプ 登山 ウォーキング 散歩 日焼け防止 紫外線防止 送料無料","普通サイズ","ブラック","X11","Y13",,"0","111","112","1","塩谷 満里子"
"2026/08/02 17:37:34","WEB画面","7987073","7987073X11Y17","【くすみカラー 超軽量】バケットハット サファリハット メンズ レディース 普通サイズ 大きいサイズ NEK ★REV 7987073 アドベンチャーハット 撥水 速乾 軽量 折り畳める UV カット アウトドア キャンプ 登山 ウォーキング 散歩 日焼け防止 紫外線防止 送料無料","普通サイズ","レンガ","X11","Y17",,"0","5","6","1","塩谷 満里子"
"2026/08/02 17:37:42","WEB画面","7987073","7987073X12Y11","【くすみカラー 超軽量】バケットハット サファリハット メンズ レディース 普通サイズ 大きいサイズ NEK ★REV 7987073 アドベンチャーハット 撥水 速乾 軽量 折り畳める UV カット アウトドア キャンプ 登山 ウォーキング 散歩 日焼け防止 紫外線防止 送料無料","大きいサイズ","ベージュ","X12","Y11",,"0","37","39","2","塩谷 満里子"
"2026/08/02 17:37:51","WEB画面","7987073","7987073X12Y14","【くすみカラー 超軽量】バケットハット サファリハット メンズ レディース 普通サイズ 大きいサイズ NEK ★REV 7987073 アドベンチャーハット 撥水 速乾 軽量 折り畳める UV カット アウトドア キャンプ 登山 ウォーキング 散歩 日焼け防止 紫外線防止 送料無料","大きいサイズ","ピンク","X12","Y14",,"0","17","19","2","塩谷 満里子"
"2026/08/02 17:38:01","WEB画面","7987073","7987073X12Y12","【くすみカラー 超軽量】バケットハット サファリハット メンズ レディース 普通サイズ 大きいサイズ NEK ★REV 7987073 アドベンチャーハット 撥水 速乾 軽量 折り畳める UV カット アウトドア キャンプ 登山 ウォーキング 散歩 日焼け防止 紫外線防止 送料無料","大きいサイズ","グレー","X12","Y12",,"0","33","34","1","塩谷 満里子"
"2026/08/02 17:40:30","受注取込","7988215","7988215X13Y12","【とにかくデカい！】 大きいサイズ キャップ メッシュキャップ 送料無料 大きめ ビッグサイズ BIG SIZE ★REV 7988215 <br> 帽子 ハット キャップ ワークキャップ メンズキャップ 大きいサイズ バケット 大きい帽子 メンズ バケハ メンズ帽子 大きい 頭 メッシュ 全39カラー","CC","2","X13","Y12",,"0","32","31","-1",
"2026/08/02 17:43:30","受注取込","7987075","7987075X11Y12","アンクレット レディース メンズ つけっぱなし NEK ★REV 7987075 ゴールド シルバー アクセサリー プレゼント ギフト おしゃれ 送料無料","ONESIZE","B","X11","Y12",,"0","12","11","-1",
"2026/08/02 17:44:55","受注取込","7997141","7997141X11Y11","特大 スイカ ドーナツ 浮き輪 浮輪 送料無料 プール 大人用 子供用 NEK 7997141 ★REV 120cm 90cm 80cm 70cm 60cm サイズ 大きい 大きめ うきわ ウキワ すいか 海 海水浴 ビックフロート 水上 レジャー かわいい フローティングベッド 西瓜 子供用浮き輪 大人 子供 こども","120cm","スイカ","X11","Y11",,"0","1012","1011","-1",
"2026/08/02 17:46:37","WEB画面","7986572","7986572X11Y30","【新型/IQOS イルマ i ワン用】アイコス イルマiワン ILUMA ケース 保護ケース NEK ★REVL 7986572 iqosイルマワン イルマワンカバー 耐衝撃 おしゃれ iqos iluma one 専用 IQOSイルマワン保護ケース レザー ヒョウ柄 ペイズリー 保護カバー アイコスケース アクセサリー 送料無料","イルマiワン","74","X11","Y30",,"0","-1","0","1","村垣 文香"
"2026/08/02 17:47:01","WEB画面","7986572","7986572X11Y11","【新型/IQOS イルマ i ワン用】アイコス イルマiワン ILUMA ケース 保護ケース NEK ★REVL 7986572 iqosイルマワン イルマワンカバー 耐衝撃 おしゃれ iqos iluma one 専用 IQOSイルマワン保護ケース レザー ヒョウ柄 ペイズリー 保護カバー アイコスケース アクセサリー 送料無料","イルマiワン","55","X11","Y11",,"0","1","3","2","村垣 文香"
"2026/08/02 17:47:01","WEB画面","7986572","7986572X11Y20","【新型/IQOS イルマ i ワン用】アイコス イルマiワン ILUMA ケース 保護ケース NEK ★REVL 7986572 iqosイルマワン イルマワンカバー 耐衝撃 おしゃれ iqos iluma one 専用 IQOSイルマワン保護ケース レザー ヒョウ柄 ペイズリー 保護カバー アイコスケース アクセサリー 送料無料","イルマiワン","64","X11","Y20",,"0","0","1","1","村垣 文香"
"2026/08/02 17:47:01","WEB画面","7986572","7986572X11Y31","【新型/IQOS イルマ i ワン用】アイコス イルマiワン ILUMA ケース 保護ケース NEK ★REVL 7986572 iqosイルマワン イルマワンカバー 耐衝撃 おしゃれ iqos iluma one 専用 IQOSイルマワン保護ケース レザー ヒョウ柄 ペイズリー 保護カバー アイコスケース アクセサリー 送料無料","イルマiワン","75","X11","Y31",,"0","0","6","6","村垣 文香"
"2026/08/02 17:47:01","WEB画面","7986572","7986572X11Y41","【新型/IQOS イルマ i ワン用】アイコス イルマiワン ILUMA ケース 保護ケース NEK ★REVL 7986572 iqosイルマワン イルマワンカバー 耐衝撃 おしゃれ iqos iluma one 専用 IQOSイルマワン保護ケース レザー ヒョウ柄 ペイズリー 保護カバー アイコスケース アクセサリー 送料無料","イルマiワン","85","X11","Y41",,"0","0","2","2","村垣 文香"
"2026/08/02 17:47:01","WEB画面","7986572","7986572X11Y43","【新型/IQOS イルマ i ワン用】アイコス イルマiワン ILUMA ケース 保護ケース NEK ★REVL 7986572 iqosイルマワン イルマワンカバー 耐衝撃 おしゃれ iqos iluma one 専用 IQOSイルマワン保護ケース レザー ヒョウ柄 ペイズリー 保護カバー アイコスケース アクセサリー 送料無料","イルマiワン","87","X11","Y43",,"0","0","1","1","村垣 文香"
"2026/08/02 17:49:25","受注取込","7986572","7986572X11Y11","【新型/IQOS イルマ i ワン用】アイコス イルマiワン ILUMA ケース 保護ケース NEK ★REVL 7986572 iqosイルマワン イルマワンカバー 耐衝撃 おしゃれ iqos iluma one 専用 IQOSイルマワン保護ケース レザー ヒョウ柄 ペイズリー 保護カバー アイコスケース アクセサリー 送料無料","イルマiワン","55","X11","Y11",,"0","3","2","-1",
"2026/08/02 17:51:01","受注取込","7986689","7986689X11Y11","【接触冷感素材】USAブランド 靴下 ソックス メンズ 25～27cm FRUIT OF THE LOOM NEK 81008800 81008900 ★REV 7986689 フルーツオブザルーム ブランド おしゃれ プレゼント ギフト 送料無料","メンズクォーター(中)","ホワイト","X11","Y11",,"0","1","0","-1",
"2026/08/02 17:52:25","受注取込","7986747","7986747X11Y11","【日焼けシェード付き】サファリハット シェード メンズ 釣り 帽子 ハット レディース SUNS(サンズ) 撥水 アウトドア 登山 キャンプ バーベキュー NEK ★REVL H-051 送料無料 大きいサイズあり キッズサイズ 子供 UVカット アドベンチャーハット 父の日 プレゼント ユニセックス 春 夏 夏フェス ギフト","普通サイズ","SHADE_BK/BLACK(H_051)","X11","Y11",,"0","85","84","-1",
"2026/08/02 18:00:13","受注取込","7987026","7987026X11Y11","【大きいサイズあり】キャップ 11cm つば長 帽子 メンズ レディース ★REV 7987026 深め 深い ゴルフ 無地 日焼け止め UVカット 送料無料","普通サイズ","ブラック","X11","Y11",,"0","5","4","-1",
"2026/08/02 18:01:56","受注取込","7987345","7987345X11Y14","【とにかくデカい！】 大きいサイズ キャップ 送料無料 大きめ ビッグサイズ ★REV 7987345 BIG SIZE 帽子 ハット キャップ キャスケット メンズキャップ 大きいサイズ バケット 大きい帽子 メンズ メンズ帽子 大きい 頭 メッシュキャップ","AAA","4","X11","Y14",,"0","18","17","-1",
"2026/08/02 18:15:18","WEB画面","7987380","7987380X11Y11","【本革】ショルダーバッグ メンズ レディース サコッシュ バッグ ★REV 7987380 本革 本皮 レザー GENUINE LEATHER プレゼント ギフト 母の日 父の日 送料無料","ONESIZE","キャメル","X11","Y11",,"0","4","3","-1","塩谷 満里子"
"2026/08/02 18:18:30","受注取込","7994812","7994812X12Y11","サファリハット メンズ 釣り 帽子 ハット レディース SUNS(サンズ)  撥水 アウトドア 登山 キャンプ バーベキュー NEK ★REV H-051 H-053 送料無料 大きいサイズあり キッズサイズ 子供 UVカット アドベンチャーハット 父の日 プレゼント ユニセックス 春 夏 夏フェス ギフト","大きいサイズ","BK/BLACK(H_051)","X12","Y11",,"0","427","426","-1",
"2026/08/02 18:18:30","受注取込","7994812","7994812X12Y11","サファリハット メンズ 釣り 帽子 ハット レディース SUNS(サンズ)  撥水 アウトドア 登山 キャンプ バーベキュー NEK ★REV H-051 H-053 送料無料 大きいサイズあり キッズサイズ 子供 UVカット アドベンチャーハット 父の日 プレゼント ユニセックス 春 夏 夏フェス ギフト","大きいサイズ","BK/BLACK(H_051)","X12","Y11",,"0","426","425","-1",
"2026/08/02 18:22:25","受注取込","7994812","7994812X12Y11","サファリハット メンズ 釣り 帽子 ハット レディース SUNS(サンズ)  撥水 アウトドア 登山 キャンプ バーベキュー NEK ★REV H-051 H-053 送料無料 大きいサイズあり キッズサイズ 子供 UVカット アドベンチャーハット 父の日 プレゼント ユニセックス 春 夏 夏フェス ギフト","大きいサイズ","BK/BLACK(H_051)","X12","Y11",,"0","425","424","-1",
"2026/08/02 18:23:55","受注取込","7986651","7986651X11Y11","【銅×グラフェンの力で、スマホを瞬冷！】スマホ熱中症対策 冷却 クーラー NEK ★REVL 7986651 スマートフォン 保冷 結露なし スマホ 冷感 冷却 iphone アクセサリー 送料無料","ONESIZE","ブラック","X11","Y11",,"0","106","105","-1",
"2026/08/02 18:24:27","受注取込","7986651","7986651X11Y11","【銅×グラフェンの力で、スマホを瞬冷！】スマホ熱中症対策 冷却 クーラー NEK ★REVL 7986651 スマートフォン 保冷 結露なし スマホ 冷感 冷却 iphone アクセサリー 送料無料","ONESIZE","ブラック","X11","Y11",,"0","105","104","-1",
"2026/08/02 18:27:55","受注取込","7994812","7994812X11Y11","サファリハット メンズ 釣り 帽子 ハット レディース SUNS(サンズ)  撥水 アウトドア 登山 キャンプ バーベキュー NEK ★REV H-051 H-053 送料無料 大きいサイズあり キッズサイズ 子供 UVカット アドベンチャーハット 父の日 プレゼント ユニセックス 春 夏 夏フェス ギフト","普通サイズ","BK/BLACK(H_051)","X11","Y11",,"0","58","57","-1",
"2026/08/02 18:29:34","WEB画面","7987380","7987380X11Y11","【本革】ショルダーバッグ メンズ レディース サコッシュ バッグ ★REV 7987380 本革 本皮 レザー GENUINE LEATHER プレゼント ギフト 母の日 父の日 送料無料","ONESIZE","キャメル","X11","Y11",,"0","3","4","1","塩谷 満里子"
"2026/08/02 18:30:06","受注取込","7987390","7987390X11Y13","【本革】ベルト レディースベルト シンプル ビジネス ★REV NEK 7987390 フォーマル シンプル オフィスカジュアル スーツ レザー 本革","ONESIZE","ブラウン","X11","Y13",,"0","7","6","-1",
"2026/08/02 18:32:50","受注取込","7986677","7986677X11Y16","【深め/美シルエット】Vintage ダメージ加工 メッシュキャップ キャップ 帽子 メンズ レディース ★REVL 7986677 野球帽 ウォッシュ加工 A-Frame Trucker アメカジ 無地 おしゃれ 送料無料","ONESIZE","オリーブ","X11","Y16",,"0","1","0","-1",
"2026/08/02 18:41:25","受注取込","7987072","7987072X12Y15","深め 大きいサイズ 普通サイズ 帽子 キャップ メンズ レディース ★REV 7987072 Vintage 無地 シンプル おしゃれ 送料無料","大きいサイズ","ネイビー","X12","Y15",,"0","5","4","-1",
"2026/08/02 18:49:25","受注取込","7987400","7987400X11Y16","【とにかくデカい！/普通サイズあり！】キャップ メンズ 大きいサイズ 帽子 深め ビッグサイズ ★REVM 7987400 BIG SIZE メンズキャップ帽子 大きめ 大きい帽子 メンズ帽子 レディース 春 夏 春夏 プレゼント ギフト 母の日 父の日 送料無料","大きいサイズ","F-ブラック","X11","Y16",,"0","50","49","-1",
"2026/08/02 18:56:28","受注取込","7986752","7986752X11Y12","収納 サンバイザーホルダー マルチ 車 カーポケット ドライブポケット NEK ★REVL 7986752 おしゃれ サンバイザー ポケット カー用品 収納 カー用品 ペン カードポケット 収納ホルダー サングラスホルダー 車 眼鏡ホルダー カーアクセサリー 送料無料","ONESIZE","グレー","X11","Y12",,"0","30","29","-1",
"2026/08/02 19:00:05","受注取込","7988044","7988044X11Y15","ショルダーバッグ メンズ ワンショルダー 斜め掛け ★REV 7988044 おしゃれバッグ Vintage 斜めがけ メンズボディバック かっこいい ボディバッグ レザー ワンショルダーバッグ カバン 鞄 かばん レザー調 メンズバッグ 斜めがけ メンズショルダーバック 散歩 送料無料","ONESIZE","E_ブラウン","X11","Y15",,"0","23","22","-1",
"2026/08/02 19:02:30","受注取込","7986585","7986585X11Y11","【熊よけ・害獣対策・轟音129dB】獣バスター ソーラー充電 動物撃退器 くま避け ★REVL 7986585 猪対策 熊対策 猫よけ 鳥よけ IP55防水 ホームセキュリティー 音＋光で撃退 防犯 防災グッズ アウトドア キャンプ 送料無料","ONESIZE","レッド","X11","Y11",,"0","112","110","-2",
"2026/08/02 19:05:31","受注取込","7987379","7987379X11Y11","ボストンバッグ メンズ レディース ★REV 7987379 ダッフルバッグ シンセティックレザー ビジネスバッグ 撥水 防傷 プレゼント ギフト 父の日 母の日 旅行 出張 送料無料","ONESIZE","ブラック","X11","Y11",,"0","5","4","-1",
"2026/08/02 19:11:31","受注取込","7994812","7994812X11Y13","サファリハット メンズ 釣り 帽子 ハット レディース SUNS(サンズ)  撥水 アウトドア 登山 キャンプ バーベキュー NEK ★REV H-051 H-053 送料無料 大きいサイズあり キッズサイズ 子供 UVカット アドベンチャーハット 父の日 プレゼント ユニセックス 春 夏 夏フェス ギフト","普通サイズ","NAVY(H_051)","X11","Y13",,"0","81","80","-1",
"2026/08/02 19:11:31","受注取込","7994812","7994812X13Y32","サファリハット メンズ 釣り 帽子 ハット レディース SUNS(サンズ)  撥水 アウトドア 登山 キャンプ バーベキュー NEK ★REV H-051 H-053 送料無料 大きいサイズあり キッズサイズ 子供 UVカット アドベンチャーハット 父の日 プレゼント ユニセックス 春 夏 夏フェス ギフト","キッズサイズ","T.BLUE(H_051)","X13","Y32",,"0","37","36","-1",
"2026/08/02 19:12:55","受注取込","7994226","7994226X12Y12","【大きいサイズもあり 限定モデル】AVIREX メッシュキャップ メンズ 帽子 メンズ キャップ メンズ 14023200 14670200 レディース ★REV 父の日 贈り物 プレゼント ブランド アビレックス 送料無料 正規品 ブラック 黒 ネイビー 紺 グレー 灰 yos プレゼント ギフト","大きいサイズ_14670200","80_ブラック","X12","Y12",,"0","35","34","-1",
"2026/08/02 19:14:30","受注取込","7987400","7987400X11Y11","【とにかくデカい！/普通サイズあり！】キャップ メンズ 大きいサイズ 帽子 深め ビッグサイズ ★REVM 7987400 BIG SIZE メンズキャップ帽子 大きめ 大きい帽子 メンズ帽子 レディース 春 夏 春夏 プレゼント ギフト 母の日 父の日 送料無料","大きいサイズ","A-ブラック","X11","Y11",,"0","155","154","-1",
"2026/08/02 19:18:55","受注取込","7986572","7986572X11Y26","【新型/IQOS イルマ i ワン用】アイコス イルマiワン ILUMA ケース 保護ケース NEK ★REVL 7986572 iqosイルマワン イルマワンカバー 耐衝撃 おしゃれ iqos iluma one 専用 IQOSイルマワン保護ケース レザー ヒョウ柄 ペイズリー 保護カバー アイコスケース アクセサリー 送料無料","イルマiワン","70","X11","Y26",,"0","4","2","-2",
"2026/08/02 19:24:25","受注取込","7987236","7987236X11Y11","【最強の白と黒】XTOKYO スニーカー メンズ X-tokyo 軽量 軽い Y_KO 3040 ★REV 7987236 通学 通勤 運動靴 靴 スポーツシューズ ウォーキング カジュアル かっこいい おしゃれ 25.5cm 26cm 26.5cm 27cm 28cm 3040 白 黒 ホワイト ブラック WHITE BLACK","25.5cm","ブラック","X11","Y11",,"0","20","19","-1",
"2026/08/02 19:30:01","受注取込","7988044","7988044X11Y16","ショルダーバッグ メンズ ワンショルダー 斜め掛け ★REV 7988044 おしゃれバッグ Vintage 斜めがけ メンズボディバック かっこいい ボディバッグ レザー ワンショルダーバッグ カバン 鞄 かばん レザー調 メンズバッグ 斜めがけ メンズショルダーバック 散歩 送料無料","ONESIZE","F_ダークブラウン","X11","Y16",,"0","20","19","-1",
"2026/08/02 19:30:03","受注取込","7988248","7988248X11Y15","リュック メンズ レディース 防水 防災リュック 避難 スポーツ 軽量 リュックサック 32L ★REV 7988248 バックパック デイパック アウトドア キャンプ ジム 登山 散歩  送料無料","ONESIZE","ライトグリーン","X11","Y15",,"0","1","0","-1",
"2026/08/02 19:33:00","受注取込","7986747","7986747X12Y11","【日焼けシェード付き】サファリハット シェード メンズ 釣り 帽子 ハット レディース SUNS(サンズ) 撥水 アウトドア 登山 キャンプ バーベキュー NEK ★REVL H-051 送料無料 大きいサイズあり キッズサイズ 子供 UVカット アドベンチャーハット 父の日 プレゼント ユニセックス 春 夏 夏フェス ギフト","大きいサイズ","SHADE_BK/BLACK(H_051)","X12","Y11",,"0","124","123","-1",
"2026/08/02 19:33:00","受注取込","7986572","7986572X11Y14","【新型/IQOS イルマ i ワン用】アイコス イルマiワン ILUMA ケース 保護ケース NEK ★REVL 7986572 iqosイルマワン イルマワンカバー 耐衝撃 おしゃれ iqos iluma one 専用 IQOSイルマワン保護ケース レザー ヒョウ柄 ペイズリー 保護カバー アイコスケース アクセサリー 送料無料","イルマiワン","58","X11","Y14",,"0","6","5","-1",
"2026/08/02 19:33:00","受注取込","7986572","7986572X11Y19","【新型/IQOS イルマ i ワン用】アイコス イルマiワン ILUMA ケース 保護ケース NEK ★REVL 7986572 iqosイルマワン イルマワンカバー 耐衝撃 おしゃれ iqos iluma one 専用 IQOSイルマワン保護ケース レザー ヒョウ柄 ペイズリー 保護カバー アイコスケース アクセサリー 送料無料","イルマiワン","63","X11","Y19",,"0","6","5","-1",
"2026/08/02 19:37:25","受注取込","7994812","7994812X12Y11","サファリハット メンズ 釣り 帽子 ハット レディース SUNS(サンズ)  撥水 アウトドア 登山 キャンプ バーベキュー NEK ★REV H-051 H-053 送料無料 大きいサイズあり キッズサイズ 子供 UVカット アドベンチャーハット 父の日 プレゼント ユニセックス 春 夏 夏フェス ギフト","大きいサイズ","BK/BLACK(H_051)","X12","Y11",,"0","424","423","-1",
"2026/08/02 19:40:27","受注取込","7987090","7987090X11Y11","【使い方色々!】ポーチ ベルトポーチ 小物入れ 小銭入れ カードケース NEK ★REV 7987090 短財布 財布 メンズ レディース カラビナ ミリタリー サバゲー キャンプ アウトドア メディカルポーチ 防災グッズ 送料無料","ONESIZE","ブラック","X11","Y11",,"0","13","12","-1",
"2026/08/02 19:44:02","受注取込","7987490","7987490X11Y11","【手首を太く逞しくする】前腕筋 筋トレ 握力 手首 前腕部の強化 腕相撲 ★REV 7987490 バスケットボール テニス ゴルフ 柔道 剣道 空手 格闘技 プレゼント ギフト 送料無料","ONESIZE","ブラック","X11","Y11",,"0","98","97","-1",
"2026/08/02 19:46:55","受注取込","7987400","7987400X11Y14","【とにかくデカい！/普通サイズあり！】キャップ メンズ 大きいサイズ 帽子 深め ビッグサイズ ★REVM 7987400 BIG SIZE メンズキャップ帽子 大きめ 大きい帽子 メンズ帽子 レディース 春 夏 春夏 プレゼント ギフト 母の日 父の日 送料無料","大きいサイズ","D-ネイビー","X11","Y14",,"0","36","35","-1",
"2026/08/02 19:46:55","受注取込","7987400","7987400X11Y15","【とにかくデカい！/普通サイズあり！】キャップ メンズ 大きいサイズ 帽子 深め ビッグサイズ ★REVM 7987400 BIG SIZE メンズキャップ帽子 大きめ 大きい帽子 メンズ帽子 レディース 春 夏 春夏 プレゼント ギフト 母の日 父の日 送料無料","大きいサイズ","E-ベージュ","X11","Y15",,"0","48","47","-1",
"2026/08/02 19:46:55","受注取込","7988215","7988215X17Y12","【とにかくデカい！】 大きいサイズ キャップ メッシュキャップ 送料無料 大きめ ビッグサイズ BIG SIZE ★REV 7988215 <br> 帽子 ハット キャップ ワークキャップ メンズキャップ 大きいサイズ バケット 大きい帽子 メンズ バケハ メンズ帽子 大きい 頭 メッシュ 全39カラー","GG","2","X17","Y12",,"0","17","16","-1",
"2026/08/02 19:48:18","受注取込","7987400","7987400X11Y11","【とにかくデカい！/普通サイズあり！】キャップ メンズ 大きいサイズ 帽子 深め ビッグサイズ ★REVM 7987400 BIG SIZE メンズキャップ帽子 大きめ 大きい帽子 メンズ帽子 レディース 春 夏 春夏 プレゼント ギフト 母の日 父の日 送料無料","大きいサイズ","A-ブラック","X11","Y11",,"0","154","153","-1",
"2026/08/02 19:51:25","受注取込","7994812","7994812X12Y20","サファリハット メンズ 釣り 帽子 ハット レディース SUNS(サンズ)  撥水 アウトドア 登山 キャンプ バーベキュー NEK ★REV H-051 H-053 送料無料 大きいサイズあり キッズサイズ 子供 UVカット アドベンチャーハット 父の日 プレゼント ユニセックス 春 夏 夏フェス ギフト","大きいサイズ","PURPLE(H_051)","X12","Y20",,"0","12","11","-1",
"2026/08/02 19:51:25","受注取込","7994812","7994812X12Y33","サファリハット メンズ 釣り 帽子 ハット レディース SUNS(サンズ)  撥水 アウトドア 登山 キャンプ バーベキュー NEK ★REV H-051 H-053 送料無料 大きいサイズあり キッズサイズ 子供 UVカット アドベンチャーハット 父の日 プレゼント ユニセックス 春 夏 夏フェス ギフト","大きいサイズ","GREIGE(H-051)","X12","Y33",,"0","37","36","-1",
"2026/08/02 19:57:01","受注取込","7997141","7997141X14Y11","特大 スイカ ドーナツ 浮き輪 浮輪 送料無料 プール 大人用 子供用 NEK 7997141 ★REV 120cm 90cm 80cm 70cm 60cm サイズ 大きい 大きめ うきわ ウキワ すいか 海 海水浴 ビックフロート 水上 レジャー かわいい フローティングベッド 西瓜 子供用浮き輪 大人 子供 こども","70cm","スイカ","X14","Y11",,"0","87","86","-1",
"2026/08/02 19:57:31","受注取込","7987400","7987400X11Y11","【とにかくデカい！/普通サイズあり！】キャップ メンズ 大きいサイズ 帽子 深め ビッグサイズ ★REVM 7987400 BIG SIZE メンズキャップ帽子 大きめ 大きい帽子 メンズ帽子 レディース 春 夏 春夏 プレゼント ギフト 母の日 父の日 送料無料","大きいサイズ","A-ブラック","X11","Y11",,"0","153","152","-1",
"2026/08/02 20:09:00","受注取込","7987794","7987794X12Y17","【大きいサイズもあり】キャスハンチング キャップ メンズ レディース CULTURE MART NEK 101294 ★REV 7987794 ハンチング帽子 ハンチング帽 秋冬 帽子 ハンチング キャスケット メンズ帽子 レディース帽子秋冬 秋冬帽子 メンズハンチング おしゃれ カルチャーマート","大きいサイズ","ヒッコリー(7)","X12","Y17",,"0","13","12","-1",
"2026/08/02 20:10:04","受注取込","7986585","7986585X11Y11","【熊よけ・害獣対策・轟音129dB】獣バスター ソーラー充電 動物撃退器 くま避け ★REVL 7986585 猪対策 熊対策 猫よけ 鳥よけ IP55防水 ホームセキュリティー 音＋光で撃退 防犯 防災グッズ アウトドア キャンプ 送料無料","ONESIZE","レッド","X11","Y11",,"0","110","109","-1",
"2026/08/02 20:10:04","受注取込","7988125","7988125X11Y12","【カーボンスタイル 大きいサイズ】メッシュキャップ キャップ 帽子 ★REV 7988125 大きいサイズ 大きめ ビッグサイズ BIGサイズ シンプル 無地 カーボン調 プレゼント ギフト 送料無料","ONESIZE","カーキ","X11","Y12",,"0","8","7","-1",
"2026/08/02 20:12:30","受注取込","7987883","7987883X11Y13","【カウリ貝】麦わら帽子 メンズ レディース ストローハット 中折れハット ★REV 7987883 幅広 帽子 麦わらハット 夏 ペーパー ハット おしゃれ プレゼント プチギフト 送料無料","ONESIZE","グレー","X11","Y13",,"0","11","10","-1",
"2026/08/02 20:12:30","受注取込","7997141","7997141X12Y13","特大 スイカ ドーナツ 浮き輪 浮輪 送料無料 プール 大人用 子供用 NEK 7997141 ★REV 120cm 90cm 80cm 70cm 60cm サイズ 大きい 大きめ うきわ ウキワ すいか 海 海水浴 ビックフロート 水上 レジャー かわいい フローティングベッド 西瓜 子供用浮き輪 大人 子供 こども","90cm","ドーナツチョコ","X12","Y13",,"0","59","58","-1",
"2026/08/02 20:20:17","受注取込","8003102","8003102X17Y12","やみつきになる！ ストレッチ AVIREX アビレックス Tシャツ メンズ ★REV NEK 6143501 6143502 Vネック クルーネック 半袖 プレゼント ギフト","クルーネック_ブラック_009","Mサイズ","X17","Y12",,"0","3","2","-1",
"2026/08/02 20:24:21","受注取込","8003112","8003112X14Y11","AVIREX アビレックス タンクトップ メンズ 無地 アヴィレックス メンズアメカジトップス ★REV NEK 6143503 全10色 プレゼント ギフト","XL","ホワイト(01)","X14","Y11",,"0","2","1","-1",
"2026/08/02 20:24:21","受注取込","8003112","8003112X14Y12","AVIREX アビレックス タンクトップ メンズ 無地 アヴィレックス メンズアメカジトップス ★REV NEK 6143503 全10色 プレゼント ギフト","XL","ブラック(09)","X14","Y12",,"0","2","1","-1",
"2026/08/02 20:24:21","受注取込","7986648","7986648X11Y11","【孔雀石】パワーストーン ブレスレット 孔雀石 マラカイト メンズ レディース NEK ★REVL 7986648 バングル スピリチュアル 天然石 エネルギーアクセサリー プレゼント ギフト 送料無料","ONESIZE","ブラック","X11","Y11",,"0","1","0","-1",
"2026/08/02 20:24:21","受注取込","7987836","7987836X11Y11","指輪 シルバー925 羽根 天使 ヴィンテージ SILVER925 メンズ レディース NEK ★REV 7987836 リング アクセサリー ファランジリング フリーサイズ ピンキー シルバーフィルド 半端リング コーティング インディアン WING ギフト プレゼント クリスマス ラッピング","ONESIZE","シルバー","X11","Y11",,"0","23","22","-1",
"2026/08/02 20:27:55","受注取込","7987714","7987714X11Y11","【なんと6+1個入り！速攻配達】水風船 水ふうせん 何度も使える ゴミが出ない プール クラッシュボール ★REV NEK 7987714 水遊び 海 川 お風呂 水鉄砲 子供 おもちゃ 繰り返し BALL 水 風船 ボール エコ ウォーターボム リサイクル 安心 安全 送料無料","ワンサイズ","まる形6+1","X11","Y11",,"0","5","4","-1",
"2026/08/02 20:28:00","受注取込","7987515","7987515X13Y13","【選べる6柄×3サイズ】ネックレス チェーン メンズ レディース NEK ★REV 7987515 サージカルステンレス316L 50cm 60cm 70cm シンプル おしゃれ プレゼント プチギフト バレンタイン クリスマス 送料無料","70cm","C","X13","Y13",,"0","27","26","-1",
"2026/08/02 20:28:00","受注取込","7987400","7987400X11Y16","【とにかくデカい！/普通サイズあり！】キャップ メンズ 大きいサイズ 帽子 深め ビッグサイズ ★REVM 7987400 BIG SIZE メンズキャップ帽子 大きめ 大きい帽子 メンズ帽子 レディース 春 夏 春夏 プレゼント ギフト 母の日 父の日 送料無料","大きいサイズ","F-ブラック","X11","Y16",,"0","49","48","-1",
"2026/08/02 20:28:56","受注取込","7997141","7997141X11Y11","特大 スイカ ドーナツ 浮き輪 浮輪 送料無料 プール 大人用 子供用 NEK 7997141 ★REV 120cm 90cm 80cm 70cm 60cm サイズ 大きい 大きめ うきわ ウキワ すいか 海 海水浴 ビックフロート 水上 レジャー かわいい フローティングベッド 西瓜 子供用浮き輪 大人 子供 こども","120cm","スイカ","X11","Y11",,"0","1011","1010","-1",
"2026/08/02 20:29:31","受注取込","7986685","7986685X11Y12","【2個セット】防水ケース スマホ防水ケース 完全防水 防水等級IPX8 防水携帯ケース NEK ★REVL 7986685 タッチ可 Face ID 認証対応 iPhone Android 全機種対応 水中撮影 お風呂 海水浴 プール 海 スマホアクセサリー 送料無料","ONESIZE","ホワイト","X11","Y12",,"0","27","26","-1",
"2026/08/02 20:30:32","受注取込","7997141","7997141X11Y12","特大 スイカ ドーナツ 浮き輪 浮輪 送料無料 プール 大人用 子供用 NEK 7997141 ★REV 120cm 90cm 80cm 70cm 60cm サイズ 大きい 大きめ うきわ ウキワ すいか 海 海水浴 ビックフロート 水上 レジャー かわいい フローティングベッド 西瓜 子供用浮き輪 大人 子供 こども","120cm","ドーナツイチゴ","X11","Y12",,"0","25","24","-1",
"2026/08/02 20:31:00","受注取込","7988088","7988088X14Y11","安全靴 スニーカー エアウォーク AIR WALK Y_YU AW-920 グリーン フレックスフィット ローカット メンズ セーフティシューズ 樹脂先芯 軽量 衝撃吸収 負担軽減 作業靴 オシャレ  かかとが踏める ムレにくい","26.5cm ","グリーン","X14","Y11",,"0","155","154","-1",
"2026/08/02 20:32:18","受注取込","7995525","7995525X1Y14","AVIREX 限定モデル キャップ 帽子 父の日 贈り物 プレゼント メンズ ★REV ブラックシリーズ 黒 アビレックス アヴィレックス メッシュキャップ ハンチング ローキャップ バケット ハット ワークキャップ レディース かっこいい yos プレゼント ギフト","ONESIZE","【N】サファリハット_17158300","X1","Y14",,"0","132","131","-1",
"2026/08/02 20:36:28","受注取込","7987400","7987400X11Y18","【とにかくデカい！/普通サイズあり！】キャップ メンズ 大きいサイズ 帽子 深め ビッグサイズ ★REVM 7987400 BIG SIZE メンズキャップ帽子 大きめ 大きい帽子 メンズ帽子 レディース 春 夏 春夏 プレゼント ギフト 母の日 父の日 送料無料","大きいサイズ","H-オリーブ","X11","Y18",,"0","16","15","-1",
"2026/08/02 20:37:00","受注取込","7987400","7987400X11Y29","【とにかくデカい！/普通サイズあり！】キャップ メンズ 大きいサイズ 帽子 深め ビッグサイズ ★REVM 7987400 BIG SIZE メンズキャップ帽子 大きめ 大きい帽子 メンズ帽子 レディース 春 夏 春夏 プレゼント ギフト 母の日 父の日 送料無料","大きいサイズ","S-ネイビー","X11","Y29",,"0","28","27","-1",
"2026/08/02 20:37:00","受注取込","7994812","7994812X12Y13","サファリハット メンズ 釣り 帽子 ハット レディース SUNS(サンズ)  撥水 アウトドア 登山 キャンプ バーベキュー NEK ★REV H-051 H-053 送料無料 大きいサイズあり キッズサイズ 子供 UVカット アドベンチャーハット 父の日 プレゼント ユニセックス 春 夏 夏フェス ギフト","大きいサイズ","NAVY(H_051)","X12","Y13",,"0","39","38","-1",
"2026/08/02 20:37:00","受注取込","7994812","7994812X12Y33","サファリハット メンズ 釣り 帽子 ハット レディース SUNS(サンズ)  撥水 アウトドア 登山 キャンプ バーベキュー NEK ★REV H-051 H-053 送料無料 大きいサイズあり キッズサイズ 子供 UVカット アドベンチャーハット 父の日 プレゼント ユニセックス 春 夏 夏フェス ギフト","大きいサイズ","GREIGE(H-051)","X12","Y33",,"0","36","35","-1",
"2026/08/02 20:37:00","受注取込","7988088","7988088X13Y11","安全靴 スニーカー エアウォーク AIR WALK Y_YU AW-920 グリーン フレックスフィット ローカット メンズ セーフティシューズ 樹脂先芯 軽量 衝撃吸収 負担軽減 作業靴 オシャレ  かかとが踏める ムレにくい","26.0cm ","グリーン","X13","Y11",,"0","214","213","-1",
"2026/08/02 20:38:55","受注取込","7994812","7994812X12Y11","サファリハット メンズ 釣り 帽子 ハット レディース SUNS(サンズ)  撥水 アウトドア 登山 キャンプ バーベキュー NEK ★REV H-051 H-053 送料無料 大きいサイズあり キッズサイズ 子供 UVカット アドベンチャーハット 父の日 プレゼント ユニセックス 春 夏 夏フェス ギフト","大きいサイズ","BK/BLACK(H_051)","X12","Y11",,"0","423","422","-1",
"2026/08/02 20:40:18","受注取込","7986710","7986710X11Y18","【春夏秋冬対応/くすみカラー】トートバッグ クロシェバッグ エコバッグ レディース NEK ★REVO 7986710 メッシュ クロシェ編み ナチュラル ニット A4 軽量 かぎ編み おしゃれ 大容量 リゾート 通勤 通学 学生 送料無料","ONESIZE","アイボリー","X11","Y18",,"0","56","55","-1",
"2026/08/02 20:40:18","受注取込","7986712","7986712X11Y17","【超協力マグネット/選べる33種】帽子クリップ ハットクリップ キャップクリップ  NEK ★REV 7986712 帽子収納ホルダー 収納フック キーホルダー 強力マグネット レザー調 アクセサリー チャーム キーリング キーケース 送料無料","ONESIZE","7","X11","Y17",,"0","76","75","-1",
"2026/08/02 20:43:55","受注取込","7992723","7992723X14Y11","お得！ 送料無料 4枚入り 福袋 Dickies ディッキーズ ボクサーパンツ メンズ かわいい NEK ★REV <br> パンツ ボクサーパンツ セット メンズ下着 メンズボクサーパンツ メンズボクサー 大きいサイズ 大きめ 特大 3L 下着 インナー メンズ usa まとめ買い プレゼント ギフト","3L","福袋4枚セット","X14","Y11",,"0","196","195","-1",
"2026/08/02 20:43:55","受注取込","7987075","7987075X11Y12","アンクレット レディース メンズ つけっぱなし NEK ★REV 7987075 ゴールド シルバー アクセサリー プレゼント ギフト おしゃれ 送料無料","ONESIZE","B","X11","Y12",,"0","11","10","-1",
"2026/08/02 20:43:55","受注取込","7987075","7987075X11Y15","アンクレット レディース メンズ つけっぱなし NEK ★REV 7987075 ゴールド シルバー アクセサリー プレゼント ギフト おしゃれ 送料無料","ONESIZE","E","X11","Y15",,"0","24","23","-1",
"2026/08/02 20:45:30","受注取込","7988452","7988452X11Y11","【日本製 姫路レザー】日本製 ベルト メンズ 本革 本皮 ★REV SRI-07 3.9cm幅 一枚革 ヌメ革 姫路レザー ビジネス カジュアル 送料無料","ONESIZE","ブラック","X11","Y11",,"0","2","1","-1",
"2026/08/02 20:47:55","受注取込","7997141","7997141X11Y11","特大 スイカ ドーナツ 浮き輪 浮輪 送料無料 プール 大人用 子供用 NEK 7997141 ★REV 120cm 90cm 80cm 70cm 60cm サイズ 大きい 大きめ うきわ ウキワ すいか 海 海水浴 ビックフロート 水上 レジャー かわいい フローティングベッド 西瓜 子供用浮き輪 大人 子供 こども","120cm","スイカ","X11","Y11",,"0","1010","1009","-1",
"2026/08/02 20:48:30","受注取込","7986747","7986747X11Y11","【日焼けシェード付き】サファリハット シェード メンズ 釣り 帽子 ハット レディース SUNS(サンズ) 撥水 アウトドア 登山 キャンプ バーベキュー NEK ★REVL H-051 送料無料 大きいサイズあり キッズサイズ 子供 UVカット アドベンチャーハット 父の日 プレゼント ユニセックス 春 夏 夏フェス ギフト","普通サイズ","SHADE_BK/BLACK(H_051)","X11","Y11",,"0","84","83","-1",
"2026/08/02 20:52:00","受注取込","7987988","7987988X12Y15","【AVIREX 限定】サファリハット メンズ 大きいサイズ BIGサイズ アドベンチャーハット 17158300 17158400 釣り 帽子 ハット ★REV NEK 7987988 大きめ 普通サイズ AVIREX 限定 かっこいい アウトドア ブラックシリーズ アビレックス 帽子 キャップ ブランド 撥水加工","大きいサイズ_17158400","グレージュ(73)","X12","Y15",,"0","50","49","-1",
"2026/08/02 20:53:55","受注取込","7987400","7987400X11Y16","【とにかくデカい！/普通サイズあり！】キャップ メンズ 大きいサイズ 帽子 深め ビッグサイズ ★REVM 7987400 BIG SIZE メンズキャップ帽子 大きめ 大きい帽子 メンズ帽子 レディース 春 夏 春夏 プレゼント ギフト 母の日 父の日 送料無料","大きいサイズ","F-ブラック","X11","Y16",,"0","48","47","-1",
"2026/08/02 20:55:01","受注取込","7994812","7994812X11Y33","サファリハット メンズ 釣り 帽子 ハット レディース SUNS(サンズ)  撥水 アウトドア 登山 キャンプ バーベキュー NEK ★REV H-051 H-053 送料無料 大きいサイズあり キッズサイズ 子供 UVカット アドベンチャーハット 父の日 プレゼント ユニセックス 春 夏 夏フェス ギフト","普通サイズ","GREIGE(H-051)","X11","Y33",,"0","109","108","-1",
"2026/08/02 20:58:25","受注取込","7994812","7994812X11Y11","サファリハット メンズ 釣り 帽子 ハット レディース SUNS(サンズ)  撥水 アウトドア 登山 キャンプ バーベキュー NEK ★REV H-051 H-053 送料無料 大きいサイズあり キッズサイズ 子供 UVカット アドベンチャーハット 父の日 プレゼント ユニセックス 春 夏 夏フェス ギフト","普通サイズ","BK/BLACK(H_051)","X11","Y11",,"0","57","56","-1",
"2026/08/02 20:59:56","受注取込","7990243","7990243X11Y12","多機能 ドアオープナー フック アシスト つり革 触らない ボタン押し ウィルス対策 接触防止 ハンドルフック 吊り革グリップ 便利グッズ タッチペン NEK 7990243 プレゼント ギフト","ONESIZE","シルバー","X11","Y12",,"0","4","2","-2",
"2026/08/02 21:00:13","受注取込","7988215","7988215X23Y14","【とにかくデカい！】 大きいサイズ キャップ メッシュキャップ 送料無料 大きめ ビッグサイズ BIG SIZE ★REV 7988215 <br> 帽子 ハット キャップ ワークキャップ メンズキャップ 大きいサイズ バケット 大きい帽子 メンズ バケハ メンズ帽子 大きい 頭 メッシュ 全39カラー","MM","4","X23","Y14",,"0","6","5","-1",
"2026/08/02 21:00:14","受注取込","7988124","7988124X11Y17","大きいサイズ キャップ 帽子 メンズ フルキャップ ベースボールキャップ コットンキャップ 野球帽 ワンポイント ★REV 7988124 イーグル 鷲 刺繍 ミリタリー BIGSIZE キングサイズ 送料無料","ONESIZE","メッシュホワイト","X11","Y17",,"0","17","16","-1",
"2026/08/02 21:00:14","受注取込","7987070","7987070X12Y11","【お得な2枚組】X-LARGE XLARGE エクストララージ ボクサーパンツ メンズ アンダーウェア 下着 NEK ★REVL 7987070 かっこいい ツルツル おすすめ 人気 カモフラ タイダイ 炎 迷彩 カモ柄 ブランド 男性 紳士 プレゼント プチギフト 父の日 誕生日 彼氏 父 息子 ギフト 記念日 大きいサイズ 福袋 送料無料","L","2枚組","X12","Y11",,"0","28","27","-1",
"2026/08/02 21:02:55","受注取込","7987400","7987400X12Y16","【とにかくデカい！/普通サイズあり！】キャップ メンズ 大きいサイズ 帽子 深め ビッグサイズ ★REVM 7987400 BIG SIZE メンズキャップ帽子 大きめ 大きい帽子 メンズ帽子 レディース 春 夏 春夏 プレゼント ギフト 母の日 父の日 送料無料","普通サイズ","F-ブラック","X12","Y16",,"0","14","13","-1",
"2026/08/02 21:07:00","受注取込","7986572","7986572X11Y33","【新型/IQOS イルマ i ワン用】アイコス イルマiワン ILUMA ケース 保護ケース NEK ★REVL 7986572 iqosイルマワン イルマワンカバー 耐衝撃 おしゃれ iqos iluma one 専用 IQOSイルマワン保護ケース レザー ヒョウ柄 ペイズリー 保護カバー アイコスケース アクセサリー 送料無料","イルマiワン","77","X11","Y33",,"0","18","17","-1",
"2026/08/02 21:10:01","受注取込","8003102","8003102X17Y13","やみつきになる！ ストレッチ AVIREX アビレックス Tシャツ メンズ ★REV NEK 6143501 6143502 Vネック クルーネック 半袖 プレゼント ギフト","クルーネック_ブラック_009","Lサイズ","X17","Y13",,"0","4","3","-1",
"2026/08/02 21:11:25","受注取込","7997141","7997141X11Y13","特大 スイカ ドーナツ 浮き輪 浮輪 送料無料 プール 大人用 子供用 NEK 7997141 ★REV 120cm 90cm 80cm 70cm 60cm サイズ 大きい 大きめ うきわ ウキワ すいか 海 海水浴 ビックフロート 水上 レジャー かわいい フローティングベッド 西瓜 子供用浮き輪 大人 子供 こども","120cm","ドーナツチョコ","X11","Y13",,"0","32","31","-1",
"2026/08/02 21:13:31","受注取込","7987988","7987988X12Y15","【AVIREX 限定】サファリハット メンズ 大きいサイズ BIGサイズ アドベンチャーハット 17158300 17158400 釣り 帽子 ハット ★REV NEK 7987988 大きめ 普通サイズ AVIREX 限定 かっこいい アウトドア ブラックシリーズ アビレックス 帽子 キャップ ブランド 撥水加工","大きいサイズ_17158400","グレージュ(73)","X12","Y15",,"0","49","48","-1",
"2026/08/02 21:13:55","受注取込","7987891","7987891X11Y12","【ヤシの木】麦わら帽子 メンズ レディース ストローハット 中折れハット ★REV 7987891 帽子 麦わらハット 夏 ペーパー ハット おしゃれ プレゼント プチギフト","ONESIZE","ホワイト","X11","Y12",,"0","13","12","-1",
"2026/08/02 21:13:55","受注取込","8003102","8003102X12Y13","やみつきになる！ ストレッチ AVIREX アビレックス Tシャツ メンズ ★REV NEK 6143501 6143502 Vネック クルーネック 半袖 プレゼント ギフト","Vネック_ブラック_009","Lサイズ","X12","Y13",,"0","5","4","-1",
"2026/08/02 21:16:31","受注取込","7994812","7994812X12Y11","サファリハット メンズ 釣り 帽子 ハット レディース SUNS(サンズ)  撥水 アウトドア 登山 キャンプ バーベキュー NEK ★REV H-051 H-053 送料無料 大きいサイズあり キッズサイズ 子供 UVカット アドベンチャーハット 父の日 プレゼント ユニセックス 春 夏 夏フェス ギフト","大きいサイズ","BK/BLACK(H_051)","X12","Y11",,"0","422","421","-1",
"2026/08/02 21:16:31","受注取込","7987367","7987367X11Y13","【2023年最新！熱中症対策】 ネッククーラー 首掛け扇風機 携帯扇風機 ネックファン ★REV 7987367 急速冷却 小型 羽根なし 首かけ 充電式 扇風機 5000mAh大容量 軽量 3段階風量調節 ひんやり 子供 大人 男女兼用 通勤 通学 家事 熱中症対策 プレゼント ギフト","ONESIZE","ピンク","X11","Y13",,"0","35","34","-1",
"2026/08/02 21:20:55","受注取込","7988452","7988452X11Y13","【日本製 姫路レザー】日本製 ベルト メンズ 本革 本皮 ★REV SRI-07 3.9cm幅 一枚革 ヌメ革 姫路レザー ビジネス カジュアル 送料無料","ONESIZE","ブラウン","X11","Y13",,"0","3","2","-1",
"2026/08/02 21:22:25","受注取込","7992723","7992723X14Y11","お得！ 送料無料 4枚入り 福袋 Dickies ディッキーズ ボクサーパンツ メンズ かわいい NEK ★REV <br> パンツ ボクサーパンツ セット メンズ下着 メンズボクサーパンツ メンズボクサー 大きいサイズ 大きめ 特大 3L 下着 インナー メンズ usa まとめ買い プレゼント ギフト","3L","福袋4枚セット","X14","Y11",,"0","195","194","-1",
"2026/08/02 21:22:31","受注取込","7987140","7987140X11Y18","【COOLにマナーを】携帯灰皿 カラビナ付き 吸い殻入れ 金属製 フタ付き 小型 軽量 NEK ★REVL 7987140 喫煙グッズ アッシュトレイ 持ち運び便利 男性 メンズ レディース 送料無料","ONESIZE","H.シルバーペイズリー","X11","Y18",,"0","75","74","-1",
"2026/08/02 21:22:31","受注取込","7994812","7994812X12Y33","サファリハット メンズ 釣り 帽子 ハット レディース SUNS(サンズ)  撥水 アウトドア 登山 キャンプ バーベキュー NEK ★REV H-051 H-053 送料無料 大きいサイズあり キッズサイズ 子供 UVカット アドベンチャーハット 父の日 プレゼント ユニセックス 春 夏 夏フェス ギフト","大きいサイズ","GREIGE(H-051)","X12","Y33",,"0","35","34","-1",
"2026/08/02 21:22:31","受注取込","7988298","7988298X11Y13","【厚革 一枚革】ベルト 本革 レザー 本皮 ヌメ革 GENUINE LEATHER  Vintage ★REV 7988298 メンズ レディース 新品 125cm～130cm サイズ調整可能","ONESIZE","キャメル","X11","Y13",,"0","29","28","-1",
"2026/08/02 21:24:55","受注取込","7987400","7987400X11Y16","【とにかくデカい！/普通サイズあり！】キャップ メンズ 大きいサイズ 帽子 深め ビッグサイズ ★REVM 7987400 BIG SIZE メンズキャップ帽子 大きめ 大きい帽子 メンズ帽子 レディース 春 夏 春夏 プレゼント ギフト 母の日 父の日 送料無料","大きいサイズ","F-ブラック","X11","Y16",,"0","47","46","-1",
"2026/08/02 21:24:55","受注取込","7987782","7987782X11Y11","【お得なMilitaryショルダー】ショルダーバッグ サコッシュ ポーチ ★REV 7987782 メンズ レディース ミリタリー MA-1 プレゼント ギフト 送料無料","ONESIZE","オリーブ","X11","Y11",,"0","3","2","-1",
"2026/08/02 21:30:12","受注取込","7986521","7986521X11Y14","【背中ひんやりメッシュ！】フロート 浮き輪 ベッドタイプ 150cm 大人用 ビーチマット NEK ★REVL 7986521 リゾート プール 海 SNS映え PVC素材 送料無料","ONESIZE","グリーン","X11","Y14",,"0","20","19","-1",
"2026/08/02 21:31:31","受注取込","7987076","7987076X11Y11","【超軽量55g】特価 キャップ 帽子 メッシュキャップ ランニングキャップ NEK ★REV 7987076 メンズ レディース 速乾 軽量 ジョギング アウトドア キャンプ スポーツ 釣り 海 プール","アジャスタータイプ","ブラック","X11","Y11",,"0","63","62","-1",
"2026/08/02 21:33:13","受注取込","7986475","7986475X11Y11","【一生モノ/経年変化を愉しむ】栃木レザー 日本製 トートバッグ ミニトートバッグ 本革 ★REVL SRI-030 7986475 本皮  フルベジタブルタンニンレザー プレゼント ギフト 送料無料","ONESIZE","ブラック","X11","Y11",,"0","6","5","-1",
"2026/08/02 21:35:55","受注取込","7994812","7994812X12Y11","サファリハット メンズ 釣り 帽子 ハット レディース SUNS(サンズ)  撥水 アウトドア 登山 キャンプ バーベキュー NEK ★REV H-051 H-053 送料無料 大きいサイズあり キッズサイズ 子供 UVカット アドベンチャーハット 父の日 プレゼント ユニセックス 春 夏 夏フェス ギフト","大きいサイズ","BK/BLACK(H_051)","X12","Y11",,"0","421","420","-1",
"2026/08/02 21:37:25","受注取込","7987075","7987075X11Y15","アンクレット レディース メンズ つけっぱなし NEK ★REV 7987075 ゴールド シルバー アクセサリー プレゼント ギフト おしゃれ 送料無料","ONESIZE","E","X11","Y15",,"0","23","22","-1",
"2026/08/02 21:37:25","受注取込","7987075","7987075X11Y19","アンクレット レディース メンズ つけっぱなし NEK ★REV 7987075 ゴールド シルバー アクセサリー プレゼント ギフト おしゃれ 送料無料","ONESIZE","I","X11","Y19",,"0","25","24","-1",
"2026/08/02 21:40:29","受注取込","7988386","7988386X11Y14","【高輝度・省電力】LED 卓上 ライト 間接照明 おしゃれ テーブルランプ 北欧 ベッドライト ★REV 7988386 照明 ランプ 一人暮らし ナイトランプ ムードランプ インテリア 雑貨 スタンドライト フロアライト ベッドサイド ルームライト 寝室 usb 電気スタンド フロアランプ","ONESIZE","キャメル","X11","Y14",,"0","149","148","-1",
"2026/08/02 21:42:55","受注取込","7987400","7987400X11Y14","【とにかくデカい！/普通サイズあり！】キャップ メンズ 大きいサイズ 帽子 深め ビッグサイズ ★REVM 7987400 BIG SIZE メンズキャップ帽子 大きめ 大きい帽子 メンズ帽子 レディース 春 夏 春夏 プレゼント ギフト 母の日 父の日 送料無料","大きいサイズ","D-ネイビー","X11","Y14",,"0","35","34","-1",
"2026/08/02 21:46:00","受注取込","7988386","7988386X11Y11","【高輝度・省電力】LED 卓上 ライト 間接照明 おしゃれ テーブルランプ 北欧 ベッドライト ★REV 7988386 照明 ランプ 一人暮らし ナイトランプ ムードランプ インテリア 雑貨 スタンドライト フロアライト ベッドサイド ルームライト 寝室 usb 電気スタンド フロアランプ","ONESIZE","アイボリー","X11","Y11",,"0","39","38","-1",
"2026/08/02 21:46:01","受注取込","7986521","7986521X11Y14","【背中ひんやりメッシュ！】フロート 浮き輪 ベッドタイプ 150cm 大人用 ビーチマット NEK ★REVL 7986521 リゾート プール 海 SNS映え PVC素材 送料無料","ONESIZE","グリーン","X11","Y14",,"0","19","18","-1",
"2026/08/02 21:47:26","受注取込","7997141","7997141X11Y11","特大 スイカ ドーナツ 浮き輪 浮輪 送料無料 プール 大人用 子供用 NEK 7997141 ★REV 120cm 90cm 80cm 70cm 60cm サイズ 大きい 大きめ うきわ ウキワ すいか 海 海水浴 ビックフロート 水上 レジャー かわいい フローティングベッド 西瓜 子供用浮き輪 大人 子供 こども","120cm","スイカ","X11","Y11",,"0","1009","1008","-1",
"2026/08/02 21:47:26","受注取込","7994812","7994812X12Y11","サファリハット メンズ 釣り 帽子 ハット レディース SUNS(サンズ)  撥水 アウトドア 登山 キャンプ バーベキュー NEK ★REV H-051 H-053 送料無料 大きいサイズあり キッズサイズ 子供 UVカット アドベンチャーハット 父の日 プレゼント ユニセックス 春 夏 夏フェス ギフト","大きいサイズ","BK/BLACK(H_051)","X12","Y11",,"0","420","419","-1",
"2026/08/02 21:50:30","受注取込","7987075","7987075X11Y17","アンクレット レディース メンズ つけっぱなし NEK ★REV 7987075 ゴールド シルバー アクセサリー プレゼント ギフト おしゃれ 送料無料","ONESIZE","G","X11","Y17",,"0","36","35","-1",
"2026/08/02 21:50:30","受注取込","7987075","7987075X11Y20","アンクレット レディース メンズ つけっぱなし NEK ★REV 7987075 ゴールド シルバー アクセサリー プレゼント ギフト おしゃれ 送料無料","ONESIZE","J","X11","Y20",,"0","28","27","-1",
"2026/08/02 21:50:30","受注取込","7994812","7994812X12Y33","サファリハット メンズ 釣り 帽子 ハット レディース SUNS(サンズ)  撥水 アウトドア 登山 キャンプ バーベキュー NEK ★REV H-051 H-053 送料無料 大きいサイズあり キッズサイズ 子供 UVカット アドベンチャーハット 父の日 プレゼント ユニセックス 春 夏 夏フェス ギフト","大きいサイズ","GREIGE(H-051)","X12","Y33",,"0","34","33","-1",
"2026/08/02 21:52:55","受注取込","7986572","7986572X11Y41","【新型/IQOS イルマ i ワン用】アイコス イルマiワン ILUMA ケース 保護ケース NEK ★REVL 7986572 iqosイルマワン イルマワンカバー 耐衝撃 おしゃれ iqos iluma one 専用 IQOSイルマワン保護ケース レザー ヒョウ柄 ペイズリー 保護カバー アイコスケース アクセサリー 送料無料","イルマiワン","85","X11","Y41",,"0","2","1","-1",
"2026/08/02 21:54:55","受注取込","8003102","8003102X16Y12","やみつきになる！ ストレッチ AVIREX アビレックス Tシャツ メンズ ★REV NEK 6143501 6143502 Vネック クルーネック 半袖 プレゼント ギフト","クルーネック_ホワイト_001","Mサイズ","X16","Y12",,"0","2","1","-1",
"2026/08/02 21:58:55","受注取込","7994812","7994812X12Y21","サファリハット メンズ 釣り 帽子 ハット レディース SUNS(サンズ)  撥水 アウトドア 登山 キャンプ バーベキュー NEK ★REV H-051 H-053 送料無料 大きいサイズあり キッズサイズ 子供 UVカット アドベンチャーハット 父の日 プレゼント ユニセックス 春 夏 夏フェス ギフト","大きいサイズ","PINK(H_051)","X12","Y21",,"0","19","18","-1",
"2026/08/02 21:59:55","受注取込","7987400","7987400X11Y16","【とにかくデカい！/普通サイズあり！】キャップ メンズ 大きいサイズ 帽子 深め ビッグサイズ ★REVM 7987400 BIG SIZE メンズキャップ帽子 大きめ 大きい帽子 メンズ帽子 レディース 春 夏 春夏 プレゼント ギフト 母の日 父の日 送料無料","大きいサイズ","F-ブラック","X11","Y16",,"0","46","45","-1",
"2026/08/02 22:02:55","受注取込","7997141","7997141X11Y13","特大 スイカ ドーナツ 浮き輪 浮輪 送料無料 プール 大人用 子供用 NEK 7997141 ★REV 120cm 90cm 80cm 70cm 60cm サイズ 大きい 大きめ うきわ ウキワ すいか 海 海水浴 ビックフロート 水上 レジャー かわいい フローティングベッド 西瓜 子供用浮き輪 大人 子供 こども","120cm","ドーナツチョコ","X11","Y13",,"0","31","30","-1",
"2026/08/02 22:04:00","受注取込","7994812","7994812X12Y11","サファリハット メンズ 釣り 帽子 ハット レディース SUNS(サンズ)  撥水 アウトドア 登山 キャンプ バーベキュー NEK ★REV H-051 H-053 送料無料 大きいサイズあり キッズサイズ 子供 UVカット アドベンチャーハット 父の日 プレゼント ユニセックス 春 夏 夏フェス ギフト","大きいサイズ","BK/BLACK(H_051)","X12","Y11",,"0","419","418","-1",
"2026/08/02 22:06:01","受注取込","7990670","7990670X11Y14","ニンテンドー スイッチ プロコン PRO Nintendo Switch ワイヤレス コントローラー 送料無料 HD振動 ゲーム コントローラー Switch/Switch lite/PC対応 コントローラー 無線 ジャイロセンサー TURBO機能 スイッチ コントローラー 7990670 ブラック","ONESIZE","オレンジ","X11","Y14",,"0","3","2","-1",
"2026/08/02 22:06:55","受注取込","7994812","7994812X12Y26","サファリハット メンズ 釣り 帽子 ハット レディース SUNS(サンズ)  撥水 アウトドア 登山 キャンプ バーベキュー NEK ★REV H-051 H-053 送料無料 大きいサイズあり キッズサイズ 子供 UVカット アドベンチャーハット 父の日 プレゼント ユニセックス 春 夏 夏フェス ギフト","大きいサイズ","BLACK/BEIGE(H_051)","X12","Y26",,"0","27","26","-1",
"2026/08/02 22:09:25","受注取込","7997141","7997141X14Y11","特大 スイカ ドーナツ 浮き輪 浮輪 送料無料 プール 大人用 子供用 NEK 7997141 ★REV 120cm 90cm 80cm 70cm 60cm サイズ 大きい 大きめ うきわ ウキワ すいか 海 海水浴 ビックフロート 水上 レジャー かわいい フローティングベッド 西瓜 子供用浮き輪 大人 子供 こども","70cm","スイカ","X14","Y11",,"0","86","85","-1",
"2026/08/02 22:09:25","受注取込","7997141","7997141X13Y11","特大 スイカ ドーナツ 浮き輪 浮輪 送料無料 プール 大人用 子供用 NEK 7997141 ★REV 120cm 90cm 80cm 70cm 60cm サイズ 大きい 大きめ うきわ ウキワ すいか 海 海水浴 ビックフロート 水上 レジャー かわいい フローティングベッド 西瓜 子供用浮き輪 大人 子供 こども","80cm","スイカ","X13","Y11",,"0","43","42","-1",
"2026/08/02 22:10:04","受注取込","7986564","7986564X11Y12","【当店限定/大きいサイズ】BlackRebel 帽子 キャップ メンズ レディース 大きいサイズ ★REVL 7986564 深め Vintage クラッシュ 加工 こなれ感 おしゃれ 送料無料","ONESIZE","ネイビー","X11","Y12",,"0","42","41","-1",
"2026/08/02 22:12:25","受注取込","7994812","7994812X12Y33","サファリハット メンズ 釣り 帽子 ハット レディース SUNS(サンズ)  撥水 アウトドア 登山 キャンプ バーベキュー NEK ★REV H-051 H-053 送料無料 大きいサイズあり キッズサイズ 子供 UVカット アドベンチャーハット 父の日 プレゼント ユニセックス 春 夏 夏フェス ギフト","大きいサイズ","GREIGE(H-051)","X12","Y33",,"0","33","32","-1",
"2026/08/02 22:18:25","受注取込","7994812","7994812X12Y11","サファリハット メンズ 釣り 帽子 ハット レディース SUNS(サンズ)  撥水 アウトドア 登山 キャンプ バーベキュー NEK ★REV H-051 H-053 送料無料 大きいサイズあり キッズサイズ 子供 UVカット アドベンチャーハット 父の日 プレゼント ユニセックス 春 夏 夏フェス ギフト","大きいサイズ","BK/BLACK(H_051)","X12","Y11",,"0","418","417","-1",
"2026/08/02 22:19:30","受注取込","7994812","7994812X12Y14","サファリハット メンズ 釣り 帽子 ハット レディース SUNS(サンズ)  撥水 アウトドア 登山 キャンプ バーベキュー NEK ★REV H-051 H-053 送料無料 大きいサイズあり キッズサイズ 子供 UVカット アドベンチャーハット 父の日 プレゼント ユニセックス 春 夏 夏フェス ギフト","大きいサイズ","KHAKI(H_051)","X12","Y14",,"0","32","31","-1",
"2026/08/02 22:20:33","受注取込","7987873","7987873X11Y11","【深く大きいサイズ】メッシュキャップ メンズ 帽子 刺繍 キャップ NEW YORK 1985 FORCE ★REV 7987873 おしゃれ 黒 ブラック 父の日 プレゼント ギフト 送料無料","ONESIZE","ブラック×ホワイト","X11","Y11",,"0","31","30","-1",
"2026/08/02 22:20:34","受注取込","7992540","7992540X11Y12","AVIREX ワークキャップ メンズ 大きいサイズ 大きめ キャップ ブランド 帽子 アメカジ アビレックス 春 夏 秋 冬 綿100％ ★REV 18490000 14787700 80264100 7992540 ネイビー/ベージュ/ブラック/カーキ プレゼント ギフト","ONESIZE","【B】ベージュ","X11","Y12",,"0","4","3","-1",
"2026/08/02 22:22:25","受注取込","7994812","7994812X12Y11","サファリハット メンズ 釣り 帽子 ハット レディース SUNS(サンズ)  撥水 アウトドア 登山 キャンプ バーベキュー NEK ★REV H-051 H-053 送料無料 大きいサイズあり キッズサイズ 子供 UVカット アドベンチャーハット 父の日 プレゼント ユニセックス 春 夏 夏フェス ギフト","大きいサイズ","BK/BLACK(H_051)","X12","Y11",,"0","417","416","-1",
"2026/08/02 22:22:25","受注取込","7988215","7988215X16Y15","【とにかくデカい！】 大きいサイズ キャップ メッシュキャップ 送料無料 大きめ ビッグサイズ BIG SIZE ★REV 7988215 <br> 帽子 ハット キャップ ワークキャップ メンズキャップ 大きいサイズ バケット 大きい帽子 メンズ バケハ メンズ帽子 大きい 頭 メッシュ 全39カラー","FF","5","X16","Y15",,"0","78","77","-1",
"2026/08/02 22:23:55","受注取込","7987075","7987075X11Y16","アンクレット レディース メンズ つけっぱなし NEK ★REV 7987075 ゴールド シルバー アクセサリー プレゼント ギフト おしゃれ 送料無料","ONESIZE","F","X11","Y16",,"0","25","24","-1",
"2026/08/02 22:23:55","受注取込","7987075","7987075X11Y20","アンクレット レディース メンズ つけっぱなし NEK ★REV 7987075 ゴールド シルバー アクセサリー プレゼント ギフト おしゃれ 送料無料","ONESIZE","J","X11","Y20",,"0","27","26","-1",
"2026/08/02 22:23:55","受注取込","7987170","7987170X11Y11","【万能で役立つ！男ツール】 マルチツール ドライバー 多機能 工具 日曜大工 DIY NEK ★REVL 7987170 防災 アウトドア 用品 キャンプ 雑貨 ペンチ のこぎり 缶切り ボトルオープナー ワイヤーカッター 収納ケース付 庭 ガーデニング 多機能ペンチ ギフト プレゼント","ONESIZE","シルバー","X11","Y11",,"0","20","19","-1",
"2026/08/02 22:24:55","受注取込","7997141","7997141X13Y13","特大 スイカ ドーナツ 浮き輪 浮輪 送料無料 プール 大人用 子供用 NEK 7997141 ★REV 120cm 90cm 80cm 70cm 60cm サイズ 大きい 大きめ うきわ ウキワ すいか 海 海水浴 ビックフロート 水上 レジャー かわいい フローティングベッド 西瓜 子供用浮き輪 大人 子供 こども","80cm","ドーナツチョコ","X13","Y13",,"0","9","8","-1",
"2026/08/02 22:26:00","受注取込","7994812","7994812X12Y33","サファリハット メンズ 釣り 帽子 ハット レディース SUNS(サンズ)  撥水 アウトドア 登山 キャンプ バーベキュー NEK ★REV H-051 H-053 送料無料 大きいサイズあり キッズサイズ 子供 UVカット アドベンチャーハット 父の日 プレゼント ユニセックス 春 夏 夏フェス ギフト","大きいサイズ","GREIGE(H-051)","X12","Y33",,"0","32","31","-1",
"2026/08/02 22:30:19","受注取込","7988215","7988215X21Y11","【とにかくデカい！】 大きいサイズ キャップ メッシュキャップ 送料無料 大きめ ビッグサイズ BIG SIZE ★REV 7988215 <br> 帽子 ハット キャップ ワークキャップ メンズキャップ 大きいサイズ バケット 大きい帽子 メンズ バケハ メンズ帽子 大きい 頭 メッシュ 全39カラー","KK","1","X21","Y11",,"0","8","7","-1",
"2026/08/02 22:35:55","受注取込","7988215","7988215X14Y12","【とにかくデカい！】 大きいサイズ キャップ メッシュキャップ 送料無料 大きめ ビッグサイズ BIG SIZE ★REV 7988215 <br> 帽子 ハット キャップ ワークキャップ メンズキャップ 大きいサイズ バケット 大きい帽子 メンズ バケハ メンズ帽子 大きい 頭 メッシュ 全39カラー","DD","2","X14","Y12",,"0","16","15","-1",
"2026/08/02 22:41:31","受注取込","7986757","7986757X11Y12","【置くだけで充電】 ワイヤレス充電器 車載 ホルダー 置き型 Type-C充電 USB-A NEK ★REVL 7986757 最大20W 車載ワイヤレス充電パッド 充電 充電器 車載 スマホ ホルダー スタンド 車 携帯ホルダー 急速充電 サイズ調整可能 滑り止め iphone/Android 1M PD充電 スマホアクセサリー Qi規格 送料無料","ONESIZE","TYPE-C(1m)","X11","Y12",,"0","19","18","-1",
"2026/08/02 22:48:25","受注取込","7997141","7997141X11Y11","特大 スイカ ドーナツ 浮き輪 浮輪 送料無料 プール 大人用 子供用 NEK 7997141 ★REV 120cm 90cm 80cm 70cm 60cm サイズ 大きい 大きめ うきわ ウキワ すいか 海 海水浴 ビックフロート 水上 レジャー かわいい フローティングベッド 西瓜 子供用浮き輪 大人 子供 こども","120cm","スイカ","X11","Y11",,"0","1008","1007","-1",
"2026/08/02 22:49:55","受注取込","7997141","7997141X12Y11","特大 スイカ ドーナツ 浮き輪 浮輪 送料無料 プール 大人用 子供用 NEK 7997141 ★REV 120cm 90cm 80cm 70cm 60cm サイズ 大きい 大きめ うきわ ウキワ すいか 海 海水浴 ビックフロート 水上 レジャー かわいい フローティングベッド 西瓜 子供用浮き輪 大人 子供 こども","90cm","スイカ","X12","Y11",,"0","59","58","-1",
"2026/08/02 22:50:28","受注取込","7997141","7997141X14Y12","特大 スイカ ドーナツ 浮き輪 浮輪 送料無料 プール 大人用 子供用 NEK 7997141 ★REV 120cm 90cm 80cm 70cm 60cm サイズ 大きい 大きめ うきわ ウキワ すいか 海 海水浴 ビックフロート 水上 レジャー かわいい フローティングベッド 西瓜 子供用浮き輪 大人 子供 こども","70cm","ドーナツイチゴ","X14","Y12",,"0","85","84","-1",
"2026/08/02 22:50:31","受注取込","7986572","7986572X11Y21","【新型/IQOS イルマ i ワン用】アイコス イルマiワン ILUMA ケース 保護ケース NEK ★REVL 7986572 iqosイルマワン イルマワンカバー 耐衝撃 おしゃれ iqos iluma one 専用 IQOSイルマワン保護ケース レザー ヒョウ柄 ペイズリー 保護カバー アイコスケース アクセサリー 送料無料","イルマiワン","65","X11","Y21",,"0","4","3","-1",
"2026/08/02 22:54:25","受注取込","7987073","7987073X11Y18","【くすみカラー 超軽量】バケットハット サファリハット メンズ レディース 普通サイズ 大きいサイズ NEK ★REV 7987073 アドベンチャーハット 撥水 速乾 軽量 折り畳める UV カット アウトドア キャンプ 登山 ウォーキング 散歩 日焼け防止 紫外線防止 送料無料","普通サイズ","カーキ","X11","Y18",,"0","7","6","-1",
"2026/08/02 22:56:18","受注取込","7987073","7987073X12Y18","【くすみカラー 超軽量】バケットハット サファリハット メンズ レディース 普通サイズ 大きいサイズ NEK ★REV 7987073 アドベンチャーハット 撥水 速乾 軽量 折り畳める UV カット アウトドア キャンプ 登山 ウォーキング 散歩 日焼け防止 紫外線防止 送料無料","大きいサイズ","カーキ","X12","Y18",,"0","18","17","-1",
"2026/08/02 22:56:31","受注取込","7994812","7994812X12Y11","サファリハット メンズ 釣り 帽子 ハット レディース SUNS(サンズ)  撥水 アウトドア 登山 キャンプ バーベキュー NEK ★REV H-051 H-053 送料無料 大きいサイズあり キッズサイズ 子供 UVカット アドベンチャーハット 父の日 プレゼント ユニセックス 春 夏 夏フェス ギフト","大きいサイズ","BK/BLACK(H_051)","X12","Y11",,"0","416","415","-1",
"2026/08/02 22:56:58","受注取込","7988359","7988359X11Y11","キーケース メンズ レディース 本革 レザー スマートキー キーホルダー 鍵 キーチェーン 小銭入れ プレゼント ミニギフト 父の日 母の日 ★REV 7988359","ONESIZE","キャメル","X11","Y11",,"0","8","7","-1",
"2026/08/02 22:59:30","受注取込","7988215","7988215X17Y12","【とにかくデカい！】 大きいサイズ キャップ メッシュキャップ 送料無料 大きめ ビッグサイズ BIG SIZE ★REV 7988215 <br> 帽子 ハット キャップ ワークキャップ メンズキャップ 大きいサイズ バケット 大きい帽子 メンズ バケハ メンズ帽子 大きい 頭 メッシュ 全39カラー","GG","2","X17","Y12",,"0","16","15","-1",
"2026/08/02 22:59:30","受注取込","7988215","7988215X16Y15","【とにかくデカい！】 大きいサイズ キャップ メッシュキャップ 送料無料 大きめ ビッグサイズ BIG SIZE ★REV 7988215 <br> 帽子 ハット キャップ ワークキャップ メンズキャップ 大きいサイズ バケット 大きい帽子 メンズ バケハ メンズ帽子 大きい 頭 メッシュ 全39カラー","FF","5","X16","Y15",,"0","77","76","-1",
"2026/08/02 23:00:12","受注取込","7992723","7992723X13Y11","お得！ 送料無料 4枚入り 福袋 Dickies ディッキーズ ボクサーパンツ メンズ かわいい NEK ★REV <br> パンツ ボクサーパンツ セット メンズ下着 メンズボクサーパンツ メンズボクサー 大きいサイズ 大きめ 特大 3L 下着 インナー メンズ usa まとめ買い プレゼント ギフト","LL","福袋4枚セット","X13","Y11",,"0","31","30","-1",
"2026/08/02 23:00:55","受注取込","7992495","7992495X11Y23","ブレスレット バングル メンズ レディース サバイバル パラコード 笛付き リフレクター素材 サバゲー ミリタリー アクセサリー プレゼント 送料無料  NEK ALI 7992495 190707","ONESIZE","M","X11","Y23",,"0","14","13","-1",
"2026/08/02 23:00:55","受注取込","7992495","7992495X11Y24","ブレスレット バングル メンズ レディース サバイバル パラコード 笛付き リフレクター素材 サバゲー ミリタリー アクセサリー プレゼント 送料無料  NEK ALI 7992495 190707","ONESIZE","N","X11","Y24",,"0","15","14","-1",
"2026/08/02 23:00:55","受注取込","7992495","7992495X11Y25","ブレスレット バングル メンズ レディース サバイバル パラコード 笛付き リフレクター素材 サバゲー ミリタリー アクセサリー プレゼント 送料無料  NEK ALI 7992495 190707","ONESIZE","O","X11","Y25",,"0","12","11","-1",
"2026/08/02 23:00:55","受注取込","7992495","7992495X11Y14","ブレスレット バングル メンズ レディース サバイバル パラコード 笛付き リフレクター素材 サバゲー ミリタリー アクセサリー プレゼント 送料無料  NEK ALI 7992495 190707","ONESIZE","D","X11","Y14",,"0","17","16","-1",
"2026/08/02 23:00:55","受注取込","7992495","7992495X11Y13","ブレスレット バングル メンズ レディース サバイバル パラコード 笛付き リフレクター素材 サバゲー ミリタリー アクセサリー プレゼント 送料無料  NEK ALI 7992495 190707","ONESIZE","C","X11","Y13",,"0","26","25","-1",
"2026/08/02 23:07:48","受注取込","7997141","7997141X11Y11","特大 スイカ ドーナツ 浮き輪 浮輪 送料無料 プール 大人用 子供用 NEK 7997141 ★REV 120cm 90cm 80cm 70cm 60cm サイズ 大きい 大きめ うきわ ウキワ すいか 海 海水浴 ビックフロート 水上 レジャー かわいい フローティングベッド 西瓜 子供用浮き輪 大人 子供 こども","120cm","スイカ","X11","Y11",,"0","1007","1006","-1",
"2026/08/02 23:07:55","受注取込","7987846","7987846X11Y12","【大容量】ボディバッグ バッグ メンズ レディース タクティカル 斜めがけバッグ ★REV 7987846 ショルダー ワンショルダー ミリタリー プレゼント ギフト 父の日 Ipad 送料無料","ONESIZE","ブラック","X11","Y12",,"0","1","0","-1",
"2026/08/02 23:10:07","受注取込","7995525","7995525X1Y15","AVIREX 限定モデル キャップ 帽子 父の日 贈り物 プレゼント メンズ ★REV ブラックシリーズ 黒 アビレックス アヴィレックス メッシュキャップ ハンチング ローキャップ バケット ハット ワークキャップ レディース かっこいい yos プレゼント ギフト","ONESIZE","【O】サファリハット_17158400_BIG","X1","Y15",,"0","74","73","-1",
"2026/08/02 23:10:07","受注取込","7987400","7987400X11Y11","【とにかくデカい！/普通サイズあり！】キャップ メンズ 大きいサイズ 帽子 深め ビッグサイズ ★REVM 7987400 BIG SIZE メンズキャップ帽子 大きめ 大きい帽子 メンズ帽子 レディース 春 夏 春夏 プレゼント ギフト 母の日 父の日 送料無料","大きいサイズ","A-ブラック","X11","Y11",,"0","152","151","-1",
"2026/08/02 23:16:31","受注取込","7986747","7986747X12Y11","【日焼けシェード付き】サファリハット シェード メンズ 釣り 帽子 ハット レディース SUNS(サンズ) 撥水 アウトドア 登山 キャンプ バーベキュー NEK ★REVL H-051 送料無料 大きいサイズあり キッズサイズ 子供 UVカット アドベンチャーハット 父の日 プレゼント ユニセックス 春 夏 夏フェス ギフト","大きいサイズ","SHADE_BK/BLACK(H_051)","X12","Y11",,"0","123","122","-1",
"2026/08/02 23:28:55","受注取込","7997141","7997141X11Y11","特大 スイカ ドーナツ 浮き輪 浮輪 送料無料 プール 大人用 子供用 NEK 7997141 ★REV 120cm 90cm 80cm 70cm 60cm サイズ 大きい 大きめ うきわ ウキワ すいか 海 海水浴 ビックフロート 水上 レジャー かわいい フローティングベッド 西瓜 子供用浮き輪 大人 子供 こども","120cm","スイカ","X11","Y11",,"0","1006","1005","-1",
"2026/08/02 23:30:13","受注取込","7987093","7987093X11Y13","【新型iphone/IQOS対応】急速5A 3股 Type-C 充電ケーブル スマホケーブル 1.2m 2m 3m typec NEK ★REVL 7987093 新型iphone IQOS対応 USB A→Type-C×3 充電ケーブル 3in1 急速 送料無料","1.2m","ブラック_TypeC/TypeC×3","X11","Y13",,"0","82","81","-1",
"2026/08/02 23:30:13","受注取込","7987087","7987087X11Y12","Cloud 深め 帽子 キャップ メンズ レディース ★REV 7987087 Vintage CRUSH加工 サイド刺繍 おしゃれ 送料無料","ONESIZE","ブラック","X11","Y12",,"0","7","6","-1",
"2026/08/02 23:32:56","受注取込","7987697","7987697X11Y11","【速攻配達】冷やスマPRO 盛夏用 スマホ熱中症対策 冷却 クーラー ★REV NEK スマートフォン専用常温保冷剤 熱暴走 結露なし スマホ 冷感 冷却 HIYASUMA","ONESIZE","ホワイト","X11","Y11",,"0","423","422","-1",
"2026/08/02 23:34:30","受注取込","7994812","7994812X12Y16","サファリハット メンズ 釣り 帽子 ハット レディース SUNS(サンズ)  撥水 アウトドア 登山 キャンプ バーベキュー NEK ★REV H-051 H-053 送料無料 大きいサイズあり キッズサイズ 子供 UVカット アドベンチャーハット 父の日 プレゼント ユニセックス 春 夏 夏フェス ギフト","大きいサイズ","GRAY(H_051)","X12","Y16",,"0","93","92","-1",
"2026/08/02 23:35:55","受注取込","7987760","7987760X11Y11","【なんと16色変化】LED ライト テーブルライト 充電式 インテリアライト 電球 ★REV 7987760 クリスタル ダイヤモンド クリスタルランプ 間接照明 テーブルランプ デスク タッチ Type-c USB デスクライト おしゃれ リビング 寝室 フロアライト ムードランプ LTG 送料無料","ONESIZE","クリア","X11","Y11",,"0","29","28","-1",
"2026/08/02 23:38:25","受注取込","7997141","7997141X13Y11","特大 スイカ ドーナツ 浮き輪 浮輪 送料無料 プール 大人用 子供用 NEK 7997141 ★REV 120cm 90cm 80cm 70cm 60cm サイズ 大きい 大きめ うきわ ウキワ すいか 海 海水浴 ビックフロート 水上 レジャー かわいい フローティングベッド 西瓜 子供用浮き輪 大人 子供 こども","80cm","スイカ","X13","Y11",,"0","42","41","-1",
"2026/08/02 23:40:11","受注取込","7992054","7992054X11Y12","【シンプル/おしゃれ】16mm パワーストーン ネックレス メンズ レディース 瑪瑙 オブシディアン タイガーアイ NEK ★REV 7992054 黒曜石 茶水晶 虎目石 金運 財運 仕事運 恋愛 結婚 家庭円満 癒し 幸運 成功運 勝負運 家族運 厄除祈願 天然石 お守り プレゼント 送料無料","ONESIZE","【B】タイガーアイズ","X11","Y12",,"0","34","33","-1",
"2026/08/02 23:40:12","受注取込","7987026","7987026X12Y11","【大きいサイズあり】キャップ 11cm つば長 帽子 メンズ レディース ★REV 7987026 深め 深い ゴルフ 無地 日焼け止め UVカット 送料無料","大きいサイズ","ブラック","X12","Y11",,"0","27","26","-1",
"2026/08/02 23:49:00","受注取込","7987408","7987408X11Y11","【2WAY 本革】レディースベルト リバーシブル ビジネス NEK ★REV 7987408 ロゴ フォーマル シンプル カジュアル スーツ レザー 本革 送料無料","ONESIZE","A-ブラック","X11","Y11",,"0","7","6","-1",
"2026/08/02 23:50:12","受注取込","7986706","7986706X12Y12","【特大！すっぽりかぶって、小顔見せ】バケットハット チューリップハット 帽子 NEK ★REVL 7986706 メンズ レディース 大きいサイズ 普通サイズ  デニム素材 コットン100％ おしゃれ フリンジ 送料無料","大きいサイズ","ベージュ","X12","Y12",,"0","137","136","-1",
"2026/08/02 23:51:55","受注取込","7986526","7986526X11Y13","【羽/フェザー】チョーカー メンズ レディース ネイティブフェザー レザーネックレス NEK ★REVL 7986526 ターコイズ調 ビーズ 調整可能 ロングコード シルバーアクセサリー プレゼント ギフト 送料無料","ONESIZE","C","X11","Y13",,"0","19","18","-1",
"2026/08/02 23:51:55","受注取込","7997141","7997141X11Y11","特大 スイカ ドーナツ 浮き輪 浮輪 送料無料 プール 大人用 子供用 NEK 7997141 ★REV 120cm 90cm 80cm 70cm 60cm サイズ 大きい 大きめ うきわ ウキワ すいか 海 海水浴 ビックフロート 水上 レジャー かわいい フローティングベッド 西瓜 子供用浮き輪 大人 子供 こども","120cm","スイカ","X11","Y11",,"0","1005","1004","-1",
"2026/08/02 23:55:00","受注取込","7987026","7987026X12Y11","【大きいサイズあり】キャップ 11cm つば長 帽子 メンズ レディース ★REV 7987026 深め 深い ゴルフ 無地 日焼け止め UVカット 送料無料","大きいサイズ","ブラック","X12","Y11",,"0","26","25","-1",
"2026/08/02 23:56:31","受注取込","7987124","7987124X11Y13","【おしゃれで衛生的】靴ベラ くつべら コンパクトシューホーン スーツ NEK ★REV 7987124 子供 衛生的 潔癖 折り畳み 携帯 軽量 収納 営業 出張 ビジネスマン 無地 シンプル 合皮 合成皮革 レザー プレゼント ギフト","ONESIZE","ネイビー","X11","Y13",,"0","25","24","-1",
"2026/08/02 23:56:31","受注取込","7987124","7987124X11Y12","【おしゃれで衛生的】靴ベラ くつべら コンパクトシューホーン スーツ NEK ★REV 7987124 子供 衛生的 潔癖 折り畳み 携帯 軽量 収納 営業 出張 ビジネスマン 無地 シンプル 合皮 合成皮革 レザー プレゼント ギフト","ONESIZE","ブラウン","X11","Y12",,"0","23","22","-1",
"2026/08/02 23:56:31","受注取込","7987124","7987124X11Y14","【おしゃれで衛生的】靴ベラ くつべら コンパクトシューホーン スーツ NEK ★REV 7987124 子供 衛生的 潔癖 折り畳み 携帯 軽量 収納 営業 出張 ビジネスマン 無地 シンプル 合皮 合成皮革 レザー プレゼント ギフト","ONESIZE","オリーブ","X11","Y14",,"0","20","19","-1",
"2026/08/02 23:56:31","受注取込","7987124","7987124X11Y11","【おしゃれで衛生的】靴ベラ くつべら コンパクトシューホーン スーツ NEK ★REV 7987124 子供 衛生的 潔癖 折り畳み 携帯 軽量 収納 営業 出張 ビジネスマン 無地 シンプル 合皮 合成皮革 レザー プレゼント ギフト","ONESIZE","ブラック","X11","Y11",,"0","22","21","-1",
"2026/08/02 23:57:31","受注取込","7987062","7987062X11Y17","【直射日光をはね返す】コカゲル サファリハット 洗濯機洗いOK 体感マイナス10℃ アドベンチャー NEK CC2R501 ★REV 7987062 ブッシュハット UV アウトドア SEK サイズ調整 大きいサイズ ユニセックス アウトドア 夏 対策 熱中症 木陰 日よけ 日焼け 送料無料","M(57.0～58.5)","グレージュ","X11","Y17",,"0","17","16","-1",
