"更新日時","更新理由","商品基本コード","商品コード","商品名","属性1名","属性2名","属性1コード","属性2コード","倉庫名","実在庫区分","変動前","変動後","増減値","ユーザー"
"2026/07/24 00:00:01","受注取込","7992540","7992540X11Y13","AVIREX ワークキャップ メンズ 大きいサイズ 大きめ キャップ ブランド 帽子 アメカジ アビレックス 春 夏 秋 冬 綿100％ ★REV 18490000 14787700 80264100 7992540 ネイビー/ベージュ/ブラック/カーキ プレゼント ギフト","ONESIZE","【C】ブラック","X11","Y13",,"0","298","297","-1",
"2026/07/24 00:00:37","受注取込","7986849","7986849X11Y11","【ゴージャスに遊ぶ】トランプ プラスチック 54枚 撥水 NEK ★REV 7986849 ブラック ゴールド シルバー ピンクゴールド カードゲーム マジックトランプ パーティーグッズ プレゼント ギフト ポーカー ブラックジャック 手品 送料無料","ONESIZE","A","X11","Y11",,"0","20","19","-1",
"2026/07/24 00:01:55","受注取込","7994812","7994812X11Y33","サファリハット メンズ 釣り 帽子 ハット レディース SUNS(サンズ)  撥水 アウトドア 登山 キャンプ バーベキュー NEK ★REV H-051 H-053 送料無料 大きいサイズあり キッズサイズ 子供 UVカット アドベンチャーハット 父の日 プレゼント ユニセックス 春 夏 夏フェス ギフト","普通サイズ","GREIGE(H-051)","X11","Y33",,"0","178","177","-1",
"2026/07/24 00:05:24","受注取込","7987892","7987892X11Y22","【深めのシルエット】メッシュキャップ キャップ 帽子 メンズ レディース 大きいサイズ 普通サイズ ★REV 7987892","普通サイズ","L","X11","Y22",,"0","8","7","-1",
"2026/07/24 00:12:25","受注取込","7986651","7986651X11Y11","【銅×グラフェンの力で、スマホを瞬冷！】スマホ熱中症対策 冷却 クーラー NEK ★REVL 7986651 スマートフォン 保冷 結露なし スマホ 冷感 冷却 iphone アクセサリー 送料無料","ONESIZE","ブラック","X11","Y11",,"0","150","148","-2",
"2026/07/24 00:16:25","受注取込","7987475","7987475X11Y13","【護身用】タクティカルスティック 防災グッズ タクティカルペン キーホルダー キーリング NEK ★REV 7987475 護身 棒 車 ガラス 防災 災害 車内 軽量 丈夫 不審者 痴漢 痴漢対策 護身用 用品 武器 防犯 護身グッズ 自己防衛 コンパクト 非常時 タクティカル バッググリップ","ONESIZE","ブルー","X11","Y13",,"0","3","2","-1",
"2026/07/24 00:18:58","受注取込","7986651","7986651X11Y11","【銅×グラフェンの力で、スマホを瞬冷！】スマホ熱中症対策 冷却 クーラー NEK ★REVL 7986651 スマートフォン 保冷 結露なし スマホ 冷感 冷却 iphone アクセサリー 送料無料","ONESIZE","ブラック","X11","Y11",,"0","148","147","-1",
"2026/07/24 00:20:19","受注取込","7987070","7987070X11Y11","【お得な2枚組】X-LARGE XLARGE エクストララージ ボクサーパンツ メンズ アンダーウェア 下着 NEK ★REVL 7987070 かっこいい ツルツル おすすめ 人気 カモフラ タイダイ 炎 迷彩 カモ柄 ブランド 男性 紳士 プレゼント プチギフト 父の日 誕生日 彼氏 父 息子 ギフト 記念日 大きいサイズ 福袋 送料無料","M","2枚組","X11","Y11",,"0","41","40","-1",
"2026/07/24 00:20:20","受注取込","7986710","7986710X11Y19","【春夏秋冬対応/くすみカラー】トートバッグ クロシェバッグ エコバッグ レディース NEK ★REVO 7986710 メッシュ クロシェ編み ナチュラル ニット A4 軽量 かぎ編み おしゃれ 大容量 リゾート 通勤 通学 学生 送料無料","ONESIZE","チャコール","X11","Y19",,"0","12","11","-1",
"2026/07/24 00:20:31","受注取込","7997141","7997141X11Y12","特大 スイカ ドーナツ 浮き輪 浮輪 送料無料 プール 大人用 子供用 NEK 7997141 ★REV 120cm 90cm 80cm 70cm 60cm サイズ 大きい 大きめ うきわ ウキワ すいか 海 海水浴 ビックフロート 水上 レジャー かわいい フローティングベッド 西瓜 子供用浮き輪 大人 子供 こども","120cm","ドーナツイチゴ","X11","Y12",,"0","48","47","-1",
"2026/07/24 00:30:13","受注取込","7988124","7988124X11Y17","大きいサイズ キャップ 帽子 メンズ フルキャップ ベースボールキャップ コットンキャップ 野球帽 ワンポイント ★REV 7988124 イーグル 鷲 刺繍 ミリタリー BIGSIZE キングサイズ 送料無料","ONESIZE","メッシュホワイト","X11","Y17",,"0","12","11","-1",
"2026/07/24 00:31:25","受注取込","7994812","7994812X12Y11","サファリハット メンズ 釣り 帽子 ハット レディース SUNS(サンズ)  撥水 アウトドア 登山 キャンプ バーベキュー NEK ★REV H-051 H-053 送料無料 大きいサイズあり キッズサイズ 子供 UVカット アドベンチャーハット 父の日 プレゼント ユニセックス 春 夏 夏フェス ギフト","大きいサイズ","BK/BLACK(H_051)","X12","Y11",,"0","557","556","-1",
"2026/07/24 00:32:55","受注取込","7986529","7986529X11Y11","【お得な3本セット】プロテインシェイカー 500ml ステンレスボール付き ★REVL 7986529 ダマにならない 密閉防漏 持ち運び便利 食洗機対応 フィットネス・筋トレ用 食品等試験検査済 送料無料","3本セット","ブラック","X11","Y11",,"0","22","21","-1",
"2026/07/24 00:50:04","受注取込","7986564","7986564X11Y14","【当店限定/大きいサイズ】BlackRebel 帽子 キャップ メンズ レディース 大きいサイズ ★REVL 7986564 深め Vintage クラッシュ 加工 こなれ感 おしゃれ 送料無料","ONESIZE","ブラウン","X11","Y14",,"0","69","68","-1",
"2026/07/24 01:10:19","受注取込","7987070","7987070X11Y11","【お得な2枚組】X-LARGE XLARGE エクストララージ ボクサーパンツ メンズ アンダーウェア 下着 NEK ★REVL 7987070 かっこいい ツルツル おすすめ 人気 カモフラ タイダイ 炎 迷彩 カモ柄 ブランド 男性 紳士 プレゼント プチギフト 父の日 誕生日 彼氏 父 息子 ギフト 記念日 大きいサイズ 福袋 送料無料","M","2枚組","X11","Y11",,"0","40","39","-1",
"2026/07/24 01:16:01","受注取込","7987002","7987002X11Y11","【Vintage感が超カッコいい 深め】帽子 キャップ メンズ レディース Vintage クラッシュ加工 ★REVL 7987002 デニム ジーンズ 送料無料","ONESIZE","チャコール","X11","Y11",,"0","4","3","-1",
"2026/07/24 01:30:04","受注取込","7987743","7987743X11Y14","【仕切り上手】ミニトート バッグ レディース メンズ トートバッグ トート ミニ 仕切り NEK ★REV 7987743 ポケット キャンバス ランチバッグ マザーズバッグ 収納 かわいい シンプル おしゃれ 便利 無地 通勤 通学 ユニセックス ジッパー付き 防犯 紛失 対策 送料無料","ONESIZE","ブラック","X11","Y14",,"0","3","2","-1",
"2026/07/24 01:32:28","受注取込","7987988","7987988X12Y15","【AVIREX 限定】サファリハット メンズ 大きいサイズ BIGサイズ アドベンチャーハット 17158300 17158400 釣り 帽子 ハット ★REV NEK 7987988 大きめ 普通サイズ AVIREX 限定 かっこいい アウトドア ブラックシリーズ アビレックス 帽子 キャップ ブランド 撥水加工","大きいサイズ_17158400","グレージュ(73)","X12","Y15",,"0","101","100","-1",
"2026/07/24 02:03:55","受注取込","7988124","7988124X11Y13","大きいサイズ キャップ 帽子 メンズ フルキャップ ベースボールキャップ コットンキャップ 野球帽 ワンポイント ★REV 7988124 イーグル 鷲 刺繍 ミリタリー BIGSIZE キングサイズ 送料無料","ONESIZE","グレー","X11","Y13",,"0","37","36","-1",
"2026/07/24 02:27:01","受注取込","7986564","7986564X11Y11","【当店限定/大きいサイズ】BlackRebel 帽子 キャップ メンズ レディース 大きいサイズ ★REVL 7986564 深め Vintage クラッシュ 加工 こなれ感 おしゃれ 送料無料","ONESIZE","ブラック","X11","Y11",,"0","241","240","-1",
"2026/07/24 02:29:25","受注取込","7988215","7988215X19Y11","【とにかくデカい！】 大きいサイズ キャップ メッシュキャップ 送料無料 大きめ ビッグサイズ BIG SIZE ★REV 7988215 <br> 帽子 ハット キャップ ワークキャップ メンズキャップ 大きいサイズ バケット 大きい帽子 メンズ バケハ メンズ帽子 大きい 頭 メッシュ 全39カラー","II","1","X19","Y11",,"0","16","15","-1",
"2026/07/24 02:42:30","受注取込","7986751","7986751X11Y13","【グリップ力効果/洗濯可能】トレーニンググローブ 手袋 筋トレ 筋トレグローブ NEK ★REV 7986751 レディース メンズ ジム手袋 指無し ウェイトリフティング 防滑 クッション性 伸びる 洗濯OK バーベル サイクリング ヨガ グリップ 衝撃吸収 通気性 送料無料","S","ブラック","X11","Y13",,"0","24","23","-1",
"2026/07/24 03:07:55","受注取込","7987400","7987400X11Y26","【とにかくデカい！/普通サイズあり！】キャップ メンズ 大きいサイズ 帽子 深め ビッグサイズ ★REVM 7987400 BIG SIZE メンズキャップ帽子 大きめ 大きい帽子 メンズ帽子 レディース 春 夏 春夏 プレゼント ギフト 母の日 父の日 送料無料","大きいサイズ","P-ブラック","X11","Y26",,"0","65","64","-1",
"2026/07/24 03:13:55","受注取込","7987078","7987078X11Y11","【3個の福袋！即出荷】ビーチボール 水遊び ビーチバレー 浮き輪 フロート NEK ★REV 7987078 サッカーボール 30cm アウトドア キャンプ 海 プール 川 リゾート 送料無料","ONESIZE","3個セット","X11","Y11",,"0","81","80","-1",
"2026/07/24 04:30:33","受注取込","7994812","7994812X12Y31","サファリハット メンズ 釣り 帽子 ハット レディース SUNS(サンズ)  撥水 アウトドア 登山 キャンプ バーベキュー NEK ★REV H-051 H-053 送料無料 大きいサイズあり キッズサイズ 子供 UVカット アドベンチャーハット 父の日 プレゼント ユニセックス 春 夏 夏フェス ギフト","大きいサイズ","RENGA(H_051)","X12","Y31",,"0","50","49","-1",
"2026/07/24 04:30:33","受注取込","7994812","7994812X11Y11","サファリハット メンズ 釣り 帽子 ハット レディース SUNS(サンズ)  撥水 アウトドア 登山 キャンプ バーベキュー NEK ★REV H-051 H-053 送料無料 大きいサイズあり キッズサイズ 子供 UVカット アドベンチャーハット 父の日 プレゼント ユニセックス 春 夏 夏フェス ギフト","普通サイズ","BK/BLACK(H_051)","X11","Y11",,"0","72","71","-1",
"2026/07/24 04:32:01","受注取込","7987400","7987400X11Y16","【とにかくデカい！/普通サイズあり！】キャップ メンズ 大きいサイズ 帽子 深め ビッグサイズ ★REVM 7987400 BIG SIZE メンズキャップ帽子 大きめ 大きい帽子 メンズ帽子 レディース 春 夏 春夏 プレゼント ギフト 母の日 父の日 送料無料","大きいサイズ","F-ブラック","X11","Y16",,"0","99","98","-1",
"2026/07/24 04:40:05","受注取込","7987400","7987400X11Y11","【とにかくデカい！/普通サイズあり！】キャップ メンズ 大きいサイズ 帽子 深め ビッグサイズ ★REVM 7987400 BIG SIZE メンズキャップ帽子 大きめ 大きい帽子 メンズ帽子 レディース 春 夏 春夏 プレゼント ギフト 母の日 父の日 送料無料","大きいサイズ","A-ブラック","X11","Y11",,"0","35","34","-1",
"2026/07/24 04:41:01","受注取込","7987892","7987892X12Y26","【深めのシルエット】メッシュキャップ キャップ 帽子 メンズ レディース 大きいサイズ 普通サイズ ★REV 7987892","大きいサイズ","P","X12","Y26",,"0","13","12","-1",
"2026/07/24 04:41:01","受注取込","7987892","7987892X12Y25","【深めのシルエット】メッシュキャップ キャップ 帽子 メンズ レディース 大きいサイズ 普通サイズ ★REV 7987892","大きいサイズ","O","X12","Y25",,"0","14","12","-2",
"2026/07/24 04:45:25","受注取込","7997141","7997141X11Y13","特大 スイカ ドーナツ 浮き輪 浮輪 送料無料 プール 大人用 子供用 NEK 7997141 ★REV 120cm 90cm 80cm 70cm 60cm サイズ 大きい 大きめ うきわ ウキワ すいか 海 海水浴 ビックフロート 水上 レジャー かわいい フローティングベッド 西瓜 子供用浮き輪 大人 子供 こども","120cm","ドーナツチョコ","X11","Y13",,"0","96","95","-1",
"2026/07/24 04:48:25","受注取込","7987323","7987323X11Y11","【めちゃ早っ充電】充電器 タイプC iphone ipad 2mケーブル PD30W NEK ★REV 7987323 アイコス IQOS イルマ MacBook Surface pro Switch アダプター TYPE-C/TYPE-C TYPE-C/Lightning xperia エクスペリア 高速充電 日本PSE認証 プレゼント 送料無料","TYPE-C/TYPE-C","ホワイト","X11","Y11",,"0","55","54","-1",
"2026/07/24 04:56:25","受注取込","7987061","7987061X11Y12","【お得な2組セット】アームカバー メンズ レディース 2組セット 冷感 NEK ★REV 7987061 ひんやり スポーツ 紫外線カット UVカット 男用 仕事 外 夏 運動 ゴルフ サイクリング 通気性 速乾性 接触冷感 UPF50+ 日焼け防止 送料無料","ONESIZE","ホワイト","X11","Y12",,"0","172","171","-1",
"2026/07/24 05:51:55","受注取込","7994812","7994812X11Y13","サファリハット メンズ 釣り 帽子 ハット レディース SUNS(サンズ)  撥水 アウトドア 登山 キャンプ バーベキュー NEK ★REV H-051 H-053 送料無料 大きいサイズあり キッズサイズ 子供 UVカット アドベンチャーハット 父の日 プレゼント ユニセックス 春 夏 夏フェス ギフト","普通サイズ","NAVY(H_051)","X11","Y13",,"0","104","103","-1",
"2026/07/24 06:18:25","受注取込","7987714","7987714X11Y11","【なんと6+1個入り！速攻配達】水風船 水ふうせん 何度も使える ゴミが出ない プール クラッシュボール ★REV NEK 7987714 水遊び 海 川 お風呂 水鉄砲 子供 おもちゃ 繰り返し BALL 水 風船 ボール エコ ウォーターボム リサイクル 安心 安全 送料無料","ワンサイズ","まる形6+1","X11","Y11",,"0","15","14","-1",
"2026/07/24 06:20:11","受注取込","7987400","7987400X11Y15","【とにかくデカい！/普通サイズあり！】キャップ メンズ 大きいサイズ 帽子 深め ビッグサイズ ★REVM 7987400 BIG SIZE メンズキャップ帽子 大きめ 大きい帽子 メンズ帽子 レディース 春 夏 春夏 プレゼント ギフト 母の日 父の日 送料無料","大きいサイズ","E-ベージュ","X11","Y15",,"0","75","74","-1",
"2026/07/24 06:20:55","受注取込","7994812","7994812X12Y14","サファリハット メンズ 釣り 帽子 ハット レディース SUNS(サンズ)  撥水 アウトドア 登山 キャンプ バーベキュー NEK ★REV H-051 H-053 送料無料 大きいサイズあり キッズサイズ 子供 UVカット アドベンチャーハット 父の日 プレゼント ユニセックス 春 夏 夏フェス ギフト","大きいサイズ","KHAKI(H_051)","X12","Y14",,"0","31","30","-1",
"2026/07/24 06:44:55","受注取込","7986651","7986651X11Y11","【銅×グラフェンの力で、スマホを瞬冷！】スマホ熱中症対策 冷却 クーラー NEK ★REVL 7986651 スマートフォン 保冷 結露なし スマホ 冷感 冷却 iphone アクセサリー 送料無料","ONESIZE","ブラック","X11","Y11",,"0","147","146","-1",
"2026/07/24 06:57:01","受注取込","7986757","7986757X11Y11","【置くだけで充電】 ワイヤレス充電器 車載 ホルダー 置き型 Type-C充電 USB-A NEK ★REVL 7986757 最大20W 車載ワイヤレス充電パッド 充電 充電器 車載 スマホ ホルダー スタンド 車 携帯ホルダー 急速充電 サイズ調整可能 滑り止め iphone/Android 1M PD充電 スマホアクセサリー Qi規格 送料無料","ONESIZE","USB-A(1m)","X11","Y11",,"0","5","4","-1",
"2026/07/24 06:58:55","受注取込","7986547","7986547X11Y11","【お得な5枚10点セット】福袋 おなかぷにぷに3Dキャラクターシール 犬猫アニマル NEK ★REVO 7986547 ピンセット付き ぷにぷに触感 ストレス解消 癒しデコシール プレゼント ギフト 送料無料","ONESIZE","5枚10点アソート","X11","Y11",,"0","715","714","-1",
"2026/07/24 07:00:05","受注取込","7987070","7987070X13Y11","【お得な2枚組】X-LARGE XLARGE エクストララージ ボクサーパンツ メンズ アンダーウェア 下着 NEK ★REVL 7987070 かっこいい ツルツル おすすめ 人気 カモフラ タイダイ 炎 迷彩 カモ柄 ブランド 男性 紳士 プレゼント プチギフト 父の日 誕生日 彼氏 父 息子 ギフト 記念日 大きいサイズ 福袋 送料無料","XL","2枚組","X13","Y11",,"0","34","32","-2",
"2026/07/24 07:00:06","受注取込","7988215","7988215X20Y14","【とにかくデカい！】 大きいサイズ キャップ メッシュキャップ 送料無料 大きめ ビッグサイズ BIG SIZE ★REV 7988215 <br> 帽子 ハット キャップ ワークキャップ メンズキャップ 大きいサイズ バケット 大きい帽子 メンズ バケハ メンズ帽子 大きい 頭 メッシュ 全39カラー","JJ","4","X20","Y14",,"0","10","9","-1",
"2026/07/24 07:28:25","受注取込","7994812","7994812X12Y11","サファリハット メンズ 釣り 帽子 ハット レディース SUNS(サンズ)  撥水 アウトドア 登山 キャンプ バーベキュー NEK ★REV H-051 H-053 送料無料 大きいサイズあり キッズサイズ 子供 UVカット アドベンチャーハット 父の日 プレゼント ユニセックス 春 夏 夏フェス ギフト","大きいサイズ","BK/BLACK(H_051)","X12","Y11",,"0","556","555","-1",
"2026/07/24 07:36:55","受注取込","7986598","7986598X11Y11","【熊対策/大音量】 熊対策！熊避け！大音量アラーム&ライト 120dB 害獣避け 害鳥避け NEK ★REVL 7986598 害獣対策 くま避け 熊よけ べアBEAR クマよけ 熊避け 熊・猪などの野生動物対策に アウトドア キャンプ 登山 ハイキング トレッキング アクセサリー 非常用 緊急用 笛 防犯 防災グッズ 送料無料","ONESIZE","ブラック","X11","Y11",,"0","167","166","-1",
"2026/07/24 07:56:18","受注取込","7995525","7995525X1Y12","AVIREX 限定モデル キャップ 帽子 父の日 贈り物 プレゼント メンズ ★REV ブラックシリーズ 黒 アビレックス アヴィレックス メッシュキャップ ハンチング ローキャップ バケット ハット ワークキャップ レディース かっこいい yos プレゼント ギフト","ONESIZE","【L】ワークキャップ_14787700_80","X1","Y12",,"0","102","101","-1",
"2026/07/24 08:00:20","受注取込","7988215","7988215X21Y11","【とにかくデカい！】 大きいサイズ キャップ メッシュキャップ 送料無料 大きめ ビッグサイズ BIG SIZE ★REV 7988215 <br> 帽子 ハット キャップ ワークキャップ メンズキャップ 大きいサイズ バケット 大きい帽子 メンズ バケハ メンズ帽子 大きい 頭 メッシュ 全39カラー","KK","1","X21","Y11",,"0","17","16","-1",
"2026/07/24 08:00:34","受注取込","7994812","7994812X12Y11","サファリハット メンズ 釣り 帽子 ハット レディース SUNS(サンズ)  撥水 アウトドア 登山 キャンプ バーベキュー NEK ★REV H-051 H-053 送料無料 大きいサイズあり キッズサイズ 子供 UVカット アドベンチャーハット 父の日 プレゼント ユニセックス 春 夏 夏フェス ギフト","大きいサイズ","BK/BLACK(H_051)","X12","Y11",,"0","555","554","-1",
"2026/07/24 08:00:34","受注取込","7987714","7987714X11Y11","【なんと6+1個入り！速攻配達】水風船 水ふうせん 何度も使える ゴミが出ない プール クラッシュボール ★REV NEK 7987714 水遊び 海 川 お風呂 水鉄砲 子供 おもちゃ 繰り返し BALL 水 風船 ボール エコ ウォーターボム リサイクル 安心 安全 送料無料","ワンサイズ","まる形6+1","X11","Y11",,"0","14","13","-1",
"2026/07/24 08:04:26","受注取込","7994812","7994812X12Y11","サファリハット メンズ 釣り 帽子 ハット レディース SUNS(サンズ)  撥水 アウトドア 登山 キャンプ バーベキュー NEK ★REV H-051 H-053 送料無料 大きいサイズあり キッズサイズ 子供 UVカット アドベンチャーハット 父の日 プレゼント ユニセックス 春 夏 夏フェス ギフト","大きいサイズ","BK/BLACK(H_051)","X12","Y11",,"0","554","553","-1",
"2026/07/24 08:10:32","受注取込","7988215","7988215X14Y11","【とにかくデカい！】 大きいサイズ キャップ メッシュキャップ 送料無料 大きめ ビッグサイズ BIG SIZE ★REV 7988215 <br> 帽子 ハット キャップ ワークキャップ メンズキャップ 大きいサイズ バケット 大きい帽子 メンズ バケハ メンズ帽子 大きい 頭 メッシュ 全39カラー","DD","1","X14","Y11",,"0","24","23","-1",
"2026/07/24 08:13:25","受注取込","7988215","7988215X13Y13","【とにかくデカい！】 大きいサイズ キャップ メッシュキャップ 送料無料 大きめ ビッグサイズ BIG SIZE ★REV 7988215 <br> 帽子 ハット キャップ ワークキャップ メンズキャップ 大きいサイズ バケット 大きい帽子 メンズ バケハ メンズ帽子 大きい 頭 メッシュ 全39カラー","CC","3","X13","Y13",,"0","32","31","-1",
"2026/07/24 08:20:12","受注取込","7986545","7986545X13Y11","【お得な2枚組】AVIREX アビレックス  アヴィレックス ボクサーパンツ メンズ NEK ★REVL 7986545 アンダーウェア 下着 かっこいい おすすめ 人気 カモフラ 迷彩 カモ柄 ロゴ ブランド 男性 紳士 プレゼント プチギフト 父の日 誕生日 彼氏 父 息子 ギフト 記念日 福袋 送料無料","XL","2枚組","X13","Y11",,"0","9","8","-1",
"2026/07/24 08:25:56","受注取込","7987085","7987085X11Y21","【とにかくデカい！】大きいサイズ キャップ 大きめ 深い 深め ビッグサイズ BIG SIZE ★REV 7987085 メンズキャップ帽子 大きい帽子 メンズ帽子 レディース 春 夏 春夏 プレゼント ギフト 母の日 父の日 送料無料","YA","11","X11","Y21",,"0","20","19","-1",
"2026/07/24 08:30:07","受注取込","7987070","7987070X11Y11","【お得な2枚組】X-LARGE XLARGE エクストララージ ボクサーパンツ メンズ アンダーウェア 下着 NEK ★REVL 7987070 かっこいい ツルツル おすすめ 人気 カモフラ タイダイ 炎 迷彩 カモ柄 ブランド 男性 紳士 プレゼント プチギフト 父の日 誕生日 彼氏 父 息子 ギフト 記念日 大きいサイズ 福袋 送料無料","M","2枚組","X11","Y11",,"0","39","38","-1",
"2026/07/24 08:32:39","受注取込","7987977","7987977X11Y11","【足首をおしゃれに】アンクレット レディース メンズ つけっぱなし NEK ★REV 7987977 アクセサリー プレゼント プチギフト ギフト シルバー 喜平デザイン 送料無料","ONESIZE","シルバー","X11","Y11",,"0","19","18","-1",
"2026/07/24 08:32:56","受注取込","7994812","7994812X12Y24","サファリハット メンズ 釣り 帽子 ハット レディース SUNS(サンズ)  撥水 アウトドア 登山 キャンプ バーベキュー NEK ★REV H-051 H-053 送料無料 大きいサイズあり キッズサイズ 子供 UVカット アドベンチャーハット 父の日 プレゼント ユニセックス 春 夏 夏フェス ギフト","大きいサイズ","BEIGE(H_051)","X12","Y24",,"0","47","46","-1",
"2026/07/24 08:34:32","受注取込","7992723","7992723X11Y11","お得！ 送料無料 4枚入り 福袋 Dickies ディッキーズ ボクサーパンツ メンズ かわいい NEK ★REV <br> パンツ ボクサーパンツ セット メンズ下着 メンズボクサーパンツ メンズボクサー 大きいサイズ 大きめ 特大 3L 下着 インナー メンズ usa まとめ買い プレゼント ギフト","M","福袋4枚セット","X11","Y11",,"0","220","219","-1",
"2026/07/24 08:35:26","受注取込","7994812","7994812X11Y11","サファリハット メンズ 釣り 帽子 ハット レディース SUNS(サンズ)  撥水 アウトドア 登山 キャンプ バーベキュー NEK ★REV H-051 H-053 送料無料 大きいサイズあり キッズサイズ 子供 UVカット アドベンチャーハット 父の日 プレゼント ユニセックス 春 夏 夏フェス ギフト","普通サイズ","BK/BLACK(H_051)","X11","Y11",,"0","71","70","-1",
"2026/07/24 08:41:13","受注取込","7987400","7987400X11Y15","【とにかくデカい！/普通サイズあり！】キャップ メンズ 大きいサイズ 帽子 深め ビッグサイズ ★REVM 7987400 BIG SIZE メンズキャップ帽子 大きめ 大きい帽子 メンズ帽子 レディース 春 夏 春夏 プレゼント ギフト 母の日 父の日 送料無料","大きいサイズ","E-ベージュ","X11","Y15",,"0","74","73","-1",
"2026/07/24 08:48:38","受注取込","7987706","7987706X11Y11","【～130cm】大きいサイズ対応 ビジネスベルト メンズ 本革 レザー ベルト メンズ ★REV 7987706 本皮 サイズ調整可能 プレゼント ギフト 父の日 送料無料","ONESIZE","ブラック","X11","Y11",,"0","4","3","-1",
"2026/07/24 08:56:56","受注取込","7987714","7987714X11Y11","【なんと6+1個入り！速攻配達】水風船 水ふうせん 何度も使える ゴミが出ない プール クラッシュボール ★REV NEK 7987714 水遊び 海 川 お風呂 水鉄砲 子供 おもちゃ 繰り返し BALL 水 風船 ボール エコ ウォーターボム リサイクル 安心 安全 送料無料","ワンサイズ","まる形6+1","X11","Y11",,"0","13","12","-1",
"2026/07/24 08:56:56","受注取込","7988215","7988215X16Y15","【とにかくデカい！】 大きいサイズ キャップ メッシュキャップ 送料無料 大きめ ビッグサイズ BIG SIZE ★REV 7988215 <br> 帽子 ハット キャップ ワークキャップ メンズキャップ 大きいサイズ バケット 大きい帽子 メンズ バケハ メンズ帽子 大きい 頭 メッシュ 全39カラー","FF","5","X16","Y15",,"0","116","115","-1",
"2026/07/24 09:00:58","受注取込","7986504","7986504X12Y12","【7cm厚底】厚底サンダル レディース EVA 軽量 7cm 厚底 トングサンダル ★REVO 7986504 ビーチサンダル 韓国ファッション 美脚 脚長 疲れにくい 軽い おしゃれ ブラック グレージュ 送料無料","37-38(23.5?24.0cm)","グレージュ","X12","Y12",,"0","40","39","-1",
"2026/07/24 09:09:27","受注取込","7987714","7987714X11Y11","【なんと6+1個入り！速攻配達】水風船 水ふうせん 何度も使える ゴミが出ない プール クラッシュボール ★REV NEK 7987714 水遊び 海 川 お風呂 水鉄砲 子供 おもちゃ 繰り返し BALL 水 風船 ボール エコ ウォーターボム リサイクル 安心 安全 送料無料","ワンサイズ","まる形6+1","X11","Y11",,"0","12","11","-1",
"2026/07/24 09:13:55","受注取込","7994812","7994812X11Y11","サファリハット メンズ 釣り 帽子 ハット レディース SUNS(サンズ)  撥水 アウトドア 登山 キャンプ バーベキュー NEK ★REV H-051 H-053 送料無料 大きいサイズあり キッズサイズ 子供 UVカット アドベンチャーハット 父の日 プレゼント ユニセックス 春 夏 夏フェス ギフト","普通サイズ","BK/BLACK(H_051)","X11","Y11",,"0","70","69","-1",
"2026/07/24 09:15:06","受注取込","7994812","7994812X11Y33","サファリハット メンズ 釣り 帽子 ハット レディース SUNS(サンズ)  撥水 アウトドア 登山 キャンプ バーベキュー NEK ★REV H-051 H-053 送料無料 大きいサイズあり キッズサイズ 子供 UVカット アドベンチャーハット 父の日 プレゼント ユニセックス 春 夏 夏フェス ギフト","普通サイズ","GREIGE(H-051)","X11","Y33",,"0","177","176","-1",
"2026/07/24 09:20:29","受注取込","7994812","7994812X12Y32","サファリハット メンズ 釣り 帽子 ハット レディース SUNS(サンズ)  撥水 アウトドア 登山 キャンプ バーベキュー NEK ★REV H-051 H-053 送料無料 大きいサイズあり キッズサイズ 子供 UVカット アドベンチャーハット 父の日 プレゼント ユニセックス 春 夏 夏フェス ギフト","大きいサイズ","T.BLUE(H_051)","X12","Y32",,"0","88","87","-1",
"2026/07/24 09:23:01","受注取込","7988610","7988610X11Y11","【おまけ付き】タックルボックス ルアーケース 釣り具ケース 収納 防水 タックルケース 釣り ワームケース ケース 釣り針 シンカー フライボックス 7988610 プレゼント ギフト","中","ブラック","X11","Y11",,"0","31","29","-2",
"2026/07/24 09:23:01","受注取込","7986747","7986747X12Y11","【日焼けシェード付き】サファリハット シェード メンズ 釣り 帽子 ハット レディース SUNS(サンズ) 撥水 アウトドア 登山 キャンプ バーベキュー NEK ★REVL H-051 送料無料 大きいサイズあり キッズサイズ 子供 UVカット アドベンチャーハット 父の日 プレゼント ユニセックス 春 夏 夏フェス ギフト","大きいサイズ","SHADE_BK/BLACK(H_051)","X12","Y11",,"0","141","140","-1",
"2026/07/24 09:24:56","受注取込","7997141","7997141X11Y13","特大 スイカ ドーナツ 浮き輪 浮輪 送料無料 プール 大人用 子供用 NEK 7997141 ★REV 120cm 90cm 80cm 70cm 60cm サイズ 大きい 大きめ うきわ ウキワ すいか 海 海水浴 ビックフロート 水上 レジャー かわいい フローティングベッド 西瓜 子供用浮き輪 大人 子供 こども","120cm","ドーナツチョコ","X11","Y13",,"0","95","94","-1",
"2026/07/24 09:30:29","受注取込","7987070","7987070X11Y11","【お得な2枚組】X-LARGE XLARGE エクストララージ ボクサーパンツ メンズ アンダーウェア 下着 NEK ★REVL 7987070 かっこいい ツルツル おすすめ 人気 カモフラ タイダイ 炎 迷彩 カモ柄 ブランド 男性 紳士 プレゼント プチギフト 父の日 誕生日 彼氏 父 息子 ギフト 記念日 大きいサイズ 福袋 送料無料","M","2枚組","X11","Y11",,"0","38","37","-1",
"2026/07/24 09:30:43","受注取込","7986524","7986524X11Y13","【ミニマル】スマホショルダー サコッシュ ミニバッグ 軽量 撥水 コンパクト 収納力抜群 NEK ★REVL 7986524 レディース メンズ ユニセックス 斜めがけ ポーチ アウトドア 旅行 サブバッグ 送料無料","ONESIZE","パープル","X11","Y13",,"0","34","33","-1",
"2026/07/24 09:32:19","受注取込","7986651","7986651X11Y11","【銅×グラフェンの力で、スマホを瞬冷！】スマホ熱中症対策 冷却 クーラー NEK ★REVL 7986651 スマートフォン 保冷 結露なし スマホ 冷感 冷却 iphone アクセサリー 送料無料","ONESIZE","ブラック","X11","Y11",,"0","146","145","-1",
"2026/07/24 09:36:31","受注取込","7994812","7994812X11Y17","サファリハット メンズ 釣り 帽子 ハット レディース SUNS(サンズ)  撥水 アウトドア 登山 キャンプ バーベキュー NEK ★REV H-051 H-053 送料無料 大きいサイズあり キッズサイズ 子供 UVカット アドベンチャーハット 父の日 プレゼント ユニセックス 春 夏 夏フェス ギフト","普通サイズ","YELLOW(H_051)","X11","Y17",,"0","22","21","-1",
"2026/07/24 09:37:04","受注取込","7986572","7986572X11Y41","【新型/IQOS イルマ i ワン用】アイコス イルマiワン ILUMA ケース 保護ケース NEK ★REVL 7986572 iqosイルマワン イルマワンカバー 耐衝撃 おしゃれ iqos iluma one 専用 IQOSイルマワン保護ケース レザー ヒョウ柄 ペイズリー 保護カバー アイコスケース アクセサリー 送料無料","イルマiワン","85","X11","Y41",,"0","2","0","-2",
"2026/07/24 09:40:10","受注取込","7988215","7988215X16Y15","【とにかくデカい！】 大きいサイズ キャップ メッシュキャップ 送料無料 大きめ ビッグサイズ BIG SIZE ★REV 7988215 <br> 帽子 ハット キャップ ワークキャップ メンズキャップ 大きいサイズ バケット 大きい帽子 メンズ バケハ メンズ帽子 大きい 頭 メッシュ 全39カラー","FF","5","X16","Y15",,"0","115","114","-1",
"2026/07/24 09:40:59","受注取込","7992723","7992723X11Y11","お得！ 送料無料 4枚入り 福袋 Dickies ディッキーズ ボクサーパンツ メンズ かわいい NEK ★REV <br> パンツ ボクサーパンツ セット メンズ下着 メンズボクサーパンツ メンズボクサー 大きいサイズ 大きめ 特大 3L 下着 インナー メンズ usa まとめ買い プレゼント ギフト","M","福袋4枚セット","X11","Y11",,"0","219","217","-2",
"2026/07/24 09:50:12","受注取込","7986850","7986850X11Y12","【耐滑底/おしゃれ】安全靴 スニーカー エアウォーク ミッドカット AIR WALK AW-940 AW-950 Y_YU ★REV 7986850 メンズ おしゃれ 耐滑底 樹脂先芯 ストレッチロック セーフティシューズ 作業靴 送料無料","25.0cm","AW-950_ホワイト","X11","Y12",,"0","145","144","-1",
"2026/07/24 09:59:02","WEB画面","7987070","7987070X12Y11","【お得な2枚組】X-LARGE XLARGE エクストララージ ボクサーパンツ メンズ アンダーウェア 下着 NEK ★REVL 7987070 かっこいい ツルツル おすすめ 人気 カモフラ タイダイ 炎 迷彩 カモ柄 ブランド 男性 紳士 プレゼント プチギフト 父の日 誕生日 彼氏 父 息子 ギフト 記念日 大きいサイズ 福袋 送料無料","L","2枚組","X12","Y11",,"0","0","54","54","植野"
"2026/07/24 09:59:25","受注取込","7995525","7995525X1Y15","AVIREX 限定モデル キャップ 帽子 父の日 贈り物 プレゼント メンズ ★REV ブラックシリーズ 黒 アビレックス アヴィレックス メッシュキャップ ハンチング ローキャップ バケット ハット ワークキャップ レディース かっこいい yos プレゼント ギフト","ONESIZE","【O】サファリハット_17158400_BIG","X1","Y15",,"0","102","101","-1",
"2026/07/24 09:59:25","受注取込","7994812","7994812X12Y13","サファリハット メンズ 釣り 帽子 ハット レディース SUNS(サンズ)  撥水 アウトドア 登山 キャンプ バーベキュー NEK ★REV H-051 H-053 送料無料 大きいサイズあり キッズサイズ 子供 UVカット アドベンチャーハット 父の日 プレゼント ユニセックス 春 夏 夏フェス ギフト","大きいサイズ","NAVY(H_051)","X12","Y13",,"0","31","30","-1",
"2026/07/24 10:04:54","WEB画面","7986547","7986547X11Y11","【お得な5枚10点セット】福袋 おなかぷにぷに3Dキャラクターシール 犬猫アニマル NEK ★REVO 7986547 ピンセット付き ぷにぷに触感 ストレス解消 癒しデコシール プレゼント ギフト 送料無料","ONESIZE","5枚10点アソート","X11","Y11",,"0","714","715","1","齋藤"
"2026/07/24 10:08:27","WEB画面","7986545","7986545X11Y11","【お得な2枚組】AVIREX アビレックス  アヴィレックス ボクサーパンツ メンズ NEK ★REVL 7986545 アンダーウェア 下着 かっこいい おすすめ 人気 カモフラ 迷彩 カモ柄 ロゴ ブランド 男性 紳士 プレゼント プチギフト 父の日 誕生日 彼氏 父 息子 ギフト 記念日 福袋 送料無料","M","2枚組","X11","Y11",,"0","0","32","32","植野"
"2026/07/24 10:08:27","WEB画面","7986545","7986545X12Y11","【お得な2枚組】AVIREX アビレックス  アヴィレックス ボクサーパンツ メンズ NEK ★REVL 7986545 アンダーウェア 下着 かっこいい おすすめ 人気 カモフラ 迷彩 カモ柄 ロゴ ブランド 男性 紳士 プレゼント プチギフト 父の日 誕生日 彼氏 父 息子 ギフト 記念日 福袋 送料無料","L","2枚組","X12","Y11",,"0","6","27","21","植野"
"2026/07/24 10:08:27","WEB画面","7986545","7986545X13Y11","【お得な2枚組】AVIREX アビレックス  アヴィレックス ボクサーパンツ メンズ NEK ★REVL 7986545 アンダーウェア 下着 かっこいい おすすめ 人気 カモフラ 迷彩 カモ柄 ロゴ ブランド 男性 紳士 プレゼント プチギフト 父の日 誕生日 彼氏 父 息子 ギフト 記念日 福袋 送料無料","XL","2枚組","X13","Y11",,"0","8","40","32","植野"
"2026/07/24 10:08:56","受注取込","7994812","7994812X11Y17","サファリハット メンズ 釣り 帽子 ハット レディース SUNS(サンズ)  撥水 アウトドア 登山 キャンプ バーベキュー NEK ★REV H-051 H-053 送料無料 大きいサイズあり キッズサイズ 子供 UVカット アドベンチャーハット 父の日 プレゼント ユニセックス 春 夏 夏フェス ギフト","普通サイズ","YELLOW(H_051)","X11","Y17",,"0","21","20","-1",
"2026/07/24 10:10:37","WEB画面","7994812","7994812X11Y22","サファリハット メンズ 釣り 帽子 ハット レディース SUNS(サンズ)  撥水 アウトドア 登山 キャンプ バーベキュー NEK ★REV H-051 H-053 送料無料 大きいサイズあり キッズサイズ 子供 UVカット アドベンチャーハット 父の日 プレゼント ユニセックス 春 夏 夏フェス ギフト","普通サイズ","BROWN/BEIGE(H_051)","X11","Y22",,"0","20","19","-1","齋藤"
"2026/07/24 10:10:37","WEB画面","7994812","7994812X11Y26","サファリハット メンズ 釣り 帽子 ハット レディース SUNS(サンズ)  撥水 アウトドア 登山 キャンプ バーベキュー NEK ★REV H-051 H-053 送料無料 大きいサイズあり キッズサイズ 子供 UVカット アドベンチャーハット 父の日 プレゼント ユニセックス 春 夏 夏フェス ギフト","普通サイズ","BLACK/BEIGE(H_051)","X11","Y26",,"0","22","21","-1","齋藤"
"2026/07/24 10:14:25","受注取込","7994812","7994812X12Y33","サファリハット メンズ 釣り 帽子 ハット レディース SUNS(サンズ)  撥水 アウトドア 登山 キャンプ バーベキュー NEK ★REV H-051 H-053 送料無料 大きいサイズあり キッズサイズ 子供 UVカット アドベンチャーハット 父の日 プレゼント ユニセックス 春 夏 夏フェス ギフト","大きいサイズ","GREIGE(H-051)","X12","Y33",,"0","113","112","-1",
"2026/07/24 10:14:25","受注取込","7988215","7988215X16Y15","【とにかくデカい！】 大きいサイズ キャップ メッシュキャップ 送料無料 大きめ ビッグサイズ BIG SIZE ★REV 7988215 <br> 帽子 ハット キャップ ワークキャップ メンズキャップ 大きいサイズ バケット 大きい帽子 メンズ バケハ メンズ帽子 大きい 頭 メッシュ 全39カラー","FF","5","X16","Y15",,"0","114","113","-1",
"2026/07/24 10:15:55","受注取込","7987400","7987400X11Y11","【とにかくデカい！/普通サイズあり！】キャップ メンズ 大きいサイズ 帽子 深め ビッグサイズ ★REVM 7987400 BIG SIZE メンズキャップ帽子 大きめ 大きい帽子 メンズ帽子 レディース 春 夏 春夏 プレゼント ギフト 母の日 父の日 送料無料","大きいサイズ","A-ブラック","X11","Y11",,"0","34","33","-1",
"2026/07/24 10:18:00","受注取込","7986681","7986681X11Y14","【クロシェ編み】バケットハット ハット 帽子 レディース 麻素材 ジュート NEK ★REVM 7986681 おしゃれ 無地 シンプル リゾート 夏のUV対策 送料無料","ONESIZE","チョコ","X11","Y14",,"0","18","17","-1",
"2026/07/24 10:18:25","受注取込","7988215","7988215X13Y12","【とにかくデカい！】 大きいサイズ キャップ メッシュキャップ 送料無料 大きめ ビッグサイズ BIG SIZE ★REV 7988215 <br> 帽子 ハット キャップ ワークキャップ メンズキャップ 大きいサイズ バケット 大きい帽子 メンズ バケハ メンズ帽子 大きい 頭 メッシュ 全39カラー","CC","2","X13","Y12",,"0","40","39","-1",
"2026/07/24 10:18:25","受注取込","7988215","7988215X13Y15","【とにかくデカい！】 大きいサイズ キャップ メッシュキャップ 送料無料 大きめ ビッグサイズ BIG SIZE ★REV 7988215 <br> 帽子 ハット キャップ ワークキャップ メンズキャップ 大きいサイズ バケット 大きい帽子 メンズ バケハ メンズ帽子 大きい 頭 メッシュ 全39カラー","CC","5","X13","Y15",,"0","20","19","-1",
"2026/07/24 10:20:11","受注取込","7988125","7988125X11Y12","【カーボンスタイル 大きいサイズ】メッシュキャップ キャップ 帽子 ★REV 7988125 大きいサイズ 大きめ ビッグサイズ BIGサイズ シンプル 無地 カーボン調 プレゼント ギフト 送料無料","ONESIZE","カーキ","X11","Y12",,"0","14","13","-1",
"2026/07/24 10:30:13","受注取込","7986751","7986751X11Y14","【グリップ力効果/洗濯可能】トレーニンググローブ 手袋 筋トレ 筋トレグローブ NEK ★REV 7986751 レディース メンズ ジム手袋 指無し ウェイトリフティング 防滑 クッション性 伸びる 洗濯OK バーベル サイクリング ヨガ グリップ 衝撃吸収 通気性 送料無料","S","パステル","X11","Y14",,"0","7","6","-1",
"2026/07/24 10:36:25","受注取込","7992054","7992054X11Y15","【シンプル/おしゃれ】16mm パワーストーン ネックレス メンズ レディース 瑪瑙 オブシディアン タイガーアイ NEK ★REV 7992054 黒曜石 茶水晶 虎目石 金運 財運 仕事運 恋愛 結婚 家庭円満 癒し 幸運 成功運 勝負運 家族運 厄除祈願 天然石 お守り プレゼント 送料無料","ONESIZE","【E】六字真言","X11","Y15",,"0","6","5","-1",
"2026/07/24 10:36:25","受注取込","7994812","7994812X12Y12","サファリハット メンズ 釣り 帽子 ハット レディース SUNS(サンズ)  撥水 アウトドア 登山 キャンプ バーベキュー NEK ★REV H-051 H-053 送料無料 大きいサイズあり キッズサイズ 子供 UVカット アドベンチャーハット 父の日 プレゼント ユニセックス 春 夏 夏フェス ギフト","大きいサイズ","BLACK(H_051)","X12","Y12",,"0","54","53","-1",
"2026/07/24 10:36:25","受注取込","7987073","7987073X12Y11","【くすみカラー 超軽量】バケットハット サファリハット メンズ レディース 普通サイズ 大きいサイズ NEK ★REV 7987073 アドベンチャーハット 撥水 速乾 軽量 折り畳める UV カット アウトドア キャンプ 登山 ウォーキング 散歩 日焼け防止 紫外線防止 送料無料","大きいサイズ","ベージュ","X12","Y11",,"0","15","14","-1",
"2026/07/24 10:38:37","WEB画面","7988386","7988386X11Y12","【高輝度・省電力】LED 卓上 ライト 間接照明 おしゃれ テーブルランプ 北欧 ベッドライト ★REV 7988386 照明 ランプ 一人暮らし ナイトランプ ムードランプ インテリア 雑貨 スタンドライト フロアライト ベッドサイド ルームライト 寝室 usb 電気スタンド フロアランプ","ONESIZE","ブルー","X11","Y12",,"0","42","41","-1","齋藤"
"2026/07/24 10:40:46","受注取込","7987076","7987076X11Y11","【超軽量55g】特価 キャップ 帽子 メッシュキャップ ランニングキャップ NEK ★REV 7987076 メンズ レディース 速乾 軽量 ジョギング アウトドア キャンプ スポーツ 釣り 海 プール","アジャスタータイプ","ブラック","X11","Y11",,"0","11","10","-1",
"2026/07/24 10:40:55","受注取込","7997141","7997141X12Y12","特大 スイカ ドーナツ 浮き輪 浮輪 送料無料 プール 大人用 子供用 NEK 7997141 ★REV 120cm 90cm 80cm 70cm 60cm サイズ 大きい 大きめ うきわ ウキワ すいか 海 海水浴 ビックフロート 水上 レジャー かわいい フローティングベッド 西瓜 子供用浮き輪 大人 子供 こども","90cm","ドーナツイチゴ","X12","Y12",,"0","61","60","-1",
"2026/07/24 10:42:25","受注取込","7987437","7987437X11Y11","【のびーーる 楽々ストレッチ】カジュアルベルト メッシュベルト メンズ レディース 大きいサイズ 普通サイズ 7987437 ★REV NEK 35mm 115cm 125cm 伸縮 カジュアル シンプル おしゃれ プレゼント ギフト 父の日 母の日 送料無料","115cm","ブラック","X11","Y11",,"0","26","25","-1",
"2026/07/24 10:43:27","受注取込","7997141","7997141X13Y13","特大 スイカ ドーナツ 浮き輪 浮輪 送料無料 プール 大人用 子供用 NEK 7997141 ★REV 120cm 90cm 80cm 70cm 60cm サイズ 大きい 大きめ うきわ ウキワ すいか 海 海水浴 ビックフロート 水上 レジャー かわいい フローティングベッド 西瓜 子供用浮き輪 大人 子供 こども","80cm","ドーナツチョコ","X13","Y13",,"0","18","15","-3",
"2026/07/24 10:43:27","受注取込","7997141","7997141X12Y12","特大 スイカ ドーナツ 浮き輪 浮輪 送料無料 プール 大人用 子供用 NEK 7997141 ★REV 120cm 90cm 80cm 70cm 60cm サイズ 大きい 大きめ うきわ ウキワ すいか 海 海水浴 ビックフロート 水上 レジャー かわいい フローティングベッド 西瓜 子供用浮き輪 大人 子供 こども","90cm","ドーナツイチゴ","X12","Y12",,"0","60","58","-2",
"2026/07/24 10:43:27","受注取込","7997141","7997141X11Y11","特大 スイカ ドーナツ 浮き輪 浮輪 送料無料 プール 大人用 子供用 NEK 7997141 ★REV 120cm 90cm 80cm 70cm 60cm サイズ 大きい 大きめ うきわ ウキワ すいか 海 海水浴 ビックフロート 水上 レジャー かわいい フローティングベッド 西瓜 子供用浮き輪 大人 子供 こども","120cm","スイカ","X11","Y11",,"0","1162","1160","-2",
"2026/07/24 10:48:18","受注取込","7986662","7986662X11Y11","【溶岩石とオニキスの力】パワーストーン ブレスレット メンズ レディース バングル NEK ★REVL 7986662 スピリチュアル 天然石 エネルギーアクセサリー プレゼント ギフト 送料無料","ONESIZE","ブラック","X11","Y11",,"0","10","9","-1",
"2026/07/24 10:49:25","受注取込","7987400","7987400X11Y33","【とにかくデカい！/普通サイズあり！】キャップ メンズ 大きいサイズ 帽子 深め ビッグサイズ ★REVM 7987400 BIG SIZE メンズキャップ帽子 大きめ 大きい帽子 メンズ帽子 レディース 春 夏 春夏 プレゼント ギフト 母の日 父の日 送料無料","大きいサイズ","W-グレー","X11","Y33",,"0","25","24","-1",
"2026/07/24 10:50:13","受注取込","7997141","7997141X13Y12","特大 スイカ ドーナツ 浮き輪 浮輪 送料無料 プール 大人用 子供用 NEK 7997141 ★REV 120cm 90cm 80cm 70cm 60cm サイズ 大きい 大きめ うきわ ウキワ すいか 海 海水浴 ビックフロート 水上 レジャー かわいい フローティングベッド 西瓜 子供用浮き輪 大人 子供 こども","80cm","ドーナツイチゴ","X13","Y12",,"0","85","84","-1",
"2026/07/24 10:51:01","受注取込","7994812","7994812X11Y33","サファリハット メンズ 釣り 帽子 ハット レディース SUNS(サンズ)  撥水 アウトドア 登山 キャンプ バーベキュー NEK ★REV H-051 H-053 送料無料 大きいサイズあり キッズサイズ 子供 UVカット アドベンチャーハット 父の日 プレゼント ユニセックス 春 夏 夏フェス ギフト","普通サイズ","GREIGE(H-051)","X11","Y33",,"0","176","175","-1",
"2026/07/24 10:51:01","受注取込","7994812","7994812X12Y14","サファリハット メンズ 釣り 帽子 ハット レディース SUNS(サンズ)  撥水 アウトドア 登山 キャンプ バーベキュー NEK ★REV H-051 H-053 送料無料 大きいサイズあり キッズサイズ 子供 UVカット アドベンチャーハット 父の日 プレゼント ユニセックス 春 夏 夏フェス ギフト","大きいサイズ","KHAKI(H_051)","X12","Y14",,"0","30","29","-1",
"2026/07/24 10:54:55","受注取込","7987400","7987400X11Y11","【とにかくデカい！/普通サイズあり！】キャップ メンズ 大きいサイズ 帽子 深め ビッグサイズ ★REVM 7987400 BIG SIZE メンズキャップ帽子 大きめ 大きい帽子 メンズ帽子 レディース 春 夏 春夏 プレゼント ギフト 母の日 父の日 送料無料","大きいサイズ","A-ブラック","X11","Y11",,"0","33","32","-1",
"2026/07/24 10:56:29","受注取込","7986549","7986549X11Y11","【天然素材】パワーストーン パワーウッド ブレスレット レディース メンズ アクセサリー NEK ★REVO 7986549 プレゼント ギフト 母の日 クリスマス 送料無料","ONESIZE","A","X11","Y11",,"0","10","9","-1",
"2026/07/24 11:04:24","WEB画面","7987515","7987515X11Y16","【選べる6柄×3サイズ】ネックレス チェーン メンズ レディース NEK ★REV 7987515 サージカルステンレス316L 50cm 60cm 70cm シンプル おしゃれ プレゼント プチギフト バレンタイン クリスマス 送料無料","50cm","F","X11","Y16",,"0","27","12","-15","植野"
"2026/07/24 11:04:59","WEB画面","7987796","7987796X11Y12","【足首おしゃれ】アンクレット レディース メンズ お守り アンク ブレスレット NEK ★REV 7987796 ANKLET アクセサリー 幸運 クローバー 星 スクエア 7種 シルバー 2連 鈴 送料無料","ONESIZE","B","X11","Y12",,"0","10","5","-5","植野"
"2026/07/24 11:05:28","受注取込","7994812","7994812X11Y12","サファリハット メンズ 釣り 帽子 ハット レディース SUNS(サンズ)  撥水 アウトドア 登山 キャンプ バーベキュー NEK ★REV H-051 H-053 送料無料 大きいサイズあり キッズサイズ 子供 UVカット アドベンチャーハット 父の日 プレゼント ユニセックス 春 夏 夏フェス ギフト","普通サイズ","BLACK(H_051)","X11","Y12",,"0","48","47","-1",
"2026/07/24 11:05:41","WEB画面","7987794","7987794X12Y17","【大きいサイズもあり】キャスハンチング キャップ メンズ レディース CULTURE MART NEK 101294 ★REV 7987794 ハンチング帽子 ハンチング帽 秋冬 帽子 ハンチング キャスケット メンズ帽子 レディース帽子秋冬 秋冬帽子 メンズハンチング おしゃれ カルチャーマート","大きいサイズ","ヒッコリー(7)","X12","Y17",,"0","23","20","-3","植野"
"2026/07/24 11:06:13","WEB画面","7986783","7986783X11Y14","【魅せる黒基調】ネックレス ブラック ピアス レディース シルバー 上品 ラグジュアリー NEK ★REV 7986783 重ねづけ ペンダント ジュエリー","ONESIZE","D","X11","Y14",,"0","16","13","-3","植野"
"2026/07/24 11:06:46","WEB画面","7986540","7986540X14Y11","【豪華3点セット】ラッシュガード 体型カバー水着 レディース 3点セット NEK ★REVO 7986540 ラッシュガード付き 長袖 露出控えめ ぽっちゃり対応 五分丈パンツ 温泉 海 プール 大きいサイズ 送料無料","2XL(メーカー表記4XL)","ブラック","X14","Y11",,"0","28","26","-2","植野"
"2026/07/24 11:07:21","WEB画面","7987073","7987073X12Y13","【くすみカラー 超軽量】バケットハット サファリハット メンズ レディース 普通サイズ 大きいサイズ NEK ★REV 7987073 アドベンチャーハット 撥水 速乾 軽量 折り畳める UV カット アウトドア キャンプ 登山 ウォーキング 散歩 日焼け防止 紫外線防止 送料無料","大きいサイズ","ブラック","X12","Y13",,"0","30","10","-20","植野"
"2026/07/24 11:07:50","WEB画面","7986519","7986519X11Y11","【ごっそり鼻毛処理！お得な10本セット】鼻毛カッター 鼻毛トリマー  耳かき NEK ★REVL 7986519 男性用 女性用 送料無料","ONESIZE","アイボリー","X11","Y11",,"0","26","16","-10","植野"
"2026/07/24 11:08:26","WEB画面","7986546","7986546X11Y11","【超かわいい】メガネ リング 指輪 レディース 韓国 おもしろ 個性的 フリーサイズ NEK ★REVO 7986546 華奢 ユニーク モチーフリング おしゃれ アクセサリー","ONESIZE","シルバー","X11","Y11",,"0","22","12","-10","植野"
"2026/07/24 11:08:26","WEB画面","7986546","7986546X11Y12","【超かわいい】メガネ リング 指輪 レディース 韓国 おもしろ 個性的 フリーサイズ NEK ★REVO 7986546 華奢 ユニーク モチーフリング おしゃれ アクセサリー","ONESIZE","ゴールド","X11","Y12",,"0","19","9","-10","植野"
"2026/07/24 11:08:54","WEB画面","7987883","7987883X11Y13","【カウリ貝】麦わら帽子 メンズ レディース ストローハット 中折れハット ★REV 7987883 幅広 帽子 麦わらハット 夏 ペーパー ハット おしゃれ プレゼント プチギフト 送料無料","ONESIZE","グレー","X11","Y13",,"0","17","15","-2","植野"
"2026/07/24 11:09:22","WEB画面","7988247","7988247X11Y11","【漆黒バックパック】リュックサック メンズ レディース リュック バックパック デイパック ★REV 7988247 バッグ ビジネスリュック パソコンケース 大容量 防災 旅行 通勤 通学 キャンプ 登山 鞄 撥水 軽量","ONESIZE","ブラック","X11","Y11",,"0","5","3","-2","植野"
"2026/07/24 11:09:56","受注取込","7997141","7997141X12Y13","特大 スイカ ドーナツ 浮き輪 浮輪 送料無料 プール 大人用 子供用 NEK 7997141 ★REV 120cm 90cm 80cm 70cm 60cm サイズ 大きい 大きめ うきわ ウキワ すいか 海 海水浴 ビックフロート 水上 レジャー かわいい フローティングベッド 西瓜 子供用浮き輪 大人 子供 こども","90cm","ドーナツチョコ","X12","Y13",,"0","86","85","-1",
"2026/07/24 11:10:00","WEB画面","7986798","7986798X11Y15","【抜け感キャスケット】キャスケット  キャスハンチング キャップ メンズ レディース NEK ★REV 7986798 ハンチング帽子 タクシーハット ニュースボーイキャップ ニュースボーイハット おしゃれ 送料無料","ONESIZE","グレー","X11","Y15",,"0","65","50","-15","植野"
"2026/07/24 11:10:43","WEB画面","7994812","7994812X11Y22","サファリハット メンズ 釣り 帽子 ハット レディース SUNS(サンズ)  撥水 アウトドア 登山 キャンプ バーベキュー NEK ★REV H-051 H-053 送料無料 大きいサイズあり キッズサイズ 子供 UVカット アドベンチャーハット 父の日 プレゼント ユニセックス 春 夏 夏フェス ギフト","普通サイズ","BROWN/BEIGE(H_051)","X11","Y22",,"0","19","16","-3","植野"
"2026/07/24 11:11:21","受注取込","7986986","7986986X11Y13","【UVカット・撥水】バケットハット ハット 帽子 メンズ レディース UVカット 撥水 NEK ★REV 7986986 バイカラー 軽量 通気性 おしゃれ 送料無料","ONESIZE","オリーブ","X11","Y13",,"0","23","22","-1",
"2026/07/24 11:12:03","受注取込","7988163","7988163X11Y11","【錆びないチタン】メンズブレスレット ブレスレット メンズ つけっぱなし NEK ★REV 7988163 チタン ブレスレット ワイヤーブレスレット シンプル バングル おしゃれ 送料無料 シルバー ゴールド ブラック","ONESIZE","シルバー","X11","Y11",,"0","21","20","-1",
"2026/07/24 11:17:55","受注取込","7987400","7987400X11Y16","【とにかくデカい！/普通サイズあり！】キャップ メンズ 大きいサイズ 帽子 深め ビッグサイズ ★REVM 7987400 BIG SIZE メンズキャップ帽子 大きめ 大きい帽子 メンズ帽子 レディース 春 夏 春夏 プレゼント ギフト 母の日 父の日 送料無料","大きいサイズ","F-ブラック","X11","Y16",,"0","98","97","-1",
"2026/07/24 11:32:21","受注取込","8003102","8003102X17Y12","やみつきになる！ ストレッチ AVIREX アビレックス Tシャツ メンズ ★REV NEK 6143501 6143502 Vネック クルーネック 半袖 プレゼント ギフト","クルーネック_ブラック_009","Mサイズ","X17","Y12",,"0","5","4","-1",
"2026/07/24 11:41:56","受注取込","7994702","7994702X11Y11","経年変化を楽しむ！日本製 本革 レザー 130cm 長め ベルト 7994702 メンズ レディース ヌメ革 総革 Artisan aging 送料無料 ナチュラル ギフトBOX付き プレゼント 180618 プレゼント ギフト","ONESIZE","ナチュラル","X11","Y11",,"0","6","5","-1",
"2026/07/24 11:48:56","受注取込","7994812","7994812X12Y23","サファリハット メンズ 釣り 帽子 ハット レディース SUNS(サンズ)  撥水 アウトドア 登山 キャンプ バーベキュー NEK ★REV H-051 H-053 送料無料 大きいサイズあり キッズサイズ 子供 UVカット アドベンチャーハット 父の日 プレゼント ユニセックス 春 夏 夏フェス ギフト","大きいサイズ","BLUE(H_051)","X12","Y23",,"0","27","26","-1",
"2026/07/24 11:48:56","受注取込","7994812","7994812X13Y21","サファリハット メンズ 釣り 帽子 ハット レディース SUNS(サンズ)  撥水 アウトドア 登山 キャンプ バーベキュー NEK ★REV H-051 H-053 送料無料 大きいサイズあり キッズサイズ 子供 UVカット アドベンチャーハット 父の日 プレゼント ユニセックス 春 夏 夏フェス ギフト","キッズサイズ","PINK(H_051)","X13","Y21",,"0","10","9","-1",
"2026/07/24 11:48:56","受注取込","7994812","7994812X11Y11","サファリハット メンズ 釣り 帽子 ハット レディース SUNS(サンズ)  撥水 アウトドア 登山 キャンプ バーベキュー NEK ★REV H-051 H-053 送料無料 大きいサイズあり キッズサイズ 子供 UVカット アドベンチャーハット 父の日 プレゼント ユニセックス 春 夏 夏フェス ギフト","普通サイズ","BK/BLACK(H_051)","X11","Y11",,"0","69","68","-1",
"2026/07/24 11:50:32","受注取込","7997141","7997141X11Y12","特大 スイカ ドーナツ 浮き輪 浮輪 送料無料 プール 大人用 子供用 NEK 7997141 ★REV 120cm 90cm 80cm 70cm 60cm サイズ 大きい 大きめ うきわ ウキワ すいか 海 海水浴 ビックフロート 水上 レジャー かわいい フローティングベッド 西瓜 子供用浮き輪 大人 子供 こども","120cm","ドーナツイチゴ","X11","Y12",,"0","47","46","-1",
"2026/07/24 12:00:14","受注取込","7987026","7987026X12Y11","【大きいサイズあり】キャップ 11cm つば長 帽子 メンズ レディース ★REV 7987026 深め 深い ゴルフ 無地 日焼け止め UVカット 送料無料","大きいサイズ","ブラック","X12","Y11",,"0","3","2","-1",
"2026/07/24 12:01:31","受注取込","7987794","7987794X11Y13","【大きいサイズもあり】キャスハンチング キャップ メンズ レディース CULTURE MART NEK 101294 ★REV 7987794 ハンチング帽子 ハンチング帽 秋冬 帽子 ハンチング キャスケット メンズ帽子 レディース帽子秋冬 秋冬帽子 メンズハンチング おしゃれ カルチャーマート","普通サイズ","ブラック(3)","X11","Y13",,"0","18","17","-1",
"2026/07/24 12:07:55","受注取込","7994812","7994812X12Y13","サファリハット メンズ 釣り 帽子 ハット レディース SUNS(サンズ)  撥水 アウトドア 登山 キャンプ バーベキュー NEK ★REV H-051 H-053 送料無料 大きいサイズあり キッズサイズ 子供 UVカット アドベンチャーハット 父の日 プレゼント ユニセックス 春 夏 夏フェス ギフト","大きいサイズ","NAVY(H_051)","X12","Y13",,"0","30","29","-1",
"2026/07/24 12:19:46","在庫CSV取込","7986515","7986515X11Y14","【風は私の味方♪】携帯扇風機 ハンディファン 強風 静音 1～199段階風量調節 3WAY NEK ★REVL 7986515（手持ち・首掛け・卓上）小型 軽量 USB充電式 LED残量表示 照明ライト付き 調整 ネックストラップ付 アウトドア/通勤/花火大会/旅行/登山 熱中症対策 送料無料","ONESIZE","ブルー","X11","Y14",,"0","29","28","-1","星島"
"2026/07/24 12:19:46","在庫CSV取込","7987082","7987082X11Y11","【超冷感】アームカバー UPF50＋ UVカット レディース uvカット アームカバー NEK ★REVA 7987082 指先まで 日焼け止め 腕カバー アームカバー uv 冷感 日焼け止め 手袋 アームカバー 日焼け対策 アームカバー 日焼け 冷感 夏 アウトドア 運転 自転車 ゴルフ 送料無料","ONESIZE","ブラック","X11","Y11",,"0","118","117","-1","星島"
"2026/07/24 12:19:46","在庫CSV取込","7992776","7992776X11Y12","ロングネックレス ネックレス レディース メンズ チョーカー フェザー 羽 羽根 長め 送料無料 シルバー ゴールド 巾着付き アクセサリー プレゼント つけっぱなし MB ALI 7992776 190518","ONESIZE","シルバー","X11","Y12",,"0","16","15","-1","星島"
"2026/07/24 12:19:46","在庫CSV取込","7990381","7990381X11Y15","【15柄展開】マスク 洗えるマスク カラーマスク レース メンズ レディース ペイズリー カモフラ 花柄 レオパード柄 新作 15柄展開 ★REV NEK 7990381 プレゼント ギフト","ONESIZE","E","X11","Y15",,"0","31","30","-1","星島"
"2026/07/24 12:19:46","在庫CSV取込","7990453","7990453X11Y17","【魅せるマスク】マスク カラーマスク ペイズリー 迷彩 カモフラージュ 総柄 おしゃれ かわいい ストレッチ 大人用 14色展開 NEK 7990453 プレゼント ギフト","一般成人用サイズ","モザイクB","X11","Y17",,"0","137","136","-1","星島"
"2026/07/24 12:19:46","在庫CSV取込","7988089","7988089X16Y11","安全靴 スニーカー エアウォーク AIR WALK Y_YU AW-880 レッド迷彩 アクティブライト ローカット メンズ セーフティシューズ 樹脂先芯 軽量 衝撃吸収 負担軽減 作業靴 オシャレ","28.0cm","レッド迷彩","X16","Y11",,"0","190","189","-1","星島"
"2026/07/24 12:19:46","在庫CSV取込","7988089","7988089X11Y11","安全靴 スニーカー エアウォーク AIR WALK Y_YU AW-880 レッド迷彩 アクティブライト ローカット メンズ セーフティシューズ 樹脂先芯 軽量 衝撃吸収 負担軽減 作業靴 オシャレ","25.0cm ","レッド迷彩","X11","Y11",,"0","293","292","-1","星島"
"2026/07/24 12:19:46","在庫CSV取込","7990413","7990413X11Y15","【超おしゃれ】マスク スカーフマスク 送料無料 感染対策 女性 レディース スカーフ マスクスカーフ 花柄 おしゃれ エレガント 防塵 花粉 UVカット 洗える NEK 7990413","ONESIZE","E","X11","Y15",,"0","82","81","-1","星島"
"2026/07/24 12:19:46","在庫CSV取込","7992250","7992250X19Y11","iPhone XS ケース バンカーリング 付き 落ちない シリコン ケース 透明 スケルトン 輪 送料無料 iphone XR ケース iPhone8 ケース iphone XS MAX  iphone X リング付 iPhone7 Plus スマホケース カバー クリア アイフォン アクセサリー NEK ALI 7992250 190715","iPhone_11_pro_MAX","レッド","X19","Y11",,"0","7","6","-1","星島"
"2026/07/24 12:19:46","在庫CSV取込","7987984","7987984X11Y13","大きいサイズ オーバーサイズ Tシャツ 半袖 メンズ レディース NEK 7987984 無地 ワンポイント 刺繍 コットン ストリート カジュアル おしゃれ 送料無料","M","3-3_ブラック","X11","Y13",,"0","0","-1","-1","星島"
"2026/07/24 12:19:46","在庫CSV取込","7987983","7987983X11Y12","大きいサイズ オーバーサイズ Tシャツ 半袖 メンズ レディース NEK 7987983 ステッチ刺繍 コットン ストリート カジュアル おしゃれ 送料無料","M","3-2_カーキ","X11","Y12",,"0","0","-1","-1","星島"
"2026/07/24 12:19:46","在庫CSV取込","7992495","7992495X11Y23","ブレスレット バングル メンズ レディース サバイバル パラコード 笛付き リフレクター素材 サバゲー ミリタリー アクセサリー プレゼント 送料無料  NEK ALI 7992495 190707","ONESIZE","M","X11","Y23",,"0","15","14","-1","星島"
"2026/07/24 12:19:46","在庫CSV取込","7992495","7992495X11Y15","ブレスレット バングル メンズ レディース サバイバル パラコード 笛付き リフレクター素材 サバゲー ミリタリー アクセサリー プレゼント 送料無料  NEK ALI 7992495 190707","ONESIZE","E","X11","Y15",,"0","20","19","-1","星島"
"2026/07/24 12:19:46","在庫CSV取込","7986677","7986677X11Y15","【深め/美シルエット】Vintage ダメージ加工 メッシュキャップ キャップ 帽子 メンズ レディース ★REVL 7986677 野球帽 ウォッシュ加工 A-Frame Trucker アメカジ 無地 おしゃれ 送料無料","ONESIZE","グレー","X11","Y15",,"0","11","10","-1","星島"
"2026/07/24 12:19:46","在庫CSV取込","7986688","7986688X15Y11","【竹炭消臭インソール付】サンダル メンズ スポーツサンダル ★REVL 7986688 防滑 水陸両用 レジャー アウトドアサンダル ウォーターシューズ マジックテープ ブラック 歩きやすい 海 ビーチ 夏レジャー 送料無料","27.0cm","ブラック","X15","Y11",,"0","5","4","-1","星島"
"2026/07/24 12:19:46","在庫CSV取込","7986688","7986688X13Y13","【竹炭消臭インソール付】サンダル メンズ スポーツサンダル ★REVL 7986688 防滑 水陸両用 レジャー アウトドアサンダル ウォーターシューズ マジックテープ ブラック 歩きやすい 海 ビーチ 夏レジャー 送料無料","26.0cm","ダークブラウン","X13","Y13",,"0","12","11","-1","星島"
"2026/07/24 12:19:46","在庫CSV取込","7987409","7987409X11Y13","【130cm 大きいサイズ対応】本革 床革 ベルト メンズ 130cm NEK ★REV 7987409 大きいサイズ対応 シンセティックレザー ビジネスベルト カジュアルベルト 父の日 送料無料","ONESIZE","ブラックB","X11","Y13",,"0","30","29","-1","星島"
"2026/07/24 12:19:46","在庫CSV取込","7986697","7986697X12Y11","【5cm厚底/履くだけで足元美人】 シャワーサンダル トングサンダル サンダル レディース ★REV 7986697 メンズ 厚底 5cmアップ 美脚 防滑 軽量 おしゃれ 人字サンダル 黒 クロ BLACK 韓国ファッション 送料無料","24.0cm～24.5cm","トングサンダル","X12","Y11",,"0","14","13","-1","星島"
"2026/07/24 12:19:46","在庫CSV取込","7986802","7986802X11Y11","【お得な7個セット】LEDライト カラビナ キーホルダー 小型LEDライト 避難 防災 災害 NKE ★REV 7986802 キーライト 高輝度 LR41 ボタン電池 LTG 送料無料","ONESIZE","7色セット","X11","Y11",,"0","13","12","-1","星島"
"2026/07/24 12:19:47","在庫CSV取込","7987092","7987092X11Y13","【本革】キーケース スマートキーケース メンズ レディース NEK ★REV 7987092 ポーチ LEATHER 本革 本皮 おしゃれ コスメポーチ 小銭入れ 送料無料","ONESIZE","オリーブ","X11","Y13",,"0","5","4","-1","星島"
"2026/07/24 12:19:47","在庫CSV取込","7987175","7987175X11Y14","LA ロサンゼルス LOS ANGELESS キャップ 帽子 野球帽 アウトドア ★REV 7987175 メンズ レディース 野球 ローキャップ Vintage プレゼント ギフト","ONESIZE","ネイビー","X11","Y14",,"0","20","19","-1","星島"
"2026/07/24 12:19:47","在庫CSV取込","7987598","7987598X11Y12","【8bits】ペン型 ドライバー 精密ドライバー ドライバーセット NEK ★REV 7987598 工具 DIY プラス マイナス 8in1 送料無料","ワンサイズ","レッド","X11","Y12",,"0","49","48","-1","星島"
"2026/07/24 12:19:47","在庫CSV取込","9009978","9009978X12Y7","帽子 メンズ AVIREX アビレックス 送料無料 キャップ 父の日 プレゼント 贈り物 ニットキャップ メッシュキャップ 大きいサイズ レディース ディッキーズ ローキャップ ワークキャップ ハット ハンチング おしゃれ ロゴ 刺繍 プリント アメカジ HYPE 通販 yos ギフト","L","-7","X12","Y7",,"0","12","11","-1","星島"
"2026/07/24 12:19:47","在庫CSV取込","7994226","7994226X11Y11","【大きいサイズもあり 限定モデル】AVIREX メッシュキャップ メンズ 帽子 メンズ キャップ メンズ 14023200 14670200 レディース ★REV 父の日 贈り物 プレゼント ブランド アビレックス 送料無料 正規品 ブラック 黒 ネイビー 紺 グレー 灰 yos プレゼント ギフト","普通サイズ_14023200","49_ネイビー","X11","Y11",,"0","4","3","-1","星島"
"2026/07/24 12:19:47","在庫CSV取込","7999489","7999489X11Y16","5WAY ボディバッグ メンズ 鞄 ショルダーバッグ ウエストバッグ ★REV 7999489 アウトドア キャンプ ミリタリー 無地 迷彩 カモフラージュ 多機能 小さめ 小さい 小型 斜め掛け Military プレゼント ギフト","ONESIZE","ブラック","X11","Y16",,"0","5","4","-1","星島"
"2026/07/24 12:19:47","在庫CSV取込","7988525","7988525X11Y13","【速攻配達】イヤホン イヤフォン 3.5mm ハイレゾ 高音質 マイク付き NEK ★REV 7988525 重低音 hi-res 有線 ノイズキャンセリング 遮音 通勤 ゲーミング 携帯 スマホ イヤホンマイク Android アクセサリー 送料無料 プレゼント ギフト","ONESIZE","ブルー","X11","Y13",,"0","19","18","-1","星島"
"2026/07/24 12:19:47","在庫CSV取込","9009978","9009978X20Y4","帽子 メンズ AVIREX アビレックス 送料無料 キャップ 父の日 プレゼント 贈り物 ニットキャップ メッシュキャップ 大きいサイズ レディース ディッキーズ ローキャップ ワークキャップ ハット ハンチング おしゃれ ロゴ 刺繍 プリント アメカジ HYPE 通販 yos ギフト","T","-4","X20","Y4",,"0","11","10","-1","星島"
"2026/07/24 12:19:47","在庫CSV取込","7998477","7998477X11Y12","2WAY ビジネスバッグ メンズ 鞄 バッグ 通勤 ポケット多 書類カバン ★REV 7998477 プレゼント ギフト","ONESIZE","ブラック×ブラック","X11","Y12",,"0","33","32","-1","星島"
"2026/07/24 12:19:47","在庫CSV取込","7992099","7992099X11Y12","アンクレット メンズ レディース 手作り 送料無料 つけっぱなし お守り アンク アクセサリー シルバー ターコイズ NEK ALI ★REV 7992099 190813 プレゼント ギフト","ONESIZE","イカリ","X11","Y12",,"0","9","8","-1","星島"
"2026/07/24 12:19:47","在庫CSV取込","7988248","7988248X11Y15","リュック メンズ レディース 防水 防災リュック 避難 スポーツ 軽量 リュックサック 32L ★REV 7988248 バックパック デイパック アウトドア キャンプ ジム 登山 散歩  送料無料","ONESIZE","ライトグリーン","X11","Y15",,"0","3","2","-1","星島"
"2026/07/24 12:19:47","在庫CSV取込","7987891","7987891X11Y12","【ヤシの木】麦わら帽子 メンズ レディース ストローハット 中折れハット ★REV 7987891 帽子 麦わらハット 夏 ペーパー ハット おしゃれ プレゼント プチギフト","ONESIZE","ホワイト","X11","Y12",,"0","16","15","-1","星島"
"2026/07/24 12:19:47","在庫CSV取込","9009978","9009978X9Y6","帽子 メンズ AVIREX アビレックス 送料無料 キャップ 父の日 プレゼント 贈り物 ニットキャップ メッシュキャップ 大きいサイズ レディース ディッキーズ ローキャップ ワークキャップ ハット ハンチング おしゃれ ロゴ 刺繍 プリント アメカジ HYPE 通販 yos ギフト","I","-6","X9","Y6",,"0","3","2","-1","星島"
"2026/07/24 12:19:47","在庫CSV取込","9009978","9009978X15Y5","帽子 メンズ AVIREX アビレックス 送料無料 キャップ 父の日 プレゼント 贈り物 ニットキャップ メッシュキャップ 大きいサイズ レディース ディッキーズ ローキャップ ワークキャップ ハット ハンチング おしゃれ ロゴ 刺繍 プリント アメカジ HYPE 通販 yos ギフト","O","-5","X15","Y5",,"0","8","7","-1","星島"
"2026/07/24 12:19:47","在庫CSV取込","7990243","7990243X11Y12","多機能 ドアオープナー フック アシスト つり革 触らない ボタン押し ウィルス対策 接触防止 ハンドルフック 吊り革グリップ 便利グッズ タッチペン NEK 7990243 プレゼント ギフト","ONESIZE","シルバー","X11","Y12",,"0","5","4","-1","星島"
"2026/07/24 12:20:30","受注取込","7986675","7986675X11Y13","【深め/美シルエット】メッシュキャップ キャップ 帽子 メンズ レディース 野球帽 ★REVL 7986675 A-Frame Trucker アメカジ 刺繍 送料無料","ONESIZE","C","X11","Y13",,"0","9","8","-1",
"2026/07/24 12:20:55","受注取込","7994812","7994812X11Y16","サファリハット メンズ 釣り 帽子 ハット レディース SUNS(サンズ)  撥水 アウトドア 登山 キャンプ バーベキュー NEK ★REV H-051 H-053 送料無料 大きいサイズあり キッズサイズ 子供 UVカット アドベンチャーハット 父の日 プレゼント ユニセックス 春 夏 夏フェス ギフト","普通サイズ","GRAY(H_051)","X11","Y16",,"0","50","49","-1",
"2026/07/24 12:27:40","WEB画面","7988215","7988215X15Y13","【とにかくデカい！】 大きいサイズ キャップ メッシュキャップ 送料無料 大きめ ビッグサイズ BIG SIZE ★REV 7988215 <br> 帽子 ハット キャップ ワークキャップ メンズキャップ 大きいサイズ バケット 大きい帽子 メンズ バケハ メンズ帽子 大きい 頭 メッシュ 全39カラー","EE","3","X15","Y13",,"0","12","11","-1","齋藤"
"2026/07/24 12:30:04","受注取込","7987743","7987743X11Y14","【仕切り上手】ミニトート バッグ レディース メンズ トートバッグ トート ミニ 仕切り NEK ★REV 7987743 ポケット キャンバス ランチバッグ マザーズバッグ 収納 かわいい シンプル おしゃれ 便利 無地 通勤 通学 ユニセックス ジッパー付き 防犯 紛失 対策 送料無料","ONESIZE","ブラック","X11","Y14",,"0","2","1","-1",
"2026/07/24 12:30:04","受注取込","7987493","7987493X11Y13","【楽あけくん】 瓶オープナー 缶オープナー キャップオープナー 蓋開け ジャーオープナー NEK ★REV 7987493 ツイスト 力節約 びん蓋開け ジャムのフタや缶 滑り止め 安全 らくらく 力の弱い 女性 お年寄り お子様 キッチンツール キッチン用品 送料無料","ONESIZE","ブルー","X11","Y13",,"0","40","39","-1",
"2026/07/24 12:33:25","受注取込","7987714","7987714X11Y11","【なんと6+1個入り！速攻配達】水風船 水ふうせん 何度も使える ゴミが出ない プール クラッシュボール ★REV NEK 7987714 水遊び 海 川 お風呂 水鉄砲 子供 おもちゃ 繰り返し BALL 水 風船 ボール エコ ウォーターボム リサイクル 安心 安全 送料無料","ワンサイズ","まる形6+1","X11","Y11",,"0","11","10","-1",
"2026/07/24 12:36:55","受注取込","7994812","7994812X11Y33","サファリハット メンズ 釣り 帽子 ハット レディース SUNS(サンズ)  撥水 アウトドア 登山 キャンプ バーベキュー NEK ★REV H-051 H-053 送料無料 大きいサイズあり キッズサイズ 子供 UVカット アドベンチャーハット 父の日 プレゼント ユニセックス 春 夏 夏フェス ギフト","普通サイズ","GREIGE(H-051)","X11","Y33",,"0","175","174","-1",
"2026/07/24 12:41:01","受注取込","7994812","7994812X12Y33","サファリハット メンズ 釣り 帽子 ハット レディース SUNS(サンズ)  撥水 アウトドア 登山 キャンプ バーベキュー NEK ★REV H-051 H-053 送料無料 大きいサイズあり キッズサイズ 子供 UVカット アドベンチャーハット 父の日 プレゼント ユニセックス 春 夏 夏フェス ギフト","大きいサイズ","GREIGE(H-051)","X12","Y33",,"0","112","111","-1",
"2026/07/24 12:42:21","受注取込","7987891","7987891X11Y13","【ヤシの木】麦わら帽子 メンズ レディース ストローハット 中折れハット ★REV 7987891 帽子 麦わらハット 夏 ペーパー ハット おしゃれ プレゼント プチギフト","ONESIZE","ネイビー","X11","Y13",,"0","5","4","-1",
"2026/07/24 12:43:25","受注取込","7987400","7987400X11Y32","【とにかくデカい！/普通サイズあり！】キャップ メンズ 大きいサイズ 帽子 深め ビッグサイズ ★REVM 7987400 BIG SIZE メンズキャップ帽子 大きめ 大きい帽子 メンズ帽子 レディース 春 夏 春夏 プレゼント ギフト 母の日 父の日 送料無料","大きいサイズ","V-ライトグレー","X11","Y32",,"0","36","35","-1",
"2026/07/24 12:44:34","受注取込","8003102","8003102X16Y12","やみつきになる！ ストレッチ AVIREX アビレックス Tシャツ メンズ ★REV NEK 6143501 6143502 Vネック クルーネック 半袖 プレゼント ギフト","クルーネック_ホワイト_001","Mサイズ","X16","Y12",,"0","2","1","-1",
"2026/07/24 12:47:25","受注取込","7994812","7994812X12Y20","サファリハット メンズ 釣り 帽子 ハット レディース SUNS(サンズ)  撥水 アウトドア 登山 キャンプ バーベキュー NEK ★REV H-051 H-053 送料無料 大きいサイズあり キッズサイズ 子供 UVカット アドベンチャーハット 父の日 プレゼント ユニセックス 春 夏 夏フェス ギフト","大きいサイズ","PURPLE(H_051)","X12","Y20",,"0","22","21","-1",
"2026/07/24 12:54:25","受注取込","7992054","7992054X11Y22","【シンプル/おしゃれ】16mm パワーストーン ネックレス メンズ レディース 瑪瑙 オブシディアン タイガーアイ NEK ★REV 7992054 黒曜石 茶水晶 虎目石 金運 財運 仕事運 恋愛 結婚 家庭円満 癒し 幸運 成功運 勝負運 家族運 厄除祈願 天然石 お守り プレゼント 送料無料","ONESIZE","【L】ピンククォーツ","X11","Y22",,"0","44","43","-1",
"2026/07/24 12:57:25","受注取込","7992723","7992723X14Y11","お得！ 送料無料 4枚入り 福袋 Dickies ディッキーズ ボクサーパンツ メンズ かわいい NEK ★REV <br> パンツ ボクサーパンツ セット メンズ下着 メンズボクサーパンツ メンズボクサー 大きいサイズ 大きめ 特大 3L 下着 インナー メンズ usa まとめ買い プレゼント ギフト","3L","福袋4枚セット","X14","Y11",,"0","209","207","-2",
"2026/07/24 13:00:36","受注取込","7986531","7986531X11Y21","【新型/IQOS イルマ i ワン用】アイコス イルマiワン ILUMA ケース 保護ケース NEK ★REVL 7986531 iqosイルマワン イルマワンカバー 耐衝撃 おしゃれ iqos iluma one 専用 IQOSイルマワン保護ケース レザー ヒョウ柄 ペイズリー 保護カバー アイコスケース アクセサリー 送料無料","ONESIZE","104","X11","Y21",,"0","22","21","-1",
"2026/07/24 13:00:36","受注取込","7993221","7993221X11Y15","訳あり キーホルダー メンズ 車 スマートキー キーチェーン キーリング レザー NEK ★REV 7993221 家 鍵 カギ 送料無料 ステンレス レザー 男性 おしゃれ シンプル カラビナフック プレゼント","ONESIZE","ブラック_B","X11","Y15",,"0","8","7","-1",
"2026/07/24 13:07:31","受注取込","7987029","7987029X11Y17","【直射日光をはね返す】コカゲル キャップ 洗濯機洗いOK 体感マイナス10℃ UV NEK ★REV CC2R502 7987029 アウトドア SEK サイズ調整 大きいサイズ ユニセックス アウトドア 夏 対策 熱中症 木陰 日よけ 日焼け 送料無料","ONESIZE","グレージュ","X11","Y17",,"0","121","120","-1",
"2026/07/24 13:11:25","受注取込","7997141","7997141X11Y13","特大 スイカ ドーナツ 浮き輪 浮輪 送料無料 プール 大人用 子供用 NEK 7997141 ★REV 120cm 90cm 80cm 70cm 60cm サイズ 大きい 大きめ うきわ ウキワ すいか 海 海水浴 ビックフロート 水上 レジャー かわいい フローティングベッド 西瓜 子供用浮き輪 大人 子供 こども","120cm","ドーナツチョコ","X11","Y13",,"0","94","93","-1",
"2026/07/24 13:11:25","受注取込","7987714","7987714X11Y11","【なんと6+1個入り！速攻配達】水風船 水ふうせん 何度も使える ゴミが出ない プール クラッシュボール ★REV NEK 7987714 水遊び 海 川 お風呂 水鉄砲 子供 おもちゃ 繰り返し BALL 水 風船 ボール エコ ウォーターボム リサイクル 安心 安全 送料無料","ワンサイズ","まる形6+1","X11","Y11",,"0","10","9","-1",
"2026/07/24 13:18:15","WEB画面","7987070","7987070X11Y11","【お得な2枚組】X-LARGE XLARGE エクストララージ ボクサーパンツ メンズ アンダーウェア 下着 NEK ★REVL 7987070 かっこいい ツルツル おすすめ 人気 カモフラ タイダイ 炎 迷彩 カモ柄 ブランド 男性 紳士 プレゼント プチギフト 父の日 誕生日 彼氏 父 息子 ギフト 記念日 大きいサイズ 福袋 送料無料","M","2枚組","X11","Y11",,"0","37","38","1","齋藤"
"2026/07/24 13:25:25","受注取込","7994812","7994812X12Y33","サファリハット メンズ 釣り 帽子 ハット レディース SUNS(サンズ)  撥水 アウトドア 登山 キャンプ バーベキュー NEK ★REV H-051 H-053 送料無料 大きいサイズあり キッズサイズ 子供 UVカット アドベンチャーハット 父の日 プレゼント ユニセックス 春 夏 夏フェス ギフト","大きいサイズ","GREIGE(H-051)","X12","Y33",,"0","111","110","-1",
"2026/07/24 13:25:26","WEB画面","7997141","7997141X13Y12","特大 スイカ ドーナツ 浮き輪 浮輪 送料無料 プール 大人用 子供用 NEK 7997141 ★REV 120cm 90cm 80cm 70cm 60cm サイズ 大きい 大きめ うきわ ウキワ すいか 海 海水浴 ビックフロート 水上 レジャー かわいい フローティングベッド 西瓜 子供用浮き輪 大人 子供 こども","80cm","ドーナツイチゴ","X13","Y12",,"0","84","85","1","齋藤"
"2026/07/24 13:37:55","受注取込","7986651","7986651X11Y11","【銅×グラフェンの力で、スマホを瞬冷！】スマホ熱中症対策 冷却 クーラー NEK ★REVL 7986651 スマートフォン 保冷 結露なし スマホ 冷感 冷却 iphone アクセサリー 送料無料","ONESIZE","ブラック","X11","Y11",,"0","145","144","-1",
"2026/07/24 13:38:55","受注取込","7987277","7987277X14Y12","【L字で使いやすい】爆速 PD60w対応 スマホ ケーブル C-TO-C Type-C to C NEK ★REV 7987277 TYPE-C 長さ25cm～3m iPhone 3A SPEED 急速 充電器 iPhone15 ipad ipad mini IQOS アイコス イルマ イルマワン プライム 送料無料","3.0M","レッド","X14","Y12",,"0","13","12","-1",
"2026/07/24 13:48:25","受注取込","7987078","7987078X11Y11","【3個の福袋！即出荷】ビーチボール 水遊び ビーチバレー 浮き輪 フロート NEK ★REV 7987078 サッカーボール 30cm アウトドア キャンプ 海 プール 川 リゾート 送料無料","ONESIZE","3個セット","X11","Y11",,"0","80","79","-1",
"2026/07/24 13:53:55","受注取込","7994812","7994812X12Y12","サファリハット メンズ 釣り 帽子 ハット レディース SUNS(サンズ)  撥水 アウトドア 登山 キャンプ バーベキュー NEK ★REV H-051 H-053 送料無料 大きいサイズあり キッズサイズ 子供 UVカット アドベンチャーハット 父の日 プレゼント ユニセックス 春 夏 夏フェス ギフト","大きいサイズ","BLACK(H_051)","X12","Y12",,"0","53","52","-1",
"2026/07/24 13:56:55","受注取込","7997141","7997141X11Y11","特大 スイカ ドーナツ 浮き輪 浮輪 送料無料 プール 大人用 子供用 NEK 7997141 ★REV 120cm 90cm 80cm 70cm 60cm サイズ 大きい 大きめ うきわ ウキワ すいか 海 海水浴 ビックフロート 水上 レジャー かわいい フローティングベッド 西瓜 子供用浮き輪 大人 子供 こども","120cm","スイカ","X11","Y11",,"0","1160","1159","-1",
"2026/07/24 14:10:31","受注取込","7987367","7987367X11Y14","【2023年最新！熱中症対策】 ネッククーラー 首掛け扇風機 携帯扇風機 ネックファン ★REV 7987367 急速冷却 小型 羽根なし 首かけ 充電式 扇風機 5000mAh大容量 軽量 3段階風量調節 ひんやり 子供 大人 男女兼用 通勤 通学 家事 熱中症対策 プレゼント ギフト","ONESIZE","ブラック","X11","Y14",,"0","24","23","-1",
"2026/07/24 14:12:55","受注取込","7987400","7987400X11Y27","【とにかくデカい！/普通サイズあり！】キャップ メンズ 大きいサイズ 帽子 深め ビッグサイズ ★REVM 7987400 BIG SIZE メンズキャップ帽子 大きめ 大きい帽子 メンズ帽子 レディース 春 夏 春夏 プレゼント ギフト 母の日 父の日 送料無料","大きいサイズ","Q-ホワイト","X11","Y27",,"0","35","34","-1",
"2026/07/24 14:16:31","受注取込","7987892","7987892X11Y16","【深めのシルエット】メッシュキャップ キャップ 帽子 メンズ レディース 大きいサイズ 普通サイズ ★REV 7987892","普通サイズ","F","X11","Y16",,"0","11","10","-1",
"2026/07/24 14:16:31","受注取込","7986564","7986564X11Y11","【当店限定/大きいサイズ】BlackRebel 帽子 キャップ メンズ レディース 大きいサイズ ★REVL 7986564 深め Vintage クラッシュ 加工 こなれ感 おしゃれ 送料無料","ONESIZE","ブラック","X11","Y11",,"0","240","239","-1",
"2026/07/24 14:20:49","受注取込","8003102","8003102X17Y12","やみつきになる！ ストレッチ AVIREX アビレックス Tシャツ メンズ ★REV NEK 6143501 6143502 Vネック クルーネック 半袖 プレゼント ギフト","クルーネック_ブラック_009","Mサイズ","X17","Y12",,"0","4","3","-1",
"2026/07/24 14:25:01","受注取込","7986600","7986600X11Y11","ふわもこキーチャーム チャーム キーホルダー バッグ飾り NEK ★REVH 7986600 レディース キッズ アクセサリー 送料無料","ONESIZE","【A】チャコール×ホワイト","X11","Y11",,"0","42","40","-2",
"2026/07/24 14:25:01","受注取込","7986600","7986600X11Y15","ふわもこキーチャーム チャーム キーホルダー バッグ飾り NEK ★REVH 7986600 レディース キッズ アクセサリー 送料無料","ONESIZE","【E】ブラック","X11","Y15",,"0","16","15","-1",
"2026/07/24 14:25:01","受注取込","7986600","7986600X11Y18","ふわもこキーチャーム チャーム キーホルダー バッグ飾り NEK ★REVH 7986600 レディース キッズ アクセサリー 送料無料","ONESIZE","【H】ライトグレー","X11","Y18",,"0","14","13","-1",
"2026/07/24 14:28:01","受注取込","7986683","7986683X11Y11","【5点セット/付けるだけの虫除け革命】オニヤンマ 虫除け 虫よけ用品 ストラップ NEK ★REVL 7986683 クリップ 安全ピン ブローチ フィギュア ゴルフ キャンプ 草刈り 山登り 防虫対策 送料無料","オニヤンマ","1個","X11","Y11",,"0","3","2","-1",
"2026/07/24 14:30:01","受注取込","7987400","7987400X11Y17","【とにかくデカい！/普通サイズあり！】キャップ メンズ 大きいサイズ 帽子 深め ビッグサイズ ★REVM 7987400 BIG SIZE メンズキャップ帽子 大きめ 大きい帽子 メンズ帽子 レディース 春 夏 春夏 プレゼント ギフト 母の日 父の日 送料無料","大きいサイズ","G-オレンジ","X11","Y17",,"0","14","13","-1",
"2026/07/24 14:30:11","受注取込","7986710","7986710X11Y19","【春夏秋冬対応/くすみカラー】トートバッグ クロシェバッグ エコバッグ レディース NEK ★REVO 7986710 メッシュ クロシェ編み ナチュラル ニット A4 軽量 かぎ編み おしゃれ 大容量 リゾート 通勤 通学 学生 送料無料","ONESIZE","チャコール","X11","Y19",,"0","11","10","-1",
"2026/07/24 14:31:31","受注取込","7987367","7987367X11Y11","【2023年最新！熱中症対策】 ネッククーラー 首掛け扇風機 携帯扇風機 ネックファン ★REV 7987367 急速冷却 小型 羽根なし 首かけ 充電式 扇風機 5000mAh大容量 軽量 3段階風量調節 ひんやり 子供 大人 男女兼用 通勤 通学 家事 熱中症対策 プレゼント ギフト","ONESIZE","ホワイト","X11","Y11",,"0","93","92","-1",
"2026/07/24 14:32:54","WEB画面","7987345","7987345X20Y13","【とにかくデカい！】 大きいサイズ キャップ 送料無料 大きめ ビッグサイズ ★REV 7987345 BIG SIZE 帽子 ハット キャップ キャスケット メンズキャップ 大きいサイズ バケット 大きい帽子 メンズ メンズ帽子 大きい 頭 メッシュキャップ","JJJ","3","X20","Y13",,"0","25","24","-1","齋藤"
"2026/07/24 14:37:55","受注取込","7987090","7987090X11Y11","【使い方色々!】ポーチ ベルトポーチ 小物入れ 小銭入れ カードケース NEK ★REV 7987090 短財布 財布 メンズ レディース カラビナ ミリタリー サバゲー キャンプ アウトドア メディカルポーチ 防災グッズ 送料無料","ONESIZE","ブラック","X11","Y11",,"0","57","56","-1",
"2026/07/24 14:39:25","受注取込","7994812","7994812X11Y16","サファリハット メンズ 釣り 帽子 ハット レディース SUNS(サンズ)  撥水 アウトドア 登山 キャンプ バーベキュー NEK ★REV H-051 H-053 送料無料 大きいサイズあり キッズサイズ 子供 UVカット アドベンチャーハット 父の日 プレゼント ユニセックス 春 夏 夏フェス ギフト","普通サイズ","GRAY(H_051)","X11","Y16",,"0","49","48","-1",
"2026/07/24 14:40:55","受注取込","7986654","7986654X12Y11","【お得な100枚セット】宅配ビニール袋 100枚 お得 安い 宅配袋 宅配ポリ袋 ポリ袋 強テープ付き 17cm 20cm 25cm 30cm 32cm 40cm 45cm 50cm 60cm 梱包 袋 梱包材 ビニール 宅配 7986654 プレゼント ギフト","20cm×35cm","ワンカラー","X12","Y11",,"0","24","19","-5",
"2026/07/24 14:55:25","受注取込","7994812","7994812X12Y33","サファリハット メンズ 釣り 帽子 ハット レディース SUNS(サンズ)  撥水 アウトドア 登山 キャンプ バーベキュー NEK ★REV H-051 H-053 送料無料 大きいサイズあり キッズサイズ 子供 UVカット アドベンチャーハット 父の日 プレゼント ユニセックス 春 夏 夏フェス ギフト","大きいサイズ","GREIGE(H-051)","X12","Y33",,"0","110","109","-1",
"2026/07/24 14:56:31","受注取込","7986591","7986591X11Y11","【日本製/重厚/姫路レザー】日本製 ベルト メンズ 本革 ヌメ革 姫路レザー ステンレススチール製バックル ★REVL 7986591 高耐久バックル ビジネス カジュアル 送料無料","ONESIZE","ブラック","X11","Y11",,"0","19","18","-1",
"2026/07/24 15:02:31","受注取込","7994812","7994812X12Y13","サファリハット メンズ 釣り 帽子 ハット レディース SUNS(サンズ)  撥水 アウトドア 登山 キャンプ バーベキュー NEK ★REV H-051 H-053 送料無料 大きいサイズあり キッズサイズ 子供 UVカット アドベンチャーハット 父の日 プレゼント ユニセックス 春 夏 夏フェス ギフト","大きいサイズ","NAVY(H_051)","X12","Y13",,"0","29","28","-1",
"2026/07/24 15:04:55","受注取込","7988247","7988247X11Y11","【漆黒バックパック】リュックサック メンズ レディース リュック バックパック デイパック ★REV 7988247 バッグ ビジネスリュック パソコンケース 大容量 防災 旅行 通勤 通学 キャンプ 登山 鞄 撥水 軽量","ONESIZE","ブラック","X11","Y11",,"0","3","2","-1",
"2026/07/24 15:05:31","受注取込","8003102","8003102X17Y14","やみつきになる！ ストレッチ AVIREX アビレックス Tシャツ メンズ ★REV NEK 6143501 6143502 Vネック クルーネック 半袖 プレゼント ギフト","クルーネック_ブラック_009","XLサイズ","X17","Y14",,"0","3","0","-3",
"2026/07/24 15:10:39","受注取込","7986822","7986822X11Y13","【耐強風/12本骨】 折りたたみ傘 大きいサイズ メンズ レディース 117cm 自動開閉 ★REV 7986822 遮蔽率99.9% UVカット UPF50+ 日傘 晴雨兼用 収納袋 紫外線遮断 雨傘 丈夫 頑丈 傘 完全遮光 ワンタッチ かさ 送料無料","ONESIZE","ベージュ","X11","Y13",,"0","3","2","-1",
"2026/07/24 15:13:25","受注取込","7994812","7994812X12Y33","サファリハット メンズ 釣り 帽子 ハット レディース SUNS(サンズ)  撥水 アウトドア 登山 キャンプ バーベキュー NEK ★REV H-051 H-053 送料無料 大きいサイズあり キッズサイズ 子供 UVカット アドベンチャーハット 父の日 プレゼント ユニセックス 春 夏 夏フェス ギフト","大きいサイズ","GREIGE(H-051)","X12","Y33",,"0","109","108","-1",
"2026/07/24 15:14:31","受注取込","7987076","7987076X11Y12","【超軽量55g】特価 キャップ 帽子 メッシュキャップ ランニングキャップ NEK ★REV 7987076 メンズ レディース 速乾 軽量 ジョギング アウトドア キャンプ スポーツ 釣り 海 プール","アジャスタータイプ","ダークグレー","X11","Y12",,"0","14","13","-1",
"2026/07/24 15:14:55","受注取込","7997141","7997141X11Y11","特大 スイカ ドーナツ 浮き輪 浮輪 送料無料 プール 大人用 子供用 NEK 7997141 ★REV 120cm 90cm 80cm 70cm 60cm サイズ 大きい 大きめ うきわ ウキワ すいか 海 海水浴 ビックフロート 水上 レジャー かわいい フローティングベッド 西瓜 子供用浮き輪 大人 子供 こども","120cm","スイカ","X11","Y11",,"0","1159","1158","-1",
"2026/07/24 15:17:21","WEB画面","7987400","7987400X11Y15","【とにかくデカい！/普通サイズあり！】キャップ メンズ 大きいサイズ 帽子 深め ビッグサイズ ★REVM 7987400 BIG SIZE メンズキャップ帽子 大きめ 大きい帽子 メンズ帽子 レディース 春 夏 春夏 プレゼント ギフト 母の日 父の日 送料無料","大きいサイズ","E-ベージュ","X11","Y15",,"0","73","72","-1","齋藤"
"2026/07/24 15:18:55","受注取込","7997141","7997141X11Y11","特大 スイカ ドーナツ 浮き輪 浮輪 送料無料 プール 大人用 子供用 NEK 7997141 ★REV 120cm 90cm 80cm 70cm 60cm サイズ 大きい 大きめ うきわ ウキワ すいか 海 海水浴 ビックフロート 水上 レジャー かわいい フローティングベッド 西瓜 子供用浮き輪 大人 子供 こども","120cm","スイカ","X11","Y11",,"0","1158","1157","-1",
"2026/07/24 15:20:11","受注取込","7987616","7987616X11Y11","【バッグを汚さない！お得な2個入】バッグフック バッグハンガー デスク 便利 NEK ★REV 7987616 おしゃれ グッズ アイデア フック 机 テーブル グック ハンガー 防犯 メンズ レディース 荷物かけ カバン掛け プチギフト プレゼント LTG 送料無料","ONESIZE","ブラック/ワイン","X11","Y11",,"0","8","7","-1",
"2026/07/24 15:22:00","受注取込","7995525","7995525X1Y15","AVIREX 限定モデル キャップ 帽子 父の日 贈り物 プレゼント メンズ ★REV ブラックシリーズ 黒 アビレックス アヴィレックス メッシュキャップ ハンチング ローキャップ バケット ハット ワークキャップ レディース かっこいい yos プレゼント ギフト","ONESIZE","【O】サファリハット_17158400_BIG","X1","Y15",,"0","101","100","-1",
"2026/07/24 15:22:00","受注取込","7987659","7987659X11Y15","【スーツに合う！】カーボン 財布 メンズ ミニ財布 短財布 LTG レザー 革 本革 牛革 NEK ★REV 7987659 ビジネス カーボンレザー ショートウォレット 父の日 おすすめ 人気 ギフト さいふ ウォレット 男性 ギフト 紳士用 プレゼント 薄い スリム 収納 メンズ財布 送料無料","ONESIZE","ブラック×ブラウン","X11","Y15",,"0","3","2","-1",
"2026/07/24 15:25:55","受注取込","7987400","7987400X11Y16","【とにかくデカい！/普通サイズあり！】キャップ メンズ 大きいサイズ 帽子 深め ビッグサイズ ★REVM 7987400 BIG SIZE メンズキャップ帽子 大きめ 大きい帽子 メンズ帽子 レディース 春 夏 春夏 プレゼント ギフト 母の日 父の日 送料無料","大きいサイズ","F-ブラック","X11","Y16",,"0","97","96","-1",
"2026/07/24 15:28:14","受注取込","7987076","7987076X11Y11","【超軽量55g】特価 キャップ 帽子 メッシュキャップ ランニングキャップ NEK ★REV 7987076 メンズ レディース 速乾 軽量 ジョギング アウトドア キャンプ スポーツ 釣り 海 プール","アジャスタータイプ","ブラック","X11","Y11",,"0","10","9","-1",
"2026/07/24 15:32:55","受注取込","7988125","7988125X11Y11","【カーボンスタイル 大きいサイズ】メッシュキャップ キャップ 帽子 ★REV 7988125 大きいサイズ 大きめ ビッグサイズ BIGサイズ シンプル 無地 カーボン調 プレゼント ギフト 送料無料","ONESIZE","ブラック","X11","Y11",,"0","51","50","-1",
"2026/07/24 15:32:55","受注取込","7988125","7988125X11Y13","【カーボンスタイル 大きいサイズ】メッシュキャップ キャップ 帽子 ★REV 7988125 大きいサイズ 大きめ ビッグサイズ BIGサイズ シンプル 無地 カーボン調 プレゼント ギフト 送料無料","ONESIZE","ネイビー","X11","Y13",,"0","49","48","-1",
"2026/07/24 15:44:25","受注取込","7987400","7987400X11Y16","【とにかくデカい！/普通サイズあり！】キャップ メンズ 大きいサイズ 帽子 深め ビッグサイズ ★REVM 7987400 BIG SIZE メンズキャップ帽子 大きめ 大きい帽子 メンズ帽子 レディース 春 夏 春夏 プレゼント ギフト 母の日 父の日 送料無料","大きいサイズ","F-ブラック","X11","Y16",,"0","96","95","-1",
"2026/07/24 15:50:05","受注取込","7997141","7997141X13Y11","特大 スイカ ドーナツ 浮き輪 浮輪 送料無料 プール 大人用 子供用 NEK 7997141 ★REV 120cm 90cm 80cm 70cm 60cm サイズ 大きい 大きめ うきわ ウキワ すいか 海 海水浴 ビックフロート 水上 レジャー かわいい フローティングベッド 西瓜 子供用浮き輪 大人 子供 こども","80cm","スイカ","X13","Y11",,"0","86","85","-1",
"2026/07/24 16:06:25","受注取込","7986716","7986716X11Y11","【紫外線でプロ級チェック】アニサキスライト UV 紫外線ライト ブラックライト NEK ★REVL 7986716 365nm 充電式 TYPE-C充電  USB 光学レンズ アニサキス検出 生活 食事 釣り 掃除 コンパクト 送料無料","1本","ブラック(TYPE-C)","X11","Y11",,"0","100","99","-1",
"2026/07/24 16:07:00","受注取込","7987515","7987515X13Y11","【選べる6柄×3サイズ】ネックレス チェーン メンズ レディース NEK ★REV 7987515 サージカルステンレス316L 50cm 60cm 70cm シンプル おしゃれ プレゼント プチギフト バレンタイン クリスマス 送料無料","70cm","A","X13","Y11",,"0","2","1","-1",
"2026/07/24 16:10:12","WEB画面","7986545","7986545X11Y11","【お得な2枚組】AVIREX アビレックス  アヴィレックス ボクサーパンツ メンズ NEK ★REVL 7986545 アンダーウェア 下着 かっこいい おすすめ 人気 カモフラ 迷彩 カモ柄 ロゴ ブランド 男性 紳士 プレゼント プチギフト 父の日 誕生日 彼氏 父 息子 ギフト 記念日 福袋 送料無料","M","2枚組","X11","Y11",,"0","32","61","29","門田"
"2026/07/24 16:10:12","WEB画面","7986545","7986545X12Y11","【お得な2枚組】AVIREX アビレックス  アヴィレックス ボクサーパンツ メンズ NEK ★REVL 7986545 アンダーウェア 下着 かっこいい おすすめ 人気 カモフラ 迷彩 カモ柄 ロゴ ブランド 男性 紳士 プレゼント プチギフト 父の日 誕生日 彼氏 父 息子 ギフト 記念日 福袋 送料無料","L","2枚組","X12","Y11",,"0","27","45","18","門田"
"2026/07/24 16:10:12","WEB画面","7986545","7986545X13Y11","【お得な2枚組】AVIREX アビレックス  アヴィレックス ボクサーパンツ メンズ NEK ★REVL 7986545 アンダーウェア 下着 かっこいい おすすめ 人気 カモフラ 迷彩 カモ柄 ロゴ ブランド 男性 紳士 プレゼント プチギフト 父の日 誕生日 彼氏 父 息子 ギフト 記念日 福袋 送料無料","XL","2枚組","X13","Y11",,"0","40","71","31","門田"
"2026/07/24 16:17:55","受注取込","7987400","7987400X11Y19","【とにかくデカい！/普通サイズあり！】キャップ メンズ 大きいサイズ 帽子 深め ビッグサイズ ★REVM 7987400 BIG SIZE メンズキャップ帽子 大きめ 大きい帽子 メンズ帽子 レディース 春 夏 春夏 プレゼント ギフト 母の日 父の日 送料無料","大きいサイズ","I-ネイビー","X11","Y19",,"0","36","35","-1",
"2026/07/24 16:17:55","受注取込","7988215","7988215X17Y13","【とにかくデカい！】 大きいサイズ キャップ メッシュキャップ 送料無料 大きめ ビッグサイズ BIG SIZE ★REV 7988215 <br> 帽子 ハット キャップ ワークキャップ メンズキャップ 大きいサイズ バケット 大きい帽子 メンズ バケハ メンズ帽子 大きい 頭 メッシュ 全39カラー","GG","3","X17","Y13",,"0","38","37","-1",
"2026/07/24 16:20:55","受注取込","7987714","7987714X11Y12","【なんと6+1個入り！速攻配達】水風船 水ふうせん 何度も使える ゴミが出ない プール クラッシュボール ★REV NEK 7987714 水遊び 海 川 お風呂 水鉄砲 子供 おもちゃ 繰り返し BALL 水 風船 ボール エコ ウォーターボム リサイクル 安心 安全 送料無料","ワンサイズ","貝がら6+1","X11","Y12",,"0","6","5","-1",
"2026/07/24 16:22:01","受注取込","7987345","7987345X17Y14","【とにかくデカい！】 大きいサイズ キャップ 送料無料 大きめ ビッグサイズ ★REV 7987345 BIG SIZE 帽子 ハット キャップ キャスケット メンズキャップ 大きいサイズ バケット 大きい帽子 メンズ メンズ帽子 大きい 頭 メッシュキャップ","GGG","4","X17","Y14",,"0","5","4","-1",
"2026/07/24 16:22:01","受注取込","7987345","7987345X12Y14","【とにかくデカい！】 大きいサイズ キャップ 送料無料 大きめ ビッグサイズ ★REV 7987345 BIG SIZE 帽子 ハット キャップ キャスケット メンズキャップ 大きいサイズ バケット 大きい帽子 メンズ メンズ帽子 大きい 頭 メッシュキャップ","BBB","4","X12","Y14",,"0","12","11","-1",
"2026/07/24 16:25:00","受注取込","7987794","7987794X11Y18","【大きいサイズもあり】キャスハンチング キャップ メンズ レディース CULTURE MART NEK 101294 ★REV 7987794 ハンチング帽子 ハンチング帽 秋冬 帽子 ハンチング キャスケット メンズ帽子 レディース帽子秋冬 秋冬帽子 メンズハンチング おしゃれ カルチャーマート","普通サイズ","インディゴ×デニム","X11","Y18",,"0","42","41","-1",
"2026/07/24 16:32:27","受注取込","7992723","7992723X14Y11","お得！ 送料無料 4枚入り 福袋 Dickies ディッキーズ ボクサーパンツ メンズ かわいい NEK ★REV <br> パンツ ボクサーパンツ セット メンズ下着 メンズボクサーパンツ メンズボクサー 大きいサイズ 大きめ 特大 3L 下着 インナー メンズ usa まとめ買い プレゼント ギフト","3L","福袋4枚セット","X14","Y11",,"0","207","206","-1",
"2026/07/24 16:36:25","受注取込","7992723","7992723X13Y11","お得！ 送料無料 4枚入り 福袋 Dickies ディッキーズ ボクサーパンツ メンズ かわいい NEK ★REV <br> パンツ ボクサーパンツ セット メンズ下着 メンズボクサーパンツ メンズボクサー 大きいサイズ 大きめ 特大 3L 下着 インナー メンズ usa まとめ買い プレゼント ギフト","LL","福袋4枚セット","X13","Y11",,"0","44","43","-1",
"2026/07/24 16:37:55","受注取込","7994812","7994812X12Y33","サファリハット メンズ 釣り 帽子 ハット レディース SUNS(サンズ)  撥水 アウトドア 登山 キャンプ バーベキュー NEK ★REV H-051 H-053 送料無料 大きいサイズあり キッズサイズ 子供 UVカット アドベンチャーハット 父の日 プレゼント ユニセックス 春 夏 夏フェス ギフト","大きいサイズ","GREIGE(H-051)","X12","Y33",,"0","108","107","-1",
"2026/07/24 16:38:56","受注取込","7987400","7987400X11Y11","【とにかくデカい！/普通サイズあり！】キャップ メンズ 大きいサイズ 帽子 深め ビッグサイズ ★REVM 7987400 BIG SIZE メンズキャップ帽子 大きめ 大きい帽子 メンズ帽子 レディース 春 夏 春夏 プレゼント ギフト 母の日 父の日 送料無料","大きいサイズ","A-ブラック","X11","Y11",,"0","32","31","-1",
"2026/07/24 16:39:31","受注取込","7987883","7987883X11Y11","【カウリ貝】麦わら帽子 メンズ レディース ストローハット 中折れハット ★REV 7987883 幅広 帽子 麦わらハット 夏 ペーパー ハット おしゃれ プレゼント プチギフト 送料無料","ONESIZE","カーキ","X11","Y11",,"0","2","1","-1",
"2026/07/24 16:40:56","WEB画面","7986565","7986565X11Y11","【3個セット】指輪 リング 3本セット レディース フリーサイズ NEK ★REVO 7986565 ゴールド シルバー 重ね付け レイヤード オープンリング 華奢 大人 おしゃれ アクセサリー ギフト プレゼント 送料無料","ONESIZE","3点セット","X11","Y11",,"0","0","20","20","門田"
"2026/07/24 16:40:57","受注取込","7986572","7986572X11Y13","【新型/IQOS イルマ i ワン用】アイコス イルマiワン ILUMA ケース 保護ケース NEK ★REVL 7986572 iqosイルマワン イルマワンカバー 耐衝撃 おしゃれ iqos iluma one 専用 IQOSイルマワン保護ケース レザー ヒョウ柄 ペイズリー 保護カバー アイコスケース アクセサリー 送料無料","イルマiワン","57","X11","Y13",,"0","6","5","-1",
"2026/07/24 16:48:18","受注取込","7988215","7988215X17Y13","【とにかくデカい！】 大きいサイズ キャップ メッシュキャップ 送料無料 大きめ ビッグサイズ BIG SIZE ★REV 7988215 <br> 帽子 ハット キャップ ワークキャップ メンズキャップ 大きいサイズ バケット 大きい帽子 メンズ バケハ メンズ帽子 大きい 頭 メッシュ 全39カラー","GG","3","X17","Y13",,"0","37","36","-1",
"2026/07/24 16:49:00","受注取込","7986572","7986572X11Y16","【新型/IQOS イルマ i ワン用】アイコス イルマiワン ILUMA ケース 保護ケース NEK ★REVL 7986572 iqosイルマワン イルマワンカバー 耐衝撃 おしゃれ iqos iluma one 専用 IQOSイルマワン保護ケース レザー ヒョウ柄 ペイズリー 保護カバー アイコスケース アクセサリー 送料無料","イルマiワン","60","X11","Y16",,"0","13","12","-1",
"2026/07/24 16:52:01","受注取込","7987170","7987170X11Y12","【万能で役立つ！男ツール】 マルチツール ドライバー 多機能 工具 日曜大工 DIY NEK ★REVL 7987170 防災 アウトドア 用品 キャンプ 雑貨 ペンチ のこぎり 缶切り ボトルオープナー ワイヤーカッター 収納ケース付 庭 ガーデニング 多機能ペンチ ギフト プレゼント","ONESIZE","ブラック","X11","Y12",,"0","34","33","-1",
"2026/07/24 17:01:30","受注取込","7987389","7987389X11Y16","【本革 総革】名刺入れ 名刺ケース 本革 メンズ NEK ★REV 7987389 レディース レザー 本皮 Vintage ヌメ革 プレゼント ギフト 母の日 父の日 送料無料","ONESIZE","チョコ","X11","Y16",,"0","2","1","-1",
"2026/07/24 17:03:25","受注取込","7988215","7988215X11Y13","【とにかくデカい！】 大きいサイズ キャップ メッシュキャップ 送料無料 大きめ ビッグサイズ BIG SIZE ★REV 7988215 <br> 帽子 ハット キャップ ワークキャップ メンズキャップ 大きいサイズ バケット 大きい帽子 メンズ バケハ メンズ帽子 大きい 頭 メッシュ 全39カラー","AA","3","X11","Y13",,"0","40","39","-1",
"2026/07/24 17:10:05","受注取込","7987743","7987743X11Y14","【仕切り上手】ミニトート バッグ レディース メンズ トートバッグ トート ミニ 仕切り NEK ★REV 7987743 ポケット キャンバス ランチバッグ マザーズバッグ 収納 かわいい シンプル おしゃれ 便利 無地 通勤 通学 ユニセックス ジッパー付き 防犯 紛失 対策 送料無料","ONESIZE","ブラック","X11","Y14",,"0","1","0","-1",
"2026/07/24 17:25:25","受注取込","7994812","7994812X12Y11","サファリハット メンズ 釣り 帽子 ハット レディース SUNS(サンズ)  撥水 アウトドア 登山 キャンプ バーベキュー NEK ★REV H-051 H-053 送料無料 大きいサイズあり キッズサイズ 子供 UVカット アドベンチャーハット 父の日 プレゼント ユニセックス 春 夏 夏フェス ギフト","大きいサイズ","BK/BLACK(H_051)","X12","Y11",,"0","553","552","-1",
"2026/07/24 17:28:46","受注取込","7993077","7993077X11Y16","栃木レザー 短財布 財布 メンズ レディース 本革 レザー 日本製  送料無料 職人技 無地 6色展開 ヌメ革 総革 フルベジタブルタンニング TDSG-1019 190320","ONESIZE","NAVY","X11","Y16",,"0","2","1","-1",
"2026/07/24 17:29:01","受注取込","7986757","7986757X11Y12","【置くだけで充電】 ワイヤレス充電器 車載 ホルダー 置き型 Type-C充電 USB-A NEK ★REVL 7986757 最大20W 車載ワイヤレス充電パッド 充電 充電器 車載 スマホ ホルダー スタンド 車 携帯ホルダー 急速充電 サイズ調整可能 滑り止め iphone/Android 1M PD充電 スマホアクセサリー Qi規格 送料無料","ONESIZE","TYPE-C(1m)","X11","Y12",,"0","22","21","-1",
"2026/07/24 17:32:55","受注取込","7987475","7987475X11Y11","【護身用】タクティカルスティック 防災グッズ タクティカルペン キーホルダー キーリング NEK ★REV 7987475 護身 棒 車 ガラス 防災 災害 車内 軽量 丈夫 不審者 痴漢 痴漢対策 護身用 用品 武器 防犯 護身グッズ 自己防衛 コンパクト 非常時 タクティカル バッググリップ","ONESIZE","ブラック","X11","Y11",,"0","13","12","-1",
"2026/07/24 17:39:17","WEB画面","7986705","7986705X11Y11","【美シルエット/こなれ感UP】ハンチング キャスケット キャスハンチング 帽子 メンズ  レディース NEK ★REVL 7986705 デニム素材 コットン100％ おしゃれ ピンストライプ 送料無料","ONESIZE","ネイビーデニム","X11","Y11",,"0","30","55","25","門田"
"2026/07/24 17:39:17","WEB画面","7986705","7986705X11Y12","【美シルエット/こなれ感UP】ハンチング キャスケット キャスハンチング 帽子 メンズ  レディース NEK ★REVL 7986705 デニム素材 コットン100％ おしゃれ ピンストライプ 送料無料","ONESIZE","ブラックデニム","X11","Y12",,"0","38","13","-25","門田"
"2026/07/24 17:40:11","受注取込","7987070","7987070X11Y11","【お得な2枚組】X-LARGE XLARGE エクストララージ ボクサーパンツ メンズ アンダーウェア 下着 NEK ★REVL 7987070 かっこいい ツルツル おすすめ 人気 カモフラ タイダイ 炎 迷彩 カモ柄 ブランド 男性 紳士 プレゼント プチギフト 父の日 誕生日 彼氏 父 息子 ギフト 記念日 大きいサイズ 福袋 送料無料","M","2枚組","X11","Y11",,"0","38","37","-1",
"2026/07/24 17:46:25","受注取込","7986651","7986651X11Y11","【銅×グラフェンの力で、スマホを瞬冷！】スマホ熱中症対策 冷却 クーラー NEK ★REVL 7986651 スマートフォン 保冷 結露なし スマホ 冷感 冷却 iphone アクセサリー 送料無料","ONESIZE","ブラック","X11","Y11",,"0","144","143","-1",
"2026/07/24 17:46:31","受注取込","7986757","7986757X11Y12","【置くだけで充電】 ワイヤレス充電器 車載 ホルダー 置き型 Type-C充電 USB-A NEK ★REVL 7986757 最大20W 車載ワイヤレス充電パッド 充電 充電器 車載 スマホ ホルダー スタンド 車 携帯ホルダー 急速充電 サイズ調整可能 滑り止め iphone/Android 1M PD充電 スマホアクセサリー Qi規格 送料無料","ONESIZE","TYPE-C(1m)","X11","Y12",,"0","21","20","-1",
"2026/07/24 17:48:56","WEB画面","7987710","7987710X11Y11","バーベキューコンロ 一人用 折りたたみ式 焚き火台 ★REV 7987710 グリル LTG 小型 コンパクト 小さい 小さめ 収納ケース付き 軽量 少人数 簡易 七輪 しちりん 炭火焼 網焼き ソロキャンプ キャンプ ソロキャン 釣り ツーリング アウトドア BBQ コンパクト 送料無料","ONESIZE","シルバー","X11","Y11",,"0","93","94","1","立花"
"2026/07/24 17:50:00","受注取込","7987026","7987026X12Y11","【大きいサイズあり】キャップ 11cm つば長 帽子 メンズ レディース ★REV 7987026 深め 深い ゴルフ 無地 日焼け止め UVカット 送料無料","大きいサイズ","ブラック","X12","Y11",,"0","2","1","-1",
"2026/07/24 17:50:57","WEB画面","7987400","7987400X11Y11","【とにかくデカい！/普通サイズあり！】キャップ メンズ 大きいサイズ 帽子 深め ビッグサイズ ★REVM 7987400 BIG SIZE メンズキャップ帽子 大きめ 大きい帽子 メンズ帽子 レディース 春 夏 春夏 プレゼント ギフト 母の日 父の日 送料無料","大きいサイズ","A-ブラック","X11","Y11",,"0","31","231","200","庄司 泰久"
"2026/07/24 17:50:57","WEB画面","7987400","7987400X11Y13","【とにかくデカい！/普通サイズあり！】キャップ メンズ 大きいサイズ 帽子 深め ビッグサイズ ★REVM 7987400 BIG SIZE メンズキャップ帽子 大きめ 大きい帽子 メンズ帽子 レディース 春 夏 春夏 プレゼント ギフト 母の日 父の日 送料無料","大きいサイズ","C-グレー","X11","Y13",,"0","40","50","10","庄司 泰久"
"2026/07/24 17:51:52","WEB画面","7987400","7987400X11Y11","【とにかくデカい！/普通サイズあり！】キャップ メンズ 大きいサイズ 帽子 深め ビッグサイズ ★REVM 7987400 BIG SIZE メンズキャップ帽子 大きめ 大きい帽子 メンズ帽子 レディース 春 夏 春夏 プレゼント ギフト 母の日 父の日 送料無料","大きいサイズ","A-ブラック","X11","Y11",,"0","231","232","1","立花"
"2026/07/24 17:52:22","WEB画面","7986710","7986710X11Y11","【春夏秋冬対応/くすみカラー】トートバッグ クロシェバッグ エコバッグ レディース NEK ★REVO 7986710 メッシュ クロシェ編み ナチュラル ニット A4 軽量 かぎ編み おしゃれ 大容量 リゾート 通勤 通学 学生 送料無料","ONESIZE","カーキ","X11","Y11",,"0","0","30","30","庄司 泰久"
"2026/07/24 17:52:22","WEB画面","7986710","7986710X11Y12","【春夏秋冬対応/くすみカラー】トートバッグ クロシェバッグ エコバッグ レディース NEK ★REVO 7986710 メッシュ クロシェ編み ナチュラル ニット A4 軽量 かぎ編み おしゃれ 大容量 リゾート 通勤 通学 学生 送料無料","ONESIZE","ライトブラウン","X11","Y12",,"0","6","16","10","庄司 泰久"
"2026/07/24 17:52:22","WEB画面","7986710","7986710X11Y13","【春夏秋冬対応/くすみカラー】トートバッグ クロシェバッグ エコバッグ レディース NEK ★REVO 7986710 メッシュ クロシェ編み ナチュラル ニット A4 軽量 かぎ編み おしゃれ 大容量 リゾート 通勤 通学 学生 送料無料","ONESIZE","ダークブラウン","X11","Y13",,"0","9","24","15","庄司 泰久"
"2026/07/24 17:52:22","WEB画面","7986710","7986710X11Y14","【春夏秋冬対応/くすみカラー】トートバッグ クロシェバッグ エコバッグ レディース NEK ★REVO 7986710 メッシュ クロシェ編み ナチュラル ニット A4 軽量 かぎ編み おしゃれ 大容量 リゾート 通勤 通学 学生 送料無料","ONESIZE","ブラック","X11","Y14",,"0","7","22","15","庄司 泰久"
"2026/07/24 17:52:22","WEB画面","7986710","7986710X11Y17","【春夏秋冬対応/くすみカラー】トートバッグ クロシェバッグ エコバッグ レディース NEK ★REVO 7986710 メッシュ クロシェ編み ナチュラル ニット A4 軽量 かぎ編み おしゃれ 大容量 リゾート 通勤 通学 学生 送料無料","ONESIZE","グレージュ","X11","Y17",,"0","0","70","70","庄司 泰久"
"2026/07/24 17:53:06","WEB画面","7987757","7987757X11Y11","【カーボンスタイル 大きいサイズ】メッシュキャップ キャップ 帽子 蒸れない ★REV 7987757 大きいサイズ カーボン調 プレゼント ギフト 送料無料","ONESIZE","ブラック","X11","Y11",,"0","14","94","80","庄司 泰久"
"2026/07/24 17:53:06","WEB画面","7987757","7987757X11Y13","【カーボンスタイル 大きいサイズ】メッシュキャップ キャップ 帽子 蒸れない ★REV 7987757 大きいサイズ カーボン調 プレゼント ギフト 送料無料","ONESIZE","ネイビー","X11","Y13",,"0","17","37","20","庄司 泰久"
"2026/07/24 17:55:46","WEB画面","7986569","7986569X11Y14","【お得な4枚シート/ピンセット付き】シール おしり 立体シール ぷくぷくシール 男の子 女の子 シール帳 3D Puffy Playland Stickers 大人 おもしろ NEK ★REVO 7986569 ミリタリー リアル デコシール 魚 昆虫 水族館 コスメ 可愛いステッカー 福袋 デコ 手帳 知育 送料無料","4枚セット","4.お国シール4種類","X11","Y14",,"0","16","216","200","庄司 泰久"
"2026/07/24 17:57:25","受注取込","7994812","7994812X11Y33","サファリハット メンズ 釣り 帽子 ハット レディース SUNS(サンズ)  撥水 アウトドア 登山 キャンプ バーベキュー NEK ★REV H-051 H-053 送料無料 大きいサイズあり キッズサイズ 子供 UVカット アドベンチャーハット 父の日 プレゼント ユニセックス 春 夏 夏フェス ギフト","普通サイズ","GREIGE(H-051)","X11","Y33",,"0","174","173","-1",
"2026/07/24 17:57:25","受注取込","7994812","7994812X11Y23","サファリハット メンズ 釣り 帽子 ハット レディース SUNS(サンズ)  撥水 アウトドア 登山 キャンプ バーベキュー NEK ★REV H-051 H-053 送料無料 大きいサイズあり キッズサイズ 子供 UVカット アドベンチャーハット 父の日 プレゼント ユニセックス 春 夏 夏フェス ギフト","普通サイズ","BLUE(H_051)","X11","Y23",,"0","23","22","-1",
"2026/07/24 17:57:25","受注取込","7994812","7994812X13Y33","サファリハット メンズ 釣り 帽子 ハット レディース SUNS(サンズ)  撥水 アウトドア 登山 キャンプ バーベキュー NEK ★REV H-051 H-053 送料無料 大きいサイズあり キッズサイズ 子供 UVカット アドベンチャーハット 父の日 プレゼント ユニセックス 春 夏 夏フェス ギフト","キッズサイズ","GREIGE(H-051)","X13","Y33",,"0","15","14","-1",
"2026/07/24 18:01:55","受注取込","7987400","7987400X11Y26","【とにかくデカい！/普通サイズあり！】キャップ メンズ 大きいサイズ 帽子 深め ビッグサイズ ★REVM 7987400 BIG SIZE メンズキャップ帽子 大きめ 大きい帽子 メンズ帽子 レディース 春 夏 春夏 プレゼント ギフト 母の日 父の日 送料無料","大きいサイズ","P-ブラック","X11","Y26",,"0","64","63","-1",
"2026/07/24 18:12:25","受注取込","8003102","8003102X22Y13","やみつきになる！ ストレッチ AVIREX アビレックス Tシャツ メンズ ★REV NEK 6143501 6143502 Vネック クルーネック 半袖 プレゼント ギフト","クルーネック_ネイビー(ロイヤル)_086","Lサイズ","X22","Y13",,"0","3","2","-1",
"2026/07/24 18:16:38","受注取込","7988215","7988215X25Y12","【とにかくデカい！】 大きいサイズ キャップ メッシュキャップ 送料無料 大きめ ビッグサイズ BIG SIZE ★REV 7988215 <br> 帽子 ハット キャップ ワークキャップ メンズキャップ 大きいサイズ バケット 大きい帽子 メンズ バケハ メンズ帽子 大きい 頭 メッシュ 全39カラー","OO","2","X25","Y12",,"0","6","5","-1",
"2026/07/24 18:23:55","受注取込","7987714","7987714X11Y11","【なんと6+1個入り！速攻配達】水風船 水ふうせん 何度も使える ゴミが出ない プール クラッシュボール ★REV NEK 7987714 水遊び 海 川 お風呂 水鉄砲 子供 おもちゃ 繰り返し BALL 水 風船 ボール エコ ウォーターボム リサイクル 安心 安全 送料無料","ワンサイズ","まる形6+1","X11","Y11",,"0","9","8","-1",
"2026/07/24 18:24:20","受注取込","7992723","7992723X12Y11","お得！ 送料無料 4枚入り 福袋 Dickies ディッキーズ ボクサーパンツ メンズ かわいい NEK ★REV <br> パンツ ボクサーパンツ セット メンズ下着 メンズボクサーパンツ メンズボクサー 大きいサイズ 大きめ 特大 3L 下着 インナー メンズ usa まとめ買い プレゼント ギフト","L","福袋4枚セット","X12","Y11",,"0","308","307","-1",
"2026/07/24 18:30:06","受注取込","7986652","7986652X11Y12","【高見え/麻×綿/かぶるオシャレ日傘】 シャルマンハット ハット 帽子 レディース 遮光 UVカット NEK ★REVA 7986652 つば広 折りたたみ 涼しい かぶる日傘 オシャレ 無地 送料無料","ONESIZE","ベージュ","X11","Y12",,"0","12","11","-1",
"2026/07/24 18:42:55","受注取込","7986678","7986678X11Y15","【お得/豪華4点セット】メガネケース 眼鏡ケース サングラス ケース 伊達メガネ 老眼鏡 NEK ★REVL 7986678 ケース メンズ レディース 精密ドライバー 眼鏡拭き 眼鏡袋 シンプル おしゃれ 無地 母の日 父の日 プレゼント 送料無料","ONESIZE","E","X11","Y15",,"0","20","19","-1",
"2026/07/24 18:50:15","受注取込","7986710","7986710X11Y17","【春夏秋冬対応/くすみカラー】トートバッグ クロシェバッグ エコバッグ レディース NEK ★REVO 7986710 メッシュ クロシェ編み ナチュラル ニット A4 軽量 かぎ編み おしゃれ 大容量 リゾート 通勤 通学 学生 送料無料","ONESIZE","グレージュ","X11","Y17",,"0","70","69","-1",
"2026/07/24 18:50:27","受注取込","7986716","7986716X11Y11","【紫外線でプロ級チェック】アニサキスライト UV 紫外線ライト ブラックライト NEK ★REVL 7986716 365nm 充電式 TYPE-C充電  USB 光学レンズ アニサキス検出 生活 食事 釣り 掃除 コンパクト 送料無料","1本","ブラック(TYPE-C)","X11","Y11",,"0","99","98","-1",
"2026/07/24 18:54:53","WEB画面","FBA-7988215","FBA-7988215X11Y15","【FBA専用】 とにかくデカい！ 大きいサイズ キャップ 7988215","AA","5","X11","Y15",,"0","5","15","10","阿二"
"2026/07/24 18:54:53","WEB画面","FBA-7988215","FBA-7988215X12Y11","【FBA専用】 とにかくデカい！ 大きいサイズ キャップ 7988215","BB","1","X12","Y11",,"0","10","40","30","阿二"
"2026/07/24 18:54:53","WEB画面","FBA-7988215","FBA-7988215X13Y12","【FBA専用】 とにかくデカい！ 大きいサイズ キャップ 7988215","CC","2","X13","Y12",,"0","0","30","30","阿二"
"2026/07/24 18:54:53","WEB画面","FBA-7988215","FBA-7988215X13Y14","【FBA専用】 とにかくデカい！ 大きいサイズ キャップ 7988215","CC","4","X13","Y14",,"0","17","37","20","阿二"
"2026/07/24 18:54:53","WEB画面","FBA-7988215","FBA-7988215X13Y15","【FBA専用】 とにかくデカい！ 大きいサイズ キャップ 7988215","CC","5","X13","Y15",,"0","10","30","20","阿二"
"2026/07/24 18:54:53","WEB画面","FBA-7988215","FBA-7988215X14Y11","【FBA専用】 とにかくデカい！ 大きいサイズ キャップ 7988215","DD","1","X14","Y11",,"0","0","50","50","阿二"
"2026/07/24 18:54:53","WEB画面","FBA-7988215","FBA-7988215X14Y12","【FBA専用】 とにかくデカい！ 大きいサイズ キャップ 7988215","DD","2","X14","Y12",,"0","10","30","20","阿二"
"2026/07/24 18:54:53","WEB画面","FBA-7988215","FBA-7988215X16Y15","【FBA専用】 とにかくデカい！ 大きいサイズ キャップ 7988215","FF","5","X16","Y15",,"0","0","200","200","阿二"
"2026/07/24 18:54:53","WEB画面","FBA-7988215","FBA-7988215X17Y11","【FBA専用】 とにかくデカい！ 大きいサイズ キャップ 7988215","GG","1","X17","Y11",,"0","0","30","30","阿二"
"2026/07/24 18:54:53","WEB画面","FBA-7988215","FBA-7988215X17Y12","【FBA専用】 とにかくデカい！ 大きいサイズ キャップ 7988215","GG","2","X17","Y12",,"0","0","50","50","阿二"
"2026/07/24 18:54:53","WEB画面","FBA-7988215","FBA-7988215X17Y13","【FBA専用】 とにかくデカい！ 大きいサイズ キャップ 7988215","GG","3","X17","Y13",,"0","0","50","50","阿二"
"2026/07/24 18:54:53","WEB画面","FBA-7988215","FBA-7988215X17Y14","【FBA専用】 とにかくデカい！ 大きいサイズ キャップ 7988215","GG","4","X17","Y14",,"0","0","30","30","阿二"
"2026/07/24 18:54:53","WEB画面","FBA-7988215","FBA-7988215X17Y15","【FBA専用】 とにかくデカい！ 大きいサイズ キャップ 7988215","GG","5","X17","Y15",,"0","0","20","20","阿二"
"2026/07/24 18:54:53","WEB画面","FBA-7988215","FBA-7988215X18Y11","【FBA専用】 とにかくデカい！ 大きいサイズ キャップ 7988215","HH","1","X18","Y11",,"0","0","30","30","阿二"
"2026/07/24 18:54:53","WEB画面","FBA-7988215","FBA-7988215X18Y12","【FBA専用】 とにかくデカい！ 大きいサイズ キャップ 7988215","HH","2","X18","Y12",,"0","0","20","20","阿二"
"2026/07/24 18:54:53","WEB画面","FBA-7988215","FBA-7988215X18Y13","【FBA専用】 とにかくデカい！ 大きいサイズ キャップ 7988215","HH","3","X18","Y13",,"0","0","20","20","阿二"
"2026/07/24 18:54:53","WEB画面","FBA-7988215","FBA-7988215X18Y14","【FBA専用】 とにかくデカい！ 大きいサイズ キャップ 7988215","HH","4","X18","Y14",,"0","0","50","50","阿二"
"2026/07/24 18:55:51","WEB画面","FBA-7987400","FBA-7987400X11Y11","【FBA専用】帽子 7987400","ONESIZE","A-ブラック","X11","Y11",,"0","0","300","300","阿二"
"2026/07/24 18:55:51","WEB画面","FBA-7987400","FBA-7987400X11Y13","【FBA専用】帽子 7987400","ONESIZE","C-グレー","X11","Y13",,"0","0","30","30","阿二"
"2026/07/24 18:55:51","WEB画面","FBA-7987400","FBA-7987400X11Y14","【FBA専用】帽子 7987400","ONESIZE","D-ネイビー","X11","Y14",,"0","0","20","20","阿二"
"2026/07/24 18:55:51","WEB画面","FBA-7987400","FBA-7987400X11Y15","【FBA専用】帽子 7987400","ONESIZE","E-ベージュ","X11","Y15",,"0","0","30","30","阿二"
"2026/07/24 18:55:51","WEB画面","FBA-7987400","FBA-7987400X11Y18","【FBA専用】帽子 7987400","ONESIZE","H-オリーブ","X11","Y18",,"0","0","20","20","阿二"
"2026/07/24 18:55:51","WEB画面","FBA-7987400","FBA-7987400X11Y21","【FBA専用】帽子 7987400","ONESIZE","K-ブラック","X11","Y21",,"0","35","65","30","阿二"
"2026/07/24 18:55:51","WEB画面","FBA-7987400","FBA-7987400X11Y23","【FBA専用】帽子 7987400","ONESIZE","M-グレー","X11","Y23",,"0","0","30","30","阿二"
"2026/07/24 18:55:51","WEB画面","FBA-7987400","FBA-7987400X11Y24","【FBA専用】帽子 7987400","ONESIZE","N-ネイビー","X11","Y24",,"0","0","20","20","阿二"
"2026/07/24 18:55:51","WEB画面","FBA-7987400","FBA-7987400X11Y26","【FBA専用】帽子 7987400","ONESIZE","P-ブラック","X11","Y26",,"0","0","30","30","阿二"
"2026/07/24 18:59:01","受注取込","7987345","7987345X21Y12","【とにかくデカい！】 大きいサイズ キャップ 送料無料 大きめ ビッグサイズ ★REV 7987345 BIG SIZE 帽子 ハット キャップ キャスケット メンズキャップ 大きいサイズ バケット 大きい帽子 メンズ メンズ帽子 大きい 頭 メッシュキャップ","KKK","2","X21","Y12",,"0","3","2","-1",
"2026/07/24 19:00:12","受注取込","7986545","7986545X13Y11","【お得な2枚組】AVIREX アビレックス  アヴィレックス ボクサーパンツ メンズ NEK ★REVL 7986545 アンダーウェア 下着 かっこいい おすすめ 人気 カモフラ 迷彩 カモ柄 ロゴ ブランド 男性 紳士 プレゼント プチギフト 父の日 誕生日 彼氏 父 息子 ギフト 記念日 福袋 送料無料","XL","2枚組","X13","Y11",,"0","71","70","-1",
"2026/07/24 19:06:25","受注取込","7987400","7987400X11Y15","【とにかくデカい！/普通サイズあり！】キャップ メンズ 大きいサイズ 帽子 深め ビッグサイズ ★REVM 7987400 BIG SIZE メンズキャップ帽子 大きめ 大きい帽子 メンズ帽子 レディース 春 夏 春夏 プレゼント ギフト 母の日 父の日 送料無料","大きいサイズ","E-ベージュ","X11","Y15",,"0","72","71","-1",
"2026/07/24 19:06:25","受注取込","7987400","7987400X11Y11","【とにかくデカい！/普通サイズあり！】キャップ メンズ 大きいサイズ 帽子 深め ビッグサイズ ★REVM 7987400 BIG SIZE メンズキャップ帽子 大きめ 大きい帽子 メンズ帽子 レディース 春 夏 春夏 プレゼント ギフト 母の日 父の日 送料無料","大きいサイズ","A-ブラック","X11","Y11",,"0","232","231","-1",
"2026/07/24 19:13:20","受注取込","7987400","7987400X11Y11","【とにかくデカい！/普通サイズあり！】キャップ メンズ 大きいサイズ 帽子 深め ビッグサイズ ★REVM 7987400 BIG SIZE メンズキャップ帽子 大きめ 大きい帽子 メンズ帽子 レディース 春 夏 春夏 プレゼント ギフト 母の日 父の日 送料無料","大きいサイズ","A-ブラック","X11","Y11",,"0","231","230","-1",
"2026/07/24 19:13:25","受注取込","7986676","7986676X11Y13","【通気性抜群/薄手コットンニット】ハット 帽子 チューリップハット メンズ レディース NEK ★REVL 7986676 折りたたみ可能  UVカット 春夏ハット おしゃれ 無地 送料無料","ONESIZE","ベージュ","X11","Y13",,"0","23","22","-1",
"2026/07/24 19:22:25","受注取込","7987400","7987400X11Y11","【とにかくデカい！/普通サイズあり！】キャップ メンズ 大きいサイズ 帽子 深め ビッグサイズ ★REVM 7987400 BIG SIZE メンズキャップ帽子 大きめ 大きい帽子 メンズ帽子 レディース 春 夏 春夏 プレゼント ギフト 母の日 父の日 送料無料","大きいサイズ","A-ブラック","X11","Y11",,"0","230","228","-2",
"2026/07/24 19:22:25","受注取込","7987400","7987400X12Y11","【とにかくデカい！/普通サイズあり！】キャップ メンズ 大きいサイズ 帽子 深め ビッグサイズ ★REVM 7987400 BIG SIZE メンズキャップ帽子 大きめ 大きい帽子 メンズ帽子 レディース 春 夏 春夏 プレゼント ギフト 母の日 父の日 送料無料","普通サイズ","A-ブラック","X12","Y11",,"0","16","14","-2",
"2026/07/24 19:23:55","受注取込","7987892","7987892X12Y17","【深めのシルエット】メッシュキャップ キャップ 帽子 メンズ レディース 大きいサイズ 普通サイズ ★REV 7987892","大きいサイズ","G","X12","Y17",,"0","24","23","-1",
"2026/07/24 19:25:25","受注取込","7987400","7987400X11Y11","【とにかくデカい！/普通サイズあり！】キャップ メンズ 大きいサイズ 帽子 深め ビッグサイズ ★REVM 7987400 BIG SIZE メンズキャップ帽子 大きめ 大きい帽子 メンズ帽子 レディース 春 夏 春夏 プレゼント ギフト 母の日 父の日 送料無料","大きいサイズ","A-ブラック","X11","Y11",,"0","228","227","-1",
"2026/07/24 19:30:01","受注取込","7987401","7987401X11Y12","大きいサイズ キャップ メッシュキャップ 帽子 ★REV 7987401 メンズ 野球帽 迷彩 カモフラ シャドーカモ 刺繍 送料無料","ONESIZE","グレーシャードカモ","X11","Y12",,"0","3","2","-1",
"2026/07/24 19:32:21","受注取込","7988215","7988215X26Y11","【とにかくデカい！】 大きいサイズ キャップ メッシュキャップ 送料無料 大きめ ビッグサイズ BIG SIZE ★REV 7988215 <br> 帽子 ハット キャップ ワークキャップ メンズキャップ 大きいサイズ バケット 大きい帽子 メンズ バケハ メンズ帽子 大きい 頭 メッシュ 全39カラー","PP","1","X26","Y11",,"0","1","0","-1",
"2026/07/24 19:36:31","受注取込","7988332","7988332X11Y15","【ワンちゃん格上げ！】 ドッグウェア 犬服 アディドッグ adidog ★REVG new dogs ペット服 小型犬 ノースリーブ NEK 7988332 犬の服 タンクトップ 犬洋服 犬用服 ペット 犬 服 犬用 かっこいい かわいい サロペット ロンパース オーバーオール 男の子 女の子","XS","adidog(ダークグリーン)","X11","Y15",,"0","14","13","-1",
"2026/07/24 19:48:25","受注取込","7986690","7986690X11Y11","【当店限定/大きいサイズ】LOGOS ロゴス キャップ メッシュキャップ 帽子 大きいサイズ ★REVL 7986690 ブランド メンズ レディース 野球帽 XXLサイズ KING SIZE アウトドア キャンプ シンプル おしゃれ 送料無料","メッシュキャップ","ブラック×ベージュ","X11","Y11",,"0","134","133","-1",
"2026/07/24 19:52:55","受注取込","7994812","7994812X12Y21","サファリハット メンズ 釣り 帽子 ハット レディース SUNS(サンズ)  撥水 アウトドア 登山 キャンプ バーベキュー NEK ★REV H-051 H-053 送料無料 大きいサイズあり キッズサイズ 子供 UVカット アドベンチャーハット 父の日 プレゼント ユニセックス 春 夏 夏フェス ギフト","大きいサイズ","PINK(H_051)","X12","Y21",,"0","20","19","-1",
"2026/07/24 20:01:55","受注取込","7987409","7987409X11Y12","【130cm 大きいサイズ対応】本革 床革 ベルト メンズ 130cm NEK ★REV 7987409 大きいサイズ対応 シンセティックレザー ビジネスベルト カジュアルベルト 父の日 送料無料","ONESIZE","ブラウンA","X11","Y12",,"0","9","8","-1",
"2026/07/24 20:04:25","受注取込","7986751","7986751X12Y11","【グリップ力効果/洗濯可能】トレーニンググローブ 手袋 筋トレ 筋トレグローブ NEK ★REV 7986751 レディース メンズ ジム手袋 指無し ウェイトリフティング 防滑 クッション性 伸びる 洗濯OK バーベル サイクリング ヨガ グリップ 衝撃吸収 通気性 送料無料","M","ピンク","X12","Y11",,"0","17","16","-1",
"2026/07/24 20:04:25","受注取込","7986651","7986651X11Y11","【銅×グラフェンの力で、スマホを瞬冷！】スマホ熱中症対策 冷却 クーラー NEK ★REVL 7986651 スマートフォン 保冷 結露なし スマホ 冷感 冷却 iphone アクセサリー 送料無料","ONESIZE","ブラック","X11","Y11",,"0","143","139","-4",
"2026/07/24 20:04:25","受注取込","7994812","7994812X12Y32","サファリハット メンズ 釣り 帽子 ハット レディース SUNS(サンズ)  撥水 アウトドア 登山 キャンプ バーベキュー NEK ★REV H-051 H-053 送料無料 大きいサイズあり キッズサイズ 子供 UVカット アドベンチャーハット 父の日 プレゼント ユニセックス 春 夏 夏フェス ギフト","大きいサイズ","T.BLUE(H_051)","X12","Y32",,"0","87","86","-1",
"2026/07/24 20:05:30","受注取込","7994812","7994812X12Y14","サファリハット メンズ 釣り 帽子 ハット レディース SUNS(サンズ)  撥水 アウトドア 登山 キャンプ バーベキュー NEK ★REV H-051 H-053 送料無料 大きいサイズあり キッズサイズ 子供 UVカット アドベンチャーハット 父の日 プレゼント ユニセックス 春 夏 夏フェス ギフト","大きいサイズ","KHAKI(H_051)","X12","Y14",,"0","29","28","-1",
"2026/07/24 20:07:25","受注取込","7987400","7987400X11Y16","【とにかくデカい！/普通サイズあり！】キャップ メンズ 大きいサイズ 帽子 深め ビッグサイズ ★REVM 7987400 BIG SIZE メンズキャップ帽子 大きめ 大きい帽子 メンズ帽子 レディース 春 夏 春夏 プレゼント ギフト 母の日 父の日 送料無料","大きいサイズ","F-ブラック","X11","Y16",,"0","95","94","-1",
"2026/07/24 20:08:55","受注取込","7988215","7988215X16Y15","【とにかくデカい！】 大きいサイズ キャップ メッシュキャップ 送料無料 大きめ ビッグサイズ BIG SIZE ★REV 7988215 <br> 帽子 ハット キャップ ワークキャップ メンズキャップ 大きいサイズ バケット 大きい帽子 メンズ バケハ メンズ帽子 大きい 頭 メッシュ 全39カラー","FF","5","X16","Y15",,"0","113","112","-1",
"2026/07/24 20:10:13","受注取込","7988215","7988215X16Y15","【とにかくデカい！】 大きいサイズ キャップ メッシュキャップ 送料無料 大きめ ビッグサイズ BIG SIZE ★REV 7988215 <br> 帽子 ハット キャップ ワークキャップ メンズキャップ 大きいサイズ バケット 大きい帽子 メンズ バケハ メンズ帽子 大きい 頭 メッシュ 全39カラー","FF","5","X16","Y15",,"0","112","111","-1",
"2026/07/24 20:10:14","受注取込","7986710","7986710X11Y14","【春夏秋冬対応/くすみカラー】トートバッグ クロシェバッグ エコバッグ レディース NEK ★REVO 7986710 メッシュ クロシェ編み ナチュラル ニット A4 軽量 かぎ編み おしゃれ 大容量 リゾート 通勤 通学 学生 送料無料","ONESIZE","ブラック","X11","Y14",,"0","22","21","-1",
"2026/07/24 20:10:25","受注取込","7987345","7987345X23Y13","【とにかくデカい！】 大きいサイズ キャップ 送料無料 大きめ ビッグサイズ ★REV 7987345 BIG SIZE 帽子 ハット キャップ キャスケット メンズキャップ 大きいサイズ バケット 大きい帽子 メンズ メンズ帽子 大きい 頭 メッシュキャップ","MMM","3","X23","Y13",,"0","11","10","-1",
"2026/07/24 20:12:31","受注取込","7994812","7994812X12Y23","サファリハット メンズ 釣り 帽子 ハット レディース SUNS(サンズ)  撥水 アウトドア 登山 キャンプ バーベキュー NEK ★REV H-051 H-053 送料無料 大きいサイズあり キッズサイズ 子供 UVカット アドベンチャーハット 父の日 プレゼント ユニセックス 春 夏 夏フェス ギフト","大きいサイズ","BLUE(H_051)","X12","Y23",,"0","26","25","-1",
"2026/07/24 20:13:25","受注取込","7986651","7986651X11Y11","【銅×グラフェンの力で、スマホを瞬冷！】スマホ熱中症対策 冷却 クーラー NEK ★REVL 7986651 スマートフォン 保冷 結露なし スマホ 冷感 冷却 iphone アクセサリー 送料無料","ONESIZE","ブラック","X11","Y11",,"0","139","138","-1",
"2026/07/24 20:14:07","受注取込","7987494","7987494X11Y11","【Knock on wood/幸運を呼び込む】【TEAM LVFT】 ブレスレット バングル メンズ レディース 黒白2個入り つけっぱなし可能 NEK ★REV 7987494 7987472 男女兼用 ユニセックス プレゼント プチギフト 母の日 父の日 送料無料","フリーサイズ","Knock_on_wood(472)","X11","Y11",,"0","60","59","-1",
"2026/07/24 20:16:01","受注取込","7987400","7987400X11Y16","【とにかくデカい！/普通サイズあり！】キャップ メンズ 大きいサイズ 帽子 深め ビッグサイズ ★REVM 7987400 BIG SIZE メンズキャップ帽子 大きめ 大きい帽子 メンズ帽子 レディース 春 夏 春夏 プレゼント ギフト 母の日 父の日 送料無料","大きいサイズ","F-ブラック","X11","Y16",,"0","94","93","-1",
"2026/07/24 20:21:25","受注取込","7994812","7994812X11Y19","サファリハット メンズ 釣り 帽子 ハット レディース SUNS(サンズ)  撥水 アウトドア 登山 キャンプ バーベキュー NEK ★REV H-051 H-053 送料無料 大きいサイズあり キッズサイズ 子供 UVカット アドベンチャーハット 父の日 プレゼント ユニセックス 春 夏 夏フェス ギフト","普通サイズ","TORICO(H_051)","X11","Y19",,"0","19","18","-1",
"2026/07/24 20:24:21","受注取込","7987073","7987073X12Y11","【くすみカラー 超軽量】バケットハット サファリハット メンズ レディース 普通サイズ 大きいサイズ NEK ★REV 7987073 アドベンチャーハット 撥水 速乾 軽量 折り畳める UV カット アウトドア キャンプ 登山 ウォーキング 散歩 日焼け防止 紫外線防止 送料無料","大きいサイズ","ベージュ","X12","Y11",,"0","14","13","-1",
"2026/07/24 20:24:39","受注取込","7987988","7987988X12Y15","【AVIREX 限定】サファリハット メンズ 大きいサイズ BIGサイズ アドベンチャーハット 17158300 17158400 釣り 帽子 ハット ★REV NEK 7987988 大きめ 普通サイズ AVIREX 限定 かっこいい アウトドア ブラックシリーズ アビレックス 帽子 キャップ ブランド 撥水加工","大きいサイズ_17158400","グレージュ(73)","X12","Y15",,"0","100","99","-1",
"2026/07/24 20:24:51","受注取込","7986822","7986822X11Y13","【耐強風/12本骨】 折りたたみ傘 大きいサイズ メンズ レディース 117cm 自動開閉 ★REV 7986822 遮蔽率99.9% UVカット UPF50+ 日傘 晴雨兼用 収納袋 紫外線遮断 雨傘 丈夫 頑丈 傘 完全遮光 ワンタッチ かさ 送料無料","ONESIZE","ベージュ","X11","Y13",,"0","2","1","-1",
"2026/07/24 20:29:55","受注取込","7988215","7988215X14Y14","【とにかくデカい！】 大きいサイズ キャップ メッシュキャップ 送料無料 大きめ ビッグサイズ BIG SIZE ★REV 7988215 <br> 帽子 ハット キャップ ワークキャップ メンズキャップ 大きいサイズ バケット 大きい帽子 メンズ バケハ メンズ帽子 大きい 頭 メッシュ 全39カラー","DD","4","X14","Y14",,"0","29","28","-1",
"2026/07/24 20:29:55","受注取込","7988215","7988215X15Y14","【とにかくデカい！】 大きいサイズ キャップ メッシュキャップ 送料無料 大きめ ビッグサイズ BIG SIZE ★REV 7988215 <br> 帽子 ハット キャップ ワークキャップ メンズキャップ 大きいサイズ バケット 大きい帽子 メンズ バケハ メンズ帽子 大きい 頭 メッシュ 全39カラー","EE","4","X15","Y14",,"0","35","34","-1",
"2026/07/24 20:29:55","受注取込","7988215","7988215X13Y11","【とにかくデカい！】 大きいサイズ キャップ メッシュキャップ 送料無料 大きめ ビッグサイズ BIG SIZE ★REV 7988215 <br> 帽子 ハット キャップ ワークキャップ メンズキャップ 大きいサイズ バケット 大きい帽子 メンズ バケハ メンズ帽子 大きい 頭 メッシュ 全39カラー","CC","1","X13","Y11",,"0","33","32","-1",
"2026/07/24 20:33:55","受注取込","7987078","7987078X11Y11","【3個の福袋！即出荷】ビーチボール 水遊び ビーチバレー 浮き輪 フロート NEK ★REV 7987078 サッカーボール 30cm アウトドア キャンプ 海 プール 川 リゾート 送料無料","ONESIZE","3個セット","X11","Y11",,"0","79","78","-1",
"2026/07/24 20:40:13","受注取込","7995525","7995525X1Y15","AVIREX 限定モデル キャップ 帽子 父の日 贈り物 プレゼント メンズ ★REV ブラックシリーズ 黒 アビレックス アヴィレックス メッシュキャップ ハンチング ローキャップ バケット ハット ワークキャップ レディース かっこいい yos プレゼント ギフト","ONESIZE","【O】サファリハット_17158400_BIG","X1","Y15",,"0","100","99","-1",
"2026/07/24 20:41:55","受注取込","7994812","7994812X13Y33","サファリハット メンズ 釣り 帽子 ハット レディース SUNS(サンズ)  撥水 アウトドア 登山 キャンプ バーベキュー NEK ★REV H-051 H-053 送料無料 大きいサイズあり キッズサイズ 子供 UVカット アドベンチャーハット 父の日 プレゼント ユニセックス 春 夏 夏フェス ギフト","キッズサイズ","GREIGE(H-051)","X13","Y33",,"0","14","13","-1",
"2026/07/24 20:41:55","受注取込","7994812","7994812X12Y32","サファリハット メンズ 釣り 帽子 ハット レディース SUNS(サンズ)  撥水 アウトドア 登山 キャンプ バーベキュー NEK ★REV H-051 H-053 送料無料 大きいサイズあり キッズサイズ 子供 UVカット アドベンチャーハット 父の日 プレゼント ユニセックス 春 夏 夏フェス ギフト","大きいサイズ","T.BLUE(H_051)","X12","Y32",,"0","86","85","-1",
"2026/07/24 20:41:55","受注取込","7994812","7994812X12Y12","サファリハット メンズ 釣り 帽子 ハット レディース SUNS(サンズ)  撥水 アウトドア 登山 キャンプ バーベキュー NEK ★REV H-051 H-053 送料無料 大きいサイズあり キッズサイズ 子供 UVカット アドベンチャーハット 父の日 プレゼント ユニセックス 春 夏 夏フェス ギフト","大きいサイズ","BLACK(H_051)","X12","Y12",,"0","52","51","-1",
"2026/07/24 20:43:25","受注取込","7997141","7997141X11Y11","特大 スイカ ドーナツ 浮き輪 浮輪 送料無料 プール 大人用 子供用 NEK 7997141 ★REV 120cm 90cm 80cm 70cm 60cm サイズ 大きい 大きめ うきわ ウキワ すいか 海 海水浴 ビックフロート 水上 レジャー かわいい フローティングベッド 西瓜 子供用浮き輪 大人 子供 こども","120cm","スイカ","X11","Y11",,"0","1157","1156","-1",
"2026/07/24 20:47:55","受注取込","7988124","7988124X11Y16","大きいサイズ キャップ 帽子 メンズ フルキャップ ベースボールキャップ コットンキャップ 野球帽 ワンポイント ★REV 7988124 イーグル 鷲 刺繍 ミリタリー BIGSIZE キングサイズ 送料無料","ONESIZE","メッシュグレー","X11","Y16",,"0","5","4","-1",
"2026/07/24 20:50:04","受注取込","7988215","7988215X16Y15","【とにかくデカい！】 大きいサイズ キャップ メッシュキャップ 送料無料 大きめ ビッグサイズ BIG SIZE ★REV 7988215 <br> 帽子 ハット キャップ ワークキャップ メンズキャップ 大きいサイズ バケット 大きい帽子 メンズ バケハ メンズ帽子 大きい 頭 メッシュ 全39カラー","FF","5","X16","Y15",,"0","111","110","-1",
"2026/07/24 20:51:55","受注取込","7992723","7992723X11Y11","お得！ 送料無料 4枚入り 福袋 Dickies ディッキーズ ボクサーパンツ メンズ かわいい NEK ★REV <br> パンツ ボクサーパンツ セット メンズ下着 メンズボクサーパンツ メンズボクサー 大きいサイズ 大きめ 特大 3L 下着 インナー メンズ usa まとめ買い プレゼント ギフト","M","福袋4枚セット","X11","Y11",,"0","217","216","-1",
"2026/07/24 21:01:55","受注取込","7997141","7997141X11Y11","特大 スイカ ドーナツ 浮き輪 浮輪 送料無料 プール 大人用 子供用 NEK 7997141 ★REV 120cm 90cm 80cm 70cm 60cm サイズ 大きい 大きめ うきわ ウキワ すいか 海 海水浴 ビックフロート 水上 レジャー かわいい フローティングベッド 西瓜 子供用浮き輪 大人 子供 こども","120cm","スイカ","X11","Y11",,"0","1156","1155","-1",
"2026/07/24 21:10:08","受注取込","7987743","7987743X11Y11","【仕切り上手】ミニトート バッグ レディース メンズ トートバッグ トート ミニ 仕切り NEK ★REV 7987743 ポケット キャンバス ランチバッグ マザーズバッグ 収納 かわいい シンプル おしゃれ 便利 無地 通勤 通学 ユニセックス ジッパー付き 防犯 紛失 対策 送料無料","ONESIZE","ベージュ","X11","Y11",,"0","26","25","-1",
"2026/07/24 21:11:55","受注取込","7987400","7987400X11Y11","【とにかくデカい！/普通サイズあり！】キャップ メンズ 大きいサイズ 帽子 深め ビッグサイズ ★REVM 7987400 BIG SIZE メンズキャップ帽子 大きめ 大きい帽子 メンズ帽子 レディース 春 夏 春夏 プレゼント ギフト 母の日 父の日 送料無料","大きいサイズ","A-ブラック","X11","Y11",,"0","227","226","-1",
"2026/07/24 21:16:04","受注取込","7987400","7987400X11Y11","【とにかくデカい！/普通サイズあり！】キャップ メンズ 大きいサイズ 帽子 深め ビッグサイズ ★REVM 7987400 BIG SIZE メンズキャップ帽子 大きめ 大きい帽子 メンズ帽子 レディース 春 夏 春夏 プレゼント ギフト 母の日 父の日 送料無料","大きいサイズ","A-ブラック","X11","Y11",,"0","226","225","-1",
"2026/07/24 21:16:41","受注取込","7986752","7986752X11Y13","収納 サンバイザーホルダー マルチ 車 カーポケット ドライブポケット NEK ★REVL 7986752 おしゃれ サンバイザー ポケット カー用品 収納 カー用品 ペン カードポケット 収納ホルダー サングラスホルダー 車 眼鏡ホルダー カーアクセサリー 送料無料","ONESIZE","ターコイズ","X11","Y13",,"0","20","19","-1",
"2026/07/24 21:16:47","受注取込","7987400","7987400X11Y11","【とにかくデカい！/普通サイズあり！】キャップ メンズ 大きいサイズ 帽子 深め ビッグサイズ ★REVM 7987400 BIG SIZE メンズキャップ帽子 大きめ 大きい帽子 メンズ帽子 レディース 春 夏 春夏 プレゼント ギフト 母の日 父の日 送料無料","大きいサイズ","A-ブラック","X11","Y11",,"0","225","224","-1",
"2026/07/24 21:17:55","受注取込","7988215","7988215X17Y13","【とにかくデカい！】 大きいサイズ キャップ メッシュキャップ 送料無料 大きめ ビッグサイズ BIG SIZE ★REV 7988215 <br> 帽子 ハット キャップ ワークキャップ メンズキャップ 大きいサイズ バケット 大きい帽子 メンズ バケハ メンズ帽子 大きい 頭 メッシュ 全39カラー","GG","3","X17","Y13",,"0","36","35","-1",
"2026/07/24 21:17:55","受注取込","7988215","7988215X16Y15","【とにかくデカい！】 大きいサイズ キャップ メッシュキャップ 送料無料 大きめ ビッグサイズ BIG SIZE ★REV 7988215 <br> 帽子 ハット キャップ ワークキャップ メンズキャップ 大きいサイズ バケット 大きい帽子 メンズ バケハ メンズ帽子 大きい 頭 メッシュ 全39カラー","FF","5","X16","Y15",,"0","110","109","-1",
"2026/07/24 21:20:09","受注取込","7988125","7988125X11Y12","【カーボンスタイル 大きいサイズ】メッシュキャップ キャップ 帽子 ★REV 7988125 大きいサイズ 大きめ ビッグサイズ BIGサイズ シンプル 無地 カーボン調 プレゼント ギフト 送料無料","ONESIZE","カーキ","X11","Y12",,"0","13","12","-1",
"2026/07/24 21:24:19","受注取込","7987061","7987061X11Y12","【お得な2組セット】アームカバー メンズ レディース 2組セット 冷感 NEK ★REV 7987061 ひんやり スポーツ 紫外線カット UVカット 男用 仕事 外 夏 運動 ゴルフ サイクリング 通気性 速乾性 接触冷感 UPF50+ 日焼け防止 送料無料","ONESIZE","ホワイト","X11","Y12",,"0","171","170","-1",
"2026/07/24 21:24:55","受注取込","7987892","7987892X12Y11","【深めのシルエット】メッシュキャップ キャップ 帽子 メンズ レディース 大きいサイズ 普通サイズ ★REV 7987892","大きいサイズ","A","X12","Y11",,"0","19","18","-1",
"2026/07/24 21:28:55","受注取込","7994812","7994812X11Y32","サファリハット メンズ 釣り 帽子 ハット レディース SUNS(サンズ)  撥水 アウトドア 登山 キャンプ バーベキュー NEK ★REV H-051 H-053 送料無料 大きいサイズあり キッズサイズ 子供 UVカット アドベンチャーハット 父の日 プレゼント ユニセックス 春 夏 夏フェス ギフト","普通サイズ","T.BLUE(H_051)","X11","Y32",,"0","29","28","-1",
"2026/07/24 21:28:55","受注取込","7987892","7987892X11Y23","【深めのシルエット】メッシュキャップ キャップ 帽子 メンズ レディース 大きいサイズ 普通サイズ ★REV 7987892","普通サイズ","M","X11","Y23",,"0","19","18","-1",
"2026/07/24 21:30:02","受注取込","7986713","7986713X11Y18","【お得なオマケ付/すぐに使える】倒流香  倒流香炉 お香 アロマ お香立て コーン ★REVL 7986713incense インテリア オブジェ リラックス ヨガ 雑貨 陶器 おしゃれ プレゼント ギフト 送料無料","ONESIZE","H","X11","Y18",,"0","2","1","-1",
"2026/07/24 21:30:25","受注取込","7987137","7987137X11Y34","【最安値に挑戦 日本製】GEVAERT ゲバルト ベルト YKK社製 軽量バックル使用 35mm幅 NEK ★REV 7987137 ゴムベルト GVT-1062 1063 1064 1011 1048 無地 カモフラ柄 ベルギー生地使用 日本製 メンズ レディース カジュアル 入学 卒業 通勤 通学 送料無料","ONESIZE","X","X11","Y34",,"0","4","3","-1",
"2026/07/24 21:32:31","受注取込","7986749","7986749X11Y13","【高見え/きちんと感/2WAY】ミニトート バッグ レディース トートバッグ ショルダーバッグ ★REV 7986749 トート ミニトートバッグ 合皮レザー ランチバッグ マザーズバッグ 収納 かわいい シンプル おしゃれ 便利 無地 通勤 通学 ユニセックス ジッパー付き 防犯 紛失 対策 送料無料","ONESIZE","テラコッタ","X11","Y13",,"0","18","17","-1",
"2026/07/24 21:33:25","受注取込","7987494","7987494X11Y12","【Knock on wood/幸運を呼び込む】【TEAM LVFT】 ブレスレット バングル メンズ レディース 黒白2個入り つけっぱなし可能 NEK ★REV 7987494 7987472 男女兼用 ユニセックス プレゼント プチギフト 母の日 父の日 送料無料","フリーサイズ","TEAM_LVFT(494)","X11","Y12",,"0","36","35","-1",
"2026/07/24 21:38:55","受注取込","7987678","7987678X12Y14","【洗濯可能】トレーニンググローブ 手袋 筋トレ 筋トレグローブ メンズ レディース 指無し NEK ★REV 7987678 ウェイトリフティング 防滑 クッション性 伸びる 洗濯OK バーベル サイクリング ヨガ グリップ","M","B-ブラック","X12","Y14",,"0","39","38","-1",
"2026/07/24 21:42:55","受注取込","7997141","7997141X11Y11","特大 スイカ ドーナツ 浮き輪 浮輪 送料無料 プール 大人用 子供用 NEK 7997141 ★REV 120cm 90cm 80cm 70cm 60cm サイズ 大きい 大きめ うきわ ウキワ すいか 海 海水浴 ビックフロート 水上 レジャー かわいい フローティングベッド 西瓜 子供用浮き輪 大人 子供 こども","120cm","スイカ","X11","Y11",,"0","1155","1154","-1",
"2026/07/24 21:45:55","受注取込","7987714","7987714X11Y11","【なんと6+1個入り！速攻配達】水風船 水ふうせん 何度も使える ゴミが出ない プール クラッシュボール ★REV NEK 7987714 水遊び 海 川 お風呂 水鉄砲 子供 おもちゃ 繰り返し BALL 水 風船 ボール エコ ウォーターボム リサイクル 安心 安全 送料無料","ワンサイズ","まる形6+1","X11","Y11",,"0","8","7","-1",
"2026/07/24 21:47:25","受注取込","7987400","7987400X11Y16","【とにかくデカい！/普通サイズあり！】キャップ メンズ 大きいサイズ 帽子 深め ビッグサイズ ★REVM 7987400 BIG SIZE メンズキャップ帽子 大きめ 大きい帽子 メンズ帽子 レディース 春 夏 春夏 プレゼント ギフト 母の日 父の日 送料無料","大きいサイズ","F-ブラック","X11","Y16",,"0","93","92","-1",
"2026/07/24 21:53:55","受注取込","7986651","7986651X11Y11","【銅×グラフェンの力で、スマホを瞬冷！】スマホ熱中症対策 冷却 クーラー NEK ★REVL 7986651 スマートフォン 保冷 結露なし スマホ 冷感 冷却 iphone アクセサリー 送料無料","ONESIZE","ブラック","X11","Y11",,"0","138","137","-1",
"2026/07/24 22:01:55","受注取込","7987073","7987073X12Y12","【くすみカラー 超軽量】バケットハット サファリハット メンズ レディース 普通サイズ 大きいサイズ NEK ★REV 7987073 アドベンチャーハット 撥水 速乾 軽量 折り畳める UV カット アウトドア キャンプ 登山 ウォーキング 散歩 日焼け防止 紫外線防止 送料無料","大きいサイズ","グレー","X12","Y12",,"0","37","36","-1",
"2026/07/24 22:02:55","受注取込","7994812","7994812X12Y11","サファリハット メンズ 釣り 帽子 ハット レディース SUNS(サンズ)  撥水 アウトドア 登山 キャンプ バーベキュー NEK ★REV H-051 H-053 送料無料 大きいサイズあり キッズサイズ 子供 UVカット アドベンチャーハット 父の日 プレゼント ユニセックス 春 夏 夏フェス ギフト","大きいサイズ","BK/BLACK(H_051)","X12","Y11",,"0","552","551","-1",
"2026/07/24 22:08:55","受注取込","7986572","7986572X11Y26","【新型/IQOS イルマ i ワン用】アイコス イルマiワン ILUMA ケース 保護ケース NEK ★REVL 7986572 iqosイルマワン イルマワンカバー 耐衝撃 おしゃれ iqos iluma one 専用 IQOSイルマワン保護ケース レザー ヒョウ柄 ペイズリー 保護カバー アイコスケース アクセサリー 送料無料","イルマiワン","70","X11","Y26",,"0","5","4","-1",
"2026/07/24 22:12:55","受注取込","7987345","7987345X14Y14","【とにかくデカい！】 大きいサイズ キャップ 送料無料 大きめ ビッグサイズ ★REV 7987345 BIG SIZE 帽子 ハット キャップ キャスケット メンズキャップ 大きいサイズ バケット 大きい帽子 メンズ メンズ帽子 大きい 頭 メッシュキャップ","DDD","4","X14","Y14",,"0","9","8","-1",
"2026/07/24 22:13:31","受注取込","7986849","7986849X11Y11","【ゴージャスに遊ぶ】トランプ プラスチック 54枚 撥水 NEK ★REV 7986849 ブラック ゴールド シルバー ピンクゴールド カードゲーム マジックトランプ パーティーグッズ プレゼント ギフト ポーカー ブラックジャック 手品 送料無料","ONESIZE","A","X11","Y11",,"0","19","18","-1",
"2026/07/24 22:20:12","受注取込","7987070","7987070X11Y11","【お得な2枚組】X-LARGE XLARGE エクストララージ ボクサーパンツ メンズ アンダーウェア 下着 NEK ★REVL 7987070 かっこいい ツルツル おすすめ 人気 カモフラ タイダイ 炎 迷彩 カモ柄 ブランド 男性 紳士 プレゼント プチギフト 父の日 誕生日 彼氏 父 息子 ギフト 記念日 大きいサイズ 福袋 送料無料","M","2枚組","X11","Y11",,"0","37","36","-1",
"2026/07/24 22:20:34","受注取込","7988163","7988163X11Y13","【錆びないチタン】メンズブレスレット ブレスレット メンズ つけっぱなし NEK ★REV 7988163 チタン ブレスレット ワイヤーブレスレット シンプル バングル おしゃれ 送料無料 シルバー ゴールド ブラック","ONESIZE","ブラック","X11","Y13",,"0","26","25","-1",
"2026/07/24 22:21:25","受注取込","7994812","7994812X11Y12","サファリハット メンズ 釣り 帽子 ハット レディース SUNS(サンズ)  撥水 アウトドア 登山 キャンプ バーベキュー NEK ★REV H-051 H-053 送料無料 大きいサイズあり キッズサイズ 子供 UVカット アドベンチャーハット 父の日 プレゼント ユニセックス 春 夏 夏フェス ギフト","普通サイズ","BLACK(H_051)","X11","Y12",,"0","47","46","-1",
"2026/07/24 22:25:55","受注取込","7987026","7987026X12Y13","【大きいサイズあり】キャップ 11cm つば長 帽子 メンズ レディース ★REV 7987026 深め 深い ゴルフ 無地 日焼け止め UVカット 送料無料","大きいサイズ","ベージュ","X12","Y13",,"0","14","13","-1",
"2026/07/24 22:30:29","受注取込","7997141","7997141X16Y14","特大 スイカ ドーナツ 浮き輪 浮輪 送料無料 プール 大人用 子供用 NEK 7997141 ★REV 120cm 90cm 80cm 70cm 60cm サイズ 大きい 大きめ うきわ ウキワ すいか 海 海水浴 ビックフロート 水上 レジャー かわいい フローティングベッド 西瓜 子供用浮き輪 大人 子供 こども","ONESIZE","スイカストライプ","X16","Y14",,"0","73","72","-1",
"2026/07/24 22:31:25","受注取込","7994812","7994812X11Y13","サファリハット メンズ 釣り 帽子 ハット レディース SUNS(サンズ)  撥水 アウトドア 登山 キャンプ バーベキュー NEK ★REV H-051 H-053 送料無料 大きいサイズあり キッズサイズ 子供 UVカット アドベンチャーハット 父の日 プレゼント ユニセックス 春 夏 夏フェス ギフト","普通サイズ","NAVY(H_051)","X11","Y13",,"0","103","102","-1",
"2026/07/24 22:36:31","受注取込","7986959","7986959X14Y11","AVIREX サーマル Tシャツ 半袖シャツ メンズ 正規品 THERMAL CREW-NECK Y_U NEK 7832934013 ★REV 7986959 ブランド おしゃれ 無地 ストレッチ アビレックス アヴィレックス クルーネック 送料無料","XL","ブラック(10)","X14","Y11",,"0","1","0","-1",
"2026/07/24 22:38:46","受注取込","7988393","7988393X11Y18","【125?135cm】 大きいサイズ ビジネスベルト カジュアルベルト メンズ ★REV 7988393 ベルト オートロック式 本革 穴なし ビジネス カジュアル レザー 本皮 オートロックベルト 革ベルト オートロック メンズベルト 穴無しベルト プレゼント ギフト サイズ調整可能 送料無料","ONESIZE","H","X11","Y18",,"0","12","11","-1",
"2026/07/24 22:38:55","受注取込","7988088","7988088X14Y11","安全靴 スニーカー エアウォーク AIR WALK Y_YU AW-920 グリーン フレックスフィット ローカット メンズ セーフティシューズ 樹脂先芯 軽量 衝撃吸収 負担軽減 作業靴 オシャレ  かかとが踏める ムレにくい","26.5cm ","グリーン","X14","Y11",,"0","158","157","-1",
"2026/07/24 22:40:01","受注取込","7987668","7987668X11Y12","【最安値に挑戦】財布 メンズ 長財布 カーボン レザー 革 本革 牛革 カーボンレザー NEK ★REV 7987668 父の日 おすすめ 人気 ギフト さいふ ウォレット 多機能 大容量 男性 ギフト 紳士用 プレゼント 薄い スリム 収納 ラウンドファスナー メンズ財布 送料無料","ONESIZE","ブラック×オレンジ","X11","Y12",,"0","12","11","-1",
"2026/07/24 22:40:12","受注取込","7987070","7987070X11Y11","【お得な2枚組】X-LARGE XLARGE エクストララージ ボクサーパンツ メンズ アンダーウェア 下着 NEK ★REVL 7987070 かっこいい ツルツル おすすめ 人気 カモフラ タイダイ 炎 迷彩 カモ柄 ブランド 男性 紳士 プレゼント プチギフト 父の日 誕生日 彼氏 父 息子 ギフト 記念日 大きいサイズ 福袋 送料無料","M","2枚組","X11","Y11",,"0","36","35","-1",
"2026/07/24 22:48:25","受注取込","7987842","7987842X13Y12","AVIREX ブーツ スニーカー メンズ ブランド アヴィレックス アビレックス Y_KO AV2278 ディクティター DICTATOR レディース ミドルカット カジュアルシューズ バイカーシューズ プレゼント","25.0cm","GOLD_NUBUCK","X13","Y12",,"0","3","2","-1",
"2026/07/24 22:53:01","受注取込","7987092","7987092X11Y15","【本革】キーケース スマートキーケース メンズ レディース NEK ★REV 7987092 ポーチ LEATHER 本革 本皮 おしゃれ コスメポーチ 小銭入れ 送料無料","ONESIZE","ピンク","X11","Y15",,"0","6","5","-1",
"2026/07/24 22:54:00","受注取込","7997141","7997141X11Y11","特大 スイカ ドーナツ 浮き輪 浮輪 送料無料 プール 大人用 子供用 NEK 7997141 ★REV 120cm 90cm 80cm 70cm 60cm サイズ 大きい 大きめ うきわ ウキワ すいか 海 海水浴 ビックフロート 水上 レジャー かわいい フローティングベッド 西瓜 子供用浮き輪 大人 子供 こども","120cm","スイカ","X11","Y11",,"0","1154","1153","-1",
"2026/07/24 23:00:19","受注取込","7987122","7987122X11Y11","【深い ALLメッシュ】ハンチング キャスケット キャスハンチング キャップ 大きいサイズ NEK ★REV 7987122 深い 深め メンズ レディース ハンチング帽子 ハンチング帽 帽子 メンズ帽子 送料無料","ONESIZE","グレー","X11","Y11",,"0","9","8","-1",
"2026/07/24 23:01:55","受注取込","7992099","7992099X11Y20","アンクレット メンズ レディース 手作り 送料無料 つけっぱなし お守り アンク アクセサリー シルバー ターコイズ NEK ALI ★REV 7992099 190813 プレゼント ギフト","ONESIZE","クジラ","X11","Y20",,"0","14","13","-1",
"2026/07/24 23:06:25","受注取込","7994812","7994812X11Y24","サファリハット メンズ 釣り 帽子 ハット レディース SUNS(サンズ)  撥水 アウトドア 登山 キャンプ バーベキュー NEK ★REV H-051 H-053 送料無料 大きいサイズあり キッズサイズ 子供 UVカット アドベンチャーハット 父の日 プレゼント ユニセックス 春 夏 夏フェス ギフト","普通サイズ","BEIGE(H_051)","X11","Y24",,"0","17","15","-2",
"2026/07/24 23:07:37","受注取込","7987625","7987625X11Y12","ヒョウ柄 キャップ 帽子 メンズ レディース レオパード 豹柄 アニマル ファーキャップ ★REV 7987625 送料無料","ONESIZE","グレー","X11","Y12",,"0","30","29","-1",
"2026/07/24 23:09:25","受注取込","7994812","7994812X12Y11","サファリハット メンズ 釣り 帽子 ハット レディース SUNS(サンズ)  撥水 アウトドア 登山 キャンプ バーベキュー NEK ★REV H-051 H-053 送料無料 大きいサイズあり キッズサイズ 子供 UVカット アドベンチャーハット 父の日 プレゼント ユニセックス 春 夏 夏フェス ギフト","大きいサイズ","BK/BLACK(H_051)","X12","Y11",,"0","551","550","-1",
"2026/07/24 23:20:25","受注取込","7987400","7987400X11Y11","【とにかくデカい！/普通サイズあり！】キャップ メンズ 大きいサイズ 帽子 深め ビッグサイズ ★REVM 7987400 BIG SIZE メンズキャップ帽子 大きめ 大きい帽子 メンズ帽子 レディース 春 夏 春夏 プレゼント ギフト 母の日 父の日 送料無料","大きいサイズ","A-ブラック","X11","Y11",,"0","224","223","-1",
"2026/07/24 23:25:13","受注取込","8003102","8003102X17Y12","やみつきになる！ ストレッチ AVIREX アビレックス Tシャツ メンズ ★REV NEK 6143501 6143502 Vネック クルーネック 半袖 プレゼント ギフト","クルーネック_ブラック_009","Mサイズ","X17","Y12",,"0","3","2","-1",
"2026/07/24 23:28:55","受注取込","7986585","7986585X11Y11","【熊よけ・害獣対策・轟音129dB】獣バスター ソーラー充電 動物撃退器 くま避け ★REVL 7986585 猪対策 熊対策 猫よけ 鳥よけ IP55防水 ホームセキュリティー 音＋光で撃退 防犯 防災グッズ アウトドア キャンプ 送料無料","ONESIZE","レッド","X11","Y11",,"0","114","113","-1",
"2026/07/24 23:28:55","受注取込","7986585","7986585X11Y12","【熊よけ・害獣対策・轟音129dB】獣バスター ソーラー充電 動物撃退器 くま避け ★REVL 7986585 猪対策 熊対策 猫よけ 鳥よけ IP55防水 ホームセキュリティー 音＋光で撃退 防犯 防災グッズ アウトドア キャンプ 送料無料","ONESIZE","イエロー","X11","Y12",,"0","27","26","-1",
"2026/07/24 23:28:55","受注取込","7986572","7986572X11Y36","【新型/IQOS イルマ i ワン用】アイコス イルマiワン ILUMA ケース 保護ケース NEK ★REVL 7986572 iqosイルマワン イルマワンカバー 耐衝撃 おしゃれ iqos iluma one 専用 IQOSイルマワン保護ケース レザー ヒョウ柄 ペイズリー 保護カバー アイコスケース アクセサリー 送料無料","イルマiワン","80","X11","Y36",,"0","9","8","-1",
"2026/07/24 23:28:55","受注取込","7986572","7986572X11Y33","【新型/IQOS イルマ i ワン用】アイコス イルマiワン ILUMA ケース 保護ケース NEK ★REVL 7986572 iqosイルマワン イルマワンカバー 耐衝撃 おしゃれ iqos iluma one 専用 IQOSイルマワン保護ケース レザー ヒョウ柄 ペイズリー 保護カバー アイコスケース アクセサリー 送料無料","イルマiワン","77","X11","Y33",,"0","20","19","-1",
"2026/07/24 23:30:19","受注取込","7987031","7987031X11Y12","【大人気SUNSより当店限定！】ミニトート バッグ レディース メンズ トートバッグ トート NEK ★REVL 7987031 CRB-001 ミニ 仕切り ポケット ランチバッグ マザーズバッグ 収納 ミリタリー MA-1 シンプル おしゃれ 便利 無地 通勤 通学 ユニセックス ジッパー付き 撥水","ONESIZE","カーキ","X11","Y12",,"0","58","57","-1",
"2026/07/24 23:40:07","受注取込","7986710","7986710X11Y19","【春夏秋冬対応/くすみカラー】トートバッグ クロシェバッグ エコバッグ レディース NEK ★REVO 7986710 メッシュ クロシェ編み ナチュラル ニット A4 軽量 かぎ編み おしゃれ 大容量 リゾート 通勤 通学 学生 送料無料","ONESIZE","チャコール","X11","Y19",,"0","10","9","-1",
"2026/07/24 23:40:07","受注取込","7987213","7987213X11Y41","【イルマワン アイ対応】アイコス イルマワン ILUMA i ケース 保護ケース iqosイルマワン イルマワンカバー NEK ★REV 7987213 耐衝撃 おしゃれ iqos iluma one 専用 IQOSイルマワン保護ケース レザー ヒョウ柄 ペイズリー 保護カバー アクセサリー アイコスケース 送料無料","イルマワン","EE","X11","Y41",,"0","3","2","-1",
"2026/07/24 23:41:55","受注取込","7994812","7994812X11Y33","サファリハット メンズ 釣り 帽子 ハット レディース SUNS(サンズ)  撥水 アウトドア 登山 キャンプ バーベキュー NEK ★REV H-051 H-053 送料無料 大きいサイズあり キッズサイズ 子供 UVカット アドベンチャーハット 父の日 プレゼント ユニセックス 春 夏 夏フェス ギフト","普通サイズ","GREIGE(H-051)","X11","Y33",,"0","173","172","-1",
"2026/07/24 23:41:55","受注取込","7987031","7987031X11Y13","【大人気SUNSより当店限定！】ミニトート バッグ レディース メンズ トートバッグ トート NEK ★REVL 7987031 CRB-001 ミニ 仕切り ポケット ランチバッグ マザーズバッグ 収納 ミリタリー MA-1 シンプル おしゃれ 便利 無地 通勤 通学 ユニセックス ジッパー付き 撥水","ONESIZE","ブラウン","X11","Y13",,"0","60","58","-2",
"2026/07/24 23:52:21","受注取込","9009978","9009978X1Y7","帽子 メンズ AVIREX アビレックス 送料無料 キャップ 父の日 プレゼント 贈り物 ニットキャップ メッシュキャップ 大きいサイズ レディース ディッキーズ ローキャップ ワークキャップ ハット ハンチング おしゃれ ロゴ 刺繍 プリント アメカジ HYPE 通販 yos ギフト","A","-7","X1","Y7",,"0","12","11","-1",
"2026/07/24 23:56:28","受注取込","7986779","7986779X12Y11","【高純度テラヘルツ/鏡面多面カット】 テラヘルツ アンクレット ブレスレット メンズ レディース NEK ★REV 7986779 4.0mm 健康 テラヘルツ波 パワーストーン 天然石 アクセサリー プレゼント ギフト プチギフト 母の日 父の日 送料無料","アンクレット","テラヘルツ","X12","Y11",,"0","72","71","-1",
"2026/07/24 23:58:31","受注取込","7990619","7990619X11Y11","アルコール ジェル 除菌 消毒 500ml 62% 【50mlのミニボトル2本付き あす楽】 エタノール ハンドジェル アルコール 消毒 アルコール 除菌 アルコール消毒液 500ml アメリカFDA 認証商品 ウイルス対策  7990619 プレゼント ギフト","500ml","ジェルタイプ","X11","Y11",,"0","952","947","-5",
"2026/07/24 23:58:55","受注取込","7994812","7994812X11Y33","サファリハット メンズ 釣り 帽子 ハット レディース SUNS(サンズ)  撥水 アウトドア 登山 キャンプ バーベキュー NEK ★REV H-051 H-053 送料無料 大きいサイズあり キッズサイズ 子供 UVカット アドベンチャーハット 父の日 プレゼント ユニセックス 春 夏 夏フェス ギフト","普通サイズ","GREIGE(H-051)","X11","Y33",,"0","172","171","-1",
