"更新日時","更新理由","商品基本コード","商品コード","商品名","属性1名","属性2名","属性1コード","属性2コード","倉庫名","実在庫区分","変動前","変動後","増減値","ユーザー"
"2026/09/04 00:00:34","受注取込","7986505","7986505X11Y14","本革 ショルダーバッグ レディース  サコッシュ GENUINE LEATHER 多収納 3ポケット NEK ★REVO 7986505 斜め掛け 牛革 本皮 おしゃれ 送料無料","ONESIZE","ダークブラウン","X11","Y14",,"0","10","9","-1",
"2026/09/04 00:08:23","受注取込","7986511","7986511X11Y14","【本革】 キーケース メンズ レディース 本革 レザー スマートキー キーホルダー 鍵 NEK ★REVL 7986511 キーチェーン 小銭入れ プレゼント ミニギフト 父の日 母の日 送料無料","ONESIZE","キャメル","X11","Y14",,"0","3","2","-1",
"2026/09/04 00:10:06","受注取込","7986564","7986564X11Y13","【当店限定/大きいサイズ】BlackRebel 帽子 キャップ メンズ レディース 大きいサイズ ★REVL 7986564 深め Vintage クラッシュ 加工 こなれ感 おしゃれ 送料無料","ONESIZE","カーキ","X11","Y13",,"0","57","56","-1",
"2026/09/04 00:10:06","受注取込","7986564","7986564X11Y16","【当店限定/大きいサイズ】BlackRebel 帽子 キャップ メンズ レディース 大きいサイズ ★REVL 7986564 深め Vintage クラッシュ 加工 こなれ感 おしゃれ 送料無料","ONESIZE","ワイン","X11","Y16",,"0","54","53","-1",
"2026/09/04 00:18:01","受注取込","7986779","7986779X12Y11","【高純度テラヘルツ/鏡面多面カット】 テラヘルツ アンクレット ブレスレット メンズ レディース NEK ★REV 7986779 4.0mm 健康 テラヘルツ波 パワーストーン 天然石 アクセサリー プレゼント ギフト プチギフト 母の日 父の日 送料無料","アンクレット","テラヘルツ","X12","Y11",,"0","35","34","-1",
"2026/09/04 00:18:01","受注取込","7987515","7987515X12Y16","【選べる6柄×3サイズ】ネックレス チェーン メンズ レディース NEK ★REV 7987515 サージカルステンレス316L 50cm 60cm 70cm シンプル おしゃれ プレゼント プチギフト バレンタイン クリスマス 送料無料","60cm","F","X12","Y16",,"0","15","14","-1",
"2026/09/04 00:38:17","受注取込","7986471","7986471X11Y11","【おしゃれなシースルー】メッシュトートバッグ エコバッグ NEK ★REVL 7986471 レディース シースルー エコバッグ A4対応 軽量168g ナイロンメッシュ 大容量 トートバッグ 肩掛け サブバッグ ショッピングバッグ ビーチバッグ 通勤 通学 おしゃれ 夏バッグ 送料無料","ONESIZE","ブラウン","X11","Y11",,"0","19","18","-1",
"2026/09/04 00:38:17","受注取込","7987400","7987400X11Y30","【とにかくデカい！/普通サイズあり！】キャップ メンズ 大きいサイズ 帽子 深め ビッグサイズ ★REVM 7987400 BIG SIZE メンズキャップ帽子 大きめ 大きい帽子 メンズ帽子 レディース 春 夏 春夏 プレゼント ギフト 母の日 父の日 送料無料","大きいサイズ","T-ブラック","X11","Y30",,"0","30","29","-1",
"2026/09/04 00:40:29","受注取込","7986665","7986665X11Y11","【S925純銀×キラキラ樹葉】指輪 リング シルバー925 オープンリング 開口リング NEK ★REVA 7986665 SILVER925 純銀 ジルコニア アクセサリー ギフト プレゼント 送料無料","ONESIZE","シルバー","X11","Y11",,"0","29","28","-1",
"2026/09/04 00:48:22","受注取込","7987139","7987139X11Y12","【頑丈でタフ】ポーチ 小物入れ メンズ ウエストポーチ スマホケース ミリタリー NEK ★REV 7987139 アイコスケース サバゲー アウトドア キャンプ サバイバルギア MOLLEシステム対応 モール式 バッグ リュック 装備品 送料無料","ONESIZE","オリーブ","X11","Y12",,"0","23","22","-1",
"2026/09/04 00:53:17","受注取込","7988044","7988044X11Y13","ショルダーバッグ メンズ ワンショルダー 斜め掛け ★REV 7988044 おしゃれバッグ Vintage 斜めがけ メンズボディバック かっこいい ボディバッグ レザー ワンショルダーバッグ カバン 鞄 かばん レザー調 メンズバッグ 斜めがけ メンズショルダーバック 散歩 送料無料","ONESIZE","C_ブラウン","X11","Y13",,"0","23","22","-1",
"2026/09/04 01:14:31","受注取込","8003102","8003102X14Y13","やみつきになる！ ストレッチ AVIREX アビレックス Tシャツ メンズ ★REV NEK 6143501 6143502 Vネック クルーネック 半袖 プレゼント ギフト","Vネック_チャコール_019","Lサイズ","X14","Y13",,"0","2","1","-1",
"2026/09/04 01:16:23","受注取込","7986547","7986547X11Y11","【お得な5枚10点セット】福袋 おなかぷにぷに3Dキャラクターシール 犬猫アニマル NEK ★REVO 7986547 ピンセット付き ぷにぷに触感 ストレス解消 癒しデコシール プレゼント ギフト 送料無料","ONESIZE","5枚10点アソート","X11","Y11",,"0","414","413","-1",
"2026/09/04 01:16:23","受注取込","7987330","7987330X11Y11","【大容量おしゃれ】リュックサック リュック バックパック ★REV 7987330 デイバッグ バッグ メンズ レディース おしゃれ 大容量 通学 通勤 小旅行 ブラック 黒 撥水 送料無料","ONESIZE","ブラック(かえる)","X11","Y11",,"0","14","13","-1",
"2026/09/04 01:33:17","受注取込","7986459","7986459X11Y11","【ながら掃除】お掃除モップ スリッパ モップカバー 履くモップ 2way NEK ★REVL 7986459 お掃除スリッパ 足につけるだけ 歩くだけ ながら掃除 床掃除 フローリング 階段 ほこり取り 吸水 シェニール 洗える","ONESIZE","オレンジ","X11","Y11",,"0","23","22","-1",
"2026/09/04 01:35:34","受注取込","7986531","7986531X11Y21","【新型/IQOS イルマ i ワン用】アイコス イルマiワン ILUMA ケース 保護ケース NEK ★REVL 7986531 iqosイルマワン イルマワンカバー 耐衝撃 おしゃれ iqos iluma one 専用 IQOSイルマワン保護ケース レザー ヒョウ柄 ペイズリー 保護カバー アイコスケース アクセサリー 送料無料","ONESIZE","104","X11","Y21",,"0","14","13","-1",
"2026/09/04 01:38:47","受注取込","7987102","7987102X11Y11","【4/13より発送 待望の入荷!!売切れ必至】ちいかわ ネクタイ 人気 うさぎ ハチワレ モモンガ くりまんじゅう あのこ 三ツ星 討伐 NEK 7987102 ギフト チェック 格子 ストライプ ドット 星 ビジネス シャツ スーツ オシャレ 誕生日 プレゼント 就職 父の日","ONESIZE","A-流れ星柄 ネイビー系","X11","Y11",,"0","11","10","-1",
"2026/09/04 01:52:47","受注取込","7987070","7987070X12Y11","【お得な2枚組】X-LARGE XLARGE エクストララージ ボクサーパンツ メンズ アンダーウェア 下着 NEK ★REVL 7987070 かっこいい ツルツル おすすめ 人気 カモフラ タイダイ 炎 迷彩 カモ柄 ブランド 男性 紳士 プレゼント プチギフト 父の日 誕生日 彼氏 父 息子 ギフト 記念日 大きいサイズ 福袋 送料無料","L","2枚組","X12","Y11",,"0","52","51","-1",
"2026/09/04 02:02:47","受注取込","7987093","7987093X11Y11","【新型iphone/IQOS対応】急速5A 3股 Type-C 充電ケーブル スマホケーブル 1.2m 2m 3m typec NEK ★REVL 7987093 新型iphone IQOS対応 USB A→Type-C×3 充電ケーブル 3in1 急速 送料無料","1.2m","ブラック_TypeA/TypeC×3","X11","Y11",,"0","10","9","-1",
"2026/09/04 02:16:30","受注取込","7987400","7987400X11Y11","【とにかくデカい！/普通サイズあり！】キャップ メンズ 大きいサイズ 帽子 深め ビッグサイズ ★REVM 7987400 BIG SIZE メンズキャップ帽子 大きめ 大きい帽子 メンズ帽子 レディース 春 夏 春夏 プレゼント ギフト 母の日 父の日 送料無料","大きいサイズ","A-ブラック","X11","Y11",,"0","255","254","-1",
"2026/09/04 02:19:30","受注取込","7988215","7988215X11Y13","【とにかくデカい！】 大きいサイズ キャップ メッシュキャップ 送料無料 大きめ ビッグサイズ BIG SIZE ★REV 7988215 <br> 帽子 ハット キャップ ワークキャップ メンズキャップ 大きいサイズ バケット 大きい帽子 メンズ バケハ メンズ帽子 大きい 頭 メッシュ 全39カラー","AA","3","X11","Y13",,"0","21","20","-1",
"2026/09/04 02:19:30","受注取込","7988215","7988215X13Y11","【とにかくデカい！】 大きいサイズ キャップ メッシュキャップ 送料無料 大きめ ビッグサイズ BIG SIZE ★REV 7988215 <br> 帽子 ハット キャップ ワークキャップ メンズキャップ 大きいサイズ バケット 大きい帽子 メンズ バケハ メンズ帽子 大きい 頭 メッシュ 全39カラー","CC","1","X13","Y11",,"0","19","18","-1",
"2026/09/04 02:32:20","受注取込","7988091","7988091X13Y11","安全靴 スニーカー エアウォーク AIR WALK Y_YU AW-900 アクティブライト ローカット メンズ セーフティシューズ 樹脂先芯 軽量 衝撃吸収 負担軽減 作業靴 オシャレ","26.0cm ","グレー迷彩","X13","Y11",,"0","283","282","-1",
"2026/09/04 03:36:47","受注取込","7987952","7987952X11Y12","2WAY ボストンバッグ 大容量 メンズ レディース ショルダーバッグ 旅行 ★REV 7987952 アウトドア キャンプ スポーツ ジム ゴルフ 肩掛け シューズ収納 軽量 防水 靴収納 スポーツバッグ ジムバッグ 2wayバック 男 女子 ボストンバック 靴 収納 ボストン メンズ 送料無料","ONESIZE","カーキ","X11","Y12",,"0","27","26","-1",
"2026/09/04 04:31:47","受注取込","7987794","7987794X11Y17","【大きいサイズもあり】キャスハンチング キャップ メンズ レディース CULTURE MART NEK 101294 ★REV 7987794 ハンチング帽子 ハンチング帽 秋冬 帽子 ハンチング キャスケット メンズ帽子 レディース帽子秋冬 秋冬帽子 メンズハンチング おしゃれ カルチャーマート","普通サイズ","ヒッコリー(7)","X11","Y17",,"0","9","8","-1",
"2026/09/04 04:54:17","受注取込","7990254","7990254X11Y12","【送料無料 速攻配達】AVIREX ニットキャップ ニット帽 帽子 メンズ レディース スウェットキャップ  NEK ★REV 14649300 ルーズ キャップ ブランド アビレックス リバーシブル AX REVERSIBLE SWEAT CAP 送料無料 プレゼント ギフト","ONESIZE","ブラック(80)","X11","Y12",,"0","363","362","-1",
"2026/09/04 04:56:31","受注取込","7987400","7987400X11Y26","【とにかくデカい！/普通サイズあり！】キャップ メンズ 大きいサイズ 帽子 深め ビッグサイズ ★REVM 7987400 BIG SIZE メンズキャップ帽子 大きめ 大きい帽子 メンズ帽子 レディース 春 夏 春夏 プレゼント ギフト 母の日 父の日 送料無料","大きいサイズ","P-ブラック","X11","Y26",,"0","67","66","-1",
"2026/09/04 04:58:47","受注取込","7995363","7995363X3Y3","安全靴 鋼鉄先芯 スニーカー ブーツ シューズ メンズ 父の日 贈り物 プレゼント セーフティーシューズ 耐油 防滑 ブラック 黒 7995363 作業用 作業靴 おしゃれ かっこいい ハイカット 釘踏み抜き防止 靴 紐靴 レースアップ ALI プレゼント ギフト","26.0cm","C_7991146","X3","Y3",,"0","18","17","-1",
"2026/09/04 05:48:22","受注取込","7988088","7988088X14Y11","安全靴 スニーカー エアウォーク AIR WALK Y_YU AW-920 グリーン フレックスフィット ローカット メンズ セーフティシューズ 樹脂先芯 軽量 衝撃吸収 負担軽減 作業靴 オシャレ  かかとが踏める ムレにくい","26.5cm ","グリーン","X14","Y11",,"0","147","146","-1",
"2026/09/04 06:46:31","受注取込","7987093","7987093X11Y11","【新型iphone/IQOS対応】急速5A 3股 Type-C 充電ケーブル スマホケーブル 1.2m 2m 3m typec NEK ★REVL 7987093 新型iphone IQOS対応 USB A→Type-C×3 充電ケーブル 3in1 急速 送料無料","1.2m","ブラック_TypeA/TypeC×3","X11","Y11",,"0","9","8","-1",
"2026/09/04 07:02:17","受注取込","7992723","7992723X12Y11","お得！ 送料無料 4枚入り 福袋 Dickies ディッキーズ ボクサーパンツ メンズ かわいい NEK ★REV <br> パンツ ボクサーパンツ セット メンズ下着 メンズボクサーパンツ メンズボクサー 大きいサイズ 大きめ 特大 3L 下着 インナー メンズ usa まとめ買い プレゼント ギフト","L","福袋4枚セット","X12","Y11",,"0","150","149","-1",
"2026/09/04 07:09:47","受注取込","7987794","7987794X12Y12","【大きいサイズもあり】キャスハンチング キャップ メンズ レディース CULTURE MART NEK 101294 ★REV 7987794 ハンチング帽子 ハンチング帽 秋冬 帽子 ハンチング キャスケット メンズ帽子 レディース帽子秋冬 秋冬帽子 メンズハンチング おしゃれ カルチャーマート","大きいサイズ","オリーブ(2)","X12","Y12",,"0","21","20","-1",
"2026/09/04 07:16:01","受注取込","7987345","7987345X11Y14","【とにかくデカい！】 大きいサイズ キャップ 送料無料 大きめ ビッグサイズ ★REV 7987345 BIG SIZE 帽子 ハット キャップ キャスケット メンズキャップ 大きいサイズ バケット 大きい帽子 メンズ メンズ帽子 大きい 頭 メッシュキャップ","AAA","4","X11","Y14",,"0","11","10","-1",
"2026/09/04 07:22:00","受注取込","8003102","8003102X17Y11","やみつきになる！ ストレッチ AVIREX アビレックス Tシャツ メンズ ★REV NEK 6143501 6143502 Vネック クルーネック 半袖 プレゼント ギフト","クルーネック_ブラック_009","Sサイズ","X17","Y11",,"0","2","1","-1",
"2026/09/04 07:25:01","受注取込","7987924","7987924X11Y17","【蒸れない 通気性抜群】メッシュキャップ 帽子 キャップ メンズ レディース アウトドア キャンプ ゴルフ ランニング ★REV 7987924","ONESIZE","ベージュ","X11","Y17",,"0","19","16","-3",
"2026/09/04 07:25:01","受注取込","7987924","7987924X11Y14","【蒸れない 通気性抜群】メッシュキャップ 帽子 キャップ メンズ レディース アウトドア キャンプ ゴルフ ランニング ★REV 7987924","ONESIZE","ダークグレー","X11","Y14",,"0","1","0","-1",
"2026/09/04 07:25:01","受注取込","7987924","7987924X11Y13","【蒸れない 通気性抜群】メッシュキャップ 帽子 キャップ メンズ レディース アウトドア キャンプ ゴルフ ランニング ★REV 7987924","ONESIZE","オリーブ","X11","Y13",,"0","2","0","-2",
"2026/09/04 07:28:17","受注取込","7997141","7997141X12Y12","特大 スイカ ドーナツ 浮き輪 浮輪 送料無料 プール 大人用 子供用 NEK 7997141 ★REV 120cm 90cm 80cm 70cm 60cm サイズ 大きい 大きめ うきわ ウキワ すいか 海 海水浴 ビックフロート 水上 レジャー かわいい フローティングベッド 西瓜 子供用浮き輪 大人 子供 こども","90cm","ドーナツイチゴ","X12","Y12",,"0","5","4","-1",
"2026/09/04 07:37:47","受注取込","7986572","7986572X11Y44","【新型/IQOS イルマ i ワン用】アイコス イルマiワン ILUMA ケース 保護ケース NEK ★REVL 7986572 iqosイルマワン イルマワンカバー 耐衝撃 おしゃれ iqos iluma one 専用 IQOSイルマワン保護ケース レザー ヒョウ柄 ペイズリー 保護カバー アイコスケース アクセサリー 送料無料","イルマiワン","88","X11","Y44",,"0","2","1","-1",
"2026/09/04 07:57:47","受注取込","7988044","7988044X11Y11","ショルダーバッグ メンズ ワンショルダー 斜め掛け ★REV 7988044 おしゃれバッグ Vintage 斜めがけ メンズボディバック かっこいい ボディバッグ レザー ワンショルダーバッグ カバン 鞄 かばん レザー調 メンズバッグ 斜めがけ メンズショルダーバック 散歩 送料無料","ONESIZE","A_ブラック","X11","Y11",,"0","29","28","-1",
"2026/09/04 08:03:40","受注取込","7986516","7986516X11Y11","【当店限定モデル/深め】 AVIREX キャップ メンズ レディース 深め 刺繍 シンプル 81747500 ★REVL 7986516 ブランド コットン100％ サイズ調整可能 ブラック グレージュ 送料無料","ONESIZE","ブラック","X11","Y11",,"0","3","2","-1",
"2026/09/04 08:11:30","受注取込","7988386","7988386X11Y11","【高輝度・省電力】LED 卓上 ライト 間接照明 おしゃれ テーブルランプ 北欧 ベッドライト ★REV 7988386 照明 ランプ 一人暮らし ナイトランプ ムードランプ インテリア 雑貨 スタンドライト フロアライト ベッドサイド ルームライト 寝室 usb 電気スタンド フロアランプ","ONESIZE","アイボリー","X11","Y11",,"0","190","189","-1",
"2026/09/04 08:16:17","受注取込","7987409","7987409X11Y11","【130cm 大きいサイズ対応】本革 床革 ベルト メンズ 130cm NEK ★REV 7987409 大きいサイズ対応 シンセティックレザー ビジネスベルト カジュアルベルト 父の日 送料無料","ONESIZE","ブラックA","X11","Y11",,"0","58","57","-1",
"2026/09/04 08:23:03","受注取込","7994812","7994812X12Y18","サファリハット メンズ 釣り 帽子 ハット レディース SUNS(サンズ)  撥水 アウトドア 登山 キャンプ バーベキュー NEK ★REV H-051 H-053 送料無料 大きいサイズあり キッズサイズ 子供 UVカット アドベンチャーハット 父の日 プレゼント ユニセックス 春 夏 夏フェス ギフト","大きいサイズ","BEIGE/WINE(H_051)","X12","Y18",,"0","95","94","-1",
"2026/09/04 08:34:55","受注取込","7994812","7994812X12Y26","サファリハット メンズ 釣り 帽子 ハット レディース SUNS(サンズ)  撥水 アウトドア 登山 キャンプ バーベキュー NEK ★REV H-051 H-053 送料無料 大きいサイズあり キッズサイズ 子供 UVカット アドベンチャーハット 父の日 プレゼント ユニセックス 春 夏 夏フェス ギフト","大きいサイズ","BLACK/BEIGE(H_051)","X12","Y26",,"0","26","25","-1",
"2026/09/04 08:43:17","受注取込","7987085","7987085X12Y27","【とにかくデカい！】大きいサイズ キャップ 大きめ 深い 深め ビッグサイズ BIG SIZE ★REV 7987085 メンズキャップ帽子 大きい帽子 メンズ帽子 レディース 春 夏 春夏 プレゼント ギフト 母の日 父の日 送料無料","SU","17","X12","Y27",,"0","6","5","-1",
"2026/09/04 08:56:30","受注取込","7986572","7986572X11Y12","【新型/IQOS イルマ i ワン用】アイコス イルマiワン ILUMA ケース 保護ケース NEK ★REVL 7986572 iqosイルマワン イルマワンカバー 耐衝撃 おしゃれ iqos iluma one 専用 IQOSイルマワン保護ケース レザー ヒョウ柄 ペイズリー 保護カバー アイコスケース アクセサリー 送料無料","イルマiワン","56","X11","Y12",,"0","5","4","-1",
"2026/09/04 09:00:33","受注取込","7988215","7988215X15Y15","【とにかくデカい！】 大きいサイズ キャップ メッシュキャップ 送料無料 大きめ ビッグサイズ BIG SIZE ★REV 7988215 <br> 帽子 ハット キャップ ワークキャップ メンズキャップ 大きいサイズ バケット 大きい帽子 メンズ バケハ メンズ帽子 大きい 頭 メッシュ 全39カラー","EE","5","X15","Y15",,"0","35","34","-1",
"2026/09/04 09:00:34","受注取込","7986516","7986516X11Y11","【当店限定モデル/深め】 AVIREX キャップ メンズ レディース 深め 刺繍 シンプル 81747500 ★REVL 7986516 ブランド コットン100％ サイズ調整可能 ブラック グレージュ 送料無料","ONESIZE","ブラック","X11","Y11",,"0","2","1","-1",
"2026/09/04 09:05:01","受注取込","7986564","7986564X11Y14","【当店限定/大きいサイズ】BlackRebel 帽子 キャップ メンズ レディース 大きいサイズ ★REVL 7986564 深め Vintage クラッシュ 加工 こなれ感 おしゃれ 送料無料","ONESIZE","ブラウン","X11","Y14",,"0","54","53","-1",
"2026/09/04 09:12:48","受注取込","7987952","7987952X11Y13","2WAY ボストンバッグ 大容量 メンズ レディース ショルダーバッグ 旅行 ★REV 7987952 アウトドア キャンプ スポーツ ジム ゴルフ 肩掛け シューズ収納 軽量 防水 靴収納 スポーツバッグ ジムバッグ 2wayバック 男 女子 ボストンバック 靴 収納 ボストン メンズ 送料無料","ONESIZE","オリーブ","X11","Y13",,"0","5","4","-1",
"2026/09/04 09:22:49","受注取込","7988359","7988359X11Y11","キーケース メンズ レディース 本革 レザー スマートキー キーホルダー 鍵 キーチェーン 小銭入れ プレゼント ミニギフト 父の日 母の日 ★REV 7988359","ONESIZE","キャメル","X11","Y11",,"0","4","3","-1",
"2026/09/04 09:31:30","受注取込","7988466","7988466X11Y11","【速攻配達 送料無料】ゲーミングイヤホン ヘッドセット LTG 落ちない ズレない こもらない 暑くない switch ヘッドホン マイク 付き NEK 7988466 ps4 ps5 ヘッドフォン 有線 USB ニンテンドースイッチ テレワーク zoom ズーム リモート WEB会議 ミーティング","ONESIZE","ブラック/レッド","X11","Y11",,"0","6","5","-1",
"2026/09/04 09:32:42","受注取込","7987668","7987668X11Y14","【最安値に挑戦】財布 メンズ 長財布 カーボン レザー 革 本革 牛革 カーボンレザー NEK ★REV 7987668 父の日 おすすめ 人気 ギフト さいふ ウォレット 多機能 大容量 男性 ギフト 紳士用 プレゼント 薄い スリム 収納 ラウンドファスナー メンズ財布 送料無料","ONESIZE","ネイビー×ワイン","X11","Y14",,"0","18","17","-1",
"2026/09/04 09:48:48","受注取込","7987551","7987551X11Y17","【ちょい大きく深いかぶり】キャップ 帽子 深め 大きめ メンズ レディース 紫外線対策 無地 日よけ ★REV 7987551 大きい 深い 綿100％ 黒 ベージュ グレー ブラック プレゼント ギフト 母の日 父の日 送料無料","ワンサイズ","チャコール","X11","Y17",,"0","18","17","-1",
"2026/09/04 09:54:17","受注取込","7987076","7987076X11Y12","【超軽量55g】特価 キャップ 帽子 メッシュキャップ ランニングキャップ NEK ★REV 7987076 メンズ レディース 速乾 軽量 ジョギング アウトドア キャンプ スポーツ 釣り 海 プール","アジャスタータイプ","ダークグレー","X11","Y12",,"0","4","3","-1",
"2026/09/04 10:05:21","受注取込","7986572","7986572X11Y19","【新型/IQOS イルマ i ワン用】アイコス イルマiワン ILUMA ケース 保護ケース NEK ★REVL 7986572 iqosイルマワン イルマワンカバー 耐衝撃 おしゃれ iqos iluma one 専用 IQOSイルマワン保護ケース レザー ヒョウ柄 ペイズリー 保護カバー アイコスケース アクセサリー 送料無料","イルマiワン","63","X11","Y19",,"0","5","4","-1",
"2026/09/04 10:12:17","受注取込","7988047","7988047X11Y15","2WAY ミニ ボストンバッグ メンズ レディース ★REV 7988047 小さめ 小型 ショルダーバッグ ミニバッグ ドラムバッグ 小旅行 アウトドア キャンプ ジム 軽量 送料無料","ONESIZE","グレー","X11","Y15",,"0","84","83","-1",
"2026/09/04 10:27:30","受注取込","7995525","7995525X1Y12","AVIREX 限定モデル キャップ 帽子 父の日 贈り物 プレゼント メンズ ★REV ブラックシリーズ 黒 アビレックス アヴィレックス メッシュキャップ ハンチング ローキャップ バケット ハット ワークキャップ レディース かっこいい yos プレゼント ギフト","ONESIZE","【L】ワークキャップ_14787700_80","X1","Y12",,"0","87","86","-1",
"2026/09/04 10:27:31","WEB画面","7986990","7986990X11Y11","WORK TRIBE 安全靴 セーフティーシューズ メンズ シューズ スニーカー Y_YU Y_KO ★REV WT-1000 WT-1010 7986990 ハイカット JIS T8101試験 L種 基準値相当 3E EEE 幅広 ホワイト ブラック 送料無料","25.0cm","WT-1000_BLACK","X11","Y11",,"0","48","0","-48","庄司 泰久"
"2026/09/04 10:27:31","WEB画面","7986990","7986990X15Y11","WORK TRIBE 安全靴 セーフティーシューズ メンズ シューズ スニーカー Y_YU Y_KO ★REV WT-1000 WT-1010 7986990 ハイカット JIS T8101試験 L種 基準値相当 3E EEE 幅広 ホワイト ブラック 送料無料","27.0cm","WT-1000_BLACK","X15","Y11",,"0","47","0","-47","庄司 泰久"
"2026/09/04 10:35:17","受注取込","7992723","7992723X13Y11","お得！ 送料無料 4枚入り 福袋 Dickies ディッキーズ ボクサーパンツ メンズ かわいい NEK ★REV <br> パンツ ボクサーパンツ セット メンズ下着 メンズボクサーパンツ メンズボクサー 大きいサイズ 大きめ 特大 3L 下着 インナー メンズ usa まとめ買い プレゼント ギフト","LL","福袋4枚セット","X13","Y11",,"0","10","9","-1",
"2026/09/04 10:38:31","在庫CSV取込","7986574","7986574X11Y12","【これ1本で、レイヤード上級者】蛇骨 ネックレス 3連 レディース NEK ★REVO 7986574 サージカルステンレス316L K18金 PVDコーティング アクセサリー おしゃれ 金アレ対応 シンプル プレゼント ギフト 送料無料","ONESIZE","シルバー","X11","Y12",,"0","43","41","-2","植野"
"2026/09/04 10:38:31","在庫CSV取込","7992054","7992054X11Y12","【シンプル/おしゃれ】16mm パワーストーン ネックレス メンズ レディース 瑪瑙 オブシディアン タイガーアイ NEK ★REV 7992054 黒曜石 茶水晶 虎目石 金運 財運 仕事運 恋愛 結婚 家庭円満 癒し 幸運 成功運 勝負運 家族運 厄除祈願 天然石 お守り プレゼント 送料無料","ONESIZE","【B】タイガーアイズ","X11","Y12",,"0","27","25","-2","植野"
"2026/09/04 10:38:31","在庫CSV取込","7992054","7992054X11Y17","【シンプル/おしゃれ】16mm パワーストーン ネックレス メンズ レディース 瑪瑙 オブシディアン タイガーアイ NEK ★REV 7992054 黒曜石 茶水晶 虎目石 金運 財運 仕事運 恋愛 結婚 家庭円満 癒し 幸運 成功運 勝負運 家族運 厄除祈願 天然石 お守り プレゼント 送料無料","ONESIZE","【G】レッドタイガーアイ","X11","Y17",,"0","12","10","-2","植野"
"2026/09/04 10:38:31","在庫CSV取込","7987469","7987469X11Y11","【3個セット】指輪 メンズ レディース リング アクセサリー NEK ★REV 7987469 ファランジリング フリーサイズ ピンキー ブラックマット 半端リング コーティング 3点セット お得 3連 シンプル 送料無料","3点セット","ブラック","X11","Y11",,"0","203","183","-20","植野"
"2026/09/04 10:38:31","在庫CSV取込","ZOZO-7987400","ZOZO-7987400X11Y22","【ZOZO専用】帽子 7987400","ONESIZE","L-ホワイト","X11","Y22",,"0","10","8","-2","植野"
"2026/09/04 10:38:31","在庫CSV取込","ZOZO-7988215","ZOZO-7988215X12Y12","【ZOZO専用】 とにかくデカい！ 大きいサイズ キャップ 7988215","BB","2","X12","Y12",,"0","5","3","-2","植野"
"2026/09/04 10:38:31","在庫CSV取込","7986568","7986568X11Y11","【豪華5点セット】ワインオープナー VinoArte コルク抜き オープナー ワイン ★REVL 7986568 ボトルオープナー 栓抜き おしゃれ コルク抜き 栓抜き おしゃれ 栓抜き オープナーワイン ワインオープナー 簡単 初心者向け プレゼント ギフト 送料無料","ONESIZE","ブラック","X11","Y11",,"0","30","28","-2","植野"
"2026/09/04 10:38:31","在庫CSV取込","7986822","7986822X11Y11","【耐強風/12本骨】 折りたたみ傘 大きいサイズ メンズ レディース 117cm 自動開閉 ★REV 7986822 遮蔽率99.9% UVカット UPF50+ 日傘 晴雨兼用 収納袋 紫外線遮断 雨傘 丈夫 頑丈 傘 完全遮光 ワンタッチ かさ 送料無料","ONESIZE","ブラック","X11","Y11",,"0","38","28","-10","植野"
"2026/09/04 10:38:31","在庫CSV取込","7986511","7986511X11Y11","【本革】 キーケース メンズ レディース 本革 レザー スマートキー キーホルダー 鍵 NEK ★REVL 7986511 キーチェーン 小銭入れ プレゼント ミニギフト 父の日 母の日 送料無料","ONESIZE","ワイン","X11","Y11",,"0","7","4","-3","植野"
"2026/09/04 10:38:31","在庫CSV取込","7986462","7986462X11Y13","【デカい深い】キャップ メンズ レディース 大きいサイズ 深め 帽子 ★REVL 7986462  コットン100% 59cm?65cm ビッグサイズ ロングバイザー 8cm 深い ベースボールキャップ サイズ調整 おしゃれ 春 夏 秋 冬 男女兼用 ブラック ネイビー チャコール アイボリー 黒 送料無料","ONESIZE","チャコール","X11","Y13",,"0","18","8","-10","植野"
"2026/09/04 10:41:17","受注取込","7994812","7994812X11Y31","サファリハット メンズ 釣り 帽子 ハット レディース SUNS(サンズ)  撥水 アウトドア 登山 キャンプ バーベキュー NEK ★REV H-051 H-053 送料無料 大きいサイズあり キッズサイズ 子供 UVカット アドベンチャーハット 父の日 プレゼント ユニセックス 春 夏 夏フェス ギフト","普通サイズ","RENGA(H_051)","X11","Y31",,"0","49","48","-1",
"2026/09/04 10:42:02","受注取込","7994226","7994226X11Y13","【大きいサイズもあり 限定モデル】AVIREX メッシュキャップ メンズ 帽子 メンズ キャップ メンズ 14023200 14670200 レディース ★REV 父の日 贈り物 プレゼント ブランド アビレックス 送料無料 正規品 ブラック 黒 ネイビー 紺 グレー 灰 yos プレゼント ギフト","普通サイズ_14023200","85_グレー","X11","Y13",,"0","3","2","-1",
"2026/09/04 10:43:22","WEB画面","7986461","7986461X11Y11","【ジムも旅行もこれ一つ】ジムバッグ シューズ収納付き 多機能 スポーツバッグ NEK ★REVL 7986461 撥水 大容量 ボストンバッグ 旅行バッグ メンズ レディース 濡れ物分離 2WAY 送料無料","ONESIZE","グレー","X11","Y11",,"0","0","40","40","門田"
"2026/09/04 10:43:22","WEB画面","7986461","7986461X11Y12","【ジムも旅行もこれ一つ】ジムバッグ シューズ収納付き 多機能 スポーツバッグ NEK ★REVL 7986461 撥水 大容量 ボストンバッグ 旅行バッグ メンズ レディース 濡れ物分離 2WAY 送料無料","ONESIZE","ブラック","X11","Y12",,"0","0","40","40","門田"
"2026/09/04 10:43:22","WEB画面","7986461","7986461X11Y13","【ジムも旅行もこれ一つ】ジムバッグ シューズ収納付き 多機能 スポーツバッグ NEK ★REVL 7986461 撥水 大容量 ボストンバッグ 旅行バッグ メンズ レディース 濡れ物分離 2WAY 送料無料","ONESIZE","ピンク","X11","Y13",,"0","0","30","30","門田"
"2026/09/04 10:43:22","WEB画面","7986461","7986461X11Y14","【ジムも旅行もこれ一つ】ジムバッグ シューズ収納付き 多機能 スポーツバッグ NEK ★REVL 7986461 撥水 大容量 ボストンバッグ 旅行バッグ メンズ レディース 濡れ物分離 2WAY 送料無料","ONESIZE","オリーブ","X11","Y14",,"0","0","30","30","門田"
"2026/09/04 10:43:22","WEB画面","7986461","7986461X11Y15","【ジムも旅行もこれ一つ】ジムバッグ シューズ収納付き 多機能 スポーツバッグ NEK ★REVL 7986461 撥水 大容量 ボストンバッグ 旅行バッグ メンズ レディース 濡れ物分離 2WAY 送料無料","ONESIZE","カーキ","X11","Y15",,"0","0","30","30","門田"
"2026/09/04 10:48:24","受注取込","7992540","7992540X11Y21","AVIREX ワークキャップ メンズ 大きいサイズ 大きめ キャップ ブランド 帽子 アメカジ アビレックス 春 夏 秋 冬 綿100％ ★REV 18490000 14787700 80264100 7992540 ネイビー/ベージュ/ブラック/カーキ プレゼント ギフト","ONESIZE","【K】MA-1 カーキ","X11","Y21",,"0","7","6","-1",
"2026/09/04 10:50:20","受注取込","7987400","7987400X11Y16","【とにかくデカい！/普通サイズあり！】キャップ メンズ 大きいサイズ 帽子 深め ビッグサイズ ★REVM 7987400 BIG SIZE メンズキャップ帽子 大きめ 大きい帽子 メンズ帽子 レディース 春 夏 春夏 プレゼント ギフト 母の日 父の日 送料無料","大きいサイズ","F-ブラック","X11","Y16",,"0","151","149","-2",
"2026/09/04 10:52:47","受注取込","7990817","7990817X14Y12","安全靴 メンズ スニーカー メンズ ブランド セーフティーシューズ 鋼鉄先芯 IS規格S級相当 76Lubricants ナナロク スニーカー Y_KO 3044","26.5cm","グリーン","X14","Y12",,"0","6","5","-1",
"2026/09/04 10:52:47","受注取込","7986979","7986979X11Y22","【大きいサイズ/普通サイズ】ニット帽 ニットキャップ メンズ レディース フリース内蔵 帽子 NEK ★REV 7986979 大きいサイズ 普通サイズ つば付き ビーニー ワッチキャップ ハンチング ケーブル編み プレゼント ギフト 送料無料","普通サイズ","L","X11","Y22",,"0","7","6","-1",
"2026/09/04 10:53:33","WEB画面","7987400","7987400X11Y15","【とにかくデカい！/普通サイズあり！】キャップ メンズ 大きいサイズ 帽子 深め ビッグサイズ ★REVM 7987400 BIG SIZE メンズキャップ帽子 大きめ 大きい帽子 メンズ帽子 レディース 春 夏 春夏 プレゼント ギフト 母の日 父の日 送料無料","大きいサイズ","E-ベージュ","X11","Y15",,"0","107","106","-1","齋藤"
"2026/09/04 10:57:18","受注取込","7987354","7987354X11Y15","USAブランド 靴下 ソックス NEK ★REV 7987354 メンズ レディース FRUIT OF THE LOOM フルーツオブザルーム プレゼント ギフト 送料無料","メンズ","クルー 刺繍【長】","X11","Y15",,"0","2","1","-1",
"2026/09/04 11:02:50","受注取込","7987099","7987099X11Y16","【お得な6個入り】サングラス 伊達メガネ メンズ レディース UV 眼鏡 NEK ★REV 7987099 丸めがね ボストン ウェリントン ラウンド スクエア  アクセサリー まとめ買い 福袋 送料無料","ONESIZE","F","X11","Y16",,"0","18","17","-1",
"2026/09/04 11:04:18","受注取込","7987400","7987400X11Y11","【とにかくデカい！/普通サイズあり！】キャップ メンズ 大きいサイズ 帽子 深め ビッグサイズ ★REVM 7987400 BIG SIZE メンズキャップ帽子 大きめ 大きい帽子 メンズ帽子 レディース 春 夏 春夏 プレゼント ギフト 母の日 父の日 送料無料","大きいサイズ","A-ブラック","X11","Y11",,"0","254","253","-1",
"2026/09/04 11:08:46","受注取込","7987829","7987829X11Y11","【ハーモニカ吹けますw】ネックレス メンズ レディース アクセサリー ハーモニカ NEK ★REV 7987829 Vintage チョーカー レディース おしゃれ かっこいい ペンダント シルバー ミニサイズ 送料無料","ONESIZE","シルバー","X11","Y11",,"0","15","14","-1",
"2026/09/04 11:10:07","受注取込","7987626","7987626X11Y11","【お得な5個セット】LEDライト キーホルダー 小型LEDライト NEK ★REV 7987626 キーライト 高輝度 5灯 LR44 ボタン電池 LTG 送料無料","ONESIZE","5本セット","X11","Y11",,"0","489","485","-4",
"2026/09/04 11:25:47","受注取込","7988208","7988208X11Y11","【旅行にピッタリ】ボストンバッグ ボストン メンズ レディース ★REV 7988208 小旅行 大容量 2泊 大きい ゴルフ ビジネス 出張 修学旅行 収納ポケット多数 シンプル 送料無料","ONESIZE","ネイビー","X11","Y11",,"0","22","21","-1",
"2026/09/04 11:28:17","受注取込","7987400","7987400X11Y16","【とにかくデカい！/普通サイズあり！】キャップ メンズ 大きいサイズ 帽子 深め ビッグサイズ ★REVM 7987400 BIG SIZE メンズキャップ帽子 大きめ 大きい帽子 メンズ帽子 レディース 春 夏 春夏 プレゼント ギフト 母の日 父の日 送料無料","大きいサイズ","F-ブラック","X11","Y16",,"0","149","148","-1",
"2026/09/04 11:39:30","受注取込","7987151","7987151X11Y14","【多面カットで綺麗】天然石 ブレスレット パワーストーン レディース NEK ★REV 7987151 アクセサリー プレゼント ギフト 厄除け 運気 アップ 送料無料","ONESIZE","D_ガーネット","X11","Y14",,"0","15","14","-1",
"2026/09/04 11:39:30","受注取込","7986572","7986572X11Y31","【新型/IQOS イルマ i ワン用】アイコス イルマiワン ILUMA ケース 保護ケース NEK ★REVL 7986572 iqosイルマワン イルマワンカバー 耐衝撃 おしゃれ iqos iluma one 専用 IQOSイルマワン保護ケース レザー ヒョウ柄 ペイズリー 保護カバー アイコスケース アクセサリー 送料無料","イルマiワン","75","X11","Y31",,"0","13","12","-1",
"2026/09/04 11:42:30","受注取込","7988215","7988215X23Y11","【とにかくデカい！】 大きいサイズ キャップ メッシュキャップ 送料無料 大きめ ビッグサイズ BIG SIZE ★REV 7988215 <br> 帽子 ハット キャップ ワークキャップ メンズキャップ 大きいサイズ バケット 大きい帽子 メンズ バケハ メンズ帽子 大きい 頭 メッシュ 全39カラー","MM","1","X23","Y11",,"0","4","3","-1",
"2026/09/04 11:48:41","受注取込","7987400","7987400X11Y14","【とにかくデカい！/普通サイズあり！】キャップ メンズ 大きいサイズ 帽子 深め ビッグサイズ ★REVM 7987400 BIG SIZE メンズキャップ帽子 大きめ 大きい帽子 メンズ帽子 レディース 春 夏 春夏 プレゼント ギフト 母の日 父の日 送料無料","大きいサイズ","D-ネイビー","X11","Y14",,"0","62","61","-1",
"2026/09/04 11:53:01","受注取込","7987151","7987151X11Y12","【多面カットで綺麗】天然石 ブレスレット パワーストーン レディース NEK ★REV 7987151 アクセサリー プレゼント ギフト 厄除け 運気 アップ 送料無料","ONESIZE","B_ストロベリークオーツ","X11","Y12",,"0","14","13","-1",
"2026/09/04 12:00:46","受注取込","7988125","7988125X11Y11","【カーボンスタイル 大きいサイズ】メッシュキャップ キャップ 帽子 ★REV 7988125 大きいサイズ 大きめ ビッグサイズ BIGサイズ シンプル 無地 カーボン調 プレゼント ギフト 送料無料","ONESIZE","ブラック","X11","Y11",,"0","25","23","-2",
"2026/09/04 12:12:43","WEB画面","7986970","7986970X11Y11","【シルバー925】特価 ネックレス レディース チョーカー ジュエリー アクセサリー ★REV 7986970 プレゼント プチギフト シルバー925 S925 入学式 結婚式 ブリリアントネックレス NEK 送料無料","ONESIZE","シルバー","X11","Y11",,"0","11","10","-1","早乙女"
"2026/09/04 12:16:17","受注取込","7988466","7988466X11Y12","【速攻配達 送料無料】ゲーミングイヤホン ヘッドセット LTG 落ちない ズレない こもらない 暑くない switch ヘッドホン マイク 付き NEK 7988466 ps4 ps5 ヘッドフォン 有線 USB ニンテンドースイッチ テレワーク zoom ズーム リモート WEB会議 ミーティング","ONESIZE","ブラック/ブラック","X11","Y12",,"0","22","21","-1",
"2026/09/04 12:18:47","受注取込","7986778","7986778X11Y11","【高純度テラヘルツ/3通りの使い方可能】 テラヘルツ ネックレス アンクレット ブレスレット NEK ★REV 7986778 メンズ レディース 鏡面多面カット 3.0mm 健康 テラヘルツ波 パワーストーン 天然石 アクセサリー プレゼント ギフト プチギフト 母の日 父の日 送料無料","球型","テラヘルツ","X11","Y11",,"0","15","14","-1",
"2026/09/04 12:28:18","受注取込","7986547","7986547X11Y11","【お得な5枚10点セット】福袋 おなかぷにぷに3Dキャラクターシール 犬猫アニマル NEK ★REVO 7986547 ピンセット付き ぷにぷに触感 ストレス解消 癒しデコシール プレゼント ギフト 送料無料","ONESIZE","5枚10点アソート","X11","Y11",,"0","413","412","-1",
"2026/09/04 12:38:17","受注取込","7986572","7986572X11Y33","【新型/IQOS イルマ i ワン用】アイコス イルマiワン ILUMA ケース 保護ケース NEK ★REVL 7986572 iqosイルマワン イルマワンカバー 耐衝撃 おしゃれ iqos iluma one 専用 IQOSイルマワン保護ケース レザー ヒョウ柄 ペイズリー 保護カバー アイコスケース アクセサリー 送料無料","イルマiワン","77","X11","Y33",,"0","6","5","-1",
"2026/09/04 12:39:01","受注取込","7988087","7988087X11Y11","安全靴 スニーカー エアウォーク AIR WALK AW-930 7988087 ブルー フレックスフィット ローカット メンズ セーフティシューズ 樹脂先芯 軽量 衝撃吸収 負担軽減 作業靴 オシャレ  かかとが踏める ムレにくい","25.0cm ","ブルー","X11","Y11",,"0","8","7","-1",
"2026/09/04 12:42:31","受注取込","7987810","7987810X11Y21","数字油絵 DIY 大人の塗り絵 子供の塗り絵 夏休みの宿題 インテリア 絵画 NEK ★REV 7987810 数字塗り絵 数字 油絵 セット 可愛い 塗り絵 大人 ぬり絵 ぬりえ 大人のぬりえ パズル塗り絵 パズルぬりえ インテリア おしゃれ アートパネル 暇つぶし プレゼント ギフト 送料無料","ONESIZE","K","X11","Y21",,"0","10","9","-1",
"2026/09/04 12:43:39","受注取込","7986716","7986716X11Y11","【紫外線でプロ級チェック】アニサキスライト UV 紫外線ライト ブラックライト NEK ★REVL 7986716 365nm 充電式 TYPE-C充電  USB 光学レンズ アニサキス検出 生活 食事 釣り 掃除 コンパクト 送料無料","1本","ブラック(TYPE-C)","X11","Y11",,"0","50","49","-1",
"2026/09/04 12:50:31","受注取込","7988386","7988386X11Y11","【高輝度・省電力】LED 卓上 ライト 間接照明 おしゃれ テーブルランプ 北欧 ベッドライト ★REV 7988386 照明 ランプ 一人暮らし ナイトランプ ムードランプ インテリア 雑貨 スタンドライト フロアライト ベッドサイド ルームライト 寝室 usb 電気スタンド フロアランプ","ONESIZE","アイボリー","X11","Y11",,"0","189","188","-1",
"2026/09/04 13:10:47","受注取込","7987662","7987662X11Y13","【大きくルーズにかぶれる】大きいサイズ ニット帽 ニットキャップ 帽子 メンズ レディース NEK ★REV 7987662 ワッチキャップ プレゼント ギフト 母の日 父の日 プレゼント 誕生日 クリスマス 秋冬 防寒 おしゃれ 無地 送料無料","ONESIZE","ブラック","X11","Y13",,"0","2826","2825","-1",
"2026/09/04 13:19:47","受注取込","7987075","7987075X11Y16","アンクレット レディース メンズ つけっぱなし NEK ★REV 7987075 ゴールド シルバー アクセサリー プレゼント ギフト おしゃれ 送料無料","ONESIZE","F","X11","Y16",,"0","23","21","-2",
"2026/09/04 13:22:05","受注取込","7988452","7988452X11Y11","【日本製 姫路レザー】日本製 ベルト メンズ 本革 本皮 ★REV SRI-07 3.9cm幅 一枚革 ヌメ革 姫路レザー ビジネス カジュアル 送料無料","ONESIZE","ブラック","X11","Y11",,"0","3","2","-1",
"2026/09/04 13:23:09","受注取込","7987084","7987084X12Y17","【くすみカラー 10色展開】深め 大きいサイズ 普通サイズ 帽子 キャップ メンズ レディース ★REV 7987084 Vintage 無地 シンプル おしゃれ 送料無料","大きいサイズ","ワイン","X12","Y17",,"0","16","15","-1",
"2026/09/04 13:35:47","受注取込","8003102","8003102X18Y13","やみつきになる！ ストレッチ AVIREX アビレックス Tシャツ メンズ ★REV NEK 6143501 6143502 Vネック クルーネック 半袖 プレゼント ギフト","クルーネック_グレー_014","Lサイズ","X18","Y13",,"0","3","1","-2",
"2026/09/04 13:35:47","受注取込","8003102","8003102X17Y13","やみつきになる！ ストレッチ AVIREX アビレックス Tシャツ メンズ ★REV NEK 6143501 6143502 Vネック クルーネック 半袖 プレゼント ギフト","クルーネック_ブラック_009","Lサイズ","X17","Y13",,"0","5","3","-2",
"2026/09/04 13:35:47","受注取込","8003102","8003102X16Y13","やみつきになる！ ストレッチ AVIREX アビレックス Tシャツ メンズ ★REV NEK 6143501 6143502 Vネック クルーネック 半袖 プレゼント ギフト","クルーネック_ホワイト_001","Lサイズ","X16","Y13",,"0","4","2","-2",
"2026/09/04 13:39:47","受注取込","7994812","7994812X11Y13","サファリハット メンズ 釣り 帽子 ハット レディース SUNS(サンズ)  撥水 アウトドア 登山 キャンプ バーベキュー NEK ★REV H-051 H-053 送料無料 大きいサイズあり キッズサイズ 子供 UVカット アドベンチャーハット 父の日 プレゼント ユニセックス 春 夏 夏フェス ギフト","普通サイズ","NAVY(H_051)","X11","Y13",,"0","26","25","-1",
"2026/09/04 13:40:40","受注取込","7987085","7987085X11Y26","【とにかくデカい！】大きいサイズ キャップ 大きめ 深い 深め ビッグサイズ BIG SIZE ★REV 7987085 メンズキャップ帽子 大きい帽子 メンズ帽子 レディース 春 夏 春夏 プレゼント ギフト 母の日 父の日 送料無料","YA","16","X11","Y26",,"0","21","20","-1",
"2026/09/04 13:48:22","受注取込","7990243","7990243X11Y14","多機能 ドアオープナー フック アシスト つり革 触らない ボタン押し ウィルス対策 接触防止 ハンドルフック 吊り革グリップ 便利グッズ タッチペン NEK 7990243 プレゼント ギフト","ONESIZE","ブロンズ","X11","Y14",,"0","1","0","-1",
"2026/09/04 13:54:28","WEB画面","7987626","7987626X11Y11","【お得な5個セット】LEDライト キーホルダー 小型LEDライト NEK ★REV 7987626 キーライト 高輝度 5灯 LR44 ボタン電池 LTG 送料無料","ONESIZE","5本セット","X11","Y11",,"0","485","483","-2","門田"
"2026/09/04 13:59:23","WEB画面","7987626","7987626X11Y11","【お得な5個セット】LEDライト キーホルダー 小型LEDライト NEK ★REV 7987626 キーライト 高輝度 5灯 LR44 ボタン電池 LTG 送料無料","ONESIZE","5本セット","X11","Y11",,"0","483","484","1","門田"
"2026/09/04 13:59:34","受注取込","7986531","7986531X11Y17","【新型/IQOS イルマ i ワン用】アイコス イルマiワン ILUMA ケース 保護ケース NEK ★REVL 7986531 iqosイルマワン イルマワンカバー 耐衝撃 おしゃれ iqos iluma one 専用 IQOSイルマワン保護ケース レザー ヒョウ柄 ペイズリー 保護カバー アイコスケース アクセサリー 送料無料","ONESIZE","100","X11","Y17",,"0","7","6","-1",
"2026/09/04 14:02:01","受注取込","7987093","7987093X12Y11","【新型iphone/IQOS対応】急速5A 3股 Type-C 充電ケーブル スマホケーブル 1.2m 2m 3m typec NEK ★REVL 7987093 新型iphone IQOS対応 USB A→Type-C×3 充電ケーブル 3in1 急速 送料無料","2.0m","ブラック_TypeA/TypeC×3","X12","Y11",,"0","25","24","-1",
"2026/09/04 14:25:28","受注取込","7986554","7986554X11Y11","【お得な6個セット】ネックレス 6点セット レディース バタフライ 蝶 インフィニティ NEK ★REVO 7986554 ダブルリング 重ね付け シルバー アクセサリー","ONESIZE","6点セット","X11","Y11",,"0","16","15","-1",
"2026/09/04 14:30:54","受注取込","7986989","7986989X11Y11","【本革/特価/16色展開】本革 ショルダーバッグ ポーチ レディース ミニショルダーバッグ NEK ★REV 7986989 斜めがけ お財布 ショルダー お財布バッグ 送料無料","ONESIZE","イエロー","X11","Y11",,"0","15","14","-1",
"2026/09/04 14:37:17","受注取込","7988215","7988215X17Y13","【とにかくデカい！】 大きいサイズ キャップ メッシュキャップ 送料無料 大きめ ビッグサイズ BIG SIZE ★REV 7988215 <br> 帽子 ハット キャップ ワークキャップ メンズキャップ 大きいサイズ バケット 大きい帽子 メンズ バケハ メンズ帽子 大きい 頭 メッシュ 全39カラー","GG","3","X17","Y13",,"0","56","55","-1",
"2026/09/04 15:02:17","WEB画面","7988386","7988386X11Y12","【高輝度・省電力】LED 卓上 ライト 間接照明 おしゃれ テーブルランプ 北欧 ベッドライト ★REV 7988386 照明 ランプ 一人暮らし ナイトランプ ムードランプ インテリア 雑貨 スタンドライト フロアライト ベッドサイド ルームライト 寝室 usb 電気スタンド フロアランプ","ONESIZE","ブルー","X11","Y12",,"0","55","54","-1","齋藤"
"2026/09/04 15:13:17","受注取込","7992540","7992540X11Y18","AVIREX ワークキャップ メンズ 大きいサイズ 大きめ キャップ ブランド 帽子 アメカジ アビレックス 春 夏 秋 冬 綿100％ ★REV 18490000 14787700 80264100 7992540 ネイビー/ベージュ/ブラック/カーキ プレゼント ギフト","ONESIZE","【H】GRAY_スウェット","X11","Y18",,"0","49","48","-1",
"2026/09/04 15:20:30","受注取込","7986989","7986989X11Y16","【本革/特価/16色展開】本革 ショルダーバッグ ポーチ レディース ミニショルダーバッグ NEK ★REV 7986989 斜めがけ お財布 ショルダー お財布バッグ 送料無料","ONESIZE","ブラック","X11","Y16",,"0","55","54","-1",
"2026/09/04 15:20:32","受注取込","7998075","7998075X12Y12","他店圧倒価格♪最安値に挑戦！ 1点までメール便送料無料 ワッチキャップ ニット帽子 ニットキャップ 7998075 【MB】【ALI】■05161126【wow未販売】 sg追加200125 sg追加200125","大きいサイズ(～65cm)","グレー杢","X12","Y12",,"0","27","26","-1",
"2026/09/04 15:20:47","受注取込","7988624","7988624X11Y12","【最安値に挑戦 速攻配達】水タバコ シーシャ 本体 フーカ Shisha Hookah セット ブラック 本体 水パイプ 送料無料 ★REV 7988624 プレゼント ギフト","ONESIZE","グリーン","X11","Y12",,"0","9","8","-1",
"2026/09/04 15:20:47","受注取込","7988215","7988215X17Y13","【とにかくデカい！】 大きいサイズ キャップ メッシュキャップ 送料無料 大きめ ビッグサイズ BIG SIZE ★REV 7988215 <br> 帽子 ハット キャップ ワークキャップ メンズキャップ 大きいサイズ バケット 大きい帽子 メンズ バケハ メンズ帽子 大きい 頭 メッシュ 全39カラー","GG","3","X17","Y13",,"0","55","53","-2",
"2026/09/04 15:22:17","受注取込","7987139","7987139X11Y13","【頑丈でタフ】ポーチ 小物入れ メンズ ウエストポーチ スマホケース ミリタリー NEK ★REV 7987139 アイコスケース サバゲー アウトドア キャンプ サバイバルギア MOLLEシステム対応 モール式 バッグ リュック 装備品 送料無料","ONESIZE","カーキ","X11","Y13",,"0","24","23","-1",
"2026/09/04 15:29:17","受注取込","7987139","7987139X11Y13","【頑丈でタフ】ポーチ 小物入れ メンズ ウエストポーチ スマホケース ミリタリー NEK ★REV 7987139 アイコスケース サバゲー アウトドア キャンプ サバイバルギア MOLLEシステム対応 モール式 バッグ リュック 装備品 送料無料","ONESIZE","カーキ","X11","Y13",,"0","23","22","-1",
"2026/09/04 15:29:17","受注取込","7987139","7987139X11Y12","【頑丈でタフ】ポーチ 小物入れ メンズ ウエストポーチ スマホケース ミリタリー NEK ★REV 7987139 アイコスケース サバゲー アウトドア キャンプ サバイバルギア MOLLEシステム対応 モール式 バッグ リュック 装備品 送料無料","ONESIZE","オリーブ","X11","Y12",,"0","22","21","-1",
"2026/09/04 15:30:13","受注取込","7987390","7987390X11Y14","【本革】ベルト レディースベルト シンプル ビジネス ★REV NEK 7987390 フォーマル シンプル オフィスカジュアル スーツ レザー 本革","ONESIZE","レッド","X11","Y14",,"0","1","0","-1",
"2026/09/04 15:31:01","受注取込","7986822","7986822X11Y12","【耐強風/12本骨】 折りたたみ傘 大きいサイズ メンズ レディース 117cm 自動開閉 ★REV 7986822 遮蔽率99.9% UVカット UPF50+ 日傘 晴雨兼用 収納袋 紫外線遮断 雨傘 丈夫 頑丈 傘 完全遮光 ワンタッチ かさ 送料無料","ONESIZE","ネイビー","X11","Y12",,"0","4","3","-1",
"2026/09/04 15:32:42","受注取込","7986693","7986693X11Y12","【健康な髪は地肌から】 シャンプーブラシ シャワーブラシ スカルプブラシ ★REV 7986693 レディース メンズ 頭皮マッサージブラシ  ヘッドスパブラシ お風呂 洗浄 ドライ＆ウェット両用 頭皮ケア 毛穴スッキリ 櫛 送料無料","ONESIZE","ホワイト","X11","Y12",,"0","19","18","-1",
"2026/09/04 15:48:33","受注取込","7987996","7987996X12Y11","【速攻配達】ドッグウェア 犬 服 暖かい ジャージ POMII ポミー ★REVG NEK 7987996 裏起毛 小型犬 中型犬 男の子 女の子 おしゃれ インスタ映え 送料無料","M","ブラック","X12","Y11",,"0","17","16","-1",
"2026/09/04 16:23:17","受注取込","7987873","7987873X11Y12","【深く大きいサイズ】メッシュキャップ メンズ 帽子 刺繍 キャップ NEW YORK 1985 FORCE ★REV 7987873 おしゃれ 黒 ブラック 父の日 プレゼント ギフト 送料無料","ONESIZE","ブラック×レッド","X11","Y12",,"0","26","25","-1",
"2026/09/04 16:23:17","受注取込","7987873","7987873X11Y11","【深く大きいサイズ】メッシュキャップ メンズ 帽子 刺繍 キャップ NEW YORK 1985 FORCE ★REV 7987873 おしゃれ 黒 ブラック 父の日 プレゼント ギフト 送料無料","ONESIZE","ブラック×ホワイト","X11","Y11",,"0","23","22","-1",
"2026/09/04 16:30:20","受注取込","7986572","7986572X11Y39","【新型/IQOS イルマ i ワン用】アイコス イルマiワン ILUMA ケース 保護ケース NEK ★REVL 7986572 iqosイルマワン イルマワンカバー 耐衝撃 おしゃれ iqos iluma one 専用 IQOSイルマワン保護ケース レザー ヒョウ柄 ペイズリー 保護カバー アイコスケース アクセサリー 送料無料","イルマiワン","83","X11","Y39",,"0","32","31","-1",
"2026/09/04 16:37:24","在庫CSV取込","7992776","7992776X11Y12","ロングネックレス ネックレス レディース メンズ チョーカー フェザー 羽 羽根 長め 送料無料 シルバー ゴールド 巾着付き アクセサリー プレゼント つけっぱなし MB ALI 7992776 190518","ONESIZE","シルバー","X11","Y12",,"0","9","8","-1","星島"
"2026/09/04 16:37:24","在庫CSV取込","7990381","7990381X11Y15","【15柄展開】マスク 洗えるマスク カラーマスク レース メンズ レディース ペイズリー カモフラ 花柄 レオパード柄 新作 15柄展開 ★REV NEK 7990381 プレゼント ギフト","ONESIZE","E","X11","Y15",,"0","25","24","-1","星島"
"2026/09/04 16:37:24","在庫CSV取込","7990453","7990453X11Y17","【魅せるマスク】マスク カラーマスク ペイズリー 迷彩 カモフラージュ 総柄 おしゃれ かわいい ストレッチ 大人用 14色展開 NEK 7990453 プレゼント ギフト","一般成人用サイズ","モザイクB","X11","Y17",,"0","132","131","-1","星島"
"2026/09/04 16:37:24","在庫CSV取込","7988089","7988089X16Y11","安全靴 スニーカー エアウォーク AIR WALK Y_YU AW-880 レッド迷彩 アクティブライト ローカット メンズ セーフティシューズ 樹脂先芯 軽量 衝撃吸収 負担軽減 作業靴 オシャレ","28.0cm","レッド迷彩","X16","Y11",,"0","182","181","-1","星島"
"2026/09/04 16:37:24","在庫CSV取込","7988089","7988089X11Y11","安全靴 スニーカー エアウォーク AIR WALK Y_YU AW-880 レッド迷彩 アクティブライト ローカット メンズ セーフティシューズ 樹脂先芯 軽量 衝撃吸収 負担軽減 作業靴 オシャレ","25.0cm ","レッド迷彩","X11","Y11",,"0","287","286","-1","星島"
"2026/09/04 16:37:24","在庫CSV取込","7990413","7990413X11Y15","【超おしゃれ】マスク スカーフマスク 送料無料 感染対策 女性 レディース スカーフ マスクスカーフ 花柄 おしゃれ エレガント 防塵 花粉 UVカット 洗える NEK 7990413","ONESIZE","E","X11","Y15",,"0","77","76","-1","星島"
"2026/09/04 16:37:24","在庫CSV取込","7992250","7992250X19Y11","iPhone XS ケース バンカーリング 付き 落ちない シリコン ケース 透明 スケルトン 輪 送料無料 iphone XR ケース iPhone8 ケース iphone XS MAX  iphone X リング付 iPhone7 Plus スマホケース カバー クリア アイフォン アクセサリー NEK ALI 7992250 190715","iPhone_11_pro_MAX","レッド","X19","Y11",,"0","9","8","-1","星島"
"2026/09/04 16:37:24","在庫CSV取込","7987082","7987082X11Y11","【超冷感】アームカバー UPF50＋ UVカット レディース uvカット アームカバー NEK ★REVA 7987082 指先まで 日焼け止め 腕カバー アームカバー uv 冷感 日焼け止め 手袋 アームカバー 日焼け対策 アームカバー 日焼け 冷感 夏 アウトドア 運転 自転車 ゴルフ 送料無料","ONESIZE","ブラック","X11","Y11",,"0","113","112","-1","星島"
"2026/09/04 16:37:24","在庫CSV取込","7992495","7992495X11Y23","ブレスレット バングル メンズ レディース サバイバル パラコード 笛付き リフレクター素材 サバゲー ミリタリー アクセサリー プレゼント 送料無料  NEK ALI 7992495 190707","ONESIZE","M","X11","Y23",,"0","6","5","-1","星島"
"2026/09/04 16:37:24","在庫CSV取込","7992495","7992495X11Y15","ブレスレット バングル メンズ レディース サバイバル パラコード 笛付き リフレクター素材 サバゲー ミリタリー アクセサリー プレゼント 送料無料  NEK ALI 7992495 190707","ONESIZE","E","X11","Y15",,"0","14","13","-1","星島"
"2026/09/04 16:37:24","在庫CSV取込","7986677","7986677X11Y15","【深め/美シルエット】Vintage ダメージ加工 メッシュキャップ キャップ 帽子 メンズ レディース ★REVL 7986677 野球帽 ウォッシュ加工 A-Frame Trucker アメカジ 無地 おしゃれ 送料無料","ONESIZE","グレー","X11","Y15",,"0","3","2","-1","星島"
"2026/09/04 16:37:24","在庫CSV取込","7986688","7986688X13Y13","【竹炭消臭インソール付】サンダル メンズ スポーツサンダル ★REVL 7986688 防滑 水陸両用 レジャー アウトドアサンダル ウォーターシューズ マジックテープ ブラック 歩きやすい 海 ビーチ 夏レジャー 送料無料","26.0cm","ダークブラウン","X13","Y13",,"0","6","5","-1","星島"
"2026/09/04 16:37:24","在庫CSV取込","7987409","7987409X11Y13","【130cm 大きいサイズ対応】本革 床革 ベルト メンズ 130cm NEK ★REV 7987409 大きいサイズ対応 シンセティックレザー ビジネスベルト カジュアルベルト 父の日 送料無料","ONESIZE","ブラックB","X11","Y13",,"0","40","39","-1","星島"
"2026/09/04 16:37:24","在庫CSV取込","7987092","7987092X11Y13","【本革】キーケース スマートキーケース メンズ レディース NEK ★REV 7987092 ポーチ LEATHER 本革 本皮 おしゃれ コスメポーチ 小銭入れ 送料無料","ONESIZE","オリーブ","X11","Y13",,"0","0","-1","-1","星島"
"2026/09/04 16:37:24","在庫CSV取込","7987598","7987598X11Y12","【8bits】ペン型 ドライバー 精密ドライバー ドライバーセット NEK ★REV 7987598 工具 DIY プラス マイナス 8in1 送料無料","ワンサイズ","レッド","X11","Y12",,"0","42","41","-1","星島"
"2026/09/04 16:37:24","在庫CSV取込","9009978","9009978X12Y7","帽子 メンズ AVIREX アビレックス 送料無料 キャップ 父の日 プレゼント 贈り物 ニットキャップ メッシュキャップ 大きいサイズ レディース ディッキーズ ローキャップ ワークキャップ ハット ハンチング おしゃれ ロゴ 刺繍 プリント アメカジ HYPE 通販 yos ギフト","L","-7","X12","Y7",,"0","7","6","-1","星島"
"2026/09/04 16:37:24","在庫CSV取込","7988525","7988525X11Y13","【速攻配達】イヤホン イヤフォン 3.5mm ハイレゾ 高音質 マイク付き NEK ★REV 7988525 重低音 hi-res 有線 ノイズキャンセリング 遮音 通勤 ゲーミング 携帯 スマホ イヤホンマイク Android アクセサリー 送料無料 プレゼント ギフト","ONESIZE","ブルー","X11","Y13",,"0","7","6","-1","星島"
"2026/09/04 16:37:24","在庫CSV取込","7998477","7998477X11Y12","2WAY ビジネスバッグ メンズ 鞄 バッグ 通勤 ポケット多 書類カバン ★REV 7998477 プレゼント ギフト","ONESIZE","ブラック×ブラック","X11","Y12",,"0","27","26","-1","星島"
"2026/09/04 16:37:24","在庫CSV取込","7998755","7998755X11Y14","5WAY ボディバッグ メンズ 鞄 かばん カバン ショルダーバッグ ★REV 7998755(7999489) 迷彩 カモフラージュ サコッシュ ミリタリー キャンプ アウトドア サバゲー Military ALI","ONESIZE","オリーブMIX","X11","Y14",,"0","22","21","-1","星島"
"2026/09/04 16:37:24","在庫CSV取込","9009978","9009978X3Y5","帽子 メンズ AVIREX アビレックス 送料無料 キャップ 父の日 プレゼント 贈り物 ニットキャップ メッシュキャップ 大きいサイズ レディース ディッキーズ ローキャップ ワークキャップ ハット ハンチング おしゃれ ロゴ 刺繍 プリント アメカジ HYPE 通販 yos ギフト","C","-5","X3","Y5",,"0","1","0","-1","星島"
"2026/09/04 16:37:24","在庫CSV取込","9009978","9009978X13Y1","帽子 メンズ AVIREX アビレックス 送料無料 キャップ 父の日 プレゼント 贈り物 ニットキャップ メッシュキャップ 大きいサイズ レディース ディッキーズ ローキャップ ワークキャップ ハット ハンチング おしゃれ ロゴ 刺繍 プリント アメカジ HYPE 通販 yos ギフト","M","-1","X13","Y1",,"0","22","21","-1","星島"
"2026/09/04 16:37:24","在庫CSV取込","9009978","9009978X15Y5","帽子 メンズ AVIREX アビレックス 送料無料 キャップ 父の日 プレゼント 贈り物 ニットキャップ メッシュキャップ 大きいサイズ レディース ディッキーズ ローキャップ ワークキャップ ハット ハンチング おしゃれ ロゴ 刺繍 プリント アメカジ HYPE 通販 yos ギフト","O","-5","X15","Y5",,"0","2","1","-1","星島"
"2026/09/04 16:37:24","在庫CSV取込","7990243","7990243X11Y12","多機能 ドアオープナー フック アシスト つり革 触らない ボタン押し ウィルス対策 接触防止 ハンドルフック 吊り革グリップ 便利グッズ タッチペン NEK 7990243 プレゼント ギフト","ONESIZE","シルバー","X11","Y12",,"0","2","1","-1","星島"
"2026/09/04 16:40:12","WEB画面","8003102","8003102X13Y13","やみつきになる！ ストレッチ AVIREX アビレックス Tシャツ メンズ ★REV NEK 6143501 6143502 Vネック クルーネック 半袖 プレゼント ギフト","Vネック_グレー_014","Lサイズ","X13","Y13",,"0","1","3","2","齋藤"
"2026/09/04 16:48:46","受注取込","7988393","7988393X11Y17","【125?135cm】 大きいサイズ ビジネスベルト カジュアルベルト メンズ ★REV 7988393 ベルト オートロック式 本革 穴なし ビジネス カジュアル レザー 本皮 オートロックベルト 革ベルト オートロック メンズベルト 穴無しベルト プレゼント ギフト サイズ調整可能 送料無料","ONESIZE","G","X11","Y17",,"0","2","1","-1",
"2026/09/04 16:49:47","受注取込","7987139","7987139X11Y12","【頑丈でタフ】ポーチ 小物入れ メンズ ウエストポーチ スマホケース ミリタリー NEK ★REV 7987139 アイコスケース サバゲー アウトドア キャンプ サバイバルギア MOLLEシステム対応 モール式 バッグ リュック 装備品 送料無料","ONESIZE","オリーブ","X11","Y12",,"0","21","20","-1",
"2026/09/04 16:55:24","WEB画面","7990243","7990243X11Y13","多機能 ドアオープナー フック アシスト つり革 触らない ボタン押し ウィルス対策 接触防止 ハンドルフック 吊り革グリップ 便利グッズ タッチペン NEK 7990243 プレゼント ギフト","ONESIZE","クローム","X11","Y13",,"0","-1","4","5","星島"
"2026/09/04 16:56:28","WEB画面","7990243","7990243X11Y11","多機能 ドアオープナー フック アシスト つり革 触らない ボタン押し ウィルス対策 接触防止 ハンドルフック 吊り革グリップ 便利グッズ タッチペン NEK 7990243 プレゼント ギフト","ONESIZE","ゴールド","X11","Y11",,"0","1","0","-1","星島"
"2026/09/04 16:56:28","WEB画面","7990243","7990243X11Y12","多機能 ドアオープナー フック アシスト つり革 触らない ボタン押し ウィルス対策 接触防止 ハンドルフック 吊り革グリップ 便利グッズ タッチペン NEK 7990243 プレゼント ギフト","ONESIZE","シルバー","X11","Y12",,"0","1","4","3","星島"
"2026/09/04 16:56:28","WEB画面","7990243","7990243X11Y13","多機能 ドアオープナー フック アシスト つり革 触らない ボタン押し ウィルス対策 接触防止 ハンドルフック 吊り革グリップ 便利グッズ タッチペン NEK 7990243 プレゼント ギフト","ONESIZE","クローム","X11","Y13",,"0","4","0","-4","星島"
"2026/09/04 16:57:51","WEB画面","7986897","7986897X12Y12","【定番】AVIREX 長袖 シャツ シャンブレー シャツ Y_U 7833920003 ★REV 7986897 メンズ デニムシャツ DAILY/デイリー BASIC CHAMBRAY LONG SLEEVE SHIRT 正規品 ブランド おしゃれ アビレックス アヴィレックス 送料無料","L","ネイビー(120)","X12","Y12",,"0","9","0","-9","齋藤"
"2026/09/04 17:00:26","受注取込","7986859","7986859X13Y11","レインブーツ 長靴 DoubleStar Y_KO 49H56 ★REV 7986859 キッズ シューズ ユニコーン メルヘン パステル 可愛い ゆめかわ 男の子 女の子 新学期 雨 雪 子供靴 防水 保育園 幼稚園","17.0cm","パープル","X13","Y11",,"0","8","7","-1",
"2026/09/04 17:00:42","受注取込","7986572","7986572X11Y35","【新型/IQOS イルマ i ワン用】アイコス イルマiワン ILUMA ケース 保護ケース NEK ★REVL 7986572 iqosイルマワン イルマワンカバー 耐衝撃 おしゃれ iqos iluma one 専用 IQOSイルマワン保護ケース レザー ヒョウ柄 ペイズリー 保護カバー アイコスケース アクセサリー 送料無料","イルマiワン","79","X11","Y35",,"0","22","21","-1",
"2026/09/04 17:01:14","WEB画面","9009978","9009978X15Y5","帽子 メンズ AVIREX アビレックス 送料無料 キャップ 父の日 プレゼント 贈り物 ニットキャップ メッシュキャップ 大きいサイズ レディース ディッキーズ ローキャップ ワークキャップ ハット ハンチング おしゃれ ロゴ 刺繍 プリント アメカジ HYPE 通販 yos ギフト","O","-5","X15","Y5",,"0","1","4","3","星島"
"2026/09/04 17:06:47","受注取込","7988386","7988386X11Y11","【高輝度・省電力】LED 卓上 ライト 間接照明 おしゃれ テーブルランプ 北欧 ベッドライト ★REV 7988386 照明 ランプ 一人暮らし ナイトランプ ムードランプ インテリア 雑貨 スタンドライト フロアライト ベッドサイド ルームライト 寝室 usb 電気スタンド フロアランプ","ONESIZE","アイボリー","X11","Y11",,"0","188","187","-1",
"2026/09/04 17:12:47","受注取込","7992723","7992723X14Y11","お得！ 送料無料 4枚入り 福袋 Dickies ディッキーズ ボクサーパンツ メンズ かわいい NEK ★REV <br> パンツ ボクサーパンツ セット メンズ下着 メンズボクサーパンツ メンズボクサー 大きいサイズ 大きめ 特大 3L 下着 インナー メンズ usa まとめ買い プレゼント ギフト","3L","福袋4枚セット","X14","Y11",,"0","94","93","-1",
"2026/09/04 17:12:47","受注取込","7992723","7992723X13Y11","お得！ 送料無料 4枚入り 福袋 Dickies ディッキーズ ボクサーパンツ メンズ かわいい NEK ★REV <br> パンツ ボクサーパンツ セット メンズ下着 メンズボクサーパンツ メンズボクサー 大きいサイズ 大きめ 特大 3L 下着 インナー メンズ usa まとめ買い プレゼント ギフト","LL","福袋4枚セット","X13","Y11",,"0","9","8","-1",
"2026/09/04 17:12:56","WEB画面","7994812","7994812X12Y20","サファリハット メンズ 釣り 帽子 ハット レディース SUNS(サンズ)  撥水 アウトドア 登山 キャンプ バーベキュー NEK ★REV H-051 H-053 送料無料 大きいサイズあり キッズサイズ 子供 UVカット アドベンチャーハット 父の日 プレゼント ユニセックス 春 夏 夏フェス ギフト","大きいサイズ","PURPLE(H_051)","X12","Y20",,"0","35","36","1","齋藤"
"2026/09/04 17:17:31","受注取込","7987409","7987409X11Y12","【130cm 大きいサイズ対応】本革 床革 ベルト メンズ 130cm NEK ★REV 7987409 大きいサイズ対応 シンセティックレザー ビジネスベルト カジュアルベルト 父の日 送料無料","ONESIZE","ブラウンA","X11","Y12",,"0","9","8","-1",
"2026/09/04 17:17:47","WEB画面","7986989","7986989X11Y12","【本革/特価/16色展開】本革 ショルダーバッグ ポーチ レディース ミニショルダーバッグ NEK ★REV 7986989 斜めがけ お財布 ショルダー お財布バッグ 送料無料","ONESIZE","レッド","X11","Y12",,"0","18","19","1","齋藤"
"2026/09/04 17:22:05","WEB画面","8003102","8003102X12Y12","やみつきになる！ ストレッチ AVIREX アビレックス Tシャツ メンズ ★REV NEK 6143501 6143502 Vネック クルーネック 半袖 プレゼント ギフト","Vネック_ブラック_009","Mサイズ","X12","Y12",,"0","1","2","1","齋藤"
"2026/09/04 17:25:27","WEB画面","7987345","7987345X23Y12","【とにかくデカい！】 大きいサイズ キャップ 送料無料 大きめ ビッグサイズ ★REV 7987345 BIG SIZE 帽子 ハット キャップ キャスケット メンズキャップ 大きいサイズ バケット 大きい帽子 メンズ メンズ帽子 大きい 頭 メッシュキャップ","MMM","2","X23","Y12",,"0","4","5","1","齋藤"
"2026/09/04 17:27:44","受注取込","7988448","7988448X11Y13","【超ミニサイズ】ミニ財布 栃木レザー 短財布 財布 メンズ 小さい 小さめ 小ぶり レディース 本革 レザー 日本製  TDSG-1024 送料無料 職人技 無地 ヌメ革 総革 本皮 フルベジタブルタンニング 父の日 母の日 誕生日 プレゼント ギフト","ONESIZE","オレンジ","X11","Y13",,"0","2","1","-1",
"2026/09/04 17:30:15","受注取込","7987952","7987952X11Y15","2WAY ボストンバッグ 大容量 メンズ レディース ショルダーバッグ 旅行 ★REV 7987952 アウトドア キャンプ スポーツ ジム ゴルフ 肩掛け シューズ収納 軽量 防水 靴収納 スポーツバッグ ジムバッグ 2wayバック 男 女子 ボストンバック 靴 収納 ボストン メンズ 送料無料","ONESIZE","ブラック","X11","Y15",,"0","55","54","-1",
"2026/09/04 17:54:01","受注取込","7987074","7987074X11Y16","【くすみカラー 超軽量】サファリハット バケットハット メンズ レディース 普通サイズ 大きいサイズ アドベンチャーハット NEK ★REV 7987074 撥水 速乾 軽量 折り畳める UV カット アウトドア キャンプ 登山 ウォーキング 散歩 日焼け防止 紫外線防止 送料無料","普通サイズ","オリーブ","X11","Y16",,"0","2","1","-1",
"2026/09/04 18:02:17","受注取込","7988386","7988386X11Y16","【高輝度・省電力】LED 卓上 ライト 間接照明 おしゃれ テーブルランプ 北欧 ベッドライト ★REV 7988386 照明 ランプ 一人暮らし ナイトランプ ムードランプ インテリア 雑貨 スタンドライト フロアライト ベッドサイド ルームライト 寝室 usb 電気スタンド フロアランプ","ONESIZE","グリーン","X11","Y16",,"0","18","17","-1",
"2026/09/04 18:05:18","受注取込","7987560","7987560X11Y13","【機能的】長財布 財布 メンズ レディース ウォレット スマホケース クラッチバッグ NEK ★REV 7987560 プレゼント ギフト 母の日 父の日 プチギフト 誕プレ 送料無料","ワンサイズ","ネイビー","X11","Y13",,"0","11","10","-1",
"2026/09/04 18:15:31","受注取込","7990254","7990254X11Y12","【送料無料 速攻配達】AVIREX ニットキャップ ニット帽 帽子 メンズ レディース スウェットキャップ  NEK ★REV 14649300 ルーズ キャップ ブランド アビレックス リバーシブル AX REVERSIBLE SWEAT CAP 送料無料 プレゼント ギフト","ONESIZE","ブラック(80)","X11","Y12",,"0","362","361","-1",
"2026/09/04 18:26:17","受注取込","7987400","7987400X11Y11","【とにかくデカい！/普通サイズあり！】キャップ メンズ 大きいサイズ 帽子 深め ビッグサイズ ★REVM 7987400 BIG SIZE メンズキャップ帽子 大きめ 大きい帽子 メンズ帽子 レディース 春 夏 春夏 プレゼント ギフト 母の日 父の日 送料無料","大きいサイズ","A-ブラック","X11","Y11",,"0","253","252","-1",
"2026/09/04 18:26:17","受注取込","7986531","7986531X11Y21","【新型/IQOS イルマ i ワン用】アイコス イルマiワン ILUMA ケース 保護ケース NEK ★REVL 7986531 iqosイルマワン イルマワンカバー 耐衝撃 おしゃれ iqos iluma one 専用 IQOSイルマワン保護ケース レザー ヒョウ柄 ペイズリー 保護カバー アイコスケース アクセサリー 送料無料","ONESIZE","104","X11","Y21",,"0","13","12","-1",
"2026/09/04 18:32:32","受注取込","7986719","7986719X11Y16","【お買い得3個セット】ブレスレット メンズ レディース 天然石 パワーストーン オニキス NEK ★REVL 7986719 8mm アクセサリー 3連 プレゼント ギフト 厄除け 運気 アップ","ONESIZE","6","X11","Y16",,"0","12","11","-1",
"2026/09/04 18:32:32","受注取込","7986719","7986719X11Y19","【お買い得3個セット】ブレスレット メンズ レディース 天然石 パワーストーン オニキス NEK ★REVL 7986719 8mm アクセサリー 3連 プレゼント ギフト 厄除け 運気 アップ","ONESIZE","9","X11","Y19",,"0","11","10","-1",
"2026/09/04 18:40:30","受注取込","7987102","7987102X11Y11","【4/13より発送 待望の入荷!!売切れ必至】ちいかわ ネクタイ 人気 うさぎ ハチワレ モモンガ くりまんじゅう あのこ 三ツ星 討伐 NEK 7987102 ギフト チェック 格子 ストライプ ドット 星 ビジネス シャツ スーツ オシャレ 誕生日 プレゼント 就職 父の日","ONESIZE","A-流れ星柄 ネイビー系","X11","Y11",,"0","10","9","-1",
"2026/09/04 19:04:17","受注取込","7994812","7994812X11Y12","サファリハット メンズ 釣り 帽子 ハット レディース SUNS(サンズ)  撥水 アウトドア 登山 キャンプ バーベキュー NEK ★REV H-051 H-053 送料無料 大きいサイズあり キッズサイズ 子供 UVカット アドベンチャーハット 父の日 プレゼント ユニセックス 春 夏 夏フェス ギフト","普通サイズ","BLACK(H_051)","X11","Y12",,"0","49","48","-1",
"2026/09/04 19:08:17","受注取込","7987187","7987187X11Y19","【イルマ アイ対応！】アイコス イルマ アイ ILUMA i ケース 保護ケース イルマ NEK ★REV 7987187 イルマカバー 耐衝撃 おしゃれ iluma 専用 イルマ 保護ケース レザー 迷彩 ヒョウ柄 ペイズリー 保護カバー アクセサリー アイコスケース 送料無料","イルマスタンダード","I","X11","Y19",,"0","1","0","-1",
"2026/09/04 19:19:01","受注取込","7988215","7988215X13Y12","【とにかくデカい！】 大きいサイズ キャップ メッシュキャップ 送料無料 大きめ ビッグサイズ BIG SIZE ★REV 7988215 <br> 帽子 ハット キャップ ワークキャップ メンズキャップ 大きいサイズ バケット 大きい帽子 メンズ バケハ メンズ帽子 大きい 頭 メッシュ 全39カラー","CC","2","X13","Y12",,"0","11","10","-1",
"2026/09/04 19:19:01","受注取込","7994812","7994812X12Y14","サファリハット メンズ 釣り 帽子 ハット レディース SUNS(サンズ)  撥水 アウトドア 登山 キャンプ バーベキュー NEK ★REV H-051 H-053 送料無料 大きいサイズあり キッズサイズ 子供 UVカット アドベンチャーハット 父の日 プレゼント ユニセックス 春 夏 夏フェス ギフト","大きいサイズ","KHAKI(H_051)","X12","Y14",,"0","29","28","-1",
"2026/09/04 19:19:01","受注取込","7987137","7987137X11Y14","【最安値に挑戦 日本製】GEVAERT ゲバルト ベルト YKK社製 軽量バックル使用 35mm幅 NEK ★REV 7987137 ゴムベルト GVT-1062 1063 1064 1011 1048 無地 カモフラ柄 ベルギー生地使用 日本製 メンズ レディース カジュアル 入学 卒業 通勤 通学 送料無料","ONESIZE","D","X11","Y14",,"0","3","2","-1",
"2026/09/04 19:19:01","受注取込","7987137","7987137X11Y16","【最安値に挑戦 日本製】GEVAERT ゲバルト ベルト YKK社製 軽量バックル使用 35mm幅 NEK ★REV 7987137 ゴムベルト GVT-1062 1063 1064 1011 1048 無地 カモフラ柄 ベルギー生地使用 日本製 メンズ レディース カジュアル 入学 卒業 通勤 通学 送料無料","ONESIZE","F","X11","Y16",,"0","3","2","-1",
"2026/09/04 19:19:01","受注取込","7987137","7987137X11Y13","【最安値に挑戦 日本製】GEVAERT ゲバルト ベルト YKK社製 軽量バックル使用 35mm幅 NEK ★REV 7987137 ゴムベルト GVT-1062 1063 1064 1011 1048 無地 カモフラ柄 ベルギー生地使用 日本製 メンズ レディース カジュアル 入学 卒業 通勤 通学 送料無料","ONESIZE","C","X11","Y13",,"0","5","4","-1",
"2026/09/04 19:23:42","WEB画面","7986721","7986721X11Y11","【ダメージ加工がCOOL】帽子 キャップ Vintage メンズ レディース くすみカラー ★REVL 7986721 こなれ感 深め しっかり素材 送料無料","ONESIZE","ブラック","X11","Y11",,"0","29","30","1","植野"
"2026/09/04 19:41:17","受注取込","7986504","7986504X12Y11","【7cm厚底】厚底サンダル レディース EVA 軽量 7cm 厚底 トングサンダル ★REVO 7986504 ビーチサンダル 韓国ファッション 美脚 脚長 疲れにくい 軽い おしゃれ ブラック グレージュ 送料無料","37-38(23.5?24.0cm)","ブラック","X12","Y11",,"0","43","42","-1",
"2026/09/04 19:46:20","受注取込","7986850","7986850X14Y12","【耐滑底/おしゃれ】安全靴 スニーカー エアウォーク ミッドカット AIR WALK AW-940 AW-950 Y_YU ★REV 7986850 メンズ おしゃれ 耐滑底 樹脂先芯 ストレッチロック セーフティシューズ 作業靴 送料無料","26.5cm","AW-950_ホワイト","X14","Y12",,"0","89","88","-1",
"2026/09/04 19:57:17","受注取込","7987892","7987892X12Y11","【深めのシルエット】メッシュキャップ キャップ 帽子 メンズ レディース 大きいサイズ 普通サイズ ★REV 7987892","大きいサイズ","A","X12","Y11",,"0","11","10","-1",
"2026/09/04 19:57:30","受注取込","7987892","7987892X12Y17","【深めのシルエット】メッシュキャップ キャップ 帽子 メンズ レディース 大きいサイズ 普通サイズ ★REV 7987892","大きいサイズ","G","X12","Y17",,"0","4","3","-1",
"2026/09/04 20:01:48","受注取込","7988624","7988624X11Y12","【最安値に挑戦 速攻配達】水タバコ シーシャ 本体 フーカ Shisha Hookah セット ブラック 本体 水パイプ 送料無料 ★REV 7988624 プレゼント ギフト","ONESIZE","グリーン","X11","Y12",,"0","8","7","-1",
"2026/09/04 20:01:48","受注取込","8000345","8000345X11Y11","栃木レザー 長財布 本革 レザー 日本製 メンズ レディース ★REV 8000345 TDSG-1008【P2】 職人技 無地 5色展開 プレゼント ギフト","ONESIZE","ブラック","X11","Y11",,"0","3","2","-1",
"2026/09/04 20:01:48","受注取込","7987626","7987626X11Y11","【お得な5個セット】LEDライト キーホルダー 小型LEDライト NEK ★REV 7987626 キーライト 高輝度 5灯 LR44 ボタン電池 LTG 送料無料","ONESIZE","5本セット","X11","Y11",,"0","484","482","-2",
"2026/09/04 20:01:48","受注取込","7986887","7986887X11Y12","【アメリカ製】Schott ショット ピーコート Pコート 740US Y_U 7821154004 ★REV 7986887 メンズ メルトン ウール 中綿入り アウター 正規品 ブランド おしゃれ 送料無料","36","オリーブ(310)","X11","Y12",,"0","2","1","-1",
"2026/09/04 20:04:03","受注取込","7986855","7986855X11Y11","【潜在能力を引き出す】ラブラドライト パワーストーン ネックレス NEK ★REV 7986855 チョーカー メンズ レディース 天然石 お守り プレゼント 送料無料 アクセサリー","ONESIZE","オーロラ","X11","Y11",,"0","26","24","-2",
"2026/09/04 20:04:03","受注取込","7987757","7987757X11Y14","【カーボンスタイル 大きいサイズ】メッシュキャップ キャップ 帽子 蒸れない ★REV 7987757 大きいサイズ カーボン調 プレゼント ギフト 送料無料","ONESIZE","チャコール","X11","Y14",,"0","17","16","-1",
"2026/09/04 20:04:22","受注取込","7986595","7986595X11Y11","【大判/高純度テラヘルツ】高純度 テラヘルツ 重さ954g リラクゼーション用 健康 NEK ★REVL 7986595 テラヘルツ波 パワーストーン 天然石 アクセサリー プレゼント ギフト プチギフト 母の日 父の日 送料無料","ピロー","メタリッククローム","X11","Y11",,"0","17","16","-1",
"2026/09/04 20:04:22","受注取込","7992099","7992099X11Y14","アンクレット メンズ レディース 手作り 送料無料 つけっぱなし お守り アンク アクセサリー シルバー ターコイズ NEK ALI ★REV 7992099 190813 プレゼント ギフト","ONESIZE","樹木","X11","Y14",,"0","1","0","-1",
"2026/09/04 20:04:22","受注取込","7992099","7992099X11Y12","アンクレット メンズ レディース 手作り 送料無料 つけっぱなし お守り アンク アクセサリー シルバー ターコイズ NEK ALI ★REV 7992099 190813 プレゼント ギフト","ONESIZE","イカリ","X11","Y12",,"0","3","2","-1",
"2026/09/04 20:04:22","受注取込","7987172","7987172X11Y12","1TB対応 SDカードリーダー バックアップ USB USBメモリ NEK ★REV 7987172 写真 保存 データ スマホ マイクロSDカードリーダー SDカードカメラリーダー 日本語取説 送料無料","ONESIZE","ホワイト","X11","Y12",,"0","12","11","-1",
"2026/09/04 20:04:22","受注取込","7987327","7987327X11Y11","本革 レザー キャスケット ハンチング 帽子 メンズ ★REV 7987327 キャップ あしたのジョー おしゃれ 皮製 ブラック ダークブラウン キャメル 黒 茶  送料無料","ONESIZE","ブラック","X11","Y11",,"0","60","59","-1",
"2026/09/04 20:04:22","受注取込","7987612","7987612X11Y11","本革 レザー ハンチング 帽子 キャップ メンズ 鳥打帽 キャスケット 本皮 ★REV 7987612 おしゃれ ブラック ダークブラウン プレゼント ギフト 父の日 送料無料","ONESIZE","ブラック","X11","Y11",,"0","20","19","-1",
"2026/09/04 20:04:22","受注取込","7987597","7987597X11Y11","【凄すぎる分厚さ5mm！】日本製 ベルト メンズ レザー 本革 本皮 昭南レザー ★REV SRI-016 ベンズレザー Artisan aging キーホルダー キーケース プレゼント ギフト 父の日 バレンタイン チョコ以外 送料無料","ワンサイズ","ナチュラル","X11","Y11",,"0","2","1","-1",
"2026/09/04 20:04:22","受注取込","7994812","7994812X11Y12","サファリハット メンズ 釣り 帽子 ハット レディース SUNS(サンズ)  撥水 アウトドア 登山 キャンプ バーベキュー NEK ★REV H-051 H-053 送料無料 大きいサイズあり キッズサイズ 子供 UVカット アドベンチャーハット 父の日 プレゼント ユニセックス 春 夏 夏フェス ギフト","普通サイズ","BLACK(H_051)","X11","Y12",,"0","48","47","-1",
"2026/09/04 20:04:22","受注取込","7987490","7987490X11Y11","【手首を太く逞しくする】前腕筋 筋トレ 握力 手首 前腕部の強化 腕相撲 ★REV 7987490 バスケットボール テニス ゴルフ 柔道 剣道 空手 格闘技 プレゼント ギフト 送料無料","ONESIZE","ブラック","X11","Y11",,"0","83","82","-1",
"2026/09/04 20:04:22","受注取込","7986583","7986583X13Y11","Indian Motocycle インディアン スウェット トレーナー メンズ レディース IC-2657 7986583  背面刺繍 Basic sweat embroidery ロゴ刺繍 ブランド シンプル 送料無料","L","ブラック","X13","Y11",,"0","4","3","-1",
"2026/09/04 20:04:22","受注取込","7986583","7986583X12Y13","Indian Motocycle インディアン スウェット トレーナー メンズ レディース IC-2657 7986583  背面刺繍 Basic sweat embroidery ロゴ刺繍 ブランド シンプル 送料無料","M","グレー","X12","Y13",,"0","4","3","-1",
"2026/09/04 20:04:22","受注取込","7986583","7986583X12Y11","Indian Motocycle インディアン スウェット トレーナー メンズ レディース IC-2657 7986583  背面刺繍 Basic sweat embroidery ロゴ刺繍 ブランド シンプル 送料無料","M","ブラック","X12","Y11",,"0","7","6","-1",
"2026/09/04 20:04:22","受注取込","7986583","7986583X12Y12","Indian Motocycle インディアン スウェット トレーナー メンズ レディース IC-2657 7986583  背面刺繍 Basic sweat embroidery ロゴ刺繍 ブランド シンプル 送料無料","M","バーガンディ","X12","Y12",,"0","6","5","-1",
"2026/09/04 20:04:22","受注取込","7986583","7986583X13Y13","Indian Motocycle インディアン スウェット トレーナー メンズ レディース IC-2657 7986583  背面刺繍 Basic sweat embroidery ロゴ刺繍 ブランド シンプル 送料無料","L","グレー","X13","Y13",,"0","5","4","-1",
"2026/09/04 20:04:22","受注取込","7986583","7986583X13Y12","Indian Motocycle インディアン スウェット トレーナー メンズ レディース IC-2657 7986583  背面刺繍 Basic sweat embroidery ロゴ刺繍 ブランド シンプル 送料無料","L","バーガンディ","X13","Y12",,"0","5","4","-1",
"2026/09/04 20:04:22","受注取込","7986532","7986532X11Y14","【新型/IQOS イルマ i ワン用】アイコス イルマiワン ILUMA ケース 保護ケース NEK ★REVL 7986532 iqosイルマワン イルマワンカバー 耐衝撃 おしゃれ iqos iluma one 専用 IQOSイルマワン保護ケース レザー 保護カバー アイコスケース アクセサリー 送料無料","ONESIZE","パープル","X11","Y14",,"0","21","20","-1",
"2026/09/04 20:04:22","受注取込","7994367","7994367X11Y12","ショルダーバッグ メンズ 本革 レザー NATIVE柄 バッグ メンズ Vintage キャンバス生地 ジャカード織り ★REV 7994367","ONESIZE","オリーブ","X11","Y12",,"0","3","2","-1",
"2026/09/04 20:04:22","受注取込","7986593","7986593X11Y11","【ヒョウ柄】レディース メンズ 帽子 アニマル柄 キャスケット ヒョウ柄 レオパード ハンチング NEK ★REVO 7986593 ベレー帽 帽子 おしゃれ かわいい  送料無料","ONESIZE","A","X11","Y11",,"0","3","2","-1",
"2026/09/04 20:04:22","受注取込","7988248","7988248X11Y11","リュック メンズ レディース 防水 防災リュック 避難 スポーツ 軽量 リュックサック 32L ★REV 7988248 バックパック デイパック アウトドア キャンプ ジム 登山 散歩  送料無料","ONESIZE","ブルー","X11","Y11",,"0","93","92","-1",
"2026/09/04 20:04:22","受注取込","7986564","7986564X11Y13","【当店限定/大きいサイズ】BlackRebel 帽子 キャップ メンズ レディース 大きいサイズ ★REVL 7986564 深め Vintage クラッシュ 加工 こなれ感 おしゃれ 送料無料","ONESIZE","カーキ","X11","Y13",,"0","56","55","-1",
"2026/09/04 20:07:20","受注取込","7988090","7988090X14Y11","安全靴 スニーカー エアウォーク AIR WALK Y_YU AW-890 ブルー迷彩 アクティブライト ローカット メンズ セーフティシューズ 樹脂先芯 軽量 衝撃吸収 負担軽減 作業靴 オシャレ","26.5cm ","ブルー迷彩","X14","Y11",,"0","135","134","-1",
"2026/09/04 20:07:20","受注取込","7993077","7993077X11Y13","栃木レザー 短財布 財布 メンズ レディース 本革 レザー 日本製  送料無料 職人技 無地 6色展開 ヌメ革 総革 フルベジタブルタンニング TDSG-1019 190320","ONESIZE","BROWN","X11","Y13",,"0","2","1","-1",
"2026/09/04 20:07:20","受注取込","7987662","7987662X11Y14","【大きくルーズにかぶれる】大きいサイズ ニット帽 ニットキャップ 帽子 メンズ レディース NEK ★REV 7987662 ワッチキャップ プレゼント ギフト 母の日 父の日 プレゼント 誕生日 クリスマス 秋冬 防寒 おしゃれ 無地 送料無料","ONESIZE","グレー","X11","Y14",,"0","563","562","-1",
"2026/09/04 20:07:20","受注取込","7987662","7987662X11Y12","【大きくルーズにかぶれる】大きいサイズ ニット帽 ニットキャップ 帽子 メンズ レディース NEK ★REV 7987662 ワッチキャップ プレゼント ギフト 母の日 父の日 プレゼント 誕生日 クリスマス 秋冬 防寒 おしゃれ 無地 送料無料","ONESIZE","オフホワイト","X11","Y12",,"0","259","258","-1",
"2026/09/04 20:07:20","受注取込","8001146","8001146X11Y11","【お得な2枚組 ブランド福袋】LATESHOW BOKU HA TANOSII ボクサーパンツ メンズ アンダーウェア 下着 NEK ★REVL 8001146 おしゃれ 柄 メンズ下着 かっこいい ツルツル おすすめ 人気 ブランド 男性 プレゼント 父の日 誕生日 父 ギフト 記念日 大きいサイズ 福袋 送料無料","M","福袋2枚セット","X11","Y11",,"0","79","78","-1",
"2026/09/04 20:07:20","受注取込","7990254","7990254X11Y12","【送料無料 速攻配達】AVIREX ニットキャップ ニット帽 帽子 メンズ レディース スウェットキャップ  NEK ★REV 14649300 ルーズ キャップ ブランド アビレックス リバーシブル AX REVERSIBLE SWEAT CAP 送料無料 プレゼント ギフト","ONESIZE","ブラック(80)","X11","Y12",,"0","361","360","-1",
"2026/09/04 20:07:20","受注取込","7987667","7987667X11Y15","【もこもこ秋冬】13種類 ハット レディース メンズ バケットハット ★REV NEK 7987667 ボア ムートン ファー もこもこ 秋冬 ヒョウ柄 カモ チェック 無地 おしゃれ プレゼント ギフト クリスマス 送料無料","ONESIZE","E","X11","Y15",,"0","21","20","-1",
"2026/09/04 20:07:20","受注取込","7988248","7988248X11Y11","リュック メンズ レディース 防水 防災リュック 避難 スポーツ 軽量 リュックサック 32L ★REV 7988248 バックパック デイパック アウトドア キャンプ ジム 登山 散歩  送料無料","ONESIZE","ブルー","X11","Y11",,"0","92","91","-1",
"2026/09/04 20:07:20","受注取込","7986527","7986527X12Y11","【シリコン製/つけっぱなし】シリコンリング 指輪 メンズ レディース 軽量 耐水 NEK ★REVL 7986527 ユニセックス プレゼント ギフト ミニマル アクセサリー 送料無料","16号","ブラック","X12","Y11",,"0","31","29","-2",
"2026/09/04 20:07:20","受注取込","7986475","7986475X11Y11","【一生モノ/経年変化を愉しむ】栃木レザー 日本製 トートバッグ ミニトートバッグ 本革 ★REVL SRI-030 7986475 本皮  フルベジタブルタンニンレザー プレゼント ギフト 送料無料","ONESIZE","ブラック","X11","Y11",,"0","4","3","-1",
"2026/09/04 20:08:31","受注取込","7988466","7988466X11Y12","【速攻配達 送料無料】ゲーミングイヤホン ヘッドセット LTG 落ちない ズレない こもらない 暑くない switch ヘッドホン マイク 付き NEK 7988466 ps4 ps5 ヘッドフォン 有線 USB ニンテンドースイッチ テレワーク zoom ズーム リモート WEB会議 ミーティング","ONESIZE","ブラック/ブラック","X11","Y12",,"0","21","20","-1",
"2026/09/04 20:09:18","受注取込","7987597","7987597X11Y11","【凄すぎる分厚さ5mm！】日本製 ベルト メンズ レザー 本革 本皮 昭南レザー ★REV SRI-016 ベンズレザー Artisan aging キーホルダー キーケース プレゼント ギフト 父の日 バレンタイン チョコ以外 送料無料","ワンサイズ","ナチュラル","X11","Y11",,"0","1","0","-1",
"2026/09/04 20:09:18","受注取込","7988448","7988448X11Y14","【超ミニサイズ】ミニ財布 栃木レザー 短財布 財布 メンズ 小さい 小さめ 小ぶり レディース 本革 レザー 日本製  TDSG-1024 送料無料 職人技 無地 ヌメ革 総革 本皮 フルベジタブルタンニング 父の日 母の日 誕生日 プレゼント ギフト","ONESIZE","ダークブラウン","X11","Y14",,"0","1","0","-1",
"2026/09/04 20:09:18","受注取込","7994702","7994702X11Y11","経年変化を楽しむ！日本製 本革 レザー 130cm 長め ベルト 7994702 メンズ レディース ヌメ革 総革 Artisan aging 送料無料 ナチュラル ギフトBOX付き プレゼント 180618 プレゼント ギフト","ONESIZE","ナチュラル","X11","Y11",,"0","56","55","-1",
"2026/09/04 20:09:18","受注取込","7990512","7990512X11Y11","リーフ ネックレス レディース ロングネックレス 葉っぱ 大きめ アクセサリー かわいい ナチュラル アンティーク風 プレゼント 贈り物 ギフト NEK 7990512 プレゼント ギフト","ONESIZE","ライトブラウン","X11","Y11",,"0","16","15","-1",
"2026/09/04 20:09:18","受注取込","7992723","7992723X13Y11","お得！ 送料無料 4枚入り 福袋 Dickies ディッキーズ ボクサーパンツ メンズ かわいい NEK ★REV <br> パンツ ボクサーパンツ セット メンズ下着 メンズボクサーパンツ メンズボクサー 大きいサイズ 大きめ 特大 3L 下着 インナー メンズ usa まとめ買い プレゼント ギフト","LL","福袋4枚セット","X13","Y11",,"0","8","7","-1",
"2026/09/04 20:09:18","受注取込","8000345","8000345X11Y12","栃木レザー 長財布 本革 レザー 日本製 メンズ レディース ★REV 8000345 TDSG-1008【P2】 職人技 無地 5色展開 プレゼント ギフト","ONESIZE","ダークブラウン","X11","Y12",,"0","2","1","-1",
"2026/09/04 20:10:48","受注取込","7987400","7987400X11Y29","【とにかくデカい！/普通サイズあり！】キャップ メンズ 大きいサイズ 帽子 深め ビッグサイズ ★REVM 7987400 BIG SIZE メンズキャップ帽子 大きめ 大きい帽子 メンズ帽子 レディース 春 夏 春夏 プレゼント ギフト 母の日 父の日 送料無料","大きいサイズ","S-ネイビー","X11","Y29",,"0","25","24","-1",
"2026/09/04 20:10:48","受注取込","7986532","7986532X11Y16","【新型/IQOS イルマ i ワン用】アイコス イルマiワン ILUMA ケース 保護ケース NEK ★REVL 7986532 iqosイルマワン イルマワンカバー 耐衝撃 おしゃれ iqos iluma one 専用 IQOSイルマワン保護ケース レザー 保護カバー アイコスケース アクセサリー 送料無料","ONESIZE","ブラック","X11","Y16",,"0","21","20","-1",
"2026/09/04 20:10:48","受注取込","7986541","7986541X11Y11","【お得な2個セット】ブレスレット バングル セット レディース メンズ ユニセックス NEK ★REVO 7986541 ステンレス ゴールド シルバー 結び目 ノット モチーフ ペアアクセサリー シンプル 金属アレルギー対応 アジャスター付き 送料無料","ONESIZE","2個セット","X11","Y11",,"0","21","20","-1",
"2026/09/04 20:12:19","受注取込","7987685","7987685X11Y11","【長沢ベルト工業】日本製 ベルト メンズ レディース 本革 本皮 英国製ブライドルレザー Y_KO ★REV 7987685 NKB-003 3.0cm幅 30mm ビジネスベルト カジュアルベルト 長沢ベルト工業 ブランド プレゼント ギフト クリスマス 父の日 送料無料","ONESIZE","ブラック","X11","Y11",,"0","45","44","-1",
"2026/09/04 20:12:19","受注取込","7986690","7986690X12Y12","【当店限定/大きいサイズ】LOGOS ロゴス キャップ メッシュキャップ 帽子 大きいサイズ ★REVL 7986690 ブランド メンズ レディース 野球帽 XXLサイズ KING SIZE アウトドア キャンプ シンプル おしゃれ 送料無料","ツイルキャップ","ブラック×チャコール","X12","Y12",,"0","128","127","-1",
"2026/09/04 20:12:19","受注取込","7988088","7988088X15Y11","安全靴 スニーカー エアウォーク AIR WALK Y_YU AW-920 グリーン フレックスフィット ローカット メンズ セーフティシューズ 樹脂先芯 軽量 衝撃吸収 負担軽減 作業靴 オシャレ  かかとが踏める ムレにくい","27.0cm ","グリーン","X15","Y11",,"0","92","90","-2",
"2026/09/04 20:12:19","受注取込","7987400","7987400X11Y11","【とにかくデカい！/普通サイズあり！】キャップ メンズ 大きいサイズ 帽子 深め ビッグサイズ ★REVM 7987400 BIG SIZE メンズキャップ帽子 大きめ 大きい帽子 メンズ帽子 レディース 春 夏 春夏 プレゼント ギフト 母の日 父の日 送料無料","大きいサイズ","A-ブラック","X11","Y11",,"0","252","251","-1",
"2026/09/04 20:12:19","受注取込","7986572","7986572X11Y47","【新型/IQOS イルマ i ワン用】アイコス イルマiワン ILUMA ケース 保護ケース NEK ★REVL 7986572 iqosイルマワン イルマワンカバー 耐衝撃 おしゃれ iqos iluma one 専用 IQOSイルマワン保護ケース レザー ヒョウ柄 ペイズリー 保護カバー アイコスケース アクセサリー 送料無料","イルマiワン","91","X11","Y47",,"0","3","2","-1",
"2026/09/04 20:13:09","受注取込","7999490","7999490X11Y11","スマホケース 全機種対応 小物入れ ベルト ポーチ サバゲー Military NEK ★REV 7999490 iPhone アイコス イルマ ケース ケース 送料無料","ONESIZE","ブラック","X11","Y11",,"0","24","23","-1",
"2026/09/04 20:13:48","受注取込","7987409","7987409X11Y14","【130cm 大きいサイズ対応】本革 床革 ベルト メンズ 130cm NEK ★REV 7987409 大きいサイズ対応 シンセティックレザー ビジネスベルト カジュアルベルト 父の日 送料無料","ONESIZE","ブラウンB","X11","Y14",,"0","26","24","-2",
"2026/09/04 20:15:18","受注取込","7994812","7994812X12Y11","サファリハット メンズ 釣り 帽子 ハット レディース SUNS(サンズ)  撥水 アウトドア 登山 キャンプ バーベキュー NEK ★REV H-051 H-053 送料無料 大きいサイズあり キッズサイズ 子供 UVカット アドベンチャーハット 父の日 プレゼント ユニセックス 春 夏 夏フェス ギフト","大きいサイズ","BK/BLACK(H_051)","X12","Y11",,"0","196","195","-1",
"2026/09/04 20:16:05","受注取込","7987151","7987151X11Y16","【多面カットで綺麗】天然石 ブレスレット パワーストーン レディース NEK ★REV 7987151 アクセサリー プレゼント ギフト 厄除け 運気 アップ 送料無料","ONESIZE","F_ピンク水晶","X11","Y16",,"0","13","12","-1",
"2026/09/04 20:16:05","受注取込","7987151","7987151X11Y14","【多面カットで綺麗】天然石 ブレスレット パワーストーン レディース NEK ★REV 7987151 アクセサリー プレゼント ギフト 厄除け 運気 アップ 送料無料","ONESIZE","D_ガーネット","X11","Y14",,"0","14","13","-1",
"2026/09/04 20:16:19","受注取込","7986778","7986778X11Y11","【高純度テラヘルツ/3通りの使い方可能】 テラヘルツ ネックレス アンクレット ブレスレット NEK ★REV 7986778 メンズ レディース 鏡面多面カット 3.0mm 健康 テラヘルツ波 パワーストーン 天然石 アクセサリー プレゼント ギフト プチギフト 母の日 父の日 送料無料","球型","テラヘルツ","X11","Y11",,"0","14","13","-1",
"2026/09/04 20:16:19","受注取込","7988097","7988097X16Y11","【羊ムートン付】 防寒ブーツ スノーブーツ ウインターブーツ ブーツ ★REV 7988097 <br> 冬 ムートンブーツ メンズ ムートン メンズブーツ 防寒靴 メンズ冬靴 サイドジップ 靴 シューズ 防滑 撥水 アウトドア キャンプ スノボ 登山 プレゼント ギフト 送料無料","27.5cm","ブラック","X16","Y11",,"0","7","6","-1",
"2026/09/04 20:19:18","受注取込","7988215","7988215X17Y12","【とにかくデカい！】 大きいサイズ キャップ メッシュキャップ 送料無料 大きめ ビッグサイズ BIG SIZE ★REV 7988215 <br> 帽子 ハット キャップ ワークキャップ メンズキャップ 大きいサイズ バケット 大きい帽子 メンズ バケハ メンズ帽子 大きい 頭 メッシュ 全39カラー","GG","2","X17","Y12",,"0","53","52","-1",
"2026/09/04 20:19:18","受注取込","7987687","7987687X11Y11","【長沢ベルト工業】日本製 ベルト メンズ レディース 本革 本皮 イタリアンレザー ★REV Y_KO NKB-001 3.0cm幅 30mm ビジネスベルト カジュアルベルト 長沢ベルト工業 ブランド プレゼント ギフト クリスマス 父の日 バケッタ製法 送料無料","ONESIZE","ブラック","X11","Y11",,"0","16","15","-1",
"2026/09/04 20:20:47","受注取込","7987344","7987344X11Y11","【4個入でお得】カラビナ パラコード キーホルダー キーチェーン 4本セット NEK ★REV 7987344 帽子フック おしゃれ キーリング アウトドア リュック バッグ キャンプ 非常用 災害 ロープ 紐 便利 代用 防災 丈夫 コンパクト 軽量 プレゼント ギフト 送料無料","ONESIZE","4色セット","X11","Y11",,"0","46","45","-1",
"2026/09/04 20:20:47","受注取込","7988047","7988047X11Y11","2WAY ミニ ボストンバッグ メンズ レディース ★REV 7988047 小さめ 小型 ショルダーバッグ ミニバッグ ドラムバッグ 小旅行 アウトドア キャンプ ジム 軽量 送料無料","ONESIZE","ブラック","X11","Y11",,"0","38","37","-1",
"2026/09/04 20:21:53","受注取込","7987090","7987090X11Y11","【使い方色々!】ポーチ ベルトポーチ 小物入れ 小銭入れ カードケース NEK ★REV 7987090 短財布 財布 メンズ レディース カラビナ ミリタリー サバゲー キャンプ アウトドア メディカルポーチ 防災グッズ 送料無料","ONESIZE","ブラック","X11","Y11",,"0","66","65","-1",
"2026/09/04 20:23:20","受注取込","7986547","7986547X11Y11","【お得な5枚10点セット】福袋 おなかぷにぷに3Dキャラクターシール 犬猫アニマル NEK ★REVO 7986547 ピンセット付き ぷにぷに触感 ストレス解消 癒しデコシール プレゼント ギフト 送料無料","ONESIZE","5枚10点アソート","X11","Y11",,"0","412","410","-2",
"2026/09/04 20:23:20","受注取込","7986595","7986595X11Y11","【大判/高純度テラヘルツ】高純度 テラヘルツ 重さ954g リラクゼーション用 健康 NEK ★REVL 7986595 テラヘルツ波 パワーストーン 天然石 アクセサリー プレゼント ギフト プチギフト 母の日 父の日 送料無料","ピロー","メタリッククローム","X11","Y11",,"0","16","15","-1",
"2026/09/04 20:24:47","受注取込","7988381","7988381X11Y11","【圧巻の180色 プロ仕様】油性色鉛筆 色鉛筆 180色 塗り絵 絵具 マンガ 漫画 デッサン スケッチ 学生 美大生 絵画 葉書 7988381 ぬり絵 色鉛筆 セット 画材 美術 アート ポスター 色鉛筆セット 色えんぴつ プレゼント 小学生 中学生 油性 誕生日 ギフト 速攻配達＆送料無料","ONESIZE","180本セット","X11","Y11",,"0","20","19","-1",
"2026/09/04 20:25:06","受注取込","7987275","7987275X11Y11","AVIREX アビレックス ニットキャップ ニット帽 NEK ★REV 7987275 帽子 大きい 大きめ 大きいサイズ ニット素材 メンズ レディース アヴィレックス ブランド プレゼント ギフト ミリタリー アメカジ ストリート アウトドア プレゼント ギフト 送料無料","ONESIZE","ブラック","X11","Y11",,"0","663","662","-1",
"2026/09/04 20:25:53","受注取込","7994812","7994812X12Y11","サファリハット メンズ 釣り 帽子 ハット レディース SUNS(サンズ)  撥水 アウトドア 登山 キャンプ バーベキュー NEK ★REV H-051 H-053 送料無料 大きいサイズあり キッズサイズ 子供 UVカット アドベンチャーハット 父の日 プレゼント ユニセックス 春 夏 夏フェス ギフト","大きいサイズ","BK/BLACK(H_051)","X12","Y11",,"0","195","194","-1",
"2026/09/04 20:27:30","受注取込","7987073","7987073X12Y15","【くすみカラー 超軽量】バケットハット サファリハット メンズ レディース 普通サイズ 大きいサイズ NEK ★REV 7987073 アドベンチャーハット 撥水 速乾 軽量 折り畳める UV カット アウトドア キャンプ 登山 ウォーキング 散歩 日焼け防止 紫外線防止 送料無料","大きいサイズ","オリーブ","X12","Y15",,"0","15","14","-1",
"2026/09/04 20:28:32","受注取込","7986595","7986595X11Y11","【大判/高純度テラヘルツ】高純度 テラヘルツ 重さ954g リラクゼーション用 健康 NEK ★REVL 7986595 テラヘルツ波 パワーストーン 天然石 アクセサリー プレゼント ギフト プチギフト 母の日 父の日 送料無料","ピロー","メタリッククローム","X11","Y11",,"0","15","14","-1",
"2026/09/04 20:28:32","受注取込","7990744","7990744X11Y14","在庫あり マスク カラーマスク 大きいサイズあり 洗える 手洗い 繰り返し使える NEK 7990744 ブラック 大人用 マスク 黒マスク ブラックマスク 花粉 pm2.5 クロ B系 ストリート ファッション コスプレ ストレッチ 12色展開 ALI  プレゼント ギフト","普通サイズ","グレー","X11","Y14",,"0","460","459","-1",
"2026/09/04 20:28:32","受注取込","7986887","7986887X14Y13","【アメリカ製】Schott ショット ピーコート Pコート 740US Y_U 7821154004 ★REV 7986887 メンズ メルトン ウール 中綿入り アウター 正規品 ブランド おしゃれ 送料無料","42","オックスフォード(382)","X14","Y13",,"0","5","4","-1",
"2026/09/04 20:28:48","受注取込","7997141","7997141X11Y11","特大 スイカ ドーナツ 浮き輪 浮輪 送料無料 プール 大人用 子供用 NEK 7997141 ★REV 120cm 90cm 80cm 70cm 60cm サイズ 大きい 大きめ うきわ ウキワ すいか 海 海水浴 ビックフロート 水上 レジャー かわいい フローティングベッド 西瓜 子供用浮き輪 大人 子供 こども","120cm","スイカ","X11","Y11",,"0","613","612","-1",
"2026/09/04 20:28:48","受注取込","7992099","7992099X11Y18","アンクレット メンズ レディース 手作り 送料無料 つけっぱなし お守り アンク アクセサリー シルバー ターコイズ NEK ALI ★REV 7992099 190813 プレゼント ギフト","ONESIZE","ヒトデ","X11","Y18",,"0","7","6","-1",
"2026/09/04 20:30:23","受注取込","7987439","7987439X12Y12","【通気性◎】メッシュキャップ メンズ 帽子 7987439 ★REV 野球帽 普通サイズ 56cm～59cm 大きいサイズ ビッグサイズ 59cm～63cm BIG 刺繍 プレゼント ギフト 送料無料","大きいサイズ","ブラック×シルバー","X12","Y12",,"0","6","5","-1",
"2026/09/04 20:30:23","受注取込","7987616","7987616X11Y12","【バッグを汚さない！お得な2個入】バッグフック バッグハンガー デスク 便利 NEK ★REV 7987616 おしゃれ グッズ アイデア フック 机 テーブル グック ハンガー 防犯 メンズ レディース 荷物かけ カバン掛け プチギフト プレゼント LTG 送料無料","ONESIZE","ブラック/グレー","X11","Y12",,"0","39","38","-1",
"2026/09/04 20:30:23","受注取込","7987490","7987490X11Y11","【手首を太く逞しくする】前腕筋 筋トレ 握力 手首 前腕部の強化 腕相撲 ★REV 7987490 バスケットボール テニス ゴルフ 柔道 剣道 空手 格闘技 プレゼント ギフト 送料無料","ONESIZE","ブラック","X11","Y11",,"0","82","81","-1",
"2026/09/04 20:32:24","受注取込","7987330","7987330X11Y11","【大容量おしゃれ】リュックサック リュック バックパック ★REV 7987330 デイバッグ バッグ メンズ レディース おしゃれ 大容量 通学 通勤 小旅行 ブラック 黒 撥水 送料無料","ONESIZE","ブラック(かえる)","X11","Y11",,"0","13","12","-1",
"2026/09/04 20:32:48","受注取込","7987888","7987888X11Y12","ハット バケットハット メンズ レディース デニム ヴィンテージ アメカジ ウォッシュ加工 帽子 NEK ★REV 7987888 おしゃれ ユニセックス 日よけ 対策 プレゼント ギフト 父の日","ONESIZE","ブルー","X11","Y12",,"0","10","9","-1",
"2026/09/04 20:34:17","受注取込","7987667","7987667X11Y15","【もこもこ秋冬】13種類 ハット レディース メンズ バケットハット ★REV NEK 7987667 ボア ムートン ファー もこもこ 秋冬 ヒョウ柄 カモ チェック 無地 おしゃれ プレゼント ギフト クリスマス 送料無料","ONESIZE","E","X11","Y15",,"0","20","19","-1",
"2026/09/04 20:34:17","受注取込","7986639","7986639X11Y11","【手作り/本物のコーヒー豆】おしゃれ ブレスレット パワーストーン メンズ NEK ★REVL 7986639 レディース バングル ビーズ スピリチュアル エネルギーアクセサリー プレゼント ギフト 送料無料","ONESIZE","コーヒー","X11","Y11",,"0","26","25","-1",
"2026/09/04 20:35:48","受注取込","7987400","7987400X11Y11","【とにかくデカい！/普通サイズあり！】キャップ メンズ 大きいサイズ 帽子 深め ビッグサイズ ★REVM 7987400 BIG SIZE メンズキャップ帽子 大きめ 大きい帽子 メンズ帽子 レディース 春 夏 春夏 プレゼント ギフト 母の日 父の日 送料無料","大きいサイズ","A-ブラック","X11","Y11",,"0","251","250","-1",
"2026/09/04 20:36:48","受注取込","7987810","7987810X11Y23","数字油絵 DIY 大人の塗り絵 子供の塗り絵 夏休みの宿題 インテリア 絵画 NEK ★REV 7987810 数字塗り絵 数字 油絵 セット 可愛い 塗り絵 大人 ぬり絵 ぬりえ 大人のぬりえ パズル塗り絵 パズルぬりえ インテリア おしゃれ アートパネル 暇つぶし プレゼント ギフト 送料無料","ONESIZE","M","X11","Y23",,"0","1","0","-1",
"2026/09/04 20:37:00","受注取込","7986572","7986572X11Y33","【新型/IQOS イルマ i ワン用】アイコス イルマiワン ILUMA ケース 保護ケース NEK ★REVL 7986572 iqosイルマワン イルマワンカバー 耐衝撃 おしゃれ iqos iluma one 専用 IQOSイルマワン保護ケース レザー ヒョウ柄 ペイズリー 保護カバー アイコスケース アクセサリー 送料無料","イルマiワン","77","X11","Y33",,"0","5","4","-1",
"2026/09/04 20:38:17","受注取込","7986572","7986572X11Y20","【新型/IQOS イルマ i ワン用】アイコス イルマiワン ILUMA ケース 保護ケース NEK ★REVL 7986572 iqosイルマワン イルマワンカバー 耐衝撃 おしゃれ iqos iluma one 専用 IQOSイルマワン保護ケース レザー ヒョウ柄 ペイズリー 保護カバー アイコスケース アクセサリー 送料無料","イルマiワン","64","X11","Y20",,"0","16","15","-1",
"2026/09/04 20:38:17","受注取込","8000345","8000345X11Y15","栃木レザー 長財布 本革 レザー 日本製 メンズ レディース ★REV 8000345 TDSG-1008【P2】 職人技 無地 5色展開 プレゼント ギフト","ONESIZE","キャメル","X11","Y15",,"0","1","0","-1",
"2026/09/04 20:38:17","受注取込","8000345","8000345X11Y13","栃木レザー 長財布 本革 レザー 日本製 メンズ レディース ★REV 8000345 TDSG-1008【P2】 職人技 無地 5色展開 プレゼント ギフト","ONESIZE","ネイビー","X11","Y13",,"0","3","2","-1",
"2026/09/04 20:38:17","受注取込","8000345","8000345X11Y16","栃木レザー 長財布 本革 レザー 日本製 メンズ レディース ★REV 8000345 TDSG-1008【P2】 職人技 無地 5色展開 プレゼント ギフト","ONESIZE","オリーブ","X11","Y16",,"0","2","1","-1",
"2026/09/04 20:40:48","受注取込","7987128","7987128X11Y11","【コンパクト】電動エアーポンプ 充電式 強力 USB Type-c 電動ポンプ ★REVL 7987128 エアーポンプ 空気入れ 3000mAh IPX4防水 4000pa アウトドア マット 浮き輪 ノズル付き 送料無料","ONESIZE","ブラック","X11","Y11",,"0","4","3","-1",
"2026/09/04 20:40:48","受注取込","7986537","7986537X12Y11","Indian Motocycle スウェットシャツ トレーナー メンズ レディース ブランド インディアン IC-29H65 7986537 インディアンモトサイクル チェーン刺繍 送料無料","L","ブラック","X12","Y11",,"0","1","0","-1",
"2026/09/04 20:43:50","受注取込","7990407","7990407X11Y11","ミニ財布 極小財布 本革 レザー 二つ折り財布 小さい財布 カード収納 定期入れ メンズ レディース 小銭入れ プレゼント 革 サイフ 小銭入れ付き 送料無料 ★REV NEK 7990407 プレゼント ギフト","ONESIZE","ブラック","X11","Y11",,"0","3","2","-1",
"2026/09/04 20:43:50","受注取込","7986745","7986745X13Y11","【内に炎を宿す神秘の天然石】フレイムストーン パワーストーン スピリチュアル NEK ★REV 7986745 天然石 ブレスレット アクセサリー レディース メンズ エネルギー 金運 守護 情熱 自信 集中力 プレゼント ギフト 送料無料","10mm","フレイムストーン","X13","Y11",,"0","18","17","-1",
"2026/09/04 20:45:05","受注取込","7987186","7987186X11Y13","アップルペンシル タッチペン タブレット ケース カバー Apple Pencil NEK ★REV 7987186 第1世代 第2世代 レザー ゴムバンド付き スタイラス ペン ケース アップル ペンシル iPad ペンホルダー 紛失防止 ipad ペンケース apple pencil case Apple Pencil 2nd generation","ONESIZE","ブラック","X11","Y13",,"0","59","58","-1",
"2026/09/04 20:45:05","受注取込","7987354","7987354X11Y13","USAブランド 靴下 ソックス NEK ★REV 7987354 メンズ レディース FRUIT OF THE LOOM フルーツオブザルーム プレゼント ギフト 送料無料","メンズ","クォーター【中】","X11","Y13",,"0","18","17","-1",
"2026/09/04 20:45:05","受注取込","7986757","7986757X11Y12","【置くだけで充電】 ワイヤレス充電器 車載 ホルダー 置き型 Type-C充電 USB-A NEK ★REVL 7986757 最大20W 車載ワイヤレス充電パッド 充電 充電器 車載 スマホ ホルダー スタンド 車 携帯ホルダー 急速充電 サイズ調整可能 滑り止め iphone/Android 1M PD充電 スマホアクセサリー Qi規格 送料無料","ONESIZE","TYPE-C(1m)","X11","Y12",,"0","81","80","-1",
"2026/09/04 20:45:05","受注取込","7986757","7986757X11Y12","【置くだけで充電】 ワイヤレス充電器 車載 ホルダー 置き型 Type-C充電 USB-A NEK ★REVL 7986757 最大20W 車載ワイヤレス充電パッド 充電 充電器 車載 スマホ ホルダー スタンド 車 携帯ホルダー 急速充電 サイズ調整可能 滑り止め iphone/Android 1M PD充電 スマホアクセサリー Qi規格 送料無料","ONESIZE","TYPE-C(1m)","X11","Y12",,"0","80","79","-1",
"2026/09/04 20:46:48","受注取込","7987400","7987400X11Y11","【とにかくデカい！/普通サイズあり！】キャップ メンズ 大きいサイズ 帽子 深め ビッグサイズ ★REVM 7987400 BIG SIZE メンズキャップ帽子 大きめ 大きい帽子 メンズ帽子 レディース 春 夏 春夏 プレゼント ギフト 母の日 父の日 送料無料","大きいサイズ","A-ブラック","X11","Y11",,"0","250","249","-1",
"2026/09/04 20:47:49","受注取込","7992723","7992723X13Y11","お得！ 送料無料 4枚入り 福袋 Dickies ディッキーズ ボクサーパンツ メンズ かわいい NEK ★REV <br> パンツ ボクサーパンツ セット メンズ下着 メンズボクサーパンツ メンズボクサー 大きいサイズ 大きめ 特大 3L 下着 インナー メンズ usa まとめ買い プレゼント ギフト","LL","福袋4枚セット","X13","Y11",,"0","7","6","-1",
"2026/09/04 20:49:17","受注取込","7987400","7987400X11Y16","【とにかくデカい！/普通サイズあり！】キャップ メンズ 大きいサイズ 帽子 深め ビッグサイズ ★REVM 7987400 BIG SIZE メンズキャップ帽子 大きめ 大きい帽子 メンズ帽子 レディース 春 夏 春夏 プレゼント ギフト 母の日 父の日 送料無料","大きいサイズ","F-ブラック","X11","Y16",,"0","148","147","-1",
"2026/09/04 20:49:17","受注取込","7992723","7992723X14Y11","お得！ 送料無料 4枚入り 福袋 Dickies ディッキーズ ボクサーパンツ メンズ かわいい NEK ★REV <br> パンツ ボクサーパンツ セット メンズ下着 メンズボクサーパンツ メンズボクサー 大きいサイズ 大きめ 特大 3L 下着 インナー メンズ usa まとめ買い プレゼント ギフト","3L","福袋4枚セット","X14","Y11",,"0","93","92","-1",
"2026/09/04 20:51:47","受注取込","7988215","7988215X16Y15","【とにかくデカい！】 大きいサイズ キャップ メッシュキャップ 送料無料 大きめ ビッグサイズ BIG SIZE ★REV 7988215 <br> 帽子 ハット キャップ ワークキャップ メンズキャップ 大きいサイズ バケット 大きい帽子 メンズ バケハ メンズ帽子 大きい 頭 メッシュ 全39カラー","FF","5","X16","Y15",,"0","161","160","-1",
"2026/09/04 20:51:47","受注取込","7987794","7987794X12Y13","【大きいサイズもあり】キャスハンチング キャップ メンズ レディース CULTURE MART NEK 101294 ★REV 7987794 ハンチング帽子 ハンチング帽 秋冬 帽子 ハンチング キャスケット メンズ帽子 レディース帽子秋冬 秋冬帽子 メンズハンチング おしゃれ カルチャーマート","大きいサイズ","ブラック(3)","X12","Y13",,"0","23","22","-1",
"2026/09/04 20:52:45","受注取込","7986591","7986591X11Y11","【日本製/重厚/姫路レザー】日本製 ベルト メンズ 本革 ヌメ革 姫路レザー ステンレススチール製バックル ★REVL 7986591 高耐久バックル ビジネス カジュアル 送料無料","ONESIZE","ブラック","X11","Y11",,"0","16","15","-1",
"2026/09/04 20:52:48","受注取込","7986923","7986923X11Y11","【本革 】Indian Motocycle インディアンモトサイクル 2way ショルダーバッグ 本革 IA-1001 7986923 レザー ブランド おしゃれ メンズ レディース ショルダー カウハイド ネイティブアメリカン","ONESIZE","ブラック","X11","Y11",,"0","12","11","-1",
"2026/09/04 20:54:17","受注取込","7986723","7986723X12Y13","【握りを極める本革仕様】パワーグリップ 筋トレグローブ トレーニンググローブ フィットネスグローブ NEK ★REVL 7986723 メンズ レディース 本革 本皮 ジム トレーニング デッドリフト ベンチプレス 手袋 グローブ 握力補助 ラットプルダウン 筋トレ バーベル 懸垂 左右セット ウェイトリフティング 滑り止め加工 送料無料","M","ダークブラウン","X12","Y13",,"0","3","2","-1",
"2026/09/04 20:55:47","受注取込","7987330","7987330X11Y12","【大容量おしゃれ】リュックサック リュック バックパック ★REV 7987330 デイバッグ バッグ メンズ レディース おしゃれ 大容量 通学 通勤 小旅行 ブラック 黒 撥水 送料無料","ONESIZE","ブラック(きょうりゅう)","X11","Y12",,"0","23","22","-1",
"2026/09/04 20:55:47","受注取込","7987610","7987610X11Y11","【お得3本セット】ピンセット イルマ ワン テリア ILUMA TEREA アイコス NEK ★REV 7987610 IQOS グロー プルーム 電子タバコ お掃除 DIY LTG プラモデル 模型 工作 クリーニングフィルター クリーナー プレゼント ギフト 母の日 父の日 送料無料","ONESIZE","3本セット","X11","Y11",,"0","205","204","-1",
"2026/09/04 20:55:47","受注取込","7988624","7988624X11Y12","【最安値に挑戦 速攻配達】水タバコ シーシャ 本体 フーカ Shisha Hookah セット ブラック 本体 水パイプ 送料無料 ★REV 7988624 プレゼント ギフト","ONESIZE","グリーン","X11","Y12",,"0","7","6","-1",
"2026/09/04 20:55:47","受注取込","7986654","7986654X20Y11","【お得な100枚セット】宅配ビニール袋 100枚 お得 安い 宅配袋 宅配ポリ袋 ポリ袋 強テープ付き 17cm 20cm 25cm 30cm 32cm 40cm 45cm 50cm 60cm 梱包 袋 梱包材 ビニール 宅配 7986654 プレゼント ギフト","60cm×80cm","ワンカラー","X20","Y11",,"0","20","19","-1",
"2026/09/04 20:58:28","受注取込","7986647","7986647X11Y16","【多機能バッグインバッグ】大容量 軽量 バッグインバッグ 収納ポーチ レディース NEK ★REVL 7986647 メンズ 化粧ポーチ インナーバッグ トラベルオーガナイザー マザーズバッグ トラベルポーチ 整理整頓 送料無料","ONESIZE","パープル","X11","Y16",,"0","4","3","-1",
"2026/09/04 20:58:28","受注取込","7986757","7986757X11Y12","【置くだけで充電】 ワイヤレス充電器 車載 ホルダー 置き型 Type-C充電 USB-A NEK ★REVL 7986757 最大20W 車載ワイヤレス充電パッド 充電 充電器 車載 スマホ ホルダー スタンド 車 携帯ホルダー 急速充電 サイズ調整可能 滑り止め iphone/Android 1M PD充電 スマホアクセサリー Qi規格 送料無料","ONESIZE","TYPE-C(1m)","X11","Y12",,"0","79","78","-1",
"2026/09/04 20:58:28","受注取込","7994226","7994226X11Y12","【大きいサイズもあり 限定モデル】AVIREX メッシュキャップ メンズ 帽子 メンズ キャップ メンズ 14023200 14670200 レディース ★REV 父の日 贈り物 プレゼント ブランド アビレックス 送料無料 正規品 ブラック 黒 ネイビー 紺 グレー 灰 yos プレゼント ギフト","普通サイズ_14023200","80_ブラック","X11","Y12",,"0","31","30","-1",
"2026/09/04 20:58:28","受注取込","7994226","7994226X11Y13","【大きいサイズもあり 限定モデル】AVIREX メッシュキャップ メンズ 帽子 メンズ キャップ メンズ 14023200 14670200 レディース ★REV 父の日 贈り物 プレゼント ブランド アビレックス 送料無料 正規品 ブラック 黒 ネイビー 紺 グレー 灰 yos プレゼント ギフト","普通サイズ_14023200","85_グレー","X11","Y13",,"0","2","1","-1",
"2026/09/04 20:58:30","受注取込","7987475","7987475X11Y17","【防犯】護身用 タクティカルスティック 防災グッズ 熊対策グッズ クマ対策 タクティカルペン キーホルダー 女性 キーリング NEK ★REVM 7987475 棒 車 ガラス 防災 災害 車内 軽量 不審者 痴漢 痴漢対策 武器 護身グッズ 自己防衛 コンパクト 非常時 バッググリップ","ONESIZE","ネイビー","X11","Y17",,"0","43","42","-1",
"2026/09/04 20:59:02","受注取込","7988047","7988047X11Y11","2WAY ミニ ボストンバッグ メンズ レディース ★REV 7988047 小さめ 小型 ショルダーバッグ ミニバッグ ドラムバッグ 小旅行 アウトドア キャンプ ジム 軽量 送料無料","ONESIZE","ブラック","X11","Y11",,"0","37","36","-1",
"2026/09/04 20:59:59","受注取込","7992723","7992723X14Y11","お得！ 送料無料 4枚入り 福袋 Dickies ディッキーズ ボクサーパンツ メンズ かわいい NEK ★REV <br> パンツ ボクサーパンツ セット メンズ下着 メンズボクサーパンツ メンズボクサー 大きいサイズ 大きめ 特大 3L 下着 インナー メンズ usa まとめ買い プレゼント ギフト","3L","福袋4枚セット","X14","Y11",,"0","92","91","-1",
"2026/09/04 20:59:59","受注取込","7988047","7988047X11Y13","2WAY ミニ ボストンバッグ メンズ レディース ★REV 7988047 小さめ 小型 ショルダーバッグ ミニバッグ ドラムバッグ 小旅行 アウトドア キャンプ ジム 軽量 送料無料","ONESIZE","ネイビー","X11","Y13",,"0","3","2","-1",
"2026/09/04 20:59:59","受注取込","7986572","7986572X11Y41","【新型/IQOS イルマ i ワン用】アイコス イルマiワン ILUMA ケース 保護ケース NEK ★REVL 7986572 iqosイルマワン イルマワンカバー 耐衝撃 おしゃれ iqos iluma one 専用 IQOSイルマワン保護ケース レザー ヒョウ柄 ペイズリー 保護カバー アイコスケース アクセサリー 送料無料","イルマiワン","85","X11","Y41",,"0","22","21","-1",
"2026/09/04 20:59:59","受注取込","7986770","7986770X11Y33","【新型 アイコス イルマ i ワン 対応】アイコス イルマワン ILUMA i ケース 保護ケース iqosイルマワン イルマワンカバー NEK ★REV 7986770 耐衝撃 おしゃれ iqos iluma one 専用 IQOSイルマワン保護ケース レザー ヒョウ柄 ペイズリー 保護カバー アクセサリー アイコスケース 送料無料","イルマワン","23","X11","Y33",,"0","6","5","-1",
"2026/09/04 21:02:47","受注取込","7992723","7992723X14Y11","お得！ 送料無料 4枚入り 福袋 Dickies ディッキーズ ボクサーパンツ メンズ かわいい NEK ★REV <br> パンツ ボクサーパンツ セット メンズ下着 メンズボクサーパンツ メンズボクサー 大きいサイズ 大きめ 特大 3L 下着 インナー メンズ usa まとめ買い プレゼント ギフト","3L","福袋4枚セット","X14","Y11",,"0","91","90","-1",
"2026/09/04 21:06:18","受注取込","7987554","7987554X11Y15","【速攻配達！電池付き！大音量で撃退】防犯ブザー 防犯アラーム 防犯ベル 防犯グッズ 大音量 生活防水 NEK ★REVF 7987554 ランドセル 子ども 男の子 女の子 大人 女性 小学生 中学生 卒園 入学 LEDライト付 キャンプ 登山 アウトドア プレゼント ギフト 送料無料","ONESIZE","ブルー","X11","Y15",,"0","38","37","-1",
"2026/09/04 21:06:18","受注取込","7987610","7987610X11Y11","【お得3本セット】ピンセット イルマ ワン テリア ILUMA TEREA アイコス NEK ★REV 7987610 IQOS グロー プルーム 電子タバコ お掃除 DIY LTG プラモデル 模型 工作 クリーニングフィルター クリーナー プレゼント ギフト 母の日 父の日 送料無料","ONESIZE","3本セット","X11","Y11",,"0","204","203","-1",
"2026/09/04 21:06:18","受注取込","7988044","7988044X11Y16","ショルダーバッグ メンズ ワンショルダー 斜め掛け ★REV 7988044 おしゃれバッグ Vintage 斜めがけ メンズボディバック かっこいい ボディバッグ レザー ワンショルダーバッグ カバン 鞄 かばん レザー調 メンズバッグ 斜めがけ メンズショルダーバック 散歩 送料無料","ONESIZE","F_ダークブラウン","X11","Y16",,"0","9","8","-1",
"2026/09/04 21:07:48","受注取込","7986569","7986569X11Y19","【お得な4枚シート/ピンセット付き】シール おしり 立体シール ぷくぷくシール 男の子 女の子 シール帳 3D Puffy Playland Stickers 大人 おもしろ NEK ★REVO 7986569 ミリタリー リアル デコシール 魚 昆虫 水族館 コスメ 可愛いステッカー 福袋 デコ 手帳 知育 送料無料","4枚セット","9.昆虫シール4種類","X11","Y19",,"0","220","219","-1",
"2026/09/04 21:07:48","受注取込","7992723","7992723X13Y11","お得！ 送料無料 4枚入り 福袋 Dickies ディッキーズ ボクサーパンツ メンズ かわいい NEK ★REV <br> パンツ ボクサーパンツ セット メンズ下着 メンズボクサーパンツ メンズボクサー 大きいサイズ 大きめ 特大 3L 下着 インナー メンズ usa まとめ買い プレゼント ギフト","LL","福袋4枚セット","X13","Y11",,"0","6","5","-1",
"2026/09/04 21:09:33","受注取込","7987920","7987920X11Y12","【驚異的な吸盤力】シャワーフック 吸盤 交換 シャワーラック シャワーホルダー ソープトレー ★REV 7987920 石鹸置き 角度調整 吸着 シャワーハンガー 吸盤フック バスルーム 取り外し可能 バス用品 簡単取付 浴室用ラック 送料無料","ONESIZE","ソープトレー","X11","Y12",,"0","43","42","-1",
"2026/09/04 21:10:47","受注取込","7992723","7992723X13Y11","お得！ 送料無料 4枚入り 福袋 Dickies ディッキーズ ボクサーパンツ メンズ かわいい NEK ★REV <br> パンツ ボクサーパンツ セット メンズ下着 メンズボクサーパンツ メンズボクサー 大きいサイズ 大きめ 特大 3L 下着 インナー メンズ usa まとめ買い プレゼント ギフト","LL","福袋4枚セット","X13","Y11",,"0","5","4","-1",
"2026/09/04 21:10:47","受注取込","7994812","7994812X12Y33","サファリハット メンズ 釣り 帽子 ハット レディース SUNS(サンズ)  撥水 アウトドア 登山 キャンプ バーベキュー NEK ★REV H-051 H-053 送料無料 大きいサイズあり キッズサイズ 子供 UVカット アドベンチャーハット 父の日 プレゼント ユニセックス 春 夏 夏フェス ギフト","大きいサイズ","GREIGE(H-051)","X12","Y33",,"0","111","110","-1",
"2026/09/04 21:13:17","受注取込","7997141","7997141X11Y11","特大 スイカ ドーナツ 浮き輪 浮輪 送料無料 プール 大人用 子供用 NEK 7997141 ★REV 120cm 90cm 80cm 70cm 60cm サイズ 大きい 大きめ うきわ ウキワ すいか 海 海水浴 ビックフロート 水上 レジャー かわいい フローティングベッド 西瓜 子供用浮き輪 大人 子供 こども","120cm","スイカ","X11","Y11",,"0","612","611","-1",
"2026/09/04 21:13:17","受注取込","7987409","7987409X11Y12","【130cm 大きいサイズ対応】本革 床革 ベルト メンズ 130cm NEK ★REV 7987409 大きいサイズ対応 シンセティックレザー ビジネスベルト カジュアルベルト 父の日 送料無料","ONESIZE","ブラウンA","X11","Y12",,"0","8","7","-1",
"2026/09/04 21:13:17","受注取込","7988088","7988088X11Y11","安全靴 スニーカー エアウォーク AIR WALK Y_YU AW-920 グリーン フレックスフィット ローカット メンズ セーフティシューズ 樹脂先芯 軽量 衝撃吸収 負担軽減 作業靴 オシャレ  かかとが踏める ムレにくい","25.0cm ","グリーン","X11","Y11",,"0","76","75","-1",
"2026/09/04 21:13:17","受注取込","7988087","7988087X11Y11","安全靴 スニーカー エアウォーク AIR WALK AW-930 7988087 ブルー フレックスフィット ローカット メンズ セーフティシューズ 樹脂先芯 軽量 衝撃吸収 負担軽減 作業靴 オシャレ  かかとが踏める ムレにくい","25.0cm ","ブルー","X11","Y11",,"0","7","6","-1",
"2026/09/04 21:15:47","受注取込","7988087","7988087X11Y11","安全靴 スニーカー エアウォーク AIR WALK AW-930 7988087 ブルー フレックスフィット ローカット メンズ セーフティシューズ 樹脂先芯 軽量 衝撃吸収 負担軽減 作業靴 オシャレ  かかとが踏める ムレにくい","25.0cm ","ブルー","X11","Y11",,"0","6","5","-1",
"2026/09/04 21:17:17","受注取込","7988097","7988097X15Y12","【羊ムートン付】 防寒ブーツ スノーブーツ ウインターブーツ ブーツ ★REV 7988097 <br> 冬 ムートンブーツ メンズ ムートン メンズブーツ 防寒靴 メンズ冬靴 サイドジップ 靴 シューズ 防滑 撥水 アウトドア キャンプ スノボ 登山 プレゼント ギフト 送料無料","27.0cm","ネイビー","X15","Y12",,"0","3","2","-1",
"2026/09/04 21:17:17","受注取込","7988097","7988097X15Y11","【羊ムートン付】 防寒ブーツ スノーブーツ ウインターブーツ ブーツ ★REV 7988097 <br> 冬 ムートンブーツ メンズ ムートン メンズブーツ 防寒靴 メンズ冬靴 サイドジップ 靴 シューズ 防滑 撥水 アウトドア キャンプ スノボ 登山 プレゼント ギフト 送料無料","27.0cm","ブラック","X15","Y11",,"0","156","155","-1",
"2026/09/04 21:17:17","受注取込","7987275","7987275X11Y13","AVIREX アビレックス ニットキャップ ニット帽 NEK ★REV 7987275 帽子 大きい 大きめ 大きいサイズ ニット素材 メンズ レディース アヴィレックス ブランド プレゼント ギフト ミリタリー アメカジ ストリート アウトドア プレゼント ギフト 送料無料","ONESIZE","チャコール","X11","Y13",,"0","76","75","-1",
"2026/09/04 21:17:17","受注取込","7987626","7987626X11Y11","【お得な5個セット】LEDライト キーホルダー 小型LEDライト NEK ★REV 7987626 キーライト 高輝度 5灯 LR44 ボタン電池 LTG 送料無料","ONESIZE","5本セット","X11","Y11",,"0","482","480","-2",
"2026/09/04 21:17:17","受注取込","7988208","7988208X11Y12","【旅行にピッタリ】ボストンバッグ ボストン メンズ レディース ★REV 7988208 小旅行 大容量 2泊 大きい ゴルフ ビジネス 出張 修学旅行 収納ポケット多数 シンプル 送料無料","ONESIZE","ブラック","X11","Y12",,"0","9","8","-1",
"2026/09/04 21:17:17","受注取込","7994388","7994388X11Y14","一枚革 ヌメ革 GENUINE LEATHER 本革 レザー Vintage ベルト ★REVM 7994388 メンズ レディース 新品 125cm サイズ調整可能 ALI 180824-2 プレゼント ギフト","ONESIZE","ダークブラウン","X11","Y14",,"0","1","0","-1",
"2026/09/04 21:18:19","受注取込","7987400","7987400X11Y16","【とにかくデカい！/普通サイズあり！】キャップ メンズ 大きいサイズ 帽子 深め ビッグサイズ ★REVM 7987400 BIG SIZE メンズキャップ帽子 大きめ 大きい帽子 メンズ帽子 レディース 春 夏 春夏 プレゼント ギフト 母の日 父の日 送料無料","大きいサイズ","F-ブラック","X11","Y16",,"0","147","145","-2",
"2026/09/04 21:19:49","受注取込","7992723","7992723X11Y11","お得！ 送料無料 4枚入り 福袋 Dickies ディッキーズ ボクサーパンツ メンズ かわいい NEK ★REV <br> パンツ ボクサーパンツ セット メンズ下着 メンズボクサーパンツ メンズボクサー 大きいサイズ 大きめ 特大 3L 下着 インナー メンズ usa まとめ買い プレゼント ギフト","M","福袋4枚セット","X11","Y11",,"0","83","82","-1",
"2026/09/04 21:23:02","受注取込","7995363","7995363X5Y3","安全靴 鋼鉄先芯 スニーカー ブーツ シューズ メンズ 父の日 贈り物 プレゼント セーフティーシューズ 耐油 防滑 ブラック 黒 7995363 作業用 作業靴 おしゃれ かっこいい ハイカット 釘踏み抜き防止 靴 紐靴 レースアップ ALI プレゼント ギフト","27.0cm","C_7991146","X5","Y3",,"0","7","6","-1",
"2026/09/04 21:23:48","受注取込","7986849","7986849X11Y11","【ゴージャスに遊ぶ】トランプ プラスチック 54枚 撥水 NEK ★REV 7986849 ブラック ゴールド シルバー ピンクゴールド カードゲーム マジックトランプ パーティーグッズ プレゼント ギフト ポーカー ブラックジャック 手品 送料無料","ONESIZE","A","X11","Y11",,"0","32","31","-1",
"2026/09/04 21:28:22","受注取込","7986675","7986675X11Y11","【深め/美シルエット】メッシュキャップ キャップ 帽子 メンズ レディース 野球帽 ★REVL 7986675 A-Frame Trucker アメカジ 刺繍 送料無料","ONESIZE","A","X11","Y11",,"0","24","23","-1",
"2026/09/04 21:28:31","受注取込","7986600","7986600X11Y11","ふわもこキーチャーム チャーム キーホルダー バッグ飾り NEK ★REVH 7986600 レディース キッズ アクセサリー 送料無料","ONESIZE","【A】チャコール×ホワイト","X11","Y11",,"0","40","39","-1",
"2026/09/04 21:28:31","受注取込","7986600","7986600X11Y18","ふわもこキーチャーム チャーム キーホルダー バッグ飾り NEK ★REVH 7986600 レディース キッズ アクセサリー 送料無料","ONESIZE","【H】ライトグレー","X11","Y18",,"0","12","11","-1",
"2026/09/04 21:31:18","受注取込","7987395","7987395X11Y11","【中折れ対策】ILUMA TEREA イルマ テリア アイコス IQOS グロー プルーム 電子タバコ お掃除 NEK ★REV 7987395 LTG クリーニングフィルター クリーナー プレゼント ギフト 母の日 父の日 送料無料","ONESIZE","ホワイト","X11","Y11",,"0","72","71","-1",
"2026/09/04 21:32:31","受注取込","7987029","7987029X11Y17","【直射日光をはね返す】コカゲル キャップ 洗濯機洗いOK 体感マイナス10℃ UV NEK ★REV CC2R502 7987029 アウトドア SEK サイズ調整 大きいサイズ ユニセックス アウトドア 夏 対策 熱中症 木陰 日よけ 日焼け 送料無料","ONESIZE","グレージュ","X11","Y17",,"0","114","113","-1",
"2026/09/04 21:32:47","受注取込","7988438","7988438X11Y11","【超絶おしゃれ】マスク フリルマスク リボンマスク レディース 抗菌 防臭 UVカット NEK ★REV 7988438 おしゃれ 可愛い 送料無料 エレガント 洗えるマスク 冷感 飛沫防止 マスクカバー 血色マスク","【A】フリル","ベージュ","X11","Y11",,"0","374","373","-1",
"2026/09/04 21:32:47","受注取込","7987186","7987186X11Y13","アップルペンシル タッチペン タブレット ケース カバー Apple Pencil NEK ★REV 7987186 第1世代 第2世代 レザー ゴムバンド付き スタイラス ペン ケース アップル ペンシル iPad ペンホルダー 紛失防止 ipad ペンケース apple pencil case Apple Pencil 2nd generation","ONESIZE","ブラック","X11","Y13",,"0","58","57","-1",
"2026/09/04 21:32:47","受注取込","7987678","7987678X13Y14","【洗濯可能】トレーニンググローブ 手袋 筋トレ 筋トレグローブ メンズ レディース 指無し NEK ★REV 7987678 ウェイトリフティング 防滑 クッション性 伸びる 洗濯OK バーベル サイクリング ヨガ グリップ","L","B-ブラック","X13","Y14",,"0","38","37","-1",
"2026/09/04 21:34:01","受注取込","7986553","7986553X11Y13","【重ねるだけで、おしゃれ】指輪 メンズ レディース リング アクセサリー NEK ★REVO 7986553 ファランジリング フリーサイズ ピンキー ブラックマット シルバー ゴールド 半端リング アクセサリー 送料無料","ONESIZE","C","X11","Y13",,"0","19","18","-1",
"2026/09/04 21:35:17","受注取込","7990254","7990254X11Y11","【送料無料 速攻配達】AVIREX ニットキャップ ニット帽 帽子 メンズ レディース スウェットキャップ  NEK ★REV 14649300 ルーズ キャップ ブランド アビレックス リバーシブル AX REVERSIBLE SWEAT CAP 送料無料 プレゼント ギフト","ONESIZE","カーキ(35)","X11","Y11",,"0","253","252","-1",
"2026/09/04 21:37:47","受注取込","7986466","7986466X11Y13","【大きいサイズ】 キャップ 帽子 メッシュキャップ ランニングキャップ NEK ★REVL 7986466 メンズ レディース 速乾 軽量 ジョギング アウトドア キャンプ スポーツ 釣り 海 プール 送料無料","ONESIZE","ダークグレー","X11","Y13",,"0","20","19","-1",
"2026/09/04 21:40:31","受注取込","7986855","7986855X11Y11","【潜在能力を引き出す】ラブラドライト パワーストーン ネックレス NEK ★REV 7986855 チョーカー メンズ レディース 天然石 お守り プレゼント 送料無料 アクセサリー","ONESIZE","オーロラ","X11","Y11",,"0","24","23","-1",
"2026/09/04 21:40:31","受注取込","7986528","7986528X11Y12","【Ploom AURA】プルーム オーラ カバー ケース レザー調 ストラップ付 保護 耐衝撃 NEK ★REVL 7986528 おしゃれ プルームオーラ 保護ケース 保護カバー アクセサリー 送料無料","ONESIZE","B","X11","Y12",,"0","9","8","-1",
"2026/09/04 21:40:37","受注取込","7988090","7988090X14Y11","安全靴 スニーカー エアウォーク AIR WALK Y_YU AW-890 ブルー迷彩 アクティブライト ローカット メンズ セーフティシューズ 樹脂先芯 軽量 衝撃吸収 負担軽減 作業靴 オシャレ","26.5cm ","ブルー迷彩","X14","Y11",,"0","134","133","-1",
"2026/09/04 21:41:47","受注取込","7986572","7986572X11Y30","【新型/IQOS イルマ i ワン用】アイコス イルマiワン ILUMA ケース 保護ケース NEK ★REVL 7986572 iqosイルマワン イルマワンカバー 耐衝撃 おしゃれ iqos iluma one 専用 IQOSイルマワン保護ケース レザー ヒョウ柄 ペイズリー 保護カバー アイコスケース アクセサリー 送料無料","イルマiワン","74","X11","Y30",,"0","9","8","-1",
"2026/09/04 21:45:32","受注取込","7986513","7986513X11Y11","【2個セット】サッカー応援バングル シリコン リストバンド ブレスレット 蓄光タイプ NEK ★REVL 7986513 防水 メンズ レディース キッズ 日本 ブラジル アルゼンチン フランス ドイツ スペイン 応援グッズ アクセサリー プレゼント ギフト 送料無料","ONESIZE","日本","X11","Y11",,"0","237","236","-1",
"2026/09/04 21:45:32","受注取込","7986513","7986513X11Y17","【2個セット】サッカー応援バングル シリコン リストバンド ブレスレット 蓄光タイプ NEK ★REVL 7986513 防水 メンズ レディース キッズ 日本 ブラジル アルゼンチン フランス ドイツ スペイン 応援グッズ アクセサリー プレゼント ギフト 送料無料","ONESIZE","蓄光ブルー","X11","Y17",,"0","172","171","-1",
"2026/09/04 21:45:48","受注取込","7986590","7986590X11Y11","【新型 アイコス イルマ i ワン 対応】日本製 本革レザー アイコスイルマワンケース NEK ★REVL 7986590 本革 レザー 新型 ILUMA Artisan aging 保護ケース AA-020 iqosイルマワン イルマワンカバー 経年変化 総革 ヌメ革 おしゃれ iqos iluma one IQOSイルマワン レザー 保護カバー アイコスケース Made in Japan 送料無料","ONESIZE","ナチュラル","X11","Y11",,"0","12","11","-1",
"2026/09/04 21:45:48","受注取込","7988576","7988576X11Y11","【USBを直挿しで超簡単】パソコン専用イヤホン LTG USB マイク付き zoom 用 イヤホン マイク ステレオイヤホン ノートパソコン ヘッドフォン 高音質で通話可能 音量調整 2.5mの長ケーブル 軽量密閉型ヘッドホン 超重低音 USB接続 2.5m NEK ★REV 7988576 プレゼント ギフト","ONESIZE","ブラック","X11","Y11",,"0","29","28","-1",
"2026/09/04 21:46:50","受注取込","7986747","7986747X11Y11","【日焼けシェード付き】サファリハット シェード メンズ 釣り 帽子 ハット レディース SUNS(サンズ) 撥水 アウトドア 登山 キャンプ バーベキュー NEK ★REVL H-051 送料無料 大きいサイズあり キッズサイズ 子供 UVカット アドベンチャーハット 父の日 プレゼント ユニセックス 春 夏 夏フェス ギフト","普通サイズ","SHADE_BK/BLACK(H_051)","X11","Y11",,"0","55","54","-1",
"2026/09/04 21:48:17","受注取込","7987062","7987062X14Y17","【直射日光をはね返す】コカゲル サファリハット 洗濯機洗いOK 体感マイナス10℃ アドベンチャー NEK CC2R501 ★REV 7987062 ブッシュハット UV アウトドア SEK サイズ調整 大きいサイズ ユニセックス アウトドア 夏 対策 熱中症 木陰 日よけ 日焼け 送料無料","3XL(63.5～65.0)","グレージュ","X14","Y17",,"0","62","61","-1",
"2026/09/04 21:48:17","受注取込","7986578","7986578X11Y13","【大判/カシミヤタッチ】マフラー ストール レディース メンズ ヒョウ柄 レオパード NEK ★REVH 7986578 Leopard 3カラー 防寒 カシミヤタッチ アクセサリー 送料無料","ONESIZE","ベージュ","X11","Y13",,"0","21","20","-1",
"2026/09/04 21:48:22","受注取込","7988090","7988090X15Y11","安全靴 スニーカー エアウォーク AIR WALK Y_YU AW-890 ブルー迷彩 アクティブライト ローカット メンズ セーフティシューズ 樹脂先芯 軽量 衝撃吸収 負担軽減 作業靴 オシャレ","27.0cm ","ブルー迷彩","X15","Y11",,"0","129","128","-1",
"2026/09/04 21:49:18","受注取込","7987081","7987081X11Y12","【豊富なポケット数】ショルダーバッグ メンズ レディース ミリタリー Military タクティカルバッグ ★REV 7987081 サコッシュ キャンプ アウトドア サバゲー 斜め掛け 鞄 バッグ カバン ipad OK 送料無料","ONESIZE","ブラックカモ","X11","Y12",,"0","5","4","-1",
"2026/09/04 21:49:18","受注取込","7987437","7987437X11Y11","【のびーーる 楽々ストレッチ】カジュアルベルト メッシュベルト メンズ レディース 大きいサイズ 普通サイズ 7987437 ★REVM NEK 35mm 115cm 125cm 伸縮 カジュアル シンプル おしゃれ プレゼント ギフト 父の日 母の日 送料無料","115cm","ブラック","X11","Y11",,"0","72","71","-1",
"2026/09/04 21:50:47","受注取込","7987093","7987093X11Y11","【新型iphone/IQOS対応】急速5A 3股 Type-C 充電ケーブル スマホケーブル 1.2m 2m 3m typec NEK ★REVL 7987093 新型iphone IQOS対応 USB A→Type-C×3 充電ケーブル 3in1 急速 送料無料","1.2m","ブラック_TypeA/TypeC×3","X11","Y11",,"0","8","7","-1",
"2026/09/04 21:50:47","受注取込","7987400","7987400X11Y18","【とにかくデカい！/普通サイズあり！】キャップ メンズ 大きいサイズ 帽子 深め ビッグサイズ ★REVM 7987400 BIG SIZE メンズキャップ帽子 大きめ 大きい帽子 メンズ帽子 レディース 春 夏 春夏 プレゼント ギフト 母の日 父の日 送料無料","大きいサイズ","H-オリーブ","X11","Y18",,"0","49","48","-1",
"2026/09/04 21:52:39","受注取込","7986539","7986539X11Y15","【小顔見せ】ハンチング キャスケット キャスハンチング キャップ メンズ レディース NEK ★REVO 7986539 ハンチング帽子 タクシーハット ニュースボーイキャップ ニュースボーイハット おしゃれ 送料無料","ONESIZE","E.ブラックチェック","X11","Y15",,"0","19","18","-1",
"2026/09/04 21:53:47","受注取込","7987996","7987996X13Y12","【速攻配達】ドッグウェア 犬 服 暖かい ジャージ POMII ポミー ★REVG NEK 7987996 裏起毛 小型犬 中型犬 男の子 女の子 おしゃれ インスタ映え 送料無料","L","レッド","X13","Y12",,"0","11","10","-1",
"2026/09/04 21:55:20","受注取込","7986705","7986705X11Y11","【美シルエット/こなれ感UP】ハンチング キャスケット キャスハンチング 帽子 メンズ  レディース NEK ★REVL 7986705 デニム素材 コットン100％ おしゃれ ピンストライプ 送料無料","ONESIZE","ネイビーデニム","X11","Y11",,"0","36","35","-1",
"2026/09/04 21:56:13","受注取込","7988125","7988125X11Y11","【カーボンスタイル 大きいサイズ】メッシュキャップ キャップ 帽子 ★REV 7988125 大きいサイズ 大きめ ビッグサイズ BIGサイズ シンプル 無地 カーボン調 プレゼント ギフト 送料無料","ONESIZE","ブラック","X11","Y11",,"0","23","22","-1",
"2026/09/04 21:57:31","受注取込","7986705","7986705X11Y11","【美シルエット/こなれ感UP】ハンチング キャスケット キャスハンチング 帽子 メンズ  レディース NEK ★REVL 7986705 デニム素材 コットン100％ おしゃれ ピンストライプ 送料無料","ONESIZE","ネイビーデニム","X11","Y11",,"0","35","34","-1",
"2026/09/04 22:00:17","受注取込","7987304","7987304X11Y13","【多機能】フィッシングバッグ ルアーバッグ メンズ レディース 釣りバッグ ★REV 7987304 ランガンバッグ フィッシングバッグ ショルダーバッグ エギングバッグ タックルバッグ ワンショルダー ルアー ロッドホルダー ライトゲーム アジング バズ ドリンクホルダー 魚釣り","ONESIZE","カーキカモ","X11","Y13",,"0","14","13","-1",
"2026/09/04 22:00:49","受注取込","7986705","7986705X11Y11","【美シルエット/こなれ感UP】ハンチング キャスケット キャスハンチング 帽子 メンズ  レディース NEK ★REVL 7986705 デニム素材 コットン100％ おしゃれ ピンストライプ 送料無料","ONESIZE","ネイビーデニム","X11","Y11",,"0","34","33","-1",
"2026/09/04 22:02:17","受注取込","7987031","7987031X11Y15","【大人気SUNSより当店限定！】ミニトート バッグ レディース メンズ トートバッグ トート NEK ★REVL 7987031 CRB-001 ミニ 仕切り ポケット ランチバッグ マザーズバッグ 収納 ミリタリー MA-1 シンプル おしゃれ 便利 無地 通勤 通学 ユニセックス ジッパー付き 撥水","ONESIZE","グレージュ","X11","Y15",,"0","8","7","-1",
"2026/09/04 22:04:21","受注取込","7987345","7987345X11Y15","【とにかくデカい！】 大きいサイズ キャップ 送料無料 大きめ ビッグサイズ ★REV 7987345 BIG SIZE 帽子 ハット キャップ キャスケット メンズキャップ 大きいサイズ バケット 大きい帽子 メンズ メンズ帽子 大きい 頭 メッシュキャップ","AAA","5","X11","Y15",,"0","14","13","-1",
"2026/09/04 22:05:17","受注取込","7987090","7987090X11Y13","【使い方色々!】ポーチ ベルトポーチ 小物入れ 小銭入れ カードケース NEK ★REV 7987090 短財布 財布 メンズ レディース カラビナ ミリタリー サバゲー キャンプ アウトドア メディカルポーチ 防災グッズ 送料無料","ONESIZE","オリーブ","X11","Y13",,"0","34","33","-1",
"2026/09/04 22:05:17","受注取込","7986745","7986745X12Y11","【内に炎を宿す神秘の天然石】フレイムストーン パワーストーン スピリチュアル NEK ★REV 7986745 天然石 ブレスレット アクセサリー レディース メンズ エネルギー 金運 守護 情熱 自信 集中力 プレゼント ギフト 送料無料","8mm","フレイムストーン","X12","Y11",,"0","23","22","-1",
"2026/09/04 22:05:17","受注取込","7988525","7988525X11Y11","【速攻配達】イヤホン イヤフォン 3.5mm ハイレゾ 高音質 マイク付き NEK ★REV 7988525 重低音 hi-res 有線 ノイズキャンセリング 遮音 通勤 ゲーミング 携帯 スマホ イヤホンマイク Android アクセサリー 送料無料 プレゼント ギフト","ONESIZE","ブラック","X11","Y11",,"0","16","15","-1",
"2026/09/04 22:06:18","受注取込","7987354","7987354X11Y13","USAブランド 靴下 ソックス NEK ★REV 7987354 メンズ レディース FRUIT OF THE LOOM フルーツオブザルーム プレゼント ギフト 送料無料","メンズ","クォーター【中】","X11","Y13",,"0","17","16","-1",
"2026/09/04 22:06:18","受注取込","7987685","7987685X11Y11","【長沢ベルト工業】日本製 ベルト メンズ レディース 本革 本皮 英国製ブライドルレザー Y_KO ★REV 7987685 NKB-003 3.0cm幅 30mm ビジネスベルト カジュアルベルト 長沢ベルト工業 ブランド プレゼント ギフト クリスマス 父の日 送料無料","ONESIZE","ブラック","X11","Y11",,"0","44","42","-2",
"2026/09/04 22:10:47","受注取込","7986705","7986705X11Y11","【美シルエット/こなれ感UP】ハンチング キャスケット キャスハンチング 帽子 メンズ  レディース NEK ★REVL 7986705 デニム素材 コットン100％ おしゃれ ピンストライプ 送料無料","ONESIZE","ネイビーデニム","X11","Y11",,"0","33","32","-1",
"2026/09/04 22:10:47","受注取込","7986539","7986539X11Y15","【小顔見せ】ハンチング キャスケット キャスハンチング キャップ メンズ レディース NEK ★REVO 7986539 ハンチング帽子 タクシーハット ニュースボーイキャップ ニュースボーイハット おしゃれ 送料無料","ONESIZE","E.ブラックチェック","X11","Y15",,"0","18","17","-1",
"2026/09/04 22:16:01","受注取込","7988215","7988215X31Y13","【とにかくデカい！】 大きいサイズ キャップ メッシュキャップ 送料無料 大きめ ビッグサイズ BIG SIZE ★REV 7988215 <br> 帽子 ハット キャップ ワークキャップ メンズキャップ 大きいサイズ バケット 大きい帽子 メンズ バケハ メンズ帽子 大きい 頭 メッシュ 全39カラー","UU","3","X31","Y13",,"0","7","6","-1",
"2026/09/04 22:16:17","受注取込","7994226","7994226X12Y12","【大きいサイズもあり 限定モデル】AVIREX メッシュキャップ メンズ 帽子 メンズ キャップ メンズ 14023200 14670200 レディース ★REV 父の日 贈り物 プレゼント ブランド アビレックス 送料無料 正規品 ブラック 黒 ネイビー 紺 グレー 灰 yos プレゼント ギフト","大きいサイズ_14670200","80_ブラック","X12","Y12",,"0","5","4","-1",
"2026/09/04 22:17:47","受注取込","7987653","7987653X14Y11","ドッグウェア 犬服 ネルシャツ チェック 小型犬 犬 ネコ ジャケット ハーネス NEK ★REVG 7987653 お散歩 かっこいい 可愛い オシャレ 大人 綿 フランネル タータン イエロー グリーン 長袖 暖かい ワイシャツ 重ね着 シャツ ペットウェア アウトドア","XL","イエロー×ブラウン","X14","Y11",,"0","12","11","-1",
"2026/09/04 22:17:47","受注取込","7987400","7987400X11Y33","【とにかくデカい！/普通サイズあり！】キャップ メンズ 大きいサイズ 帽子 深め ビッグサイズ ★REVM 7987400 BIG SIZE メンズキャップ帽子 大きめ 大きい帽子 メンズ帽子 レディース 春 夏 春夏 プレゼント ギフト 母の日 父の日 送料無料","大きいサイズ","W-グレー","X11","Y33",,"0","30","29","-1",
"2026/09/04 22:18:31","受注取込","7988215","7988215X16Y15","【とにかくデカい！】 大きいサイズ キャップ メッシュキャップ 送料無料 大きめ ビッグサイズ BIG SIZE ★REV 7988215 <br> 帽子 ハット キャップ ワークキャップ メンズキャップ 大きいサイズ バケット 大きい帽子 メンズ バケハ メンズ帽子 大きい 頭 メッシュ 全39カラー","FF","5","X16","Y15",,"0","160","159","-1",
"2026/09/04 22:20:28","受注取込","7986751","7986751X12Y14","【グリップ力効果/洗濯可能】トレーニンググローブ 手袋 筋トレ 筋トレグローブ NEK ★REV 7986751 レディース メンズ ジム手袋 指無し ウェイトリフティング 防滑 クッション性 伸びる 洗濯OK バーベル サイクリング ヨガ グリップ 衝撃吸収 通気性 送料無料","M","パステル","X12","Y14",,"0","10","9","-1",
"2026/09/04 22:21:47","受注取込","7992723","7992723X13Y11","お得！ 送料無料 4枚入り 福袋 Dickies ディッキーズ ボクサーパンツ メンズ かわいい NEK ★REV <br> パンツ ボクサーパンツ セット メンズ下着 メンズボクサーパンツ メンズボクサー 大きいサイズ 大きめ 特大 3L 下着 インナー メンズ usa まとめ買い プレゼント ギフト","LL","福袋4枚セット","X13","Y11",,"0","4","3","-1",
"2026/09/04 22:22:31","受注取込","7995363","7995363X4Y2","安全靴 鋼鉄先芯 スニーカー ブーツ シューズ メンズ 父の日 贈り物 プレゼント セーフティーシューズ 耐油 防滑 ブラック 黒 7995363 作業用 作業靴 おしゃれ かっこいい ハイカット 釘踏み抜き防止 靴 紐靴 レースアップ ALI プレゼント ギフト","26.5cm","B_7991149","X4","Y2",,"0","6","4","-2",
"2026/09/04 22:24:18","受注取込","7986528","7986528X11Y21","【Ploom AURA】プルーム オーラ カバー ケース レザー調 ストラップ付 保護 耐衝撃 NEK ★REVL 7986528 おしゃれ プルームオーラ 保護ケース 保護カバー アクセサリー 送料無料","ONESIZE","K","X11","Y21",,"0","9","8","-1",
"2026/09/04 22:24:18","受注取込","7986528","7986528X11Y22","【Ploom AURA】プルーム オーラ カバー ケース レザー調 ストラップ付 保護 耐衝撃 NEK ★REVL 7986528 おしゃれ プルームオーラ 保護ケース 保護カバー アクセサリー 送料無料","ONESIZE","L","X11","Y22",,"0","12","11","-1",
"2026/09/04 22:27:17","受注取込","7987678","7987678X13Y14","【洗濯可能】トレーニンググローブ 手袋 筋トレ 筋トレグローブ メンズ レディース 指無し NEK ★REV 7987678 ウェイトリフティング 防滑 クッション性 伸びる 洗濯OK バーベル サイクリング ヨガ グリップ","L","B-ブラック","X13","Y14",,"0","37","36","-1",
"2026/09/04 22:28:17","受注取込","7986651","7986651X11Y11","【銅×グラフェンの力で、スマホを瞬冷！】スマホ熱中症対策 冷却 クーラー NEK ★REVL 7986651 スマートフォン 保冷 結露なし スマホ 冷感 冷却 iphone アクセサリー 送料無料","ONESIZE","ブラック","X11","Y11",,"0","460","459","-1",
"2026/09/04 22:31:13","受注取込","7995525","7995525X1Y12","AVIREX 限定モデル キャップ 帽子 父の日 贈り物 プレゼント メンズ ★REV ブラックシリーズ 黒 アビレックス アヴィレックス メッシュキャップ ハンチング ローキャップ バケット ハット ワークキャップ レディース かっこいい yos プレゼント ギフト","ONESIZE","【L】ワークキャップ_14787700_80","X1","Y12",,"0","86","85","-1",
"2026/09/04 22:32:23","受注取込","7986528","7986528X11Y21","【Ploom AURA】プルーム オーラ カバー ケース レザー調 ストラップ付 保護 耐衝撃 NEK ★REVL 7986528 おしゃれ プルームオーラ 保護ケース 保護カバー アクセサリー 送料無料","ONESIZE","K","X11","Y21",,"0","8","7","-1",
"2026/09/04 22:32:47","受注取込","7986648","7986648X11Y11","【孔雀石】パワーストーン ブレスレット 孔雀石 マラカイト メンズ レディース NEK ★REVL 7986648 バングル スピリチュアル 天然石 エネルギーアクセサリー プレゼント ギフト 送料無料","ONESIZE","ブラック","X11","Y11",,"0","24","23","-1",
"2026/09/04 22:34:01","受注取込","7987851","7987851X11Y15","【Vintage加工】 帽子 キャップ メンズ レディース Vintage ヴィンテージ加工 ★REV 7987851 ピグメント加工 こなれ感 ローキャップ シンプル ギフト プレゼント 父の日","ONESIZE","ホワイト","X11","Y15",,"0","10","3","-7",
"2026/09/04 22:34:17","受注取込","7992723","7992723X13Y11","お得！ 送料無料 4枚入り 福袋 Dickies ディッキーズ ボクサーパンツ メンズ かわいい NEK ★REV <br> パンツ ボクサーパンツ セット メンズ下着 メンズボクサーパンツ メンズボクサー 大きいサイズ 大きめ 特大 3L 下着 インナー メンズ usa まとめ買い プレゼント ギフト","LL","福袋4枚セット","X13","Y11",,"0","3","2","-1",
"2026/09/04 22:35:47","受注取込","7986924","7986924X11Y12","【本革】Indian Motocycle インディアンモトサイクル サコッシュ ショルダーバッグ IA-993 7986924 ボディバッグ 本革 レザー ブランド おしゃれ メンズ レディース ショルダー カウハイド ネイティブアメリカン","ONESIZE","レッド","X11","Y12",,"0","7","6","-1",
"2026/09/04 22:37:17","受注取込","7988386","7988386X11Y14","【高輝度・省電力】LED 卓上 ライト 間接照明 おしゃれ テーブルランプ 北欧 ベッドライト ★REV 7988386 照明 ランプ 一人暮らし ナイトランプ ムードランプ インテリア 雑貨 スタンドライト フロアライト ベッドサイド ルームライト 寝室 usb 電気スタンド フロアランプ","ONESIZE","キャメル","X11","Y14",,"0","131","130","-1",
"2026/09/04 22:37:31","受注取込","7987122","7987122X11Y11","【深い ALLメッシュ】ハンチング キャスケット キャスハンチング キャップ 大きいサイズ NEK ★REV 7987122 深い 深め メンズ レディース ハンチング帽子 ハンチング帽 帽子 メンズ帽子 送料無料","ONESIZE","グレー","X11","Y11",,"0","7","6","-1",
"2026/09/04 22:38:18","受注取込","7986572","7986572X11Y26","【新型/IQOS イルマ i ワン用】アイコス イルマiワン ILUMA ケース 保護ケース NEK ★REVL 7986572 iqosイルマワン イルマワンカバー 耐衝撃 おしゃれ iqos iluma one 専用 IQOSイルマワン保護ケース レザー ヒョウ柄 ペイズリー 保護カバー アイコスケース アクセサリー 送料無料","イルマiワン","70","X11","Y26",,"0","5","4","-1",
"2026/09/04 22:42:53","受注取込","7987400","7987400X11Y16","【とにかくデカい！/普通サイズあり！】キャップ メンズ 大きいサイズ 帽子 深め ビッグサイズ ★REVM 7987400 BIG SIZE メンズキャップ帽子 大きめ 大きい帽子 メンズ帽子 レディース 春 夏 春夏 プレゼント ギフト 母の日 父の日 送料無料","大きいサイズ","F-ブラック","X11","Y16",,"0","145","144","-1",
"2026/09/04 22:44:17","受注取込","7986532","7986532X11Y16","【新型/IQOS イルマ i ワン用】アイコス イルマiワン ILUMA ケース 保護ケース NEK ★REVL 7986532 iqosイルマワン イルマワンカバー 耐衝撃 おしゃれ iqos iluma one 専用 IQOSイルマワン保護ケース レザー 保護カバー アイコスケース アクセサリー 送料無料","ONESIZE","ブラック","X11","Y16",,"0","20","19","-1",
"2026/09/04 22:45:47","受注取込","7986798","7986798X11Y11","【抜け感キャスケット】キャスケット  キャスハンチング キャップ メンズ レディース NEK ★REV 7986798 ハンチング帽子 タクシーハット ニュースボーイキャップ ニュースボーイハット おしゃれ 送料無料","ONESIZE","オリーブ","X11","Y11",,"0","28","27","-1",
"2026/09/04 22:45:47","受注取込","7986747","7986747X12Y11","【日焼けシェード付き】サファリハット シェード メンズ 釣り 帽子 ハット レディース SUNS(サンズ) 撥水 アウトドア 登山 キャンプ バーベキュー NEK ★REVL H-051 送料無料 大きいサイズあり キッズサイズ 子供 UVカット アドベンチャーハット 父の日 プレゼント ユニセックス 春 夏 夏フェス ギフト","大きいサイズ","SHADE_BK/BLACK(H_051)","X12","Y11",,"0","70","69","-1",
"2026/09/04 22:46:47","受注取込","7986690","7986690X11Y12","【当店限定/大きいサイズ】LOGOS ロゴス キャップ メッシュキャップ 帽子 大きいサイズ ★REVL 7986690 ブランド メンズ レディース 野球帽 XXLサイズ KING SIZE アウトドア キャンプ シンプル おしゃれ 送料無料","メッシュキャップ","ブラック×チャコール","X11","Y12",,"0","124","123","-1",
"2026/09/04 22:52:17","受注取込","7994812","7994812X11Y12","サファリハット メンズ 釣り 帽子 ハット レディース SUNS(サンズ)  撥水 アウトドア 登山 キャンプ バーベキュー NEK ★REV H-051 H-053 送料無料 大きいサイズあり キッズサイズ 子供 UVカット アドベンチャーハット 父の日 プレゼント ユニセックス 春 夏 夏フェス ギフト","普通サイズ","BLACK(H_051)","X11","Y12",,"0","47","46","-1",
"2026/09/04 22:57:47","受注取込","7986669","7986669X11Y11","【12mm小粒/おしゃれ】12mm パワーストーン ネックレス チョーカー メンズ レディース NEK ★REVL 7986669 アメジスト タイガーアイ ラピスラズリ 瑪瑙 メノウ オブシディアン ドラゴンアゲート 金運 財運 仕事運 恋愛 結婚 家庭円満 癒し 厄除祈願 天然石 お守り プレゼント おしゃれ アクセサリー 送料無料","ONESIZE","レッドタイガーアイ","X11","Y11",,"0","18","17","-1",
"2026/09/04 22:57:47","受注取込","7987626","7987626X11Y11","【お得な5個セット】LEDライト キーホルダー 小型LEDライト NEK ★REV 7987626 キーライト 高輝度 5灯 LR44 ボタン電池 LTG 送料無料","ONESIZE","5本セット","X11","Y11",,"0","480","479","-1",
"2026/09/04 22:57:47","受注取込","9009978","9009978X5Y5","帽子 メンズ AVIREX アビレックス 送料無料 キャップ 父の日 プレゼント 贈り物 ニットキャップ メッシュキャップ 大きいサイズ レディース ディッキーズ ローキャップ ワークキャップ ハット ハンチング おしゃれ ロゴ 刺繍 プリント アメカジ HYPE 通販 yos ギフト","E","-5","X5","Y5",,"0","16","15","-1",
"2026/09/04 23:02:17","受注取込","7988124","7988124X11Y11","大きいサイズ キャップ 帽子 メンズ フルキャップ ベースボールキャップ コットンキャップ 野球帽 ワンポイント ★REV 7988124 イーグル 鷲 刺繍 ミリタリー BIGSIZE キングサイズ 送料無料","ONESIZE","ブラック","X11","Y11",,"0","10","9","-1",
"2026/09/04 23:08:20","受注取込","7988090","7988090X14Y11","安全靴 スニーカー エアウォーク AIR WALK Y_YU AW-890 ブルー迷彩 アクティブライト ローカット メンズ セーフティシューズ 樹脂先芯 軽量 衝撃吸収 負担軽減 作業靴 オシャレ","26.5cm ","ブルー迷彩","X14","Y11",,"0","133","132","-1",
"2026/09/04 23:16:47","受注取込","7988525","7988525X11Y13","【速攻配達】イヤホン イヤフォン 3.5mm ハイレゾ 高音質 マイク付き NEK ★REV 7988525 重低音 hi-res 有線 ノイズキャンセリング 遮音 通勤 ゲーミング 携帯 スマホ イヤホンマイク Android アクセサリー 送料無料 プレゼント ギフト","ONESIZE","ブルー","X11","Y13",,"0","6","5","-1",
"2026/09/04 23:16:47","受注取込","7988002","7988002X12Y11","【光る首輪】光る 犬 首輪 光る 犬用 LED ライト USB充電式 猫用 カラー 可愛い NEK ★REVG 7988002 ペット用品 ドッグ 大型犬 中型犬 小型犬 向け サイズ調節 35cm 50cm 70cm レインボー 猫 事故防止 散歩 防水 送料無料","M(50cm)","ブルー","X12","Y11",,"0","18","17","-1",
"2026/09/04 23:17:01","受注取込","7986757","7986757X11Y12","【置くだけで充電】 ワイヤレス充電器 車載 ホルダー 置き型 Type-C充電 USB-A NEK ★REVL 7986757 最大20W 車載ワイヤレス充電パッド 充電 充電器 車載 スマホ ホルダー スタンド 車 携帯ホルダー 急速充電 サイズ調整可能 滑り止め iphone/Android 1M PD充電 スマホアクセサリー Qi規格 送料無料","ONESIZE","TYPE-C(1m)","X11","Y12",,"0","78","77","-1",
"2026/09/04 23:18:17","受注取込","7987409","7987409X11Y12","【130cm 大きいサイズ対応】本革 床革 ベルト メンズ 130cm NEK ★REV 7987409 大きいサイズ対応 シンセティックレザー ビジネスベルト カジュアルベルト 父の日 送料無料","ONESIZE","ブラウンA","X11","Y12",,"0","7","6","-1",
"2026/09/04 23:18:46","受注取込","7986547","7986547X11Y11","【お得な5枚10点セット】福袋 おなかぷにぷに3Dキャラクターシール 犬猫アニマル NEK ★REVO 7986547 ピンセット付き ぷにぷに触感 ストレス解消 癒しデコシール プレゼント ギフト 送料無料","ONESIZE","5枚10点アソート","X11","Y11",,"0","410","409","-1",
"2026/09/04 23:19:48","受注取込","7997141","7997141X11Y11","特大 スイカ ドーナツ 浮き輪 浮輪 送料無料 プール 大人用 子供用 NEK 7997141 ★REV 120cm 90cm 80cm 70cm 60cm サイズ 大きい 大きめ うきわ ウキワ すいか 海 海水浴 ビックフロート 水上 レジャー かわいい フローティングベッド 西瓜 子供用浮き輪 大人 子供 こども","120cm","スイカ","X11","Y11",,"0","611","610","-1",
"2026/09/04 23:22:47","受注取込","7987642","7987642X11Y19","【送料無料】ミニ財布 メンズ 本革 レディース 二つ折り 財布 カードケース LTG カード入れ 多い NEK ★REV 7987642 折りたたみ コンパクト 小さい財布 小銭入れ コインスルー お札が折れない スキミング防止 ファスナー コインケース ミニマリスト ラウンドジッパー","ONESIZE","モーヴピンク","X11","Y19",,"0","22","21","-1",
"2026/09/04 23:23:31","受注取込","7994226","7994226X12Y12","【大きいサイズもあり 限定モデル】AVIREX メッシュキャップ メンズ 帽子 メンズ キャップ メンズ 14023200 14670200 レディース ★REV 父の日 贈り物 プレゼント ブランド アビレックス 送料無料 正規品 ブラック 黒 ネイビー 紺 グレー 灰 yos プレゼント ギフト","大きいサイズ_14670200","80_ブラック","X12","Y12",,"0","4","3","-1",
"2026/09/04 23:26:17","受注取込","7986545","7986545X11Y11","【お得な2枚組】AVIREX アビレックス  アヴィレックス ボクサーパンツ メンズ NEK ★REVL 7986545 アンダーウェア 下着 かっこいい おすすめ 人気 カモフラ 迷彩 カモ柄 ロゴ ブランド 男性 紳士 プレゼント プチギフト 父の日 誕生日 彼氏 父 息子 ギフト 記念日 福袋 送料無料","M","2枚組","X11","Y11",,"0","34","32","-2",
"2026/09/04 23:27:31","受注取込","7988576","7988576X11Y11","【USBを直挿しで超簡単】パソコン専用イヤホン LTG USB マイク付き zoom 用 イヤホン マイク ステレオイヤホン ノートパソコン ヘッドフォン 高音質で通話可能 音量調整 2.5mの長ケーブル 軽量密閉型ヘッドホン 超重低音 USB接続 2.5m NEK ★REV 7988576 プレゼント ギフト","ONESIZE","ブラック","X11","Y11",,"0","28","27","-1",
"2026/09/04 23:32:47","受注取込","7986531","7986531X11Y21","【新型/IQOS イルマ i ワン用】アイコス イルマiワン ILUMA ケース 保護ケース NEK ★REVL 7986531 iqosイルマワン イルマワンカバー 耐衝撃 おしゃれ iqos iluma one 専用 IQOSイルマワン保護ケース レザー ヒョウ柄 ペイズリー 保護カバー アイコスケース アクセサリー 送料無料","ONESIZE","104","X11","Y21",,"0","12","11","-1",
"2026/09/04 23:33:42","受注取込","7987345","7987345X13Y11","【とにかくデカい！】 大きいサイズ キャップ 送料無料 大きめ ビッグサイズ ★REV 7987345 BIG SIZE 帽子 ハット キャップ キャスケット メンズキャップ 大きいサイズ バケット 大きい帽子 メンズ メンズ帽子 大きい 頭 メッシュキャップ","CCC","1","X13","Y11",,"0","7","6","-1",
"2026/09/04 23:38:47","受注取込","7987515","7987515X11Y12","【選べる6柄×3サイズ】ネックレス チェーン メンズ レディース NEK ★REV 7987515 サージカルステンレス316L 50cm 60cm 70cm シンプル おしゃれ プレゼント プチギフト バレンタイン クリスマス 送料無料","50cm","B","X11","Y12",,"0","30","29","-1",
"2026/09/04 23:43:31","受注取込","7987126","7987126X11Y11","【お得な2個セット】コンパクト ハンディライト 懐中電灯 充電式 LED COB カラビナ ワークライト TYPE-C NEK ★REVL 7987126 USB充電 キャンプ アウトドア 作業灯 防災 現場 送料無料","ONESIZE","2個セット","X11","Y11",,"0","20","19","-1",
"2026/09/04 23:47:47","受注取込","7986958","7986958X12Y12","AVIREX サーマル Tシャツ 半袖シャツ メンズ 正規品 THERMAL HENLY-NECK Y_U NEK 7832934014 ★REV 7986958 ブランド おしゃれ 無地 ストレッチ アビレックス アヴィレックス ヘンリーネック 送料無料","M","グレー(20)","X12","Y12",,"0","10","9","-1",
"2026/09/04 23:53:01","受注取込","7988172","7988172X11Y13","【栃木レザー 日本製 】ベルト ビジネスベルト メンズ 本革 本皮 レザー 栃木レザー ★REV TDBT-1006 日本製 カジュアルベルト プレゼント ギフト MADE IN JAPAN クリスマス 父の日 誕生日プレゼント 送料無料","ONESIZE","キャメル","X11","Y13",,"0","3","2","-1",
"2026/09/04 23:53:17","受注取込","7986719","7986719X11Y24","【お買い得3個セット】ブレスレット メンズ レディース 天然石 パワーストーン オニキス NEK ★REVL 7986719 8mm アクセサリー 3連 プレゼント ギフト 厄除け 運気 アップ","ONESIZE","14","X11","Y24",,"0","10","9","-1",
"2026/09/04 23:54:02","受注取込","7987970","7987970X14Y11","【速攻配達 総柄 ゴージャス】犬服 ドッグウェア 犬 服 シャツ ベスト デニム NEK ★REVG 7987970 春 夏 秋 総柄 小型犬 中型犬 男の子 女の子 おしゃれ インスタ映え 送料無料","XL","デニム","X14","Y11",,"0","12","11","-1",
"2026/09/04 23:57:47","受注取込","7986530","7986530X11Y15","【ちょうどいい長さの25cm】全7通り Type-C 充電ケーブル スマホケーブル 急速6A NEK ★REVL 7986530 USB A→Type-C Type-C→Type-C Type-C→ライトニング スマホアクセサリー 新型iphone IQOS対応 短いケーブル 送料無料","ONESIZE","E_Type-C/Type-C【ストレート型】","X11","Y15",,"0","20","19","-1",
"2026/09/04 23:57:47","受注取込","7987400","7987400X11Y15","【とにかくデカい！/普通サイズあり！】キャップ メンズ 大きいサイズ 帽子 深め ビッグサイズ ★REVM 7987400 BIG SIZE メンズキャップ帽子 大きめ 大きい帽子 メンズ帽子 レディース 春 夏 春夏 プレゼント ギフト 母の日 父の日 送料無料","大きいサイズ","E-ベージュ","X11","Y15",,"0","106","105","-1",
"2026/09/04 23:57:47","受注取込","7988047","7988047X11Y11","2WAY ミニ ボストンバッグ メンズ レディース ★REV 7988047 小さめ 小型 ショルダーバッグ ミニバッグ ドラムバッグ 小旅行 アウトドア キャンプ ジム 軽量 送料無料","ONESIZE","ブラック","X11","Y11",,"0","36","35","-1",
"2026/09/04 23:58:31","受注取込","7990382","7990382X11Y13","【キラキラおしゃれ】マスク スパンコール レディース デコレーションマスク 新作 6色展開 ★REV NEK 7990382 プレゼント ギフト","ONESIZE","ブラック","X11","Y13",,"0","4","3","-1",
"2026/09/04 23:58:31","受注取込","7987345","7987345X18Y13","【とにかくデカい！】 大きいサイズ キャップ 送料無料 大きめ ビッグサイズ ★REV 7987345 BIG SIZE 帽子 ハット キャップ キャスケット メンズキャップ 大きいサイズ バケット 大きい帽子 メンズ メンズ帽子 大きい 頭 メッシュキャップ","HHH","3","X18","Y13",,"0","15","14","-1",
"2026/09/04 23:58:31","受注取込","7987345","7987345X15Y15","【とにかくデカい！】 大きいサイズ キャップ 送料無料 大きめ ビッグサイズ ★REV 7987345 BIG SIZE 帽子 ハット キャップ キャスケット メンズキャップ 大きいサイズ バケット 大きい帽子 メンズ メンズ帽子 大きい 頭 メッシュキャップ","EEE","5","X15","Y15",,"0","16","15","-1",
