"更新日時","更新理由","商品基本コード","商品コード","商品名","属性1名","属性2名","属性1コード","属性2コード","倉庫名","実在庫区分","変動前","変動後","増減値","ユーザー"
"2026/08/24 00:00:19","受注取込","7987070","7987070X13Y11","【お得な2枚組】X-LARGE XLARGE エクストララージ ボクサーパンツ メンズ アンダーウェア 下着 NEK ★REVL 7987070 かっこいい ツルツル おすすめ 人気 カモフラ タイダイ 炎 迷彩 カモ柄 ブランド 男性 紳士 プレゼント プチギフト 父の日 誕生日 彼氏 父 息子 ギフト 記念日 大きいサイズ 福袋 送料無料","XL","2枚組","X13","Y11",,"0","8","7","-1",
"2026/08/24 00:01:01","受注取込","7986572","7986572X11Y40","【新型/IQOS イルマ i ワン用】アイコス イルマiワン ILUMA ケース 保護ケース NEK ★REVL 7986572 iqosイルマワン イルマワンカバー 耐衝撃 おしゃれ iqos iluma one 専用 IQOSイルマワン保護ケース レザー ヒョウ柄 ペイズリー 保護カバー アイコスケース アクセサリー 送料無料","イルマiワン","84","X11","Y40",,"0","16","15","-1",
"2026/08/24 00:04:00","受注取込","7988215","7988215X13Y14","【とにかくデカい！】 大きいサイズ キャップ メッシュキャップ 送料無料 大きめ ビッグサイズ BIG SIZE ★REV 7988215 <br> 帽子 ハット キャップ ワークキャップ メンズキャップ 大きいサイズ バケット 大きい帽子 メンズ バケハ メンズ帽子 大きい 頭 メッシュ 全39カラー","CC","4","X13","Y14",,"0","19","18","-1",
"2026/08/24 00:21:03","受注取込","7987031","7987031X11Y11","【大人気SUNSより当店限定！】ミニトート バッグ レディース メンズ トートバッグ トート NEK ★REVL 7987031 CRB-001 ミニ 仕切り ポケット ランチバッグ マザーズバッグ 収納 ミリタリー MA-1 シンプル おしゃれ 便利 無地 通勤 通学 ユニセックス ジッパー付き 撥水","ONESIZE","ブラック","X11","Y11",,"0","15","14","-1",
"2026/08/24 00:30:05","受注取込","7986516","7986516X11Y11","【当店限定モデル/深め】 AVIREX キャップ メンズ レディース 深め 刺繍 シンプル 81747500 ★REVL 7986516 ブランド コットン100％ サイズ調整可能 ブラック グレージュ 送料無料","ONESIZE","ブラック","X11","Y11",,"0","12","11","-1",
"2026/08/24 00:37:45","受注取込","7994812","7994812X11Y27","サファリハット メンズ 釣り 帽子 ハット レディース SUNS(サンズ)  撥水 アウトドア 登山 キャンプ バーベキュー NEK ★REV H-051 H-053 送料無料 大きいサイズあり キッズサイズ 子供 UVカット アドベンチャーハット 父の日 プレゼント ユニセックス 春 夏 夏フェス ギフト","普通サイズ","CAMO(H_051)","X11","Y27",,"0","34","33","-1",
"2026/08/24 00:42:15","受注取込","7990226","7990226X11Y11","【12本入り 速攻配達 送料無料】藤の花 魔除け 造花 フェイクフラワー ★REV 7990226 <br> 鬼が嫌う 誕生日 お祝い プレゼント ギフト 飾り付け 和 インテリア 造花 藤の花 フェイクグリーン インテリアグリーン セット 花飾り 吊り下げ 人工観葉植物 12本入り 送料無料","ONESIZE","パープル","X11","Y11",,"0","43","42","-1",
"2026/08/24 00:42:15","受注取込","7990226","7990226X11Y14","【12本入り 速攻配達 送料無料】藤の花 魔除け 造花 フェイクフラワー ★REV 7990226 <br> 鬼が嫌う 誕生日 お祝い プレゼント ギフト 飾り付け 和 インテリア 造花 藤の花 フェイクグリーン インテリアグリーン セット 花飾り 吊り下げ 人工観葉植物 12本入り 送料無料","ONESIZE","ホワイト","X11","Y14",,"0","52","51","-1",
"2026/08/24 00:50:19","受注取込","7987626","7987626X11Y11","【お得な5個セット】LEDライト キーホルダー 小型LEDライト NEK ★REV 7987626 キーライト 高輝度 5灯 LR44 ボタン電池 LTG 送料無料","ONESIZE","5本セット","X11","Y11",,"0","17","15","-2",
"2026/08/24 00:52:45","受注取込","7994812","7994812X12Y11","サファリハット メンズ 釣り 帽子 ハット レディース SUNS(サンズ)  撥水 アウトドア 登山 キャンプ バーベキュー NEK ★REV H-051 H-053 送料無料 大きいサイズあり キッズサイズ 子供 UVカット アドベンチャーハット 父の日 プレゼント ユニセックス 春 夏 夏フェス ギフト","大きいサイズ","BK/BLACK(H_051)","X12","Y11",,"0","242","241","-1",
"2026/08/24 00:54:15","受注取込","7987892","7987892X11Y17","【深めのシルエット】メッシュキャップ キャップ 帽子 メンズ レディース 大きいサイズ 普通サイズ ★REV 7987892","普通サイズ","G","X11","Y17",,"0","2","1","-1",
"2026/08/24 01:08:16","受注取込","7986989","7986989X11Y21","【本革/特価/16色展開】本革 ショルダーバッグ ポーチ レディース ミニショルダーバッグ NEK ★REV 7986989 斜めがけ お財布 ショルダー お財布バッグ 送料無料","ONESIZE","ターコイズ","X11","Y21",,"0","22","21","-1",
"2026/08/24 01:30:31","受注取込","7986651","7986651X11Y11","【銅×グラフェンの力で、スマホを瞬冷！】スマホ熱中症対策 冷却 クーラー NEK ★REVL 7986651 スマートフォン 保冷 結露なし スマホ 冷感 冷却 iphone アクセサリー 送料無料","ONESIZE","ブラック","X11","Y11",,"0","25","24","-1",
"2026/08/24 01:40:27","受注取込","7987554","7987554X11Y13","【速攻配達！電池付き！大音量で撃退】防犯ブザー 防犯アラーム 防犯ベル 防犯グッズ 大音量 生活防水 NEK ★REVF 7987554 ランドセル 子ども 男の子 女の子 大人 女性 小学生 中学生 卒園 入学 LEDライト付 キャンプ 登山 アウトドア プレゼント ギフト 送料無料","ONESIZE","パープル","X11","Y13",,"0","44","43","-1",
"2026/08/24 01:40:27","受注取込","7987554","7987554X11Y15","【速攻配達！電池付き！大音量で撃退】防犯ブザー 防犯アラーム 防犯ベル 防犯グッズ 大音量 生活防水 NEK ★REVF 7987554 ランドセル 子ども 男の子 女の子 大人 女性 小学生 中学生 卒園 入学 LEDライト付 キャンプ 登山 アウトドア プレゼント ギフト 送料無料","ONESIZE","ブルー","X11","Y15",,"0","39","38","-1",
"2026/08/24 01:41:45","受注取込","7994812","7994812X12Y11","サファリハット メンズ 釣り 帽子 ハット レディース SUNS(サンズ)  撥水 アウトドア 登山 キャンプ バーベキュー NEK ★REV H-051 H-053 送料無料 大きいサイズあり キッズサイズ 子供 UVカット アドベンチャーハット 父の日 プレゼント ユニセックス 春 夏 夏フェス ギフト","大きいサイズ","BK/BLACK(H_051)","X12","Y11",,"0","241","240","-1",
"2026/08/24 01:50:13","受注取込","7986545","7986545X12Y11","【お得な2枚組】AVIREX アビレックス  アヴィレックス ボクサーパンツ メンズ NEK ★REVL 7986545 アンダーウェア 下着 かっこいい おすすめ 人気 カモフラ 迷彩 カモ柄 ロゴ ブランド 男性 紳士 プレゼント プチギフト 父の日 誕生日 彼氏 父 息子 ギフト 記念日 福袋 送料無料","L","2枚組","X12","Y11",,"0","73","72","-1",
"2026/08/24 02:42:01","受注取込","7986572","7986572X11Y35","【新型/IQOS イルマ i ワン用】アイコス イルマiワン ILUMA ケース 保護ケース NEK ★REVL 7986572 iqosイルマワン イルマワンカバー 耐衝撃 おしゃれ iqos iluma one 専用 IQOSイルマワン保護ケース レザー ヒョウ柄 ペイズリー 保護カバー アイコスケース アクセサリー 送料無料","イルマiワン","79","X11","Y35",,"0","30","29","-1",
"2026/08/24 02:45:45","受注取込","7987400","7987400X11Y16","【とにかくデカい！/普通サイズあり！】キャップ メンズ 大きいサイズ 帽子 深め ビッグサイズ ★REVM 7987400 BIG SIZE メンズキャップ帽子 大きめ 大きい帽子 メンズ帽子 レディース 春 夏 春夏 プレゼント ギフト 母の日 父の日 送料無料","大きいサイズ","F-ブラック","X11","Y16",,"0","131","130","-1",
"2026/08/24 03:17:15","受注取込","7994812","7994812X11Y31","サファリハット メンズ 釣り 帽子 ハット レディース SUNS(サンズ)  撥水 アウトドア 登山 キャンプ バーベキュー NEK ★REV H-051 H-053 送料無料 大きいサイズあり キッズサイズ 子供 UVカット アドベンチャーハット 父の日 プレゼント ユニセックス 春 夏 夏フェス ギフト","普通サイズ","RENGA(H_051)","X11","Y31",,"0","53","52","-1",
"2026/08/24 03:24:45","受注取込","7986531","7986531X11Y18","【新型/IQOS イルマ i ワン用】アイコス イルマiワン ILUMA ケース 保護ケース NEK ★REVL 7986531 iqosイルマワン イルマワンカバー 耐衝撃 おしゃれ iqos iluma one 専用 IQOSイルマワン保護ケース レザー ヒョウ柄 ペイズリー 保護カバー アイコスケース アクセサリー 送料無料","ONESIZE","101","X11","Y18",,"0","2","1","-1",
"2026/08/24 04:20:23","受注取込","7994812","7994812X11Y12","サファリハット メンズ 釣り 帽子 ハット レディース SUNS(サンズ)  撥水 アウトドア 登山 キャンプ バーベキュー NEK ★REV H-051 H-053 送料無料 大きいサイズあり キッズサイズ 子供 UVカット アドベンチャーハット 父の日 プレゼント ユニセックス 春 夏 夏フェス ギフト","普通サイズ","BLACK(H_051)","X11","Y12",,"0","64","63","-1",
"2026/08/24 04:20:23","受注取込","7994812","7994812X13Y33","サファリハット メンズ 釣り 帽子 ハット レディース SUNS(サンズ)  撥水 アウトドア 登山 キャンプ バーベキュー NEK ★REV H-051 H-053 送料無料 大きいサイズあり キッズサイズ 子供 UVカット アドベンチャーハット 父の日 プレゼント ユニセックス 春 夏 夏フェス ギフト","キッズサイズ","GREIGE(H-051)","X13","Y33",,"0","1","0","-1",
"2026/08/24 05:04:12","受注取込","7998075","7998075X12Y11","他店圧倒価格♪最安値に挑戦！ 1点までメール便送料無料 ワッチキャップ ニット帽子 ニットキャップ 7998075 【MB】【ALI】■05161126【wow未販売】 sg追加200125 sg追加200125","大きいサイズ(～65cm)","ブラック杢","X12","Y11",,"0","228","227","-1",
"2026/08/24 05:17:15","受注取込","7988215","7988215X11Y13","【とにかくデカい！】 大きいサイズ キャップ メッシュキャップ 送料無料 大きめ ビッグサイズ BIG SIZE ★REV 7988215 <br> 帽子 ハット キャップ ワークキャップ メンズキャップ 大きいサイズ バケット 大きい帽子 メンズ バケハ メンズ帽子 大きい 頭 メッシュ 全39カラー","AA","3","X11","Y13",,"0","24","23","-1",
"2026/08/24 05:30:19","受注取込","7994812","7994812X12Y11","サファリハット メンズ 釣り 帽子 ハット レディース SUNS(サンズ)  撥水 アウトドア 登山 キャンプ バーベキュー NEK ★REV H-051 H-053 送料無料 大きいサイズあり キッズサイズ 子供 UVカット アドベンチャーハット 父の日 プレゼント ユニセックス 春 夏 夏フェス ギフト","大きいサイズ","BK/BLACK(H_051)","X12","Y11",,"0","240","239","-1",
"2026/08/24 05:48:15","受注取込","7994812","7994812X12Y25","サファリハット メンズ 釣り 帽子 ハット レディース SUNS(サンズ)  撥水 アウトドア 登山 キャンプ バーベキュー NEK ★REV H-051 H-053 送料無料 大きいサイズあり キッズサイズ 子供 UVカット アドベンチャーハット 父の日 プレゼント ユニセックス 春 夏 夏フェス ギフト","大きいサイズ","BROWN(H_051)","X12","Y25",,"0","28","27","-1",
"2026/08/24 06:49:45","受注取込","7986585","7986585X11Y11","【熊よけ・害獣対策・轟音129dB】獣バスター ソーラー充電 動物撃退器 くま避け ★REVL 7986585 猪対策 熊対策 猫よけ 鳥よけ IP55防水 ホームセキュリティー 音＋光で撃退 防犯 防災グッズ アウトドア キャンプ 送料無料","ONESIZE","レッド","X11","Y11",,"0","106","105","-1",
"2026/08/24 06:51:15","受注取込","7987061","7987061X11Y12","【お得な2組セット】アームカバー メンズ レディース 2組セット 冷感 NEK ★REV 7987061 ひんやり スポーツ 紫外線カット UVカット 男用 仕事 外 夏 運動 ゴルフ サイクリング 通気性 速乾性 接触冷感 UPF50+ 日焼け防止 送料無料","ONESIZE","ホワイト","X11","Y12",,"0","141","140","-1",
"2026/08/24 06:51:15","受注取込","7987061","7987061X11Y13","【お得な2組セット】アームカバー メンズ レディース 2組セット 冷感 NEK ★REV 7987061 ひんやり スポーツ 紫外線カット UVカット 男用 仕事 外 夏 運動 ゴルフ サイクリング 通気性 速乾性 接触冷感 UPF50+ 日焼け防止 送料無料","ONESIZE","グレー","X11","Y13",,"0","103","102","-1",
"2026/08/24 06:52:52","受注取込","7986779","7986779X12Y11","【高純度テラヘルツ/鏡面多面カット】 テラヘルツ アンクレット ブレスレット メンズ レディース NEK ★REV 7986779 4.0mm 健康 テラヘルツ波 パワーストーン 天然石 アクセサリー プレゼント ギフト プチギフト 母の日 父の日 送料無料","アンクレット","テラヘルツ","X12","Y11",,"0","43","42","-1",
"2026/08/24 07:11:15","受注取込","7986466","7986466X11Y12","【大きいサイズ】 キャップ 帽子 メッシュキャップ ランニングキャップ NEK ★REVL 7986466 メンズ レディース 速乾 軽量 ジョギング アウトドア キャンプ スポーツ 釣り 海 プール 送料無料","ONESIZE","ネイビー","X11","Y12",,"0","19","18","-1",
"2026/08/24 07:24:45","受注取込","7994812","7994812X12Y16","サファリハット メンズ 釣り 帽子 ハット レディース SUNS(サンズ)  撥水 アウトドア 登山 キャンプ バーベキュー NEK ★REV H-051 H-053 送料無料 大きいサイズあり キッズサイズ 子供 UVカット アドベンチャーハット 父の日 プレゼント ユニセックス 春 夏 夏フェス ギフト","大きいサイズ","GRAY(H_051)","X12","Y16",,"0","50","49","-1",
"2026/08/24 07:40:13","受注取込","7987137","7987137X11Y11","【最安値に挑戦 日本製】GEVAERT ゲバルト ベルト YKK社製 軽量バックル使用 35mm幅 NEK ★REV 7987137 ゴムベルト GVT-1062 1063 1064 1011 1048 無地 カモフラ柄 ベルギー生地使用 日本製 メンズ レディース カジュアル 入学 卒業 通勤 通学 送料無料","ONESIZE","A","X11","Y11",,"0","4","2","-2",
"2026/08/24 07:50:02","受注取込","7986527","7986527X13Y11","【シリコン製/つけっぱなし】シリコンリング 指輪 メンズ レディース 軽量 耐水 NEK ★REVL 7986527 ユニセックス プレゼント ギフト ミニマル アクセサリー 送料無料","19号","ブラック","X13","Y11",,"0","4","3","-1",
"2026/08/24 07:51:00","受注取込","7987490","7987490X11Y11","【手首を太く逞しくする】前腕筋 筋トレ 握力 手首 前腕部の強化 腕相撲 ★REV 7987490 バスケットボール テニス ゴルフ 柔道 剣道 空手 格闘技 プレゼント ギフト 送料無料","ONESIZE","ブラック","X11","Y11",,"0","88","87","-1",
"2026/08/24 07:52:31","受注取込","7986769","7986769X11Y12","【座るだけで腰もお尻も快適サポート】シートクッション カークッション 車 座布団 ★REV 7986769 腰痛 運転席 お尻が痛くならない 腰痛クッション 椅子 腰 姿勢 シート 人気 おすすめ 座席 低反発 ブラック ネイビー オフィスチェア 背もたれ おしゃれ 運転席 カーアクセサリー 送料無料","ONESIZE","ネイビー","X11","Y12",,"0","35","34","-1",
"2026/08/24 08:33:43","受注取込","7986459","7986459X11Y14","【ながら掃除】お掃除モップ スリッパ モップカバー 履くモップ 2way NEK ★REVL 7986459 お掃除スリッパ 足につけるだけ 歩くだけ ながら掃除 床掃除 フローリング 階段 ほこり取り 吸水 シェニール 洗える","ONESIZE","ブルー","X11","Y14",,"0","25","24","-1",
"2026/08/24 08:43:16","受注取込","7994812","7994812X11Y31","サファリハット メンズ 釣り 帽子 ハット レディース SUNS(サンズ)  撥水 アウトドア 登山 キャンプ バーベキュー NEK ★REV H-051 H-053 送料無料 大きいサイズあり キッズサイズ 子供 UVカット アドベンチャーハット 父の日 プレゼント ユニセックス 春 夏 夏フェス ギフト","普通サイズ","RENGA(H_051)","X11","Y31",,"0","52","51","-1",
"2026/08/24 08:43:16","受注取込","7986526","7986526X11Y13","【羽/フェザー】チョーカー メンズ レディース ネイティブフェザー レザーネックレス NEK ★REVL 7986526 ターコイズ調 ビーズ 調整可能 ロングコード シルバーアクセサリー プレゼント ギフト 送料無料","ONESIZE","C","X11","Y13",,"0","17","16","-1",
"2026/08/24 09:10:46","受注取込","7987073","7987073X12Y12","【くすみカラー 超軽量】バケットハット サファリハット メンズ レディース 普通サイズ 大きいサイズ NEK ★REV 7987073 アドベンチャーハット 撥水 速乾 軽量 折り畳める UV カット アウトドア キャンプ 登山 ウォーキング 散歩 日焼け防止 紫外線防止 送料無料","大きいサイズ","グレー","X12","Y12",,"0","48","47","-1",
"2026/08/24 09:22:01","受注取込","7987081","7987081X11Y11","【豊富なポケット数】ショルダーバッグ メンズ レディース ミリタリー Military タクティカルバッグ ★REV 7987081 サコッシュ キャンプ アウトドア サバゲー 斜め掛け 鞄 バッグ カバン ipad OK 送料無料","ONESIZE","ブラック","X11","Y11",,"0","11","10","-1",
"2026/08/24 09:28:45","受注取込","7994812","7994812X12Y24","サファリハット メンズ 釣り 帽子 ハット レディース SUNS(サンズ)  撥水 アウトドア 登山 キャンプ バーベキュー NEK ★REV H-051 H-053 送料無料 大きいサイズあり キッズサイズ 子供 UVカット アドベンチャーハット 父の日 プレゼント ユニセックス 春 夏 夏フェス ギフト","大きいサイズ","BEIGE(H_051)","X12","Y24",,"0","32","31","-1",
"2026/08/24 09:56:16","受注取込","7986712","7986712X11Y22","【超協力マグネット/選べる33種】帽子クリップ ハットクリップ キャップクリップ  NEK ★REV 7986712 帽子収納ホルダー 収納フック キーホルダー 強力マグネット レザー調 アクセサリー チャーム キーリング キーケース 送料無料","ONESIZE","12","X11","Y22",,"0","19","18","-1",
"2026/08/24 10:00:33","受注取込","7988525","7988525X11Y11","【速攻配達】イヤホン イヤフォン 3.5mm ハイレゾ 高音質 マイク付き NEK ★REV 7988525 重低音 hi-res 有線 ノイズキャンセリング 遮音 通勤 ゲーミング 携帯 スマホ イヤホンマイク Android アクセサリー 送料無料 プレゼント ギフト","ONESIZE","ブラック","X11","Y11",,"0","21","20","-1",
"2026/08/24 10:01:45","受注取込","7987892","7987892X12Y17","【深めのシルエット】メッシュキャップ キャップ 帽子 メンズ レディース 大きいサイズ 普通サイズ ★REV 7987892","大きいサイズ","G","X12","Y17",,"0","7","6","-1",
"2026/08/24 10:01:45","受注取込","7988393","7988393X11Y11","【125?135cm】 大きいサイズ ビジネスベルト カジュアルベルト メンズ ★REV 7988393 ベルト オートロック式 本革 穴なし ビジネス カジュアル レザー 本皮 オートロックベルト 革ベルト オートロック メンズベルト 穴無しベルト プレゼント ギフト サイズ調整可能 送料無料","ONESIZE","A","X11","Y11",,"0","15","14","-1",
"2026/08/24 10:04:50","WEB画面","7988071","7988071X15Y19","【内ボア防寒性◎】 シャツジャケット ボアジャケット ネルシャツ メンズ レディース ★REV 7988071 シャツ カジュアルシャツ 長袖 ボア ジャケット 長袖シャツ 秋冬 チェック柄 チェック 起毛 アメカジ 裏ボア ジャケットメンズ Vintage 厚手 着る毛布 暖かい 防寒 送料無料","XL","I_ネイビー×ブルー","X15","Y19",,"0","2","3","1","齋藤"
"2026/08/24 10:08:15","受注取込","7992723","7992723X11Y11","お得！ 送料無料 4枚入り 福袋 Dickies ディッキーズ ボクサーパンツ メンズ かわいい NEK ★REV <br> パンツ ボクサーパンツ セット メンズ下着 メンズボクサーパンツ メンズボクサー 大きいサイズ 大きめ 特大 3L 下着 インナー メンズ usa まとめ買い プレゼント ギフト","M","福袋4枚セット","X11","Y11",,"0","107","106","-1",
"2026/08/24 10:10:32","在庫CSV取込","7988459_adidog","7988459_adidogX11Y11","アディドッグ在庫 adidog","XS","adidog_ブラック","X11","Y11",,"0","0","13","13","阿二"
"2026/08/24 10:10:32","在庫CSV取込","7988459_adidog","7988459_adidogX11Y12","アディドッグ在庫 adidog","XS","adidog_グレー","X11","Y12",,"0","0","16","16","阿二"
"2026/08/24 10:10:32","在庫CSV取込","7988459_adidog","7988459_adidogX11Y13","アディドッグ在庫 adidog","XS","adidog_ライトブルー","X11","Y13",,"0","0","5","5","阿二"
"2026/08/24 10:10:32","在庫CSV取込","7988459_adidog","7988459_adidogX11Y14","アディドッグ在庫 adidog","XS","adidog_ネイビー","X11","Y14",,"0","0","22","22","阿二"
"2026/08/24 10:10:32","在庫CSV取込","7988459_adidog","7988459_adidogX11Y15","アディドッグ在庫 adidog","XS","adidog_ピンク","X11","Y15",,"0","0","17","17","阿二"
"2026/08/24 10:10:32","在庫CSV取込","7988459_adidog","7988459_adidogX11Y16","アディドッグ在庫 adidog","XS","adidog_レッド","X11","Y16",,"0","0","27","27","阿二"
"2026/08/24 10:10:32","在庫CSV取込","7988459_adidog","7988459_adidogX11Y17","アディドッグ在庫 adidog","XS","adidog_イエロー","X11","Y17",,"0","0","22","22","阿二"
"2026/08/24 10:10:32","在庫CSV取込","7988459_adidog","7988459_adidogX11Y23","アディドッグ在庫 adidog","XS","POTI_SMITH_ブラック","X11","Y23",,"0","0","23","23","阿二"
"2026/08/24 10:10:32","在庫CSV取込","7988459_adidog","7988459_adidogX11Y24","アディドッグ在庫 adidog","XS","POTI_SMITH_ベージュ","X11","Y24",,"0","0","24","24","阿二"
"2026/08/24 10:10:32","在庫CSV取込","7988459_adidog","7988459_adidogX11Y29","アディドッグ在庫 adidog","XS","POTI_SMITH_ベージュ(BKロゴ)","X11","Y29",,"0","0","22","22","阿二"
"2026/08/24 10:10:32","在庫CSV取込","7988459_adidog","7988459_adidogX12Y12","アディドッグ在庫 adidog","S","adidog_グレー","X12","Y12",,"0","0","12","12","阿二"
"2026/08/24 10:10:32","在庫CSV取込","7988459_adidog","7988459_adidogX12Y13","アディドッグ在庫 adidog","S","adidog_ライトブルー","X12","Y13",,"0","0","26","26","阿二"
"2026/08/24 10:10:32","在庫CSV取込","7988459_adidog","7988459_adidogX12Y14","アディドッグ在庫 adidog","S","adidog_ネイビー","X12","Y14",,"0","0","18","18","阿二"
"2026/08/24 10:10:32","在庫CSV取込","7988459_adidog","7988459_adidogX12Y15","アディドッグ在庫 adidog","S","adidog_ピンク","X12","Y15",,"0","0","8","8","阿二"
"2026/08/24 10:10:32","在庫CSV取込","7988459_adidog","7988459_adidogX12Y16","アディドッグ在庫 adidog","S","adidog_レッド","X12","Y16",,"0","0","3","3","阿二"
"2026/08/24 10:10:32","在庫CSV取込","7988459_adidog","7988459_adidogX12Y17","アディドッグ在庫 adidog","S","adidog_イエロー","X12","Y17",,"0","0","31","31","阿二"
"2026/08/24 10:10:32","在庫CSV取込","7988459_adidog","7988459_adidogX12Y23","アディドッグ在庫 adidog","S","POTI_SMITH_ブラック","X12","Y23",,"0","0","9","9","阿二"
"2026/08/24 10:10:32","在庫CSV取込","7988459_adidog","7988459_adidogX13Y11","アディドッグ在庫 adidog","M","adidog_ブラック","X13","Y11",,"0","0","3","3","阿二"
"2026/08/24 10:10:32","在庫CSV取込","7988459_adidog","7988459_adidogX13Y12","アディドッグ在庫 adidog","M","adidog_グレー","X13","Y12",,"0","0","18","18","阿二"
"2026/08/24 10:10:32","在庫CSV取込","7988459_adidog","7988459_adidogX13Y13","アディドッグ在庫 adidog","M","adidog_ライトブルー","X13","Y13",,"0","0","17","17","阿二"
"2026/08/24 10:10:32","在庫CSV取込","7988459_adidog","7988459_adidogX13Y14","アディドッグ在庫 adidog","M","adidog_ネイビー","X13","Y14",,"0","0","12","12","阿二"
"2026/08/24 10:10:32","在庫CSV取込","7988459_adidog","7988459_adidogX13Y15","アディドッグ在庫 adidog","M","adidog_ピンク","X13","Y15",,"0","0","14","14","阿二"
"2026/08/24 10:10:32","在庫CSV取込","7988459_adidog","7988459_adidogX13Y16","アディドッグ在庫 adidog","M","adidog_レッド","X13","Y16",,"0","0","1","1","阿二"
"2026/08/24 10:10:32","在庫CSV取込","7988459_adidog","7988459_adidogX13Y17","アディドッグ在庫 adidog","M","adidog_イエロー","X13","Y17",,"0","0","8","8","阿二"
"2026/08/24 10:10:32","在庫CSV取込","7988459_adidog","7988459_adidogX14Y11","アディドッグ在庫 adidog","L","adidog_ブラック","X14","Y11",,"0","0","1","1","阿二"
"2026/08/24 10:10:32","在庫CSV取込","7988459_adidog","7988459_adidogX14Y12","アディドッグ在庫 adidog","L","adidog_グレー","X14","Y12",,"0","0","6","6","阿二"
"2026/08/24 10:10:33","在庫CSV取込","7988459_adidog","7988459_adidogX14Y14","アディドッグ在庫 adidog","L","adidog_ネイビー","X14","Y14",,"0","0","3","3","阿二"
"2026/08/24 10:10:33","在庫CSV取込","7988459_adidog","7988459_adidogX14Y16","アディドッグ在庫 adidog","L","adidog_レッド","X14","Y16",,"0","0","4","4","阿二"
"2026/08/24 10:10:33","在庫CSV取込","7988459_adidog","7988459_adidogX14Y17","アディドッグ在庫 adidog","L","adidog_イエロー","X14","Y17",,"0","0","4","4","阿二"
"2026/08/24 10:10:33","在庫CSV取込","7988459_adidog","7988459_adidogX15Y11","アディドッグ在庫 adidog","XL","adidog_ブラック","X15","Y11",,"0","0","17","17","阿二"
"2026/08/24 10:10:33","在庫CSV取込","7988459_adidog","7988459_adidogX15Y12","アディドッグ在庫 adidog","XL","adidog_グレー","X15","Y12",,"0","0","1","1","阿二"
"2026/08/24 10:10:33","在庫CSV取込","7988459_adidog","7988459_adidogX15Y13","アディドッグ在庫 adidog","XL","adidog_ライトブルー","X15","Y13",,"0","0","18","18","阿二"
"2026/08/24 10:10:33","在庫CSV取込","7988459_adidog","7988459_adidogX15Y14","アディドッグ在庫 adidog","XL","adidog_ネイビー","X15","Y14",,"0","0","15","15","阿二"
"2026/08/24 10:10:33","在庫CSV取込","7988459_adidog","7988459_adidogX15Y15","アディドッグ在庫 adidog","XL","adidog_ピンク","X15","Y15",,"0","0","24","24","阿二"
"2026/08/24 10:10:33","在庫CSV取込","7988459_adidog","7988459_adidogX15Y16","アディドッグ在庫 adidog","XL","adidog_レッド","X15","Y16",,"0","0","25","25","阿二"
"2026/08/24 10:10:33","在庫CSV取込","7988459_adidog","7988459_adidogX15Y17","アディドッグ在庫 adidog","XL","adidog_イエロー","X15","Y17",,"0","0","18","18","阿二"
"2026/08/24 10:10:33","在庫CSV取込","7988459_adidog","7988459_adidogX16Y11","アディドッグ在庫 adidog","2XL","adidog_ブラック","X16","Y11",,"0","0","1","1","阿二"
"2026/08/24 10:10:33","在庫CSV取込","7988459_adidog","7988459_adidogX16Y12","アディドッグ在庫 adidog","2XL","adidog_グレー","X16","Y12",,"0","0","8","8","阿二"
"2026/08/24 10:10:33","在庫CSV取込","7988459_adidog","7988459_adidogX16Y13","アディドッグ在庫 adidog","2XL","adidog_ライトブルー","X16","Y13",,"0","0","4","4","阿二"
"2026/08/24 10:10:33","在庫CSV取込","7988459_adidog","7988459_adidogX16Y14","アディドッグ在庫 adidog","2XL","adidog_ネイビー","X16","Y14",,"0","0","9","9","阿二"
"2026/08/24 10:10:33","在庫CSV取込","7988459_adidog","7988459_adidogX16Y15","アディドッグ在庫 adidog","2XL","adidog_ピンク","X16","Y15",,"0","0","7","7","阿二"
"2026/08/24 10:10:33","在庫CSV取込","7988459_adidog","7988459_adidogX16Y16","アディドッグ在庫 adidog","2XL","adidog_レッド","X16","Y16",,"0","0","1","1","阿二"
"2026/08/24 10:10:33","在庫CSV取込","7988459_adidog","7988459_adidogX16Y17","アディドッグ在庫 adidog","2XL","adidog_イエロー","X16","Y17",,"0","0","3","3","阿二"
"2026/08/24 10:10:33","在庫CSV取込","7988459_adidog","7988459_adidogX16Y24","アディドッグ在庫 adidog","2XL","POTI_SMITH_ベージュ","X16","Y24",,"0","0","8","8","阿二"
"2026/08/24 10:10:33","在庫CSV取込","7988332_adidog","7988332_adidogX11Y11","アディドッグ在庫 adidog","XS","adidog(ブラック)","X11","Y11",,"0","0","16","16","阿二"
"2026/08/24 10:10:33","在庫CSV取込","7988332_adidog","7988332_adidogX11Y12","アディドッグ在庫 adidog","XS","adidog(レッド)","X11","Y12",,"0","0","8","8","阿二"
"2026/08/24 10:10:33","在庫CSV取込","7988332_adidog","7988332_adidogX11Y13","アディドッグ在庫 adidog","XS","adidog(グレー)","X11","Y13",,"0","0","18","18","阿二"
"2026/08/24 10:10:33","在庫CSV取込","7988332_adidog","7988332_adidogX11Y14","アディドッグ在庫 adidog","XS","adidog(ブルー)","X11","Y14",,"0","0","29","29","阿二"
"2026/08/24 10:10:33","在庫CSV取込","7988332_adidog","7988332_adidogX11Y31","アディドッグ在庫 adidog","XS","adidog(ミント)","X11","Y31",,"0","0","1","1","阿二"
"2026/08/24 10:10:33","在庫CSV取込","7988332_adidog","7988332_adidogX11Y32","アディドッグ在庫 adidog","XS","adidog(オレンジ)","X11","Y32",,"0","0","5","5","阿二"
"2026/08/24 10:10:33","在庫CSV取込","7988332_adidog","7988332_adidogX11Y15","アディドッグ在庫 adidog","XS","adidog(ダークグリーン)","X11","Y15",,"0","0","11","11","阿二"
"2026/08/24 10:10:33","在庫CSV取込","7988332_adidog","7988332_adidogX11Y16","アディドッグ在庫 adidog","XS","adidog(ゴールド×ブラック)","X11","Y16",,"0","0","7","7","阿二"
"2026/08/24 10:10:33","在庫CSV取込","7988332_adidog","7988332_adidogX11Y30","アディドッグ在庫 adidog","XS","POTI_SMITH(ブラック)","X11","Y30",,"0","0","3","3","阿二"
"2026/08/24 10:10:33","在庫CSV取込","7988332_adidog","7988332_adidogX12Y11","アディドッグ在庫 adidog","S","adidog(ブラック)","X12","Y11",,"0","0","10","10","阿二"
"2026/08/24 10:10:33","在庫CSV取込","7988332_adidog","7988332_adidogX12Y12","アディドッグ在庫 adidog","S","adidog(レッド)","X12","Y12",,"0","0","8","8","阿二"
"2026/08/24 10:10:33","在庫CSV取込","7988332_adidog","7988332_adidogX12Y13","アディドッグ在庫 adidog","S","adidog(グレー)","X12","Y13",,"0","0","14","14","阿二"
"2026/08/24 10:10:33","在庫CSV取込","7988332_adidog","7988332_adidogX12Y14","アディドッグ在庫 adidog","S","adidog(ブルー)","X12","Y14",,"0","0","18","18","阿二"
"2026/08/24 10:10:33","在庫CSV取込","7988332_adidog","7988332_adidogX12Y31","アディドッグ在庫 adidog","S","adidog(ミント)","X12","Y31",,"0","0","12","12","阿二"
"2026/08/24 10:10:33","在庫CSV取込","7988332_adidog","7988332_adidogX12Y32","アディドッグ在庫 adidog","S","adidog(オレンジ)","X12","Y32",,"0","0","3","3","阿二"
"2026/08/24 10:10:33","在庫CSV取込","7988332_adidog","7988332_adidogX12Y15","アディドッグ在庫 adidog","S","adidog(ダークグリーン)","X12","Y15",,"0","0","7","7","阿二"
"2026/08/24 10:10:33","在庫CSV取込","7988332_adidog","7988332_adidogX12Y16","アディドッグ在庫 adidog","S","adidog(ゴールド×ブラック)","X12","Y16",,"0","0","8","8","阿二"
"2026/08/24 10:10:33","在庫CSV取込","7988332_adidog","7988332_adidogX12Y30","アディドッグ在庫 adidog","S","POTI_SMITH(ブラック)","X12","Y30",,"0","0","13","13","阿二"
"2026/08/24 10:10:33","在庫CSV取込","7988332_adidog","7988332_adidogX13Y11","アディドッグ在庫 adidog","M","adidog(ブラック)","X13","Y11",,"0","0","8","8","阿二"
"2026/08/24 10:10:33","在庫CSV取込","7988332_adidog","7988332_adidogX13Y12","アディドッグ在庫 adidog","M","adidog(レッド)","X13","Y12",,"0","0","9","9","阿二"
"2026/08/24 10:10:33","在庫CSV取込","7988332_adidog","7988332_adidogX13Y13","アディドッグ在庫 adidog","M","adidog(グレー)","X13","Y13",,"0","0","9","9","阿二"
"2026/08/24 10:10:33","在庫CSV取込","7988332_adidog","7988332_adidogX13Y14","アディドッグ在庫 adidog","M","adidog(ブルー)","X13","Y14",,"0","0","17","17","阿二"
"2026/08/24 10:10:33","在庫CSV取込","7988332_adidog","7988332_adidogX13Y31","アディドッグ在庫 adidog","M","adidog(ミント)","X13","Y31",,"0","0","9","9","阿二"
"2026/08/24 10:10:33","在庫CSV取込","7988332_adidog","7988332_adidogX13Y32","アディドッグ在庫 adidog","M","adidog(オレンジ)","X13","Y32",,"0","0","5","5","阿二"
"2026/08/24 10:10:33","在庫CSV取込","7988332_adidog","7988332_adidogX14Y11","アディドッグ在庫 adidog","L","adidog(ブラック)","X14","Y11",,"0","0","22","22","阿二"
"2026/08/24 10:10:33","在庫CSV取込","7988332_adidog","7988332_adidogX14Y12","アディドッグ在庫 adidog","L","adidog(レッド)","X14","Y12",,"0","0","16","16","阿二"
"2026/08/24 10:10:33","在庫CSV取込","7988332_adidog","7988332_adidogX14Y13","アディドッグ在庫 adidog","L","adidog(グレー)","X14","Y13",,"0","0","9","9","阿二"
"2026/08/24 10:10:33","在庫CSV取込","7988332_adidog","7988332_adidogX14Y14","アディドッグ在庫 adidog","L","adidog(ブルー)","X14","Y14",,"0","0","12","12","阿二"
"2026/08/24 10:10:33","在庫CSV取込","7988332_adidog","7988332_adidogX14Y31","アディドッグ在庫 adidog","L","adidog(ミント)","X14","Y31",,"0","0","20","20","阿二"
"2026/08/24 10:10:33","在庫CSV取込","7988332_adidog","7988332_adidogX14Y32","アディドッグ在庫 adidog","L","adidog(オレンジ)","X14","Y32",,"0","0","21","21","阿二"
"2026/08/24 10:10:33","在庫CSV取込","7988332_adidog","7988332_adidogX14Y15","アディドッグ在庫 adidog","L","adidog(ダークグリーン)","X14","Y15",,"0","0","9","9","阿二"
"2026/08/24 10:10:33","在庫CSV取込","7988332_adidog","7988332_adidogX14Y16","アディドッグ在庫 adidog","L","adidog(ゴールド×ブラック)","X14","Y16",,"0","0","5","5","阿二"
"2026/08/24 10:10:33","在庫CSV取込","7988332_adidog","7988332_adidogX14Y30","アディドッグ在庫 adidog","L","POTI_SMITH(ブラック)","X14","Y30",,"0","0","4","4","阿二"
"2026/08/24 10:10:33","在庫CSV取込","7988332_adidog","7988332_adidogX15Y11","アディドッグ在庫 adidog","L+","adidog(ブラック)","X15","Y11",,"0","0","15","15","阿二"
"2026/08/24 10:10:33","在庫CSV取込","7988332_adidog","7988332_adidogX15Y12","アディドッグ在庫 adidog","L+","adidog(レッド)","X15","Y12",,"0","0","4","4","阿二"
"2026/08/24 10:10:33","在庫CSV取込","7988332_adidog","7988332_adidogX15Y13","アディドッグ在庫 adidog","L+","adidog(グレー)","X15","Y13",,"0","0","17","17","阿二"
"2026/08/24 10:10:33","在庫CSV取込","7988332_adidog","7988332_adidogX15Y14","アディドッグ在庫 adidog","L+","adidog(ブルー)","X15","Y14",,"0","0","4","4","阿二"
"2026/08/24 10:10:33","在庫CSV取込","7988332_adidog","7988332_adidogX15Y31","アディドッグ在庫 adidog","L+","adidog(ミント)","X15","Y31",,"0","0","9","9","阿二"
"2026/08/24 10:10:33","在庫CSV取込","7988332_adidog","7988332_adidogX15Y32","アディドッグ在庫 adidog","L+","adidog(オレンジ)","X15","Y32",,"0","0","19","19","阿二"
"2026/08/24 10:10:33","在庫CSV取込","7988332_adidog","7988332_adidogX15Y15","アディドッグ在庫 adidog","L+","adidog(ダークグリーン)","X15","Y15",,"0","0","17","17","阿二"
"2026/08/24 10:10:33","在庫CSV取込","7988332_adidog","7988332_adidogX15Y16","アディドッグ在庫 adidog","L+","adidog(ゴールド×ブラック)","X15","Y16",,"0","0","9","9","阿二"
"2026/08/24 10:10:33","在庫CSV取込","7988332_adidog","7988332_adidogX15Y29","アディドッグ在庫 adidog","L+","POTI_SMITH(ライトグリーン)","X15","Y29",,"0","0","6","6","阿二"
"2026/08/24 10:10:33","在庫CSV取込","7988332_adidog","7988332_adidogX15Y30","アディドッグ在庫 adidog","L+","POTI_SMITH(ブラック)","X15","Y30",,"0","0","25","25","阿二"
"2026/08/24 10:10:33","在庫CSV取込","7988332_adidog","7988332_adidogX16Y11","アディドッグ在庫 adidog","XL","adidog(ブラック)","X16","Y11",,"0","0","15","15","阿二"
"2026/08/24 10:10:33","在庫CSV取込","7988332_adidog","7988332_adidogX16Y12","アディドッグ在庫 adidog","XL","adidog(レッド)","X16","Y12",,"0","0","7","7","阿二"
"2026/08/24 10:10:33","在庫CSV取込","7988332_adidog","7988332_adidogX16Y13","アディドッグ在庫 adidog","XL","adidog(グレー)","X16","Y13",,"0","0","13","13","阿二"
"2026/08/24 10:10:33","在庫CSV取込","7988332_adidog","7988332_adidogX16Y14","アディドッグ在庫 adidog","XL","adidog(ブルー)","X16","Y14",,"0","0","9","9","阿二"
"2026/08/24 10:10:33","在庫CSV取込","7988332_adidog","7988332_adidogX16Y31","アディドッグ在庫 adidog","XL","adidog(ミント)","X16","Y31",,"0","0","5","5","阿二"
"2026/08/24 10:10:33","在庫CSV取込","7988332_adidog","7988332_adidogX16Y32","アディドッグ在庫 adidog","XL","adidog(オレンジ)","X16","Y32",,"0","0","5","5","阿二"
"2026/08/24 10:10:33","在庫CSV取込","7988332_adidog","7988332_adidogX16Y15","アディドッグ在庫 adidog","XL","adidog(ダークグリーン)","X16","Y15",,"0","0","7","7","阿二"
"2026/08/24 10:10:33","在庫CSV取込","7988332_adidog","7988332_adidogX16Y16","アディドッグ在庫 adidog","XL","adidog(ゴールド×ブラック)","X16","Y16",,"0","0","8","8","阿二"
"2026/08/24 10:10:33","在庫CSV取込","7988332_adidog","7988332_adidogX16Y30","アディドッグ在庫 adidog","XL","POTI_SMITH(ブラック)","X16","Y30",,"0","0","17","17","阿二"
"2026/08/24 10:26:06","WEB画面","7994812","7994812X12Y12","サファリハット メンズ 釣り 帽子 ハット レディース SUNS(サンズ)  撥水 アウトドア 登山 キャンプ バーベキュー NEK ★REV H-051 H-053 送料無料 大きいサイズあり キッズサイズ 子供 UVカット アドベンチャーハット 父の日 プレゼント ユニセックス 春 夏 夏フェス ギフト","大きいサイズ","BLACK(H_051)","X12","Y12",,"0","68","67","-1","齋藤"
"2026/08/24 10:30:45","受注取込","7986572","7986572X11Y18","【新型/IQOS イルマ i ワン用】アイコス イルマiワン ILUMA ケース 保護ケース NEK ★REVL 7986572 iqosイルマワン イルマワンカバー 耐衝撃 おしゃれ iqos iluma one 専用 IQOSイルマワン保護ケース レザー ヒョウ柄 ペイズリー 保護カバー アイコスケース アクセサリー 送料無料","イルマiワン","62","X11","Y18",,"0","9","8","-1",
"2026/08/24 10:33:45","受注取込","7987400","7987400X11Y16","【とにかくデカい！/普通サイズあり！】キャップ メンズ 大きいサイズ 帽子 深め ビッグサイズ ★REVM 7987400 BIG SIZE メンズキャップ帽子 大きめ 大きい帽子 メンズ帽子 レディース 春 夏 春夏 プレゼント ギフト 母の日 父の日 送料無料","大きいサイズ","F-ブラック","X11","Y16",,"0","130","129","-1",
"2026/08/24 10:40:45","受注取込","7987802","7987802X15Y13","健康サンダル 足つぼ スリッパ 健康 サンダル 健康スリッパ 天然石 パワーストーン レディース メンズ オフィス ★REV 7987802 リラックス ストーン 足裏 足うら 刺激 ツボ押し つぼ押し 超強力 マッサージ 室内 屋外 野外 リフレクソロジー 足ツボサンダル 石 岩 送料無料","43-44(26.5～27.0cm)","シャンパンゴールド","X15","Y13",,"0","28","27","-1",
"2026/08/24 10:47:04","WEB画面","7994812","7994812X11Y21","サファリハット メンズ 釣り 帽子 ハット レディース SUNS(サンズ)  撥水 アウトドア 登山 キャンプ バーベキュー NEK ★REV H-051 H-053 送料無料 大きいサイズあり キッズサイズ 子供 UVカット アドベンチャーハット 父の日 プレゼント ユニセックス 春 夏 夏フェス ギフト","普通サイズ","PINK(H_051)","X11","Y21",,"0","27","26","-1","齋藤"
"2026/08/24 10:50:53","受注取込","7986475","7986475X11Y11","【一生モノ/経年変化を愉しむ】栃木レザー 日本製 トートバッグ ミニトートバッグ 本革 ★REVL SRI-030 7986475 本皮  フルベジタブルタンニンレザー プレゼント ギフト 送料無料","ONESIZE","ブラック","X11","Y11",,"0","6","5","-1",
"2026/08/24 10:52:42","WEB画面","7988106","7988106X11Y11","【もりもり育つ】植物育成ライト LED クリップ スタンド 植物育成 観葉植物 ★REV 7988106 多肉植物育成 育成ライト 植物 ライト 80LED 40W 室内栽培 水耕栽培 野菜工場 ledライト 3モード調色 9段階調光 360度調整 タイマー機能 梅雨時期 冬 日照不足解消 省エネ USB電源式","ONESIZE","ブラック","X11","Y11",,"0","29","28","-1","早乙女"
"2026/08/24 10:55:54","WEB画面","7988090","7988090X11Y11","安全靴 スニーカー エアウォーク AIR WALK Y_YU AW-890 ブルー迷彩 アクティブライト ローカット メンズ セーフティシューズ 樹脂先芯 軽量 衝撃吸収 負担軽減 作業靴 オシャレ","25.0cm ","ブルー迷彩","X11","Y11",,"0","-1","0","1","大場"
"2026/08/24 10:55:54","WEB画面","7988090","7988090X15Y11","安全靴 スニーカー エアウォーク AIR WALK Y_YU AW-890 ブルー迷彩 アクティブライト ローカット メンズ セーフティシューズ 樹脂先芯 軽量 衝撃吸収 負担軽減 作業靴 オシャレ","27.0cm ","ブルー迷彩","X15","Y11",,"0","132","131","-1","大場"
"2026/08/24 10:56:31","受注取込","7987076","7987076X11Y13","【超軽量55g】特価 キャップ 帽子 メッシュキャップ ランニングキャップ NEK ★REV 7987076 メンズ レディース 速乾 軽量 ジョギング アウトドア キャンプ スポーツ 釣り 海 プール","アジャスタータイプ","ネイビー","X11","Y13",,"0","7","6","-1",
"2026/08/24 11:08:32","在庫CSV取込","FBA-7988215","FBA-7988215X13Y14","【FBA専用】 とにかくデカい！ 大きいサイズ キャップ 7988215","CC","4","X13","Y14",,"0","27","17","-10","植野"
"2026/08/24 11:08:32","在庫CSV取込","7987084","7987084X11Y18","【くすみカラー 10色展開】深め 大きいサイズ 普通サイズ 帽子 キャップ メンズ レディース ★REV 7987084 Vintage 無地 シンプル おしゃれ 送料無料","普通サイズ","カーキ","X11","Y18",,"0","11","6","-5","植野"
"2026/08/24 11:08:32","在庫CSV取込","7987408","7987408X11Y15","【2WAY 本革】レディースベルト リバーシブル ビジネス NEK ★REV 7987408 ロゴ フォーマル シンプル カジュアル スーツ レザー 本革 送料無料","ONESIZE","B-ブラック","X11","Y15",,"0","24","14","-10","植野"
"2026/08/24 11:08:32","在庫CSV取込","7997141","7997141X15Y12","特大 スイカ ドーナツ 浮き輪 浮輪 送料無料 プール 大人用 子供用 NEK 7997141 ★REV 120cm 90cm 80cm 70cm 60cm サイズ 大きい 大きめ うきわ ウキワ すいか 海 海水浴 ビックフロート 水上 レジャー かわいい フローティングベッド 西瓜 子供用浮き輪 大人 子供 こども","60cm","ドーナツイチゴ","X15","Y12",,"0","22","12","-10","植野"
"2026/08/24 11:08:32","在庫CSV取込","7986669","7986669X11Y14","【12mm小粒/おしゃれ】12mm パワーストーン ネックレス チョーカー メンズ レディース NEK ★REVL 7986669 アメジスト タイガーアイ ラピスラズリ 瑪瑙 メノウ オブシディアン ドラゴンアゲート 金運 財運 仕事運 恋愛 結婚 家庭円満 癒し 厄除祈願 天然石 お守り プレゼント おしゃれ アクセサリー 送料無料","ONESIZE","アメジスト","X11","Y14",,"0","24","9","-15","植野"
"2026/08/24 11:08:32","在庫CSV取込","7995525","7995525X1Y9","AVIREX 限定モデル キャップ 帽子 父の日 贈り物 プレゼント メンズ ★REV ブラックシリーズ 黒 アビレックス アヴィレックス メッシュキャップ ハンチング ローキャップ バケット ハット ワークキャップ レディース かっこいい yos プレゼント ギフト","ONESIZE","【I】ワークキャップ_14587800_80","X1","Y9",,"0","142","127","-15","植野"
"2026/08/24 11:08:32","在庫CSV取込","7986988","7986988X11Y12","【おしゃれ】バケットハット 帽子 メンズ レディース デニム パッチワーク NEK ★REV 7986988 Vintage ジーンズ 送料無料","ONESIZE","B","X11","Y12",,"0","12","7","-5","植野"
"2026/08/24 11:08:32","在庫CSV取込","7986988","7986988X11Y14","【おしゃれ】バケットハット 帽子 メンズ レディース デニム パッチワーク NEK ★REV 7986988 Vintage ジーンズ 送料無料","ONESIZE","D","X11","Y14",,"0","22","12","-10","植野"
"2026/08/24 11:08:32","在庫CSV取込","7986781","7986781X11Y12","【大人っぽい可愛さを演出】ネックレス ピアス ブレスレット レディース りぼん セット リボン NEK ★REV 7986781 大きめ 大ぶり スネークチェーン 両耳 ゴールド シルバー","ピアス(ロング)","シルバー","X11","Y12",,"0","16","11","-5","植野"
"2026/08/24 11:08:32","在庫CSV取込","7986675","7986675X11Y12","【深め/美シルエット】メッシュキャップ キャップ 帽子 メンズ レディース 野球帽 ★REVL 7986675 A-Frame Trucker アメカジ 刺繍 送料無料","ONESIZE","B","X11","Y12",,"0","35","30","-5","植野"
"2026/08/24 11:08:32","在庫CSV取込","7986555","7986555X11Y12","【ハンドメイド/4本セット】リングセット レディース 4本セット 重ね付け ビーズリング NEK ★REVO 7986555 華奢リング ゴールド カラービーズ 指輪 韓国風 おしゃれ アクセサリー","ONESIZE","グリーン系","X11","Y12",,"0","23","8","-15","植野"
"2026/08/24 11:08:32","在庫CSV取込","7986555","7986555X11Y13","【ハンドメイド/4本セット】リングセット レディース 4本セット 重ね付け ビーズリング NEK ★REVO 7986555 華奢リング ゴールド カラービーズ 指輪 韓国風 おしゃれ アクセサリー","ONESIZE","ピンク系","X11","Y13",,"0","23","8","-15","植野"
"2026/08/24 11:08:32","在庫CSV取込","7986505","7986505X11Y13","本革 ショルダーバッグ レディース  サコッシュ GENUINE LEATHER 多収納 3ポケット NEK ★REVO 7986505 斜め掛け 牛革 本皮 おしゃれ 送料無料","ONESIZE","ネイビー","X11","Y13",,"0","11","10","-1","植野"
"2026/08/24 11:08:32","在庫CSV取込","7987076","7987076X11Y16","【超軽量55g】特価 キャップ 帽子 メッシュキャップ ランニングキャップ NEK ★REV 7987076 メンズ レディース 速乾 軽量 ジョギング アウトドア キャンプ スポーツ 釣り 海 プール","アジャスタータイプ","ピンク","X11","Y16",,"0","11","6","-5","植野"
"2026/08/24 11:08:32","在庫CSV取込","7987076","7987076X11Y15","【超軽量55g】特価 キャップ 帽子 メッシュキャップ ランニングキャップ NEK ★REV 7987076 メンズ レディース 速乾 軽量 ジョギング アウトドア キャンプ スポーツ 釣り 海 プール","アジャスタータイプ","ベージュ","X11","Y15",,"0","21","11","-10","植野"
"2026/08/24 11:08:32","在庫CSV取込","7987519","7987519X11Y11","ミニリュック メンズ レディース ポーチ NEK ★REV 7987519 ミニポーチ イヤホンケース 小物入れ チャーム アウトドア キャンプ フェス ミニマリスト ショルダー","ONESIZE","ブラック","X11","Y11",,"0","17","12","-5","植野"
"2026/08/24 11:08:32","在庫CSV取込","7986511","7986511X11Y12","【本革】 キーケース メンズ レディース 本革 レザー スマートキー キーホルダー 鍵 NEK ★REVL 7986511 キーチェーン 小銭入れ プレゼント ミニギフト 父の日 母の日 送料無料","ONESIZE","チョコ","X11","Y12",,"0","9","4","-5","植野"
"2026/08/24 11:08:32","在庫CSV取込","7986466","7986466X11Y11","【大きいサイズ】 キャップ 帽子 メッシュキャップ ランニングキャップ NEK ★REVL 7986466 メンズ レディース 速乾 軽量 ジョギング アウトドア キャンプ スポーツ 釣り 海 プール 送料無料","ONESIZE","ブラック","X11","Y11",,"0","27","17","-10","植野"
"2026/08/24 11:08:32","在庫CSV取込","7986462","7986462X11Y11","【デカい深い】キャップ メンズ レディース 大きいサイズ 深め 帽子 ★REVL 7986462  コットン100% 59cm?65cm ビッグサイズ ロングバイザー 8cm 深い ベースボールキャップ サイズ調整 おしゃれ 春 夏 秋 冬 男女兼用 ブラック ネイビー チャコール アイボリー 黒 送料無料","ONESIZE","ブラック×ブラック","X11","Y11",,"0","29","19","-10","植野"
"2026/08/24 11:09:16","受注取込","7988386","7988386X11Y14","【高輝度・省電力】LED 卓上 ライト 間接照明 おしゃれ テーブルランプ 北欧 ベッドライト ★REV 7988386 照明 ランプ 一人暮らし ナイトランプ ムードランプ インテリア 雑貨 スタンドライト フロアライト ベッドサイド ルームライト 寝室 usb 電気スタンド フロアランプ","ONESIZE","キャメル","X11","Y14",,"0","137","136","-1",
"2026/08/24 11:09:31","受注取込","7986585","7986585X11Y11","【熊よけ・害獣対策・轟音129dB】獣バスター ソーラー充電 動物撃退器 くま避け ★REVL 7986585 猪対策 熊対策 猫よけ 鳥よけ IP55防水 ホームセキュリティー 音＋光で撃退 防犯 防災グッズ アウトドア キャンプ 送料無料","ONESIZE","レッド","X11","Y11",,"0","105","104","-1",
"2026/08/24 11:22:16","WEB画面","7988106","7988106X11Y11","【もりもり育つ】植物育成ライト LED クリップ スタンド 植物育成 観葉植物 ★REV 7988106 多肉植物育成 育成ライト 植物 ライト 80LED 40W 室内栽培 水耕栽培 野菜工場 ledライト 3モード調色 9段階調光 360度調整 タイマー機能 梅雨時期 冬 日照不足解消 省エネ USB電源式","ONESIZE","ブラック","X11","Y11",,"0","28","29","1","早乙女"
"2026/08/24 11:28:15","受注取込","7988208","7988208X11Y15","【旅行にピッタリ】ボストンバッグ ボストン メンズ レディース ★REV 7988208 小旅行 大容量 2泊 大きい ゴルフ ビジネス 出張 修学旅行 収納ポケット多数 シンプル 送料無料","ONESIZE","オリーブ","X11","Y15",,"0","13","12","-1",
"2026/08/24 11:33:31","受注取込","7986462","7986462X11Y11","【デカい深い】キャップ メンズ レディース 大きいサイズ 深め 帽子 ★REVL 7986462  コットン100% 59cm?65cm ビッグサイズ ロングバイザー 8cm 深い ベースボールキャップ サイズ調整 おしゃれ 春 夏 秋 冬 男女兼用 ブラック ネイビー チャコール アイボリー 黒 送料無料","ONESIZE","ブラック×ブラック","X11","Y11",,"0","19","18","-1",
"2026/08/24 11:34:15","受注取込","7987400","7987400X11Y11","【とにかくデカい！/普通サイズあり！】キャップ メンズ 大きいサイズ 帽子 深め ビッグサイズ ★REVM 7987400 BIG SIZE メンズキャップ帽子 大きめ 大きい帽子 メンズ帽子 レディース 春 夏 春夏 プレゼント ギフト 母の日 父の日 送料無料","大きいサイズ","A-ブラック","X11","Y11",,"0","218","217","-1",
"2026/08/24 11:40:33","在庫CSV取込","7986798","7986798X11Y15","【抜け感キャスケット】キャスケット  キャスハンチング キャップ メンズ レディース NEK ★REV 7986798 ハンチング帽子 タクシーハット ニュースボーイキャップ ニュースボーイハット おしゃれ 送料無料","ONESIZE","グレー","X11","Y15",,"0","25","5","-20","植野"
"2026/08/24 11:40:33","在庫CSV取込","FBA-7987400","FBA-7987400X11Y11","【FBA専用】帽子 7987400","ONESIZE","A-ブラック","X11","Y11",,"0","175","155","-20","植野"
"2026/08/24 11:40:33","在庫CSV取込","FBA-7988215","FBA-7988215X18Y14","【FBA専用】 とにかくデカい！ 大きいサイズ キャップ 7988215","HH","4","X18","Y14",,"0","70","60","-10","植野"
"2026/08/24 11:40:33","在庫CSV取込","7990254","7990254X11Y12","【送料無料 速攻配達】AVIREX ニットキャップ ニット帽 帽子 メンズ レディース スウェットキャップ  NEK ★REV 14649300 ルーズ キャップ ブランド アビレックス リバーシブル AX REVERSIBLE SWEAT CAP 送料無料 プレゼント ギフト","ONESIZE","ブラック(80)","X11","Y12",,"0","405","385","-20","植野"
"2026/08/24 11:40:33","在庫CSV取込","7987642","7987642X11Y11","【送料無料】ミニ財布 メンズ 本革 レディース 二つ折り 財布 カードケース LTG カード入れ 多い NEK ★REV 7987642 折りたたみ コンパクト 小さい財布 小銭入れ コインスルー お札が折れない スキミング防止 ファスナー コインケース ミニマリスト ラウンドジッパー","ONESIZE","ブラック","X11","Y11",,"0","9","4","-5","植野"
"2026/08/24 11:40:33","在庫CSV取込","7986539","7986539X11Y14","【小顔見せ】ハンチング キャスケット キャスハンチング キャップ メンズ レディース NEK ★REVO 7986539 ハンチング帽子 タクシーハット ニュースボーイキャップ ニュースボーイハット おしゃれ 送料無料","ONESIZE","D.オフホワイト","X11","Y14",,"0","18","8","-10","植野"
"2026/08/24 11:40:33","在庫CSV取込","7986669","7986669X11Y15","【12mm小粒/おしゃれ】12mm パワーストーン ネックレス チョーカー メンズ レディース NEK ★REVL 7986669 アメジスト タイガーアイ ラピスラズリ 瑪瑙 メノウ オブシディアン ドラゴンアゲート 金運 財運 仕事運 恋愛 結婚 家庭円満 癒し 厄除祈願 天然石 お守り プレゼント おしゃれ アクセサリー 送料無料","ONESIZE","ブルータイガーアイ","X11","Y15",,"0","20","5","-15","植野"
"2026/08/24 11:40:33","在庫CSV取込","7988386","7988386X11Y11","【高輝度・省電力】LED 卓上 ライト 間接照明 おしゃれ テーブルランプ 北欧 ベッドライト ★REV 7988386 照明 ランプ 一人暮らし ナイトランプ ムードランプ インテリア 雑貨 スタンドライト フロアライト ベッドサイド ルームライト 寝室 usb 電気スタンド フロアランプ","ONESIZE","アイボリー","X11","Y11",,"0","216","206","-10","植野"
"2026/08/24 11:40:33","在庫CSV取込","7987073","7987073X12Y13","【くすみカラー 超軽量】バケットハット サファリハット メンズ レディース 普通サイズ 大きいサイズ NEK ★REV 7987073 アドベンチャーハット 撥水 速乾 軽量 折り畳める UV カット アウトドア キャンプ 登山 ウォーキング 散歩 日焼け防止 紫外線防止 送料無料","大きいサイズ","ブラック","X12","Y13",,"0","30","20","-10","植野"
"2026/08/24 11:40:33","在庫CSV取込","7986524","7986524X11Y14","【ミニマル】スマホショルダー サコッシュ ミニバッグ 軽量 撥水 コンパクト 収納力抜群 NEK ★REVL 7986524 レディース メンズ ユニセックス 斜めがけ ポーチ アウトドア 旅行 サブバッグ 送料無料","ONESIZE","ブラック","X11","Y14",,"0","84","64","-20","植野"
"2026/08/24 11:40:33","在庫CSV取込","7986549","7986549X11Y15","【天然素材】パワーストーン パワーウッド ブレスレット レディース メンズ アクセサリー NEK ★REVO 7986549 プレゼント ギフト 母の日 クリスマス 送料無料","ONESIZE","E","X11","Y15",,"0","16","6","-10","植野"
"2026/08/24 11:40:33","在庫CSV取込","7986546","7986546X11Y12","【超かわいい】メガネ リング 指輪 レディース 韓国 おもしろ 個性的 フリーサイズ NEK ★REVO 7986546 華奢 ユニーク モチーフリング おしゃれ アクセサリー","ONESIZE","ゴールド","X11","Y12",,"0","3","-7","-10","植野"
"2026/08/24 11:40:33","在庫CSV取込","7986546","7986546X11Y13","【超かわいい】メガネ リング 指輪 レディース 韓国 おもしろ 個性的 フリーサイズ NEK ★REVO 7986546 華奢 ユニーク モチーフリング おしゃれ アクセサリー","ONESIZE","ピンクゴールド","X11","Y13",,"0","29","9","-20","植野"
"2026/08/24 11:40:33","在庫CSV取込","7986509","7986509X11Y11","【使い勝手しやすいベルト】ベルト メンズ レディース 120cm ガチャベルト NEK ★REVL 7986509 フリーサイズ プレゼント 大きいサイズ サバゲー キャンプ アウトドア 登山 作業服 ギフト 送料無料","ONESIZE","ブラック","X11","Y11",,"0","50","20","-30","植野"
"2026/08/24 11:40:33","在庫CSV取込","7986822","7986822X11Y13","【耐強風/12本骨】 折りたたみ傘 大きいサイズ メンズ レディース 117cm 自動開閉 ★REV 7986822 遮蔽率99.9% UVカット UPF50+ 日傘 晴雨兼用 収納袋 紫外線遮断 雨傘 丈夫 頑丈 傘 完全遮光 ワンタッチ かさ 送料無料","ONESIZE","ベージュ","X11","Y13",,"0","17","7","-10","植野"
"2026/08/24 11:44:01","受注取込","7986462","7986462X11Y14","【デカい深い】キャップ メンズ レディース 大きいサイズ 深め 帽子 ★REVL 7986462  コットン100% 59cm?65cm ビッグサイズ ロングバイザー 8cm 深い ベースボールキャップ サイズ調整 おしゃれ 春 夏 秋 冬 男女兼用 ブラック ネイビー チャコール アイボリー 黒 送料無料","ONESIZE","アイボリー","X11","Y14",,"0","18","17","-1",
"2026/08/24 11:48:04","受注取込","7987367","7987367X11Y11","【2023年最新！熱中症対策】 ネッククーラー 首掛け扇風機 携帯扇風機 ネックファン ★REV 7987367 急速冷却 小型 羽根なし 首かけ 充電式 扇風機 5000mAh大容量 軽量 3段階風量調節 ひんやり 子供 大人 男女兼用 通勤 通学 家事 熱中症対策 プレゼント ギフト","ONESIZE","ホワイト","X11","Y11",,"0","86","85","-1",
"2026/08/24 11:50:01","受注取込","7987400","7987400X11Y18","【とにかくデカい！/普通サイズあり！】キャップ メンズ 大きいサイズ 帽子 深め ビッグサイズ ★REVM 7987400 BIG SIZE メンズキャップ帽子 大きめ 大きい帽子 メンズ帽子 レディース 春 夏 春夏 プレゼント ギフト 母の日 父の日 送料無料","大きいサイズ","H-オリーブ","X11","Y18",,"0","1","0","-1",
"2026/08/24 11:51:06","WEB画面","7987475","7987475X11Y14","【防犯】護身用 タクティカルスティック 防災グッズ 熊対策グッズ クマ対策 タクティカルペン キーホルダー 女性 キーリング NEK ★REVM 7987475 棒 車 ガラス 防災 災害 車内 軽量 不審者 痴漢 痴漢対策 武器 護身グッズ 自己防衛 コンパクト 非常時 バッググリップ","ONESIZE","パープル","X11","Y14",,"0","11","26","15","植野"
"2026/08/24 11:56:15","受注取込","7988044","7988044X11Y16","ショルダーバッグ メンズ ワンショルダー 斜め掛け ★REV 7988044 おしゃれバッグ Vintage 斜めがけ メンズボディバック かっこいい ボディバッグ レザー ワンショルダーバッグ カバン 鞄 かばん レザー調 メンズバッグ 斜めがけ メンズショルダーバック 散歩 送料無料","ONESIZE","F_ダークブラウン","X11","Y16",,"0","14","13","-1",
"2026/08/24 11:56:15","受注取込","7988044","7988044X11Y15","ショルダーバッグ メンズ ワンショルダー 斜め掛け ★REV 7988044 おしゃれバッグ Vintage 斜めがけ メンズボディバック かっこいい ボディバッグ レザー ワンショルダーバッグ カバン 鞄 かばん レザー調 メンズバッグ 斜めがけ メンズショルダーバック 散歩 送料無料","ONESIZE","E_ブラウン","X11","Y15",,"0","15","14","-1",
"2026/08/24 11:59:01","WEB画面","7987345","7987345X11Y12","【とにかくデカい！】 大きいサイズ キャップ 送料無料 大きめ ビッグサイズ ★REV 7987345 BIG SIZE 帽子 ハット キャップ キャスケット メンズキャップ 大きいサイズ バケット 大きい帽子 メンズ メンズ帽子 大きい 頭 メッシュキャップ","AAA","2","X11","Y12",,"0","4","3","-1","星島"
"2026/08/24 11:59:39","WEB画面","7987345","7987345X11Y11","【とにかくデカい！】 大きいサイズ キャップ 送料無料 大きめ ビッグサイズ ★REV 7987345 BIG SIZE 帽子 ハット キャップ キャスケット メンズキャップ 大きいサイズ バケット 大きい帽子 メンズ メンズ帽子 大きい 頭 メッシュキャップ","AAA","1","X11","Y11",,"0","11","10","-1","星島"
"2026/08/24 11:59:39","WEB画面","7987345","7987345X11Y12","【とにかくデカい！】 大きいサイズ キャップ 送料無料 大きめ ビッグサイズ ★REV 7987345 BIG SIZE 帽子 ハット キャップ キャスケット メンズキャップ 大きいサイズ バケット 大きい帽子 メンズ メンズ帽子 大きい 頭 メッシュキャップ","AAA","2","X11","Y12",,"0","3","4","1","星島"
"2026/08/24 12:04:45","受注取込","7997141","7997141X16Y17","特大 スイカ ドーナツ 浮き輪 浮輪 送料無料 プール 大人用 子供用 NEK 7997141 ★REV 120cm 90cm 80cm 70cm 60cm サイズ 大きい 大きめ うきわ ウキワ すいか 海 海水浴 ビックフロート 水上 レジャー かわいい フローティングベッド 西瓜 子供用浮き輪 大人 子供 こども","ONESIZE","ブルーストライプ","X16","Y17",,"0","45","44","-1",
"2026/08/24 12:04:45","受注取込","7997141","7997141X16Y14","特大 スイカ ドーナツ 浮き輪 浮輪 送料無料 プール 大人用 子供用 NEK 7997141 ★REV 120cm 90cm 80cm 70cm 60cm サイズ 大きい 大きめ うきわ ウキワ すいか 海 海水浴 ビックフロート 水上 レジャー かわいい フローティングベッド 西瓜 子供用浮き輪 大人 子供 こども","ONESIZE","スイカストライプ","X16","Y14",,"0","38","37","-1",
"2026/08/24 12:04:45","受注取込","7997141","7997141X11Y11","特大 スイカ ドーナツ 浮き輪 浮輪 送料無料 プール 大人用 子供用 NEK 7997141 ★REV 120cm 90cm 80cm 70cm 60cm サイズ 大きい 大きめ うきわ ウキワ すいか 海 海水浴 ビックフロート 水上 レジャー かわいい フローティングベッド 西瓜 子供用浮き輪 大人 子供 こども","120cm","スイカ","X11","Y11",,"0","648","647","-1",
"2026/08/24 12:07:45","受注取込","7987400","7987400X11Y16","【とにかくデカい！/普通サイズあり！】キャップ メンズ 大きいサイズ 帽子 深め ビッグサイズ ★REVM 7987400 BIG SIZE メンズキャップ帽子 大きめ 大きい帽子 メンズ帽子 レディース 春 夏 春夏 プレゼント ギフト 母の日 父の日 送料無料","大きいサイズ","F-ブラック","X11","Y16",,"0","129","128","-1",
"2026/08/24 12:25:31","受注取込","7987389","7987389X11Y16","【本革 総革】名刺入れ 名刺ケース 本革 メンズ NEK ★REV 7987389 レディース レザー 本皮 Vintage ヌメ革 プレゼント ギフト 母の日 父の日 送料無料","ONESIZE","チョコ","X11","Y16",,"0","29","28","-1",
"2026/08/24 12:26:45","受注取込","7994812","7994812X12Y11","サファリハット メンズ 釣り 帽子 ハット レディース SUNS(サンズ)  撥水 アウトドア 登山 キャンプ バーベキュー NEK ★REV H-051 H-053 送料無料 大きいサイズあり キッズサイズ 子供 UVカット アドベンチャーハット 父の日 プレゼント ユニセックス 春 夏 夏フェス ギフト","大きいサイズ","BK/BLACK(H_051)","X12","Y11",,"0","239","238","-1",
"2026/08/24 12:32:03","WEB画面","7992495","7992495X11Y14","ブレスレット バングル メンズ レディース サバイバル パラコード 笛付き リフレクター素材 サバゲー ミリタリー アクセサリー プレゼント 送料無料  NEK ALI 7992495 190707","ONESIZE","D","X11","Y14",,"0","13","14","1","早乙女"
"2026/08/24 12:35:22","WEB画面","7986546","7986546X11Y12","【超かわいい】メガネ リング 指輪 レディース 韓国 おもしろ 個性的 フリーサイズ NEK ★REVO 7986546 華奢 ユニーク モチーフリング おしゃれ アクセサリー","ONESIZE","ゴールド","X11","Y12",,"0","-7","0","7","植野"
"2026/08/24 12:35:27","WEB画面","7986546","7986546X11Y12","【超かわいい】メガネ リング 指輪 レディース 韓国 おもしろ 個性的 フリーサイズ NEK ★REVO 7986546 華奢 ユニーク モチーフリング おしゃれ アクセサリー","ONESIZE","ゴールド","X11","Y12",,"0","0","3","3","植野"
"2026/08/24 12:37:45","受注取込","7987140","7987140X11Y12","【COOLにマナーを】携帯灰皿 カラビナ付き 吸い殻入れ 金属製 フタ付き 小型 軽量 NEK ★REVL 7987140 喫煙グッズ アッシュトレイ 持ち運び便利 男性 メンズ レディース 送料無料","ONESIZE","B.シルバー","X11","Y12",,"0","12","11","-1",
"2026/08/24 12:41:33","WEB画面","7986676","7986676X11Y11","【通気性抜群/薄手コットンニット】ハット 帽子 チューリップハット メンズ レディース NEK ★REVL 7986676 折りたたみ可能  UVカット 春夏ハット おしゃれ 無地 送料無料","ONESIZE","グレー杢","X11","Y11",,"0","13","23","10","庄司 泰久"
"2026/08/24 12:41:33","WEB画面","7986676","7986676X11Y12","【通気性抜群/薄手コットンニット】ハット 帽子 チューリップハット メンズ レディース NEK ★REVL 7986676 折りたたみ可能  UVカット 春夏ハット おしゃれ 無地 送料無料","ONESIZE","ネイビー","X11","Y12",,"0","2","32","30","庄司 泰久"
"2026/08/24 12:41:33","WEB画面","7986676","7986676X11Y13","【通気性抜群/薄手コットンニット】ハット 帽子 チューリップハット メンズ レディース NEK ★REVL 7986676 折りたたみ可能  UVカット 春夏ハット おしゃれ 無地 送料無料","ONESIZE","ベージュ","X11","Y13",,"0","2","22","20","庄司 泰久"
"2026/08/24 12:41:33","WEB画面","7986676","7986676X11Y14","【通気性抜群/薄手コットンニット】ハット 帽子 チューリップハット メンズ レディース NEK ★REVL 7986676 折りたたみ可能  UVカット 春夏ハット おしゃれ 無地 送料無料","ONESIZE","ブラック杢","X11","Y14",,"0","0","25","25","庄司 泰久"
"2026/08/24 12:41:33","WEB画面","7986676","7986676X11Y15","【通気性抜群/薄手コットンニット】ハット 帽子 チューリップハット メンズ レディース NEK ★REVL 7986676 折りたたみ可能  UVカット 春夏ハット おしゃれ 無地 送料無料","ONESIZE","ネイビー杢","X11","Y15",,"0","6","26","20","庄司 泰久"
"2026/08/24 12:41:33","WEB画面","7986676","7986676X11Y16","【通気性抜群/薄手コットンニット】ハット 帽子 チューリップハット メンズ レディース NEK ★REVL 7986676 折りたたみ可能  UVカット 春夏ハット おしゃれ 無地 送料無料","ONESIZE","ブラック","X11","Y16",,"0","4","34","30","庄司 泰久"
"2026/08/24 12:42:23","WEB画面","7986519","7986519X11Y11","【ごっそり鼻毛処理！お得な10本セット】鼻毛カッター 鼻毛トリマー  耳かき NEK ★REVL 7986519 男性用 女性用 送料無料","ONESIZE","アイボリー","X11","Y11",,"0","0","150","150","庄司 泰久"
"2026/08/24 12:43:17","WEB画面","7987151","7987151X11Y11","【多面カットで綺麗】天然石 ブレスレット パワーストーン レディース NEK ★REV 7987151 アクセサリー プレゼント ギフト 厄除け 運気 アップ 送料無料","ONESIZE","A_ペリドット","X11","Y11",,"0","0","15","15","庄司 泰久"
"2026/08/24 12:43:17","WEB画面","7987151","7987151X11Y12","【多面カットで綺麗】天然石 ブレスレット パワーストーン レディース NEK ★REV 7987151 アクセサリー プレゼント ギフト 厄除け 運気 アップ 送料無料","ONESIZE","B_ストロベリークオーツ","X11","Y12",,"0","0","15","15","庄司 泰久"
"2026/08/24 12:43:17","WEB画面","7987151","7987151X11Y13","【多面カットで綺麗】天然石 ブレスレット パワーストーン レディース NEK ★REV 7987151 アクセサリー プレゼント ギフト 厄除け 運気 アップ 送料無料","ONESIZE","C_プレナイト","X11","Y13",,"0","5","20","15","庄司 泰久"
"2026/08/24 12:43:17","WEB画面","7987151","7987151X11Y14","【多面カットで綺麗】天然石 ブレスレット パワーストーン レディース NEK ★REV 7987151 アクセサリー プレゼント ギフト 厄除け 運気 アップ 送料無料","ONESIZE","D_ガーネット","X11","Y14",,"0","0","15","15","庄司 泰久"
"2026/08/24 12:43:17","WEB画面","7987151","7987151X11Y15","【多面カットで綺麗】天然石 ブレスレット パワーストーン レディース NEK ★REV 7987151 アクセサリー プレゼント ギフト 厄除け 運気 アップ 送料無料","ONESIZE","E_ブラックルチル","X11","Y15",,"0","0","15","15","庄司 泰久"
"2026/08/24 12:43:17","WEB画面","7987151","7987151X11Y16","【多面カットで綺麗】天然石 ブレスレット パワーストーン レディース NEK ★REV 7987151 アクセサリー プレゼント ギフト 厄除け 運気 アップ 送料無料","ONESIZE","F_ピンク水晶","X11","Y16",,"0","0","15","15","庄司 泰久"
"2026/08/24 12:43:17","WEB画面","7987151","7987151X11Y17","【多面カットで綺麗】天然石 ブレスレット パワーストーン レディース NEK ★REV 7987151 アクセサリー プレゼント ギフト 厄除け 運気 アップ 送料無料","ONESIZE","G_白水晶","X11","Y17",,"0","0","15","15","庄司 泰久"
"2026/08/24 12:43:17","WEB画面","7987151","7987151X11Y18","【多面カットで綺麗】天然石 ブレスレット パワーストーン レディース NEK ★REV 7987151 アクセサリー プレゼント ギフト 厄除け 運気 アップ 送料無料","ONESIZE","H_ラピスラズリ","X11","Y18",,"0","0","15","15","庄司 泰久"
"2026/08/24 12:43:17","WEB画面","7987151","7987151X11Y19","【多面カットで綺麗】天然石 ブレスレット パワーストーン レディース NEK ★REV 7987151 アクセサリー プレゼント ギフト 厄除け 運気 アップ 送料無料","ONESIZE","I_トルマリン","X11","Y19",,"0","0","15","15","庄司 泰久"
"2026/08/24 12:43:56","WEB画面","7987186","7987186X11Y11","アップルペンシル タッチペン タブレット ケース カバー Apple Pencil NEK ★REV 7987186 第1世代 第2世代 レザー ゴムバンド付き スタイラス ペン ケース アップル ペンシル iPad ペンホルダー 紛失防止 ipad ペンケース apple pencil case Apple Pencil 2nd generation","ONESIZE","ブラウン","X11","Y11",,"0","4","24","20","庄司 泰久"
"2026/08/24 12:43:56","WEB画面","7987186","7987186X11Y12","アップルペンシル タッチペン タブレット ケース カバー Apple Pencil NEK ★REV 7987186 第1世代 第2世代 レザー ゴムバンド付き スタイラス ペン ケース アップル ペンシル iPad ペンホルダー 紛失防止 ipad ペンケース apple pencil case Apple Pencil 2nd generation","ONESIZE","ミント","X11","Y12",,"0","3","43","40","庄司 泰久"
"2026/08/24 12:43:56","WEB画面","7987186","7987186X11Y13","アップルペンシル タッチペン タブレット ケース カバー Apple Pencil NEK ★REV 7987186 第1世代 第2世代 レザー ゴムバンド付き スタイラス ペン ケース アップル ペンシル iPad ペンホルダー 紛失防止 ipad ペンケース apple pencil case Apple Pencil 2nd generation","ONESIZE","ブラック","X11","Y13",,"0","0","60","60","庄司 泰久"
"2026/08/24 12:43:56","WEB画面","7987186","7987186X11Y14","アップルペンシル タッチペン タブレット ケース カバー Apple Pencil NEK ★REV 7987186 第1世代 第2世代 レザー ゴムバンド付き スタイラス ペン ケース アップル ペンシル iPad ペンホルダー 紛失防止 ipad ペンケース apple pencil case Apple Pencil 2nd generation","ONESIZE","ピンク","X11","Y14",,"0","0","40","40","庄司 泰久"
"2026/08/24 12:44:43","WEB画面","7986622","7986622X11Y22","【ゆるダボニット帽/15種】ニットキャップ ニット帽 帽子 ワッチキャップ ビーニー NEK ★REVL 7986622 レディース メンズ Vintage おしゃれ 韓国女子 小顔効果 送料無料","ONESIZE","L","X11","Y22",,"0","0","25","25","庄司 泰久"
"2026/08/24 12:44:43","WEB画面","7986622","7986622X11Y23","【ゆるダボニット帽/15種】ニットキャップ ニット帽 帽子 ワッチキャップ ビーニー NEK ★REVL 7986622 レディース メンズ Vintage おしゃれ 韓国女子 小顔効果 送料無料","ONESIZE","M","X11","Y23",,"0","0","20","20","庄司 泰久"
"2026/08/24 12:44:43","WEB画面","7986622","7986622X11Y24","【ゆるダボニット帽/15種】ニットキャップ ニット帽 帽子 ワッチキャップ ビーニー NEK ★REVL 7986622 レディース メンズ Vintage おしゃれ 韓国女子 小顔効果 送料無料","ONESIZE","N","X11","Y24",,"0","12","17","5","庄司 泰久"
"2026/08/24 12:44:43","WEB画面","7986622","7986622X11Y25","【ゆるダボニット帽/15種】ニットキャップ ニット帽 帽子 ワッチキャップ ビーニー NEK ★REVL 7986622 レディース メンズ Vintage おしゃれ 韓国女子 小顔効果 送料無料","ONESIZE","O","X11","Y25",,"0","0","20","20","庄司 泰久"
"2026/08/24 12:45:22","WEB画面","7987610","7987610X11Y11","【お得3本セット】ピンセット イルマ ワン テリア ILUMA TEREA アイコス NEK ★REV 7987610 IQOS グロー プルーム 電子タバコ お掃除 DIY LTG プラモデル 模型 工作 クリーニングフィルター クリーナー プレゼント ギフト 母の日 父の日 送料無料","ONESIZE","3本セット","X11","Y11",,"0","31","231","200","庄司 泰久"
"2026/08/24 12:52:09","WEB画面","7987085","7987085X11Y24","【とにかくデカい！】大きいサイズ キャップ 大きめ 深い 深め ビッグサイズ BIG SIZE ★REV 7987085 メンズキャップ帽子 大きい帽子 メンズ帽子 レディース 春 夏 春夏 プレゼント ギフト 母の日 父の日 送料無料","YA","14","X11","Y24",,"0","5","15","10","庄司 泰久"
"2026/08/24 12:52:09","WEB画面","7987085","7987085X11Y25","【とにかくデカい！】大きいサイズ キャップ 大きめ 深い 深め ビッグサイズ BIG SIZE ★REV 7987085 メンズキャップ帽子 大きい帽子 メンズ帽子 レディース 春 夏 春夏 プレゼント ギフト 母の日 父の日 送料無料","YA","15","X11","Y25",,"0","6","16","10","庄司 泰久"
"2026/08/24 12:52:09","WEB画面","7987085","7987085X11Y26","【とにかくデカい！】大きいサイズ キャップ 大きめ 深い 深め ビッグサイズ BIG SIZE ★REV 7987085 メンズキャップ帽子 大きい帽子 メンズ帽子 レディース 春 夏 春夏 プレゼント ギフト 母の日 父の日 送料無料","YA","16","X11","Y26",,"0","0","30","30","庄司 泰久"
"2026/08/24 12:52:09","WEB画面","7987085","7987085X11Y27","【とにかくデカい！】大きいサイズ キャップ 大きめ 深い 深め ビッグサイズ BIG SIZE ★REV 7987085 メンズキャップ帽子 大きい帽子 メンズ帽子 レディース 春 夏 春夏 プレゼント ギフト 母の日 父の日 送料無料","YA","17","X11","Y27",,"0","6","21","15","庄司 泰久"
"2026/08/24 12:52:09","WEB画面","7987085","7987085X11Y30","【とにかくデカい！】大きいサイズ キャップ 大きめ 深い 深め ビッグサイズ BIG SIZE ★REV 7987085 メンズキャップ帽子 大きい帽子 メンズ帽子 レディース 春 夏 春夏 プレゼント ギフト 母の日 父の日 送料無料","YA","20","X11","Y30",,"0","6","21","15","庄司 泰久"
"2026/08/24 12:52:09","WEB画面","7987085","7987085X11Y31","【とにかくデカい！】大きいサイズ キャップ 大きめ 深い 深め ビッグサイズ BIG SIZE ★REV 7987085 メンズキャップ帽子 大きい帽子 メンズ帽子 レディース 春 夏 春夏 プレゼント ギフト 母の日 父の日 送料無料","YA","21","X11","Y31",,"0","24","34","10","庄司 泰久"
"2026/08/24 12:52:09","WEB画面","7987085","7987085X11Y32","【とにかくデカい！】大きいサイズ キャップ 大きめ 深い 深め ビッグサイズ BIG SIZE ★REV 7987085 メンズキャップ帽子 大きい帽子 メンズ帽子 レディース 春 夏 春夏 プレゼント ギフト 母の日 父の日 送料無料","YA","22","X11","Y32",,"0","6","11","5","庄司 泰久"
"2026/08/24 12:52:09","WEB画面","7987085","7987085X11Y33","【とにかくデカい！】大きいサイズ キャップ 大きめ 深い 深め ビッグサイズ BIG SIZE ★REV 7987085 メンズキャップ帽子 大きい帽子 メンズ帽子 レディース 春 夏 春夏 プレゼント ギフト 母の日 父の日 送料無料","YA","23","X11","Y33",,"0","4","9","5","庄司 泰久"
"2026/08/24 12:52:09","WEB画面","7987085","7987085X11Y34","【とにかくデカい！】大きいサイズ キャップ 大きめ 深い 深め ビッグサイズ BIG SIZE ★REV 7987085 メンズキャップ帽子 大きい帽子 メンズ帽子 レディース 春 夏 春夏 プレゼント ギフト 母の日 父の日 送料無料","YA","24","X11","Y34",,"0","13","28","15","庄司 泰久"
"2026/08/24 12:52:09","WEB画面","7987085","7987085X11Y35","【とにかくデカい！】大きいサイズ キャップ 大きめ 深い 深め ビッグサイズ BIG SIZE ★REV 7987085 メンズキャップ帽子 大きい帽子 メンズ帽子 レディース 春 夏 春夏 プレゼント ギフト 母の日 父の日 送料無料","YA","25","X11","Y35",,"0","6","11","5","庄司 泰久"
"2026/08/24 12:52:09","WEB画面","7987085","7987085X11Y36","【とにかくデカい！】大きいサイズ キャップ 大きめ 深い 深め ビッグサイズ BIG SIZE ★REV 7987085 メンズキャップ帽子 大きい帽子 メンズ帽子 レディース 春 夏 春夏 プレゼント ギフト 母の日 父の日 送料無料","YA","26","X11","Y36",,"0","5","25","20","庄司 泰久"
"2026/08/24 12:52:09","WEB画面","7987085","7987085X11Y37","【とにかくデカい！】大きいサイズ キャップ 大きめ 深い 深め ビッグサイズ BIG SIZE ★REV 7987085 メンズキャップ帽子 大きい帽子 メンズ帽子 レディース 春 夏 春夏 プレゼント ギフト 母の日 父の日 送料無料","YA","27","X11","Y37",,"0","9","24","15","庄司 泰久"
"2026/08/24 12:52:09","WEB画面","7987085","7987085X11Y38","【とにかくデカい！】大きいサイズ キャップ 大きめ 深い 深め ビッグサイズ BIG SIZE ★REV 7987085 メンズキャップ帽子 大きい帽子 メンズ帽子 レディース 春 夏 春夏 プレゼント ギフト 母の日 父の日 送料無料","YA","28","X11","Y38",,"0","0","25","25","庄司 泰久"
"2026/08/24 12:52:09","WEB画面","7987085","7987085X11Y40","【とにかくデカい！】大きいサイズ キャップ 大きめ 深い 深め ビッグサイズ BIG SIZE ★REV 7987085 メンズキャップ帽子 大きい帽子 メンズ帽子 レディース 春 夏 春夏 プレゼント ギフト 母の日 父の日 送料無料","YA","30","X11","Y40",,"0","6","16","10","庄司 泰久"
"2026/08/24 12:52:09","WEB画面","7987085","7987085X11Y41","【とにかくデカい！】大きいサイズ キャップ 大きめ 深い 深め ビッグサイズ BIG SIZE ★REV 7987085 メンズキャップ帽子 大きい帽子 メンズ帽子 レディース 春 夏 春夏 プレゼント ギフト 母の日 父の日 送料無料","YA","31","X11","Y41",,"0","3","8","5","庄司 泰久"
"2026/08/24 12:52:09","WEB画面","7987085","7987085X11Y42","【とにかくデカい！】大きいサイズ キャップ 大きめ 深い 深め ビッグサイズ BIG SIZE ★REV 7987085 メンズキャップ帽子 大きい帽子 メンズ帽子 レディース 春 夏 春夏 プレゼント ギフト 母の日 父の日 送料無料","YA","32","X11","Y42",,"0","3","13","10","庄司 泰久"
"2026/08/24 12:52:09","WEB画面","7987085","7987085X11Y43","【とにかくデカい！】大きいサイズ キャップ 大きめ 深い 深め ビッグサイズ BIG SIZE ★REV 7987085 メンズキャップ帽子 大きい帽子 メンズ帽子 レディース 春 夏 春夏 プレゼント ギフト 母の日 父の日 送料無料","YA","33","X11","Y43",,"0","8","13","5","庄司 泰久"
"2026/08/24 12:52:09","WEB画面","7987085","7987085X11Y44","【とにかくデカい！】大きいサイズ キャップ 大きめ 深い 深め ビッグサイズ BIG SIZE ★REV 7987085 メンズキャップ帽子 大きい帽子 メンズ帽子 レディース 春 夏 春夏 プレゼント ギフト 母の日 父の日 送料無料","YA","34","X11","Y44",,"0","8","13","5","庄司 泰久"
"2026/08/24 12:52:09","WEB画面","7987085","7987085X11Y45","【とにかくデカい！】大きいサイズ キャップ 大きめ 深い 深め ビッグサイズ BIG SIZE ★REV 7987085 メンズキャップ帽子 大きい帽子 メンズ帽子 レディース 春 夏 春夏 プレゼント ギフト 母の日 父の日 送料無料","YA","35","X11","Y45",,"0","10","15","5","庄司 泰久"
"2026/08/24 12:52:09","WEB画面","7987085","7987085X12Y11","【とにかくデカい！】大きいサイズ キャップ 大きめ 深い 深め ビッグサイズ BIG SIZE ★REV 7987085 メンズキャップ帽子 大きい帽子 メンズ帽子 レディース 春 夏 春夏 プレゼント ギフト 母の日 父の日 送料無料","SU","1","X12","Y11",,"0","2","22","20","庄司 泰久"
"2026/08/24 12:52:09","WEB画面","7987085","7987085X12Y12","【とにかくデカい！】大きいサイズ キャップ 大きめ 深い 深め ビッグサイズ BIG SIZE ★REV 7987085 メンズキャップ帽子 大きい帽子 メンズ帽子 レディース 春 夏 春夏 プレゼント ギフト 母の日 父の日 送料無料","SU","2","X12","Y12",,"0","8","13","5","庄司 泰久"
"2026/08/24 12:52:09","WEB画面","7987085","7987085X12Y13","【とにかくデカい！】大きいサイズ キャップ 大きめ 深い 深め ビッグサイズ BIG SIZE ★REV 7987085 メンズキャップ帽子 大きい帽子 メンズ帽子 レディース 春 夏 春夏 プレゼント ギフト 母の日 父の日 送料無料","SU","3","X12","Y13",,"0","22","32","10","庄司 泰久"
"2026/08/24 12:52:09","WEB画面","7987085","7987085X12Y14","【とにかくデカい！】大きいサイズ キャップ 大きめ 深い 深め ビッグサイズ BIG SIZE ★REV 7987085 メンズキャップ帽子 大きい帽子 メンズ帽子 レディース 春 夏 春夏 プレゼント ギフト 母の日 父の日 送料無料","SU","4","X12","Y14",,"0","6","11","5","庄司 泰久"
"2026/08/24 12:52:09","WEB画面","7987085","7987085X12Y15","【とにかくデカい！】大きいサイズ キャップ 大きめ 深い 深め ビッグサイズ BIG SIZE ★REV 7987085 メンズキャップ帽子 大きい帽子 メンズ帽子 レディース 春 夏 春夏 プレゼント ギフト 母の日 父の日 送料無料","SU","5","X12","Y15",,"0","0","20","20","庄司 泰久"
"2026/08/24 12:52:09","WEB画面","7987085","7987085X12Y16","【とにかくデカい！】大きいサイズ キャップ 大きめ 深い 深め ビッグサイズ BIG SIZE ★REV 7987085 メンズキャップ帽子 大きい帽子 メンズ帽子 レディース 春 夏 春夏 プレゼント ギフト 母の日 父の日 送料無料","SU","6","X12","Y16",,"0","15","30","15","庄司 泰久"
"2026/08/24 12:52:09","WEB画面","7987085","7987085X12Y17","【とにかくデカい！】大きいサイズ キャップ 大きめ 深い 深め ビッグサイズ BIG SIZE ★REV 7987085 メンズキャップ帽子 大きい帽子 メンズ帽子 レディース 春 夏 春夏 プレゼント ギフト 母の日 父の日 送料無料","SU","7","X12","Y17",,"0","11","16","5","庄司 泰久"
"2026/08/24 12:52:09","WEB画面","7987085","7987085X12Y18","【とにかくデカい！】大きいサイズ キャップ 大きめ 深い 深め ビッグサイズ BIG SIZE ★REV 7987085 メンズキャップ帽子 大きい帽子 メンズ帽子 レディース 春 夏 春夏 プレゼント ギフト 母の日 父の日 送料無料","SU","8","X12","Y18",,"0","6","16","10","庄司 泰久"
"2026/08/24 12:52:09","WEB画面","7987085","7987085X12Y19","【とにかくデカい！】大きいサイズ キャップ 大きめ 深い 深め ビッグサイズ BIG SIZE ★REV 7987085 メンズキャップ帽子 大きい帽子 メンズ帽子 レディース 春 夏 春夏 プレゼント ギフト 母の日 父の日 送料無料","SU","9","X12","Y19",,"0","5","15","10","庄司 泰久"
"2026/08/24 12:52:09","WEB画面","7987085","7987085X12Y20","【とにかくデカい！】大きいサイズ キャップ 大きめ 深い 深め ビッグサイズ BIG SIZE ★REV 7987085 メンズキャップ帽子 大きい帽子 メンズ帽子 レディース 春 夏 春夏 プレゼント ギフト 母の日 父の日 送料無料","SU","10","X12","Y20",,"0","24","34","10","庄司 泰久"
"2026/08/24 12:52:09","WEB画面","7987085","7987085X12Y21","【とにかくデカい！】大きいサイズ キャップ 大きめ 深い 深め ビッグサイズ BIG SIZE ★REV 7987085 メンズキャップ帽子 大きい帽子 メンズ帽子 レディース 春 夏 春夏 プレゼント ギフト 母の日 父の日 送料無料","SU","11","X12","Y21",,"0","11","26","15","庄司 泰久"
"2026/08/24 12:52:09","WEB画面","7987085","7987085X12Y22","【とにかくデカい！】大きいサイズ キャップ 大きめ 深い 深め ビッグサイズ BIG SIZE ★REV 7987085 メンズキャップ帽子 大きい帽子 メンズ帽子 レディース 春 夏 春夏 プレゼント ギフト 母の日 父の日 送料無料","SU","12","X12","Y22",,"0","7","12","5","庄司 泰久"
"2026/08/24 12:52:09","WEB画面","7987085","7987085X12Y23","【とにかくデカい！】大きいサイズ キャップ 大きめ 深い 深め ビッグサイズ BIG SIZE ★REV 7987085 メンズキャップ帽子 大きい帽子 メンズ帽子 レディース 春 夏 春夏 プレゼント ギフト 母の日 父の日 送料無料","SU","13","X12","Y23",,"0","11","16","5","庄司 泰久"
"2026/08/24 12:52:09","WEB画面","7987085","7987085X12Y24","【とにかくデカい！】大きいサイズ キャップ 大きめ 深い 深め ビッグサイズ BIG SIZE ★REV 7987085 メンズキャップ帽子 大きい帽子 メンズ帽子 レディース 春 夏 春夏 プレゼント ギフト 母の日 父の日 送料無料","SU","14","X12","Y24",,"0","8","13","5","庄司 泰久"
"2026/08/24 12:52:09","WEB画面","7987085","7987085X12Y25","【とにかくデカい！】大きいサイズ キャップ 大きめ 深い 深め ビッグサイズ BIG SIZE ★REV 7987085 メンズキャップ帽子 大きい帽子 メンズ帽子 レディース 春 夏 春夏 プレゼント ギフト 母の日 父の日 送料無料","SU","15","X12","Y25",,"0","11","16","5","庄司 泰久"
"2026/08/24 12:52:09","WEB画面","7987085","7987085X12Y30","【とにかくデカい！】大きいサイズ キャップ 大きめ 深い 深め ビッグサイズ BIG SIZE ★REV 7987085 メンズキャップ帽子 大きい帽子 メンズ帽子 レディース 春 夏 春夏 プレゼント ギフト 母の日 父の日 送料無料","SU","20","X12","Y30",,"0","4","14","10","庄司 泰久"
"2026/08/24 12:52:09","WEB画面","7987085","7987085X12Y36","【とにかくデカい！】大きいサイズ キャップ 大きめ 深い 深め ビッグサイズ BIG SIZE ★REV 7987085 メンズキャップ帽子 大きい帽子 メンズ帽子 レディース 春 夏 春夏 プレゼント ギフト 母の日 父の日 送料無料","SU","26","X12","Y36",,"0","6","21","15","庄司 泰久"
"2026/08/24 12:52:09","WEB画面","7987085","7987085X12Y37","【とにかくデカい！】大きいサイズ キャップ 大きめ 深い 深め ビッグサイズ BIG SIZE ★REV 7987085 メンズキャップ帽子 大きい帽子 メンズ帽子 レディース 春 夏 春夏 プレゼント ギフト 母の日 父の日 送料無料","SU","27","X12","Y37",,"0","1","21","20","庄司 泰久"
"2026/08/24 12:52:09","WEB画面","7987085","7987085X12Y38","【とにかくデカい！】大きいサイズ キャップ 大きめ 深い 深め ビッグサイズ BIG SIZE ★REV 7987085 メンズキャップ帽子 大きい帽子 メンズ帽子 レディース 春 夏 春夏 プレゼント ギフト 母の日 父の日 送料無料","SU","28","X12","Y38",,"0","7","22","15","庄司 泰久"
"2026/08/24 12:53:10","WEB画面","7986564","7986564X11Y12","【当店限定/大きいサイズ】BlackRebel 帽子 キャップ メンズ レディース 大きいサイズ ★REVL 7986564 深め Vintage クラッシュ 加工 こなれ感 おしゃれ 送料無料","ONESIZE","ネイビー","X11","Y12",,"0","10","97","87","庄司 泰久"
"2026/08/24 12:53:10","WEB画面","7986564","7986564X11Y13","【当店限定/大きいサイズ】BlackRebel 帽子 キャップ メンズ レディース 大きいサイズ ★REVL 7986564 深め Vintage クラッシュ 加工 こなれ感 おしゃれ 送料無料","ONESIZE","カーキ","X11","Y13",,"0","10","110","100","庄司 泰久"
"2026/08/24 12:53:10","WEB画面","7986564","7986564X11Y14","【当店限定/大きいサイズ】BlackRebel 帽子 キャップ メンズ レディース 大きいサイズ ★REVL 7986564 深め Vintage クラッシュ 加工 こなれ感 おしゃれ 送料無料","ONESIZE","ブラウン","X11","Y14",,"0","24","74","50","庄司 泰久"
"2026/08/24 12:53:10","WEB画面","7986564","7986564X11Y15","【当店限定/大きいサイズ】BlackRebel 帽子 キャップ メンズ レディース 大きいサイズ ★REVL 7986564 深め Vintage クラッシュ 加工 こなれ感 おしゃれ 送料無料","ONESIZE","グレー","X11","Y15",,"0","0","150","150","庄司 泰久"
"2026/08/24 12:53:10","WEB画面","7986564","7986564X11Y16","【当店限定/大きいサイズ】BlackRebel 帽子 キャップ メンズ レディース 大きいサイズ ★REVL 7986564 深め Vintage クラッシュ 加工 こなれ感 おしゃれ 送料無料","ONESIZE","ワイン","X11","Y16",,"0","0","100","100","庄司 泰久"
"2026/08/24 13:01:16","受注取込","7988002","7988002X12Y12","【光る首輪】光る 犬 首輪 光る 犬用 LED ライト USB充電式 猫用 カラー 可愛い NEK ★REVG 7988002 ペット用品 ドッグ 大型犬 中型犬 小型犬 向け サイズ調節 35cm 50cm 70cm レインボー 猫 事故防止 散歩 防水 送料無料","M(50cm)","オレンジ","X12","Y12",,"0","19","18","-1",
"2026/08/24 13:03:01","受注取込","7987409","7987409X11Y14","【130cm 大きいサイズ対応】本革 床革 ベルト メンズ 130cm NEK ★REV 7987409 大きいサイズ対応 シンセティックレザー ビジネスベルト カジュアルベルト 父の日 送料無料","ONESIZE","ブラウンB","X11","Y14",,"0","29","28","-1",
"2026/08/24 13:07:02","WEB画面","7986798","7986798X11Y15","【抜け感キャスケット】キャスケット  キャスハンチング キャップ メンズ レディース NEK ★REV 7986798 ハンチング帽子 タクシーハット ニュースボーイキャップ ニュースボーイハット おしゃれ 送料無料","ONESIZE","グレー","X11","Y15",,"0","5","0","-5","植野"
"2026/08/24 13:09:15","受注取込","7987400","7987400X11Y16","【とにかくデカい！/普通サイズあり！】キャップ メンズ 大きいサイズ 帽子 深め ビッグサイズ ★REVM 7987400 BIG SIZE メンズキャップ帽子 大きめ 大きい帽子 メンズ帽子 レディース 春 夏 春夏 プレゼント ギフト 母の日 父の日 送料無料","大きいサイズ","F-ブラック","X11","Y16",,"0","128","127","-1",
"2026/08/24 13:10:30","受注取込","7986674","7986674X11Y12","【深め/美シルエット】メッシュキャップ キャップ 帽子 メンズ レディース スエード風 ★REVL 7986674 野球帽 A-Frame Trucker 無地 刺繍 10色展開 送料無料","ONESIZE","B","X11","Y12",,"0","1","0","-1",
"2026/08/24 13:20:19","受注取込","7987140","7987140X11Y16","【COOLにマナーを】携帯灰皿 カラビナ付き 吸い殻入れ 金属製 フタ付き 小型 軽量 NEK ★REVL 7987140 喫煙グッズ アッシュトレイ 持ち運び便利 男性 メンズ レディース 送料無料","ONESIZE","F.ブラックペイズリー","X11","Y16",,"0","40","39","-1",
"2026/08/24 13:20:45","受注取込","7987400","7987400X11Y31","【とにかくデカい！/普通サイズあり！】キャップ メンズ 大きいサイズ 帽子 深め ビッグサイズ ★REVM 7987400 BIG SIZE メンズキャップ帽子 大きめ 大きい帽子 メンズ帽子 レディース 春 夏 春夏 プレゼント ギフト 母の日 父の日 送料無料","大きいサイズ","U-ホワイト","X11","Y31",,"0","30","29","-1",
"2026/08/24 13:22:56","WEB画面","7986675","7986675X11Y12","【深め/美シルエット】メッシュキャップ キャップ 帽子 メンズ レディース 野球帽 ★REVL 7986675 A-Frame Trucker アメカジ 刺繍 送料無料","ONESIZE","B","X11","Y12",,"0","30","29","-1","星島"
"2026/08/24 13:23:45","受注取込","7987400","7987400X11Y30","【とにかくデカい！/普通サイズあり！】キャップ メンズ 大きいサイズ 帽子 深め ビッグサイズ ★REVM 7987400 BIG SIZE メンズキャップ帽子 大きめ 大きい帽子 メンズ帽子 レディース 春 夏 春夏 プレゼント ギフト 母の日 父の日 送料無料","大きいサイズ","T-ブラック","X11","Y30",,"0","36","35","-1",
"2026/08/24 13:28:01","受注取込","7987090","7987090X11Y11","【使い方色々!】ポーチ ベルトポーチ 小物入れ 小銭入れ カードケース NEK ★REV 7987090 短財布 財布 メンズ レディース カラビナ ミリタリー サバゲー キャンプ アウトドア メディカルポーチ 防災グッズ 送料無料","ONESIZE","ブラック","X11","Y11",,"0","70","69","-1",
"2026/08/24 13:30:26","受注取込","7995525","7995525X1Y11","AVIREX 限定モデル キャップ 帽子 父の日 贈り物 プレゼント メンズ ★REV ブラックシリーズ 黒 アビレックス アヴィレックス メッシュキャップ ハンチング ローキャップ バケット ハット ワークキャップ レディース かっこいい yos プレゼント ギフト","ONESIZE","【K】ローキャップ_14787600_80","X1","Y11",,"0","39","38","-1",
"2026/08/24 13:36:31","受注取込","7987076","7987076X11Y13","【超軽量55g】特価 キャップ 帽子 メッシュキャップ ランニングキャップ NEK ★REV 7987076 メンズ レディース 速乾 軽量 ジョギング アウトドア キャンプ スポーツ 釣り 海 プール","アジャスタータイプ","ネイビー","X11","Y13",,"0","6","5","-1",
"2026/08/24 13:38:48","受注取込","7986572","7986572X11Y33","【新型/IQOS イルマ i ワン用】アイコス イルマiワン ILUMA ケース 保護ケース NEK ★REVL 7986572 iqosイルマワン イルマワンカバー 耐衝撃 おしゃれ iqos iluma one 専用 IQOSイルマワン保護ケース レザー ヒョウ柄 ペイズリー 保護カバー アイコスケース アクセサリー 送料無料","イルマiワン","77","X11","Y33",,"0","15","14","-1",
"2026/08/24 13:47:15","受注取込","7986473","7986473X11Y12","【軽量/コンパクト】日傘 軽量 190g UVカット率 100% UPF50+ 完全遮光 NEK ★REVL 7986473  遮熱 ワンタッチ自動開閉 折りたたみ傘 コンパクト 紫外線遮断 耐風撥水 晴雨兼用 携帯便利 メンズ レディース 母の日 父の日 送料無料","ONESIZE","アイボリー","X11","Y12",,"0","15","14","-1",
"2026/08/24 13:52:15","受注取込","7987400","7987400X11Y30","【とにかくデカい！/普通サイズあり！】キャップ メンズ 大きいサイズ 帽子 深め ビッグサイズ ★REVM 7987400 BIG SIZE メンズキャップ帽子 大きめ 大きい帽子 メンズ帽子 レディース 春 夏 春夏 プレゼント ギフト 母の日 父の日 送料無料","大きいサイズ","T-ブラック","X11","Y30",,"0","35","34","-1",
"2026/08/24 13:58:15","受注取込","7988215","7988215X14Y15","【とにかくデカい！】 大きいサイズ キャップ メッシュキャップ 送料無料 大きめ ビッグサイズ BIG SIZE ★REV 7988215 <br> 帽子 ハット キャップ ワークキャップ メンズキャップ 大きいサイズ バケット 大きい帽子 メンズ バケハ メンズ帽子 大きい 頭 メッシュ 全39カラー","DD","5","X14","Y15",,"0","28","27","-1",
"2026/08/24 13:59:31","受注取込","7986849","7986849X11Y11","【ゴージャスに遊ぶ】トランプ プラスチック 54枚 撥水 NEK ★REV 7986849 ブラック ゴールド シルバー ピンクゴールド カードゲーム マジックトランプ パーティーグッズ プレゼント ギフト ポーカー ブラックジャック 手品 送料無料","ONESIZE","A","X11","Y11",,"0","48","47","-1",
"2026/08/24 14:46:15","受注取込","7986752","7986752X11Y12","収納 サンバイザーホルダー マルチ 車 カーポケット ドライブポケット NEK ★REVL 7986752 おしゃれ サンバイザー ポケット カー用品 収納 カー用品 ペン カードポケット 収納ホルダー サングラスホルダー 車 眼鏡ホルダー カーアクセサリー 送料無料","ONESIZE","グレー","X11","Y12",,"0","42","41","-1",
"2026/08/24 14:47:45","受注取込","7986654","7986654X20Y11","【お得な100枚セット】宅配ビニール袋 100枚 お得 安い 宅配袋 宅配ポリ袋 ポリ袋 強テープ付き 17cm 20cm 25cm 30cm 32cm 40cm 45cm 50cm 60cm 梱包 袋 梱包材 ビニール 宅配 7986654 プレゼント ギフト","60cm×80cm","ワンカラー","X20","Y11",,"0","21","20","-1",
"2026/08/24 14:50:45","受注取込","7986531","7986531X11Y36","【新型/IQOS イルマ i ワン用】アイコス イルマiワン ILUMA ケース 保護ケース NEK ★REVL 7986531 iqosイルマワン イルマワンカバー 耐衝撃 おしゃれ iqos iluma one 専用 IQOSイルマワン保護ケース レザー ヒョウ柄 ペイズリー 保護カバー アイコスケース アクセサリー 送料無料","ONESIZE","119","X11","Y36",,"0","9","8","-1",
"2026/08/24 14:57:31","受注取込","7986747","7986747X11Y11","【日焼けシェード付き】サファリハット シェード メンズ 釣り 帽子 ハット レディース SUNS(サンズ) 撥水 アウトドア 登山 キャンプ バーベキュー NEK ★REVL H-051 送料無料 大きいサイズあり キッズサイズ 子供 UVカット アドベンチャーハット 父の日 プレゼント ユニセックス 春 夏 夏フェス ギフト","普通サイズ","SHADE_BK/BLACK(H_051)","X11","Y11",,"0","61","60","-1",
"2026/08/24 15:02:44","WEB画面","7987087","7987087X11Y12","Cloud 深め 帽子 キャップ メンズ レディース ★REV 7987087 Vintage CRUSH加工 サイド刺繍 おしゃれ 送料無料","ONESIZE","ブラック","X11","Y12",,"0","82","81","-1","齋藤"
"2026/08/24 15:08:48","WEB画面","7987641","7987641X11Y13","犬 服 暖かい 犬の服 ボア ダウン ジャケット コート ★REVG NEK 7987641 小型犬 中型犬 秋 秋服 冬 冬用 冬服 秋冬 おしゃれ おもしろ かわいい 可愛い 着せやすい セール ブランド 女の子 男の子 オス メス 背開き アウター ベスト ハーネス キルティング","S","ピンク","X11","Y13",,"0","0","1","1","齋藤"
"2026/08/24 15:58:17","WEB画面","7986463","7986463X11Y11","【4mmだから、繊細】天然石 クロス ブレスレット 4mm NEK ★REVL 7986463 メンズ レディース 19cm パワーストーン 十字架 お守り 細身 ユニセックス ペア 9種類 アクセサリー 送料無料","ONESIZE","A.チェリークオーツ","X11","Y11",,"0","0","15","15","門田"
"2026/08/24 15:58:17","WEB画面","7986463","7986463X11Y12","【4mmだから、繊細】天然石 クロス ブレスレット 4mm NEK ★REVL 7986463 メンズ レディース 19cm パワーストーン 十字架 お守り 細身 ユニセックス ペア 9種類 アクセサリー 送料無料","ONESIZE","B.マラカイト(孔雀石)","X11","Y12",,"0","0","15","15","門田"
"2026/08/24 15:58:17","WEB画面","7986463","7986463X11Y13","【4mmだから、繊細】天然石 クロス ブレスレット 4mm NEK ★REVL 7986463 メンズ レディース 19cm パワーストーン 十字架 お守り 細身 ユニセックス ペア 9種類 アクセサリー 送料無料","ONESIZE","C.グリーンアベンチュリン","X11","Y13",,"0","0","15","15","門田"
"2026/08/24 15:58:17","WEB画面","7986463","7986463X11Y14","【4mmだから、繊細】天然石 クロス ブレスレット 4mm NEK ★REVL 7986463 メンズ レディース 19cm パワーストーン 十字架 お守り 細身 ユニセックス ペア 9種類 アクセサリー 送料無料","ONESIZE","D.タイガーアイ","X11","Y14",,"0","0","15","15","門田"
"2026/08/24 15:58:17","WEB画面","7986463","7986463X11Y15","【4mmだから、繊細】天然石 クロス ブレスレット 4mm NEK ★REVL 7986463 メンズ レディース 19cm パワーストーン 十字架 お守り 細身 ユニセックス ペア 9種類 アクセサリー 送料無料","ONESIZE","E.オニキス（黒瑪瑙）","X11","Y15",,"0","0","15","15","門田"
"2026/08/24 15:58:17","WEB画面","7986463","7986463X11Y16","【4mmだから、繊細】天然石 クロス ブレスレット 4mm NEK ★REVL 7986463 メンズ レディース 19cm パワーストーン 十字架 お守り 細身 ユニセックス ペア 9種類 アクセサリー 送料無料","ONESIZE","F.ピクチャーストーン","X11","Y16",,"0","0","15","15","門田"
"2026/08/24 15:58:17","WEB画面","7986463","7986463X11Y17","【4mmだから、繊細】天然石 クロス ブレスレット 4mm NEK ★REVL 7986463 メンズ レディース 19cm パワーストーン 十字架 お守り 細身 ユニセックス ペア 9種類 アクセサリー 送料無料","ONESIZE","G.ブルーストーン","X11","Y17",,"0","0","15","15","門田"
"2026/08/24 15:58:17","WEB画面","7986463","7986463X11Y18","【4mmだから、繊細】天然石 クロス ブレスレット 4mm NEK ★REVL 7986463 メンズ レディース 19cm パワーストーン 十字架 お守り 細身 ユニセックス ペア 9種類 アクセサリー 送料無料","ONESIZE","H.ソーダライト","X11","Y18",,"0","0","15","15","門田"
"2026/08/24 15:58:17","WEB画面","7986463","7986463X11Y19","【4mmだから、繊細】天然石 クロス ブレスレット 4mm NEK ★REVL 7986463 メンズ レディース 19cm パワーストーン 十字架 お守り 細身 ユニセックス ペア 9種類 アクセサリー 送料無料","ONESIZE","I.クリアクォーツ（水晶）","X11","Y19",,"0","0","15","15","門田"
"2026/08/24 16:00:21","受注取込","7987085","7987085X12Y19","【とにかくデカい！】大きいサイズ キャップ 大きめ 深い 深め ビッグサイズ BIG SIZE ★REV 7987085 メンズキャップ帽子 大きい帽子 メンズ帽子 レディース 春 夏 春夏 プレゼント ギフト 母の日 父の日 送料無料","SU","9","X12","Y19",,"0","15","14","-1",
"2026/08/24 16:00:21","受注取込","7987085","7987085X12Y11","【とにかくデカい！】大きいサイズ キャップ 大きめ 深い 深め ビッグサイズ BIG SIZE ★REV 7987085 メンズキャップ帽子 大きい帽子 メンズ帽子 レディース 春 夏 春夏 プレゼント ギフト 母の日 父の日 送料無料","SU","1","X12","Y11",,"0","22","21","-1",
"2026/08/24 16:35:44","WEB画面","7994226","7994226X11Y12","【大きいサイズもあり 限定モデル】AVIREX メッシュキャップ メンズ 帽子 メンズ キャップ メンズ 14023200 14670200 レディース ★REV 父の日 贈り物 プレゼント ブランド アビレックス 送料無料 正規品 ブラック 黒 ネイビー 紺 グレー 灰 yos プレゼント ギフト","普通サイズ_14023200","80_ブラック","X11","Y12",,"0","48","47","-1","齋藤"
"2026/08/24 16:51:06","WEB画面","7994812","7994812X12Y11","サファリハット メンズ 釣り 帽子 ハット レディース SUNS(サンズ)  撥水 アウトドア 登山 キャンプ バーベキュー NEK ★REV H-051 H-053 送料無料 大きいサイズあり キッズサイズ 子供 UVカット アドベンチャーハット 父の日 プレゼント ユニセックス 春 夏 夏フェス ギフト","大きいサイズ","BK/BLACK(H_051)","X12","Y11",,"0","238","237","-1","齋藤"
"2026/08/24 16:51:06","WEB画面","7994812","7994812X12Y12","サファリハット メンズ 釣り 帽子 ハット レディース SUNS(サンズ)  撥水 アウトドア 登山 キャンプ バーベキュー NEK ★REV H-051 H-053 送料無料 大きいサイズあり キッズサイズ 子供 UVカット アドベンチャーハット 父の日 プレゼント ユニセックス 春 夏 夏フェス ギフト","大きいサイズ","BLACK(H_051)","X12","Y12",,"0","67","68","1","齋藤"
"2026/08/24 16:56:13","在庫CSV取込","7987559","7987559X11Y14","ミニ財布 ミニウォレット 短財布 メンズ レディース ウォレット NEK ★REV 7987559 プレゼント ギフト 父の日 母の日 プチギフト 誕プレ 送料無料","ONESIZE","ブラウン","X11","Y14",,"0","18","17","-1","星島"
"2026/08/24 16:56:13","在庫CSV取込","7988000","7988000X11Y11","【SERGEANT】キャップ 帽子 メンズ レディース 野球帽 ローキャップ ★REV 7988000 Vintage Military プレゼント ギフト 送料無料","ONESIZE","ワイン","X11","Y11",,"0","6","5","-1","星島"
"2026/08/24 16:56:13","在庫CSV取込","7990307","7990307X11Y12","【3枚セット】マスク メンズ レディース 洗えるマスク 布マスク 迷彩 ペイズリー カモフラ ウイルス対策 風邪対策 花粉対策 粉塵対策 送料無料 NEK DVH2002 プレゼント ギフト","ONESIZE","カーキ(15_2)","X11","Y12",,"0","0","-1","-1","星島"
"2026/08/24 16:56:13","在庫CSV取込","9009978","9009978X11Y6","帽子 メンズ AVIREX アビレックス 送料無料 キャップ 父の日 プレゼント 贈り物 ニットキャップ メッシュキャップ 大きいサイズ レディース ディッキーズ ローキャップ ワークキャップ ハット ハンチング おしゃれ ロゴ 刺繍 プリント アメカジ HYPE 通販 yos ギフト","K","-6","X11","Y6",,"0","15","14","-1","星島"
"2026/08/24 16:56:13","在庫CSV取込","9009978","9009978X20Y3","帽子 メンズ AVIREX アビレックス 送料無料 キャップ 父の日 プレゼント 贈り物 ニットキャップ メッシュキャップ 大きいサイズ レディース ディッキーズ ローキャップ ワークキャップ ハット ハンチング おしゃれ ロゴ 刺繍 プリント アメカジ HYPE 通販 yos ギフト","T","-3","X20","Y3",,"0","21","20","-1","星島"
"2026/08/24 16:56:13","在庫CSV取込","7986467","7986467X11Y11","【スタイルに合わせて使える2WAY仕様】ゴムベルト レディース 伸縮 ストライプ ACRHT042 NEK 7986467 2cm幅 フック式 ベルトループ対応 ウエストマーク 選べる4カラー","ONESIZE","ブラック","X11","Y11",,"0","96","95","-1","星島"
"2026/08/24 16:56:13","在庫CSV取込","7990381","7990381X11Y22","【15柄展開】マスク 洗えるマスク カラーマスク レース メンズ レディース ペイズリー カモフラ 花柄 レオパード柄 新作 15柄展開 ★REV NEK 7990381 プレゼント ギフト","ONESIZE","L","X11","Y22",,"0","296","295","-1","星島"
"2026/08/24 16:56:13","在庫CSV取込","7990381","7990381X11Y12","【15柄展開】マスク 洗えるマスク カラーマスク レース メンズ レディース ペイズリー カモフラ 花柄 レオパード柄 新作 15柄展開 ★REV NEK 7990381 プレゼント ギフト","ONESIZE","B","X11","Y12",,"0","145","144","-1","星島"
"2026/08/24 16:56:13","在庫CSV取込","7990453","7990453X11Y23","【魅せるマスク】マスク カラーマスク ペイズリー 迷彩 カモフラージュ 総柄 おしゃれ かわいい ストレッチ 大人用 14色展開 NEK 7990453 プレゼント ギフト","一般成人用サイズ","迷彩D","X11","Y23",,"0","110","109","-1","星島"
"2026/08/24 16:56:13","在庫CSV取込","7990453","7990453X11Y16","【魅せるマスク】マスク カラーマスク ペイズリー 迷彩 カモフラージュ 総柄 おしゃれ かわいい ストレッチ 大人用 14色展開 NEK 7990453 プレゼント ギフト","一般成人用サイズ","モザイクA","X11","Y16",,"0","24","23","-1","星島"
"2026/08/24 16:56:13","在庫CSV取込","7988091","7988091X13Y11","安全靴 スニーカー エアウォーク AIR WALK Y_YU AW-900 アクティブライト ローカット メンズ セーフティシューズ 樹脂先芯 軽量 衝撃吸収 負担軽減 作業靴 オシャレ","26.0cm ","グレー迷彩","X13","Y11",,"0","288","287","-1","星島"
"2026/08/24 16:56:13","在庫CSV取込","7990413","7990413X11Y20","【超おしゃれ】マスク スカーフマスク 送料無料 感染対策 女性 レディース スカーフ マスクスカーフ 花柄 おしゃれ エレガント 防塵 花粉 UVカット 洗える NEK 7990413","ONESIZE","J","X11","Y20",,"0","43","42","-1","星島"
"2026/08/24 16:56:13","在庫CSV取込","7992250","7992250X18Y11","iPhone XS ケース バンカーリング 付き 落ちない シリコン ケース 透明 スケルトン 輪 送料無料 iphone XR ケース iPhone8 ケース iphone XS MAX  iphone X リング付 iPhone7 Plus スマホケース カバー クリア アイフォン アクセサリー NEK ALI 7992250 190715","iPhone_11_pro","レッド","X18","Y11",,"0","8","7","-1","星島"
"2026/08/24 16:56:13","在庫CSV取込","7987082","7987082X11Y12","【超冷感】アームカバー UPF50＋ UVカット レディース uvカット アームカバー NEK ★REVA 7987082 指先まで 日焼け止め 腕カバー アームカバー uv 冷感 日焼け止め 手袋 アームカバー 日焼け対策 アームカバー 日焼け 冷感 夏 アウトドア 運転 自転車 ゴルフ 送料無料","ONESIZE","グレー","X11","Y12",,"0","18","17","-1","星島"
"2026/08/24 16:56:13","在庫CSV取込","7987071","7987071X11Y12","【UV冷感】アームカバー UPF50＋ UVカット レディース uvカット アームカバー NEK ★REVA 7987071 指先まで 日焼け止め 腕カバー アームカバー uv 冷感 日焼け止め 手袋 アームカバー 日焼け対策 アームカバー 日焼け 冷感 夏 アウトドア 運転 自転車 ゴルフ 送料無料","ONESIZE","ピンク","X11","Y12",,"0","14","13","-1","星島"
"2026/08/24 16:56:13","在庫CSV取込","7992495","7992495X11Y20","ブレスレット バングル メンズ レディース サバイバル パラコード 笛付き リフレクター素材 サバゲー ミリタリー アクセサリー プレゼント 送料無料  NEK ALI 7992495 190707","ONESIZE","J","X11","Y20",,"0","10","9","-1","星島"
"2026/08/24 16:56:13","在庫CSV取込","7992495","7992495X11Y12","ブレスレット バングル メンズ レディース サバイバル パラコード 笛付き リフレクター素材 サバゲー ミリタリー アクセサリー プレゼント 送料無料  NEK ALI 7992495 190707","ONESIZE","B","X11","Y12",,"0","20","19","-1","星島"
"2026/08/24 16:56:13","在庫CSV取込","7986688","7986688X14Y11","【竹炭消臭インソール付】サンダル メンズ スポーツサンダル ★REVL 7986688 防滑 水陸両用 レジャー アウトドアサンダル ウォーターシューズ マジックテープ ブラック 歩きやすい 海 ビーチ 夏レジャー 送料無料","26.5cm","ブラック","X14","Y11",,"0","1","0","-1","星島"
"2026/08/24 16:56:13","在庫CSV取込","7986688","7986688X12Y13","【竹炭消臭インソール付】サンダル メンズ スポーツサンダル ★REVL 7986688 防滑 水陸両用 レジャー アウトドアサンダル ウォーターシューズ マジックテープ ブラック 歩きやすい 海 ビーチ 夏レジャー 送料無料","25.5cm","ダークブラウン","X12","Y13",,"0","10","9","-1","星島"
"2026/08/24 16:56:13","在庫CSV取込","7987092","7987092X11Y15","【本革】キーケース スマートキーケース メンズ レディース NEK ★REV 7987092 ポーチ LEATHER 本革 本皮 おしゃれ コスメポーチ 小銭入れ 送料無料","ONESIZE","ピンク","X11","Y15",,"0","2","1","-1","星島"
"2026/08/24 16:56:13","在庫CSV取込","7987031","7987031X11Y12","【大人気SUNSより当店限定！】ミニトート バッグ レディース メンズ トートバッグ トート NEK ★REVL 7987031 CRB-001 ミニ 仕切り ポケット ランチバッグ マザーズバッグ 収納 ミリタリー MA-1 シンプル おしゃれ 便利 無地 通勤 通学 ユニセックス ジッパー付き 撥水","ONESIZE","カーキ","X11","Y12",,"0","30","29","-1","星島"
"2026/08/24 16:56:13","在庫CSV取込","7990512","7990512X11Y11","リーフ ネックレス レディース ロングネックレス 葉っぱ 大きめ アクセサリー かわいい ナチュラル アンティーク風 プレゼント 贈り物 ギフト NEK 7990512 プレゼント ギフト","ONESIZE","ライトブラウン","X11","Y11",,"0","19","18","-1","星島"
"2026/08/24 16:56:13","在庫CSV取込","7987485","7987485X11Y12","【特大】トートバッグ 大きめ メンズ レディース Military バッグ ★REV 7987485 撥水 MA-1 旅行 アウトドア キャンプ ジムバッグ プレゼント プチギフト 送料無料","ONESIZE","オリーブ","X11","Y12",,"0","19","18","-1","星島"
"2026/08/24 16:56:13","在庫CSV取込","7987598","7987598X11Y14","【8bits】ペン型 ドライバー 精密ドライバー ドライバーセット NEK ★REV 7987598 工具 DIY プラス マイナス 8in1 送料無料","ワンサイズ","ネイビー ","X11","Y14",,"0","66","65","-1","星島"
"2026/08/24 16:56:13","在庫CSV取込","7987598","7987598X11Y11","【8bits】ペン型 ドライバー 精密ドライバー ドライバーセット NEK ★REV 7987598 工具 DIY プラス マイナス 8in1 送料無料","ワンサイズ","ブラック","X11","Y11",,"0","103","102","-1","星島"
"2026/08/24 16:56:13","在庫CSV取込","7987626","7987626X11Y11","【お得な5個セット】LEDライト キーホルダー 小型LEDライト NEK ★REV 7987626 キーライト 高輝度 5灯 LR44 ボタン電池 LTG 送料無料","ONESIZE","5本セット","X11","Y11",,"0","15","14","-1","星島"
"2026/08/24 16:56:13","在庫CSV取込","7987617","7987617X11Y11","【電気代0円】ソーラーライト 庭 6個セット ガーデンライト ソーラー 屋外 照明 ★REVL 7987617 LTG SUNECO ベランダ センサーライト 防水 防犯 LEDライト IP65 電球色 ガーデニング 庭 かわいい ライト おしゃれ キャンプ アウトドア クリスマス プレゼント 駐車場 送料無料","ワンサイズ","暖色(6個セット)","X11","Y11",,"0","78","77","-1","星島"
"2026/08/24 16:56:13","在庫CSV取込","7987821","7987821X11Y11","【お得な5色セット】ベルト メンズ レディース 120cm ガチャベルト ★REV 7987821 送料無料 フリーサイズ プレゼント 大きいサイズ サバゲー キャンプ アウトドア 登山 作業服 ギフト","ONESIZE","5色セット","X11","Y11",,"0","49","48","-1","星島"
"2026/08/24 16:56:13","在庫CSV取込","7987924","7987924X11Y12","【蒸れない 通気性抜群】メッシュキャップ 帽子 キャップ メンズ レディース アウトドア キャンプ ゴルフ ランニング ★REV 7987924","ONESIZE","ブラック","X11","Y12",,"0","2","1","-1","星島"
"2026/08/24 16:56:13","在庫CSV取込","7987946","7987946X11Y11","【お得な3個セット】犬 ナスカン カラビナ キーホルダー キーフック キーケース NEK ★REV 7987946 カラナビ プレゼント ギフト アクセサリー 送料無料","ONESIZE","3色MIX","X11","Y11",,"0","90","89","-1","星島"
"2026/08/24 16:56:13","在庫CSV取込","9009978","9009978X14Y7","帽子 メンズ AVIREX アビレックス 送料無料 キャップ 父の日 プレゼント 贈り物 ニットキャップ メッシュキャップ 大きいサイズ レディース ディッキーズ ローキャップ ワークキャップ ハット ハンチング おしゃれ ロゴ 刺繍 プリント アメカジ HYPE 通販 yos ギフト","N","-7","X14","Y7",,"0","6","5","-1","星島"
"2026/08/24 16:56:13","在庫CSV取込","7988525","7988525X11Y11","【速攻配達】イヤホン イヤフォン 3.5mm ハイレゾ 高音質 マイク付き NEK ★REV 7988525 重低音 hi-res 有線 ノイズキャンセリング 遮音 通勤 ゲーミング 携帯 スマホ イヤホンマイク Android アクセサリー 送料無料 プレゼント ギフト","ONESIZE","ブラック","X11","Y11",,"0","20","19","-1","星島"
"2026/08/24 16:56:13","在庫CSV取込","7992492","7992492X11Y11","レッド メッシュキャップ キャップ 帽子 メンズ レディース ALI 7992492 レッド 赤 190612","ONESIZE","レッド","X11","Y11",,"0","8","7","-1","星島"
"2026/08/24 16:59:45","受注取込","7986547","7986547X11Y11","【お得な5枚10点セット】福袋 おなかぷにぷに3Dキャラクターシール 犬猫アニマル NEK ★REVO 7986547 ピンセット付き ぷにぷに触感 ストレス解消 癒しデコシール プレゼント ギフト 送料無料","ONESIZE","5枚10点アソート","X11","Y11",,"0","670","669","-1",
"2026/08/24 17:00:02","WEB画面","7986472","7986472X11Y11","【バッグなのにネックレス？】ミニバッグ ネックレス レディース メンズ NEK ★REVL 7986472 ロングネックレス 編み込み シルバー ユニセックス","ONESIZE","シルバー","X11","Y11",,"0","0","25","25","門田"
"2026/08/24 17:05:17","WEB画面","7990407","7990407X11Y11","ミニ財布 極小財布 本革 レザー 二つ折り財布 小さい財布 カード収納 定期入れ メンズ レディース 小銭入れ プレゼント 革 サイフ 小銭入れ付き 送料無料 ★REV NEK 7990407 プレゼント ギフト","ONESIZE","ブラック","X11","Y11",,"0","2","3","1","齋藤"
"2026/08/24 17:10:38","WEB画面","7987169","7987169X11Y13","【本革 コンパクト】財布 レディース メンズ ミニ財布 短財布 ミニウォレット NEK ★REVH 7987169 エンボス レザー 革 本革 牛革 ショートウォレット さいふ ウォレット 多機能 大容量 男性 ギフト 紳士用 プレゼント 薄い スリム 収納 ラウンドファスナー 送料無料","ONESIZE","ブラック×ワイン","X11","Y13",,"0","1","2","1","立花"
"2026/08/24 17:13:21","在庫CSV取込","7990700","7990700X11Y17","マスク マスク在庫あり マスク 日本製 洗えるマスク 布マスク 送料無料 洗えるマスク日本製 手作りマスク NEK 7990700","一般成人用サイズ","ライトベージュ","X11","Y17",,"0","0","-1","-1","星島"
"2026/08/24 17:13:21","在庫CSV取込","7995363","7995363X4Y3","安全靴 鋼鉄先芯 スニーカー ブーツ シューズ メンズ 父の日 贈り物 プレゼント セーフティーシューズ 耐油 防滑 ブラック 黒 7995363 作業用 作業靴 おしゃれ かっこいい ハイカット 釘踏み抜き防止 靴 紐靴 レースアップ ALI プレゼント ギフト","26.5cm","C_7991146","X4","Y3",,"0","14","13","-1","星島"
"2026/08/24 17:13:21","在庫CSV取込","7995363","7995363X7Y3","安全靴 鋼鉄先芯 スニーカー ブーツ シューズ メンズ 父の日 贈り物 プレゼント セーフティーシューズ 耐油 防滑 ブラック 黒 7995363 作業用 作業靴 おしゃれ かっこいい ハイカット 釘踏み抜き防止 靴 紐靴 レースアップ ALI プレゼント ギフト","28.0cm","C_7991146","X7","Y3",,"0","6","5","-1","星島"
"2026/08/24 17:13:21","在庫CSV取込","7995363","7995363X1Y3","安全靴 鋼鉄先芯 スニーカー ブーツ シューズ メンズ 父の日 贈り物 プレゼント セーフティーシューズ 耐油 防滑 ブラック 黒 7995363 作業用 作業靴 おしゃれ かっこいい ハイカット 釘踏み抜き防止 靴 紐靴 レースアップ ALI プレゼント ギフト","25.0cm","C_7991146","X1","Y3",,"0","10","9","-1","星島"
"2026/08/24 17:13:21","在庫CSV取込","7988607","7988607X11Y12","【超絶可愛い】マスク 日本製 フリルマスク レディース 抗菌 防臭 ワイヤー入り UVカット おしゃれ 可愛い 送料無料 エレガント 洗えるマスク NEK 7988607 プレゼント ギフト","ONESIZE","ベージュ","X11","Y12",,"0","7","6","-1","星島"
"2026/08/24 17:13:21","在庫CSV取込","7990381","7990381X11Y13","【15柄展開】マスク 洗えるマスク カラーマスク レース メンズ レディース ペイズリー カモフラ 花柄 レオパード柄 新作 15柄展開 ★REV NEK 7990381 プレゼント ギフト","ONESIZE","C","X11","Y13",,"0","17","16","-1","星島"
"2026/08/24 17:13:21","在庫CSV取込","7990453","7990453X11Y20","【魅せるマスク】マスク カラーマスク ペイズリー 迷彩 カモフラージュ 総柄 おしゃれ かわいい ストレッチ 大人用 14色展開 NEK 7990453 プレゼント ギフト","一般成人用サイズ","迷彩A","X11","Y20",,"0","82","81","-1","星島"
"2026/08/24 17:13:21","在庫CSV取込","7988090","7988090X14Y11","安全靴 スニーカー エアウォーク AIR WALK Y_YU AW-890 ブルー迷彩 アクティブライト ローカット メンズ セーフティシューズ 樹脂先芯 軽量 衝撃吸収 負担軽減 作業靴 オシャレ","26.5cm ","ブルー迷彩","X14","Y11",,"0","141","140","-1","星島"
"2026/08/24 17:13:21","在庫CSV取込","7986850","7986850X11Y12","【耐滑底/おしゃれ】安全靴 スニーカー エアウォーク ミッドカット AIR WALK AW-940 AW-950 Y_YU ★REV 7986850 メンズ おしゃれ 耐滑底 樹脂先芯 ストレッチロック セーフティシューズ 作業靴 送料無料","25.0cm","AW-950_ホワイト","X11","Y12",,"0","137","136","-1","星島"
"2026/08/24 17:13:21","在庫CSV取込","7990413","7990413X11Y21","【超おしゃれ】マスク スカーフマスク 送料無料 感染対策 女性 レディース スカーフ マスクスカーフ 花柄 おしゃれ エレガント 防塵 花粉 UVカット 洗える NEK 7990413","ONESIZE","K","X11","Y21",,"0","21","20","-1","星島"
"2026/08/24 17:13:21","在庫CSV取込","7990413","7990413X11Y13","【超おしゃれ】マスク スカーフマスク 送料無料 感染対策 女性 レディース スカーフ マスクスカーフ 花柄 おしゃれ エレガント 防塵 花粉 UVカット 洗える NEK 7990413","ONESIZE","C","X11","Y13",,"0","2","1","-1","星島"
"2026/08/24 17:13:21","在庫CSV取込","7992250","7992250X19Y12","iPhone XS ケース バンカーリング 付き 落ちない シリコン ケース 透明 スケルトン 輪 送料無料 iphone XR ケース iPhone8 ケース iphone XS MAX  iphone X リング付 iPhone7 Plus スマホケース カバー クリア アイフォン アクセサリー NEK ALI 7992250 190715","iPhone_11_pro_MAX","ブルー","X19","Y12",,"0","5","4","-1","星島"
"2026/08/24 17:13:21","在庫CSV取込","7992495","7992495X11Y21","ブレスレット バングル メンズ レディース サバイバル パラコード 笛付き リフレクター素材 サバゲー ミリタリー アクセサリー プレゼント 送料無料  NEK ALI 7992495 190707","ONESIZE","K","X11","Y21",,"0","11","10","-1","星島"
"2026/08/24 17:13:21","在庫CSV取込","7992495","7992495X11Y13","ブレスレット バングル メンズ レディース サバイバル パラコード 笛付き リフレクター素材 サバゲー ミリタリー アクセサリー プレゼント 送料無料  NEK ALI 7992495 190707","ONESIZE","C","X11","Y13",,"0","21","20","-1","星島"
"2026/08/24 17:13:21","在庫CSV取込","7986688","7986688X14Y13","【竹炭消臭インソール付】サンダル メンズ スポーツサンダル ★REVL 7986688 防滑 水陸両用 レジャー アウトドアサンダル ウォーターシューズ マジックテープ ブラック 歩きやすい 海 ビーチ 夏レジャー 送料無料","26.5cm","ダークブラウン","X14","Y13",,"0","8","7","-1","星島"
"2026/08/24 17:13:22","在庫CSV取込","7987409","7987409X11Y14","【130cm 大きいサイズ対応】本革 床革 ベルト メンズ 130cm NEK ★REV 7987409 大きいサイズ対応 シンセティックレザー ビジネスベルト カジュアルベルト 父の日 送料無料","ONESIZE","ブラウンB","X11","Y14",,"0","28","27","-1","星島"
"2026/08/24 17:13:22","在庫CSV取込","7988248","7988248X11Y12","リュック メンズ レディース 防水 防災リュック 避難 スポーツ 軽量 リュックサック 32L ★REV 7988248 バックパック デイパック アウトドア キャンプ ジム 登山 散歩  送料無料","ONESIZE","ブラック","X11","Y12",,"0","94","93","-1","星島"
"2026/08/24 17:13:22","在庫CSV取込","7986850","7986850X16Y12","【耐滑底/おしゃれ】安全靴 スニーカー エアウォーク ミッドカット AIR WALK AW-940 AW-950 Y_YU ★REV 7986850 メンズ おしゃれ 耐滑底 樹脂先芯 ストレッチロック セーフティシューズ 作業靴 送料無料","28.0cm","AW-950_ホワイト","X16","Y12",,"0","5","4","-1","星島"
"2026/08/24 17:13:22","在庫CSV取込","7987006","7987006X11Y11","【くすみカラー】サファリハット ハット アドベンチャーハット レディース メンズ NEK ★REV 7987006 アウトドア キャンプ 釣り 日焼け止め 速乾 通気性 日よけ 送料無料","ONESIZE","ブラック","X11","Y11",,"0","13","12","-1","星島"
"2026/08/24 17:13:22","在庫CSV取込","7987092","7987092X11Y14","【本革】キーケース スマートキーケース メンズ レディース NEK ★REV 7987092 ポーチ LEATHER 本革 本皮 おしゃれ コスメポーチ 小銭入れ 送料無料","ONESIZE","ブルーグレー","X11","Y14",,"0","3","2","-1","星島"
"2026/08/24 17:13:22","在庫CSV取込","7987077","7987077X14Y13","リカバリーサンダル サンダル メンズ レディース 厚底 スポーツサンダル ★REV 7987077 速乾 軽量 アウトドア キャンプ 水遊び 海 山 川 送料無料","41-42(25.5～26.0cm)","オレンジ","X14","Y13",,"0","2","1","-1","星島"
"2026/08/24 17:13:22","在庫CSV取込","7987681","7987681X11Y11","【超高輝度 500ルーメン】COB LED ライト マルチライト 500ルーメン キーホルダー NEK ★REV 7987681 充電式 栓抜き対応 カラビナ カラナビ 磁石 マグネット ワークライト キャンプ アウトドア 作業灯 防災 現場 Type-c USB プレゼント ギフト 送料無料","ONESIZE","ブラック","X11","Y11",,"0","43","42","-1","星島"
"2026/08/24 17:13:22","在庫CSV取込","7988610","7988610X11Y12","【おまけ付き】タックルボックス ルアーケース 釣り具ケース 収納 防水 タックルケース 釣り ワームケース ケース 釣り針 シンカー フライボックス 7988610 プレゼント ギフト","中","オリーブ","X11","Y12",,"0","37","36","-1","星島"
"2026/08/24 17:13:22","在庫CSV取込","9009978","9009978X14Y3","帽子 メンズ AVIREX アビレックス 送料無料 キャップ 父の日 プレゼント 贈り物 ニットキャップ メッシュキャップ 大きいサイズ レディース ディッキーズ ローキャップ ワークキャップ ハット ハンチング おしゃれ ロゴ 刺繍 プリント アメカジ HYPE 通販 yos ギフト","N","-3","X14","Y3",,"0","7","6","-1","星島"
"2026/08/24 17:13:22","在庫CSV取込","9009978","9009978X16Y2","帽子 メンズ AVIREX アビレックス 送料無料 キャップ 父の日 プレゼント 贈り物 ニットキャップ メッシュキャップ 大きいサイズ レディース ディッキーズ ローキャップ ワークキャップ ハット ハンチング おしゃれ ロゴ 刺繍 プリント アメカジ HYPE 通販 yos ギフト","P","-2","X16","Y2",,"0","7","6","-1","星島"
"2026/08/24 17:13:22","在庫CSV取込","7988047","7988047X11Y11","2WAY ミニ ボストンバッグ メンズ レディース ★REV 7988047 小さめ 小型 ショルダーバッグ ミニバッグ ドラムバッグ 小旅行 アウトドア キャンプ ジム 軽量 送料無料","ONESIZE","ブラック","X11","Y11",,"0","41","40","-1","星島"
"2026/08/24 17:13:22","在庫CSV取込","7987924","7987924X11Y13","【蒸れない 通気性抜群】メッシュキャップ 帽子 キャップ メンズ レディース アウトドア キャンプ ゴルフ ランニング ★REV 7987924","ONESIZE","オリーブ","X11","Y13",,"0","4","3","-1","星島"
"2026/08/24 17:13:22","在庫CSV取込","9009978","9009978X3Y6","帽子 メンズ AVIREX アビレックス 送料無料 キャップ 父の日 プレゼント 贈り物 ニットキャップ メッシュキャップ 大きいサイズ レディース ディッキーズ ローキャップ ワークキャップ ハット ハンチング おしゃれ ロゴ 刺繍 プリント アメカジ HYPE 通販 yos ギフト","C","-6","X3","Y6",,"0","9","8","-1","星島"
"2026/08/24 17:13:41","WEB画面","7986930","7986930X14Y16","AVIREX 長袖シャツ メンズ ミリタリーシャツ ブルゾン 正規品 Y_U 7834920001 ★REV 7986930 ブランド おしゃれ アビレックス アヴィレックス 送料無料","2XL","オリーブ(310)","X14","Y16",,"0","9","0","-9","立花"
"2026/08/24 17:15:02","WEB画面","7986910","7986910X13Y14","AVIREX 長袖シャツ ネルシャツ メンズ 正規品 ブランド おしゃれ アビレックス アヴィレックス Y_U 7834920002 ★REV 7986910 送料無料","XL","オレンジ(150)","X13","Y14",,"0","9","0","-9","立花"
"2026/08/24 17:31:23","WEB画面","7994226","7994226X12Y12","【大きいサイズもあり 限定モデル】AVIREX メッシュキャップ メンズ 帽子 メンズ キャップ メンズ 14023200 14670200 レディース ★REV 父の日 贈り物 プレゼント ブランド アビレックス 送料無料 正規品 ブラック 黒 ネイビー 紺 グレー 灰 yos プレゼント ギフト","大きいサイズ_14670200","80_ブラック","X12","Y12",,"0","24","25","1","立花"
"2026/08/24 17:34:31","受注取込","7987275","7987275X11Y11","AVIREX アビレックス ニットキャップ ニット帽 NEK ★REV 7987275 帽子 大きい 大きめ 大きいサイズ ニット素材 メンズ レディース アヴィレックス ブランド プレゼント ギフト ミリタリー アメカジ ストリート アウトドア プレゼント ギフト 送料無料","ONESIZE","ブラック","X11","Y11",,"0","665","664","-1",
"2026/08/24 17:50:26","受注取込","7994812","7994812X12Y11","サファリハット メンズ 釣り 帽子 ハット レディース SUNS(サンズ)  撥水 アウトドア 登山 キャンプ バーベキュー NEK ★REV H-051 H-053 送料無料 大きいサイズあり キッズサイズ 子供 UVカット アドベンチャーハット 父の日 プレゼント ユニセックス 春 夏 夏フェス ギフト","大きいサイズ","BK/BLACK(H_051)","X12","Y11",,"0","237","236","-1",
"2026/08/24 18:10:09","WEB画面","7986524","7986524X11Y14","【ミニマル】スマホショルダー サコッシュ ミニバッグ 軽量 撥水 コンパクト 収納力抜群 NEK ★REVL 7986524 レディース メンズ ユニセックス 斜めがけ ポーチ アウトドア 旅行 サブバッグ 送料無料","ONESIZE","ブラック","X11","Y14",,"0","64","63","-1","植野"
"2026/08/24 18:24:14","受注取込","7986524","7986524X11Y12","【ミニマル】スマホショルダー サコッシュ ミニバッグ 軽量 撥水 コンパクト 収納力抜群 NEK ★REVL 7986524 レディース メンズ ユニセックス 斜めがけ ポーチ アウトドア 旅行 サブバッグ 送料無料","ONESIZE","グリーン","X11","Y12",,"0","97","96","-1",
"2026/08/24 18:32:15","受注取込","7988215","7988215X24Y15","【とにかくデカい！】 大きいサイズ キャップ メッシュキャップ 送料無料 大きめ ビッグサイズ BIG SIZE ★REV 7988215 <br> 帽子 ハット キャップ ワークキャップ メンズキャップ 大きいサイズ バケット 大きい帽子 メンズ バケハ メンズ帽子 大きい 頭 メッシュ 全39カラー","NN","5","X24","Y15",,"0","5","4","-1",
"2026/08/24 18:32:15","受注取込","7988215","7988215X24Y12","【とにかくデカい！】 大きいサイズ キャップ メッシュキャップ 送料無料 大きめ ビッグサイズ BIG SIZE ★REV 7988215 <br> 帽子 ハット キャップ ワークキャップ メンズキャップ 大きいサイズ バケット 大きい帽子 メンズ バケハ メンズ帽子 大きい 頭 メッシュ 全39カラー","NN","2","X24","Y12",,"0","1","0","-1",
"2026/08/24 18:36:15","受注取込","7997141","7997141X11Y11","特大 スイカ ドーナツ 浮き輪 浮輪 送料無料 プール 大人用 子供用 NEK 7997141 ★REV 120cm 90cm 80cm 70cm 60cm サイズ 大きい 大きめ うきわ ウキワ すいか 海 海水浴 ビックフロート 水上 レジャー かわいい フローティングベッド 西瓜 子供用浮き輪 大人 子供 こども","120cm","スイカ","X11","Y11",,"0","647","646","-1",
"2026/08/24 18:40:45","受注取込","7987140","7987140X11Y12","【COOLにマナーを】携帯灰皿 カラビナ付き 吸い殻入れ 金属製 フタ付き 小型 軽量 NEK ★REVL 7987140 喫煙グッズ アッシュトレイ 持ち運び便利 男性 メンズ レディース 送料無料","ONESIZE","B.シルバー","X11","Y12",,"0","11","10","-1",
"2026/08/24 18:42:15","受注取込","7987400","7987400X11Y14","【とにかくデカい！/普通サイズあり！】キャップ メンズ 大きいサイズ 帽子 深め ビッグサイズ ★REVM 7987400 BIG SIZE メンズキャップ帽子 大きめ 大きい帽子 メンズ帽子 レディース 春 夏 春夏 プレゼント ギフト 母の日 父の日 送料無料","大きいサイズ","D-ネイビー","X11","Y14",,"0","40","39","-1",
"2026/08/24 18:51:15","受注取込","7994812","7994812X12Y11","サファリハット メンズ 釣り 帽子 ハット レディース SUNS(サンズ)  撥水 アウトドア 登山 キャンプ バーベキュー NEK ★REV H-051 H-053 送料無料 大きいサイズあり キッズサイズ 子供 UVカット アドベンチャーハット 父の日 プレゼント ユニセックス 春 夏 夏フェス ギフト","大きいサイズ","BK/BLACK(H_051)","X12","Y11",,"0","236","235","-1",
"2026/08/24 19:10:19","受注取込","7986564","7986564X11Y16","【当店限定/大きいサイズ】BlackRebel 帽子 キャップ メンズ レディース 大きいサイズ ★REVL 7986564 深め Vintage クラッシュ 加工 こなれ感 おしゃれ 送料無料","ONESIZE","ワイン","X11","Y16",,"0","100","99","-1",
"2026/08/24 19:19:45","受注取込","7994812","7994812X11Y12","サファリハット メンズ 釣り 帽子 ハット レディース SUNS(サンズ)  撥水 アウトドア 登山 キャンプ バーベキュー NEK ★REV H-051 H-053 送料無料 大きいサイズあり キッズサイズ 子供 UVカット アドベンチャーハット 父の日 プレゼント ユニセックス 春 夏 夏フェス ギフト","普通サイズ","BLACK(H_051)","X11","Y12",,"0","63","62","-1",
"2026/08/24 19:32:26","受注取込","7988215","7988215X13Y12","【とにかくデカい！】 大きいサイズ キャップ メッシュキャップ 送料無料 大きめ ビッグサイズ BIG SIZE ★REV 7988215 <br> 帽子 ハット キャップ ワークキャップ メンズキャップ 大きいサイズ バケット 大きい帽子 メンズ バケハ メンズ帽子 大きい 頭 メッシュ 全39カラー","CC","2","X13","Y12",,"0","18","17","-1",
"2026/08/24 19:37:15","受注取込","7992723","7992723X12Y11","お得！ 送料無料 4枚入り 福袋 Dickies ディッキーズ ボクサーパンツ メンズ かわいい NEK ★REV <br> パンツ ボクサーパンツ セット メンズ下着 メンズボクサーパンツ メンズボクサー 大きいサイズ 大きめ 特大 3L 下着 インナー メンズ usa まとめ買い プレゼント ギフト","L","福袋4枚セット","X12","Y11",,"0","182","180","-2",
"2026/08/24 19:38:45","受注取込","7986519","7986519X11Y11","【ごっそり鼻毛処理！お得な10本セット】鼻毛カッター 鼻毛トリマー  耳かき NEK ★REVL 7986519 男性用 女性用 送料無料","ONESIZE","アイボリー","X11","Y11",,"0","150","149","-1",
"2026/08/24 19:56:31","受注取込","7986462","7986462X11Y15","【デカい深い】キャップ メンズ レディース 大きいサイズ 深め 帽子 ★REVL 7986462  コットン100% 59cm?65cm ビッグサイズ ロングバイザー 8cm 深い ベースボールキャップ サイズ調整 おしゃれ 春 夏 秋 冬 男女兼用 ブラック ネイビー チャコール アイボリー 黒 送料無料","ONESIZE","ブラック×ホワイト","X11","Y15",,"0","20","19","-1",
"2026/08/24 20:02:46","受注取込","7994812","7994812X12Y11","サファリハット メンズ 釣り 帽子 ハット レディース SUNS(サンズ)  撥水 アウトドア 登山 キャンプ バーベキュー NEK ★REV H-051 H-053 送料無料 大きいサイズあり キッズサイズ 子供 UVカット アドベンチャーハット 父の日 プレゼント ユニセックス 春 夏 夏フェス ギフト","大きいサイズ","BK/BLACK(H_051)","X12","Y11",,"0","235","234","-1",
"2026/08/24 20:07:15","受注取込","7992723","7992723X14Y11","お得！ 送料無料 4枚入り 福袋 Dickies ディッキーズ ボクサーパンツ メンズ かわいい NEK ★REV <br> パンツ ボクサーパンツ セット メンズ下着 メンズボクサーパンツ メンズボクサー 大きいサイズ 大きめ 特大 3L 下着 インナー メンズ usa まとめ買い プレゼント ギフト","3L","福袋4枚セット","X14","Y11",,"0","158","157","-1",
"2026/08/24 20:08:14","受注取込","7992723","7992723X14Y11","お得！ 送料無料 4枚入り 福袋 Dickies ディッキーズ ボクサーパンツ メンズ かわいい NEK ★REV <br> パンツ ボクサーパンツ セット メンズ下着 メンズボクサーパンツ メンズボクサー 大きいサイズ 大きめ 特大 3L 下着 インナー メンズ usa まとめ買い プレゼント ギフト","3L","福袋4枚セット","X14","Y11",,"0","157","156","-1",
"2026/08/24 20:09:45","受注取込","7994812","7994812X13Y13","サファリハット メンズ 釣り 帽子 ハット レディース SUNS(サンズ)  撥水 アウトドア 登山 キャンプ バーベキュー NEK ★REV H-051 H-053 送料無料 大きいサイズあり キッズサイズ 子供 UVカット アドベンチャーハット 父の日 プレゼント ユニセックス 春 夏 夏フェス ギフト","キッズサイズ","NAVY(H_051)","X13","Y13",,"0","13","12","-1",
"2026/08/24 20:27:45","受注取込","7986572","7986572X11Y30","【新型/IQOS イルマ i ワン用】アイコス イルマiワン ILUMA ケース 保護ケース NEK ★REVL 7986572 iqosイルマワン イルマワンカバー 耐衝撃 おしゃれ iqos iluma one 専用 IQOSイルマワン保護ケース レザー ヒョウ柄 ペイズリー 保護カバー アイコスケース アクセサリー 送料無料","イルマiワン","74","X11","Y30",,"0","22","21","-1",
"2026/08/24 20:27:45","受注取込","7987140","7987140X11Y18","【COOLにマナーを】携帯灰皿 カラビナ付き 吸い殻入れ 金属製 フタ付き 小型 軽量 NEK ★REVL 7987140 喫煙グッズ アッシュトレイ 持ち運び便利 男性 メンズ レディース 送料無料","ONESIZE","H.シルバーペイズリー","X11","Y18",,"0","68","67","-1",
"2026/08/24 20:28:46","受注取込","9009978","9009978X4Y5","帽子 メンズ AVIREX アビレックス 送料無料 キャップ 父の日 プレゼント 贈り物 ニットキャップ メッシュキャップ 大きいサイズ レディース ディッキーズ ローキャップ ワークキャップ ハット ハンチング おしゃれ ロゴ 刺繍 プリント アメカジ HYPE 通販 yos ギフト","D","-5","X4","Y5",,"0","29","28","-1",
"2026/08/24 20:30:22","受注取込","7997141","7997141X11Y11","特大 スイカ ドーナツ 浮き輪 浮輪 送料無料 プール 大人用 子供用 NEK 7997141 ★REV 120cm 90cm 80cm 70cm 60cm サイズ 大きい 大きめ うきわ ウキワ すいか 海 海水浴 ビックフロート 水上 レジャー かわいい フローティングベッド 西瓜 子供用浮き輪 大人 子供 こども","120cm","スイカ","X11","Y11",,"0","646","645","-1",
"2026/08/24 20:42:15","受注取込","7987400","7987400X11Y26","【とにかくデカい！/普通サイズあり！】キャップ メンズ 大きいサイズ 帽子 深め ビッグサイズ ★REVM 7987400 BIG SIZE メンズキャップ帽子 大きめ 大きい帽子 メンズ帽子 レディース 春 夏 春夏 プレゼント ギフト 母の日 父の日 送料無料","大きいサイズ","P-ブラック","X11","Y26",,"0","53","52","-1",
"2026/08/24 20:43:23","受注取込","7987148","7987148X11Y13","財布 ポーチ メンズ レディース ミニ財布 短財布 コインケース おもしろ ドル NEK ★REV 7987148 紙幣 ポンド ユーロ ウォン 通貨 ジッパー 整理 コンパクト プレゼント パーティー お金 ラッキーポーチ 小銭入れ カードケース 送料無料","ONESIZE","50ポンド","X11","Y13",,"0","3","2","-1",
"2026/08/24 20:43:23","受注取込","7987148","7987148X11Y11","財布 ポーチ メンズ レディース ミニ財布 短財布 コインケース おもしろ ドル NEK ★REV 7987148 紙幣 ポンド ユーロ ウォン 通貨 ジッパー 整理 コンパクト プレゼント パーティー お金 ラッキーポーチ 小銭入れ カードケース 送料無料","ONESIZE","100ドル","X11","Y11",,"0","6","5","-1",
"2026/08/24 20:43:23","受注取込","7987148","7987148X11Y14","財布 ポーチ メンズ レディース ミニ財布 短財布 コインケース おもしろ ドル NEK ★REV 7987148 紙幣 ポンド ユーロ ウォン 通貨 ジッパー 整理 コンパクト プレゼント パーティー お金 ラッキーポーチ 小銭入れ カードケース 送料無料","ONESIZE","500ユーロ","X11","Y14",,"0","14","13","-1",
"2026/08/24 20:47:46","受注取込","7987400","7987400X12Y16","【とにかくデカい！/普通サイズあり！】キャップ メンズ 大きいサイズ 帽子 深め ビッグサイズ ★REVM 7987400 BIG SIZE メンズキャップ帽子 大きめ 大きい帽子 メンズ帽子 レディース 春 夏 春夏 プレゼント ギフト 母の日 父の日 送料無料","普通サイズ","F-ブラック","X12","Y16",,"0","11","10","-1",
"2026/08/24 20:56:45","受注取込","7992723","7992723X12Y11","お得！ 送料無料 4枚入り 福袋 Dickies ディッキーズ ボクサーパンツ メンズ かわいい NEK ★REV <br> パンツ ボクサーパンツ セット メンズ下着 メンズボクサーパンツ メンズボクサー 大きいサイズ 大きめ 特大 3L 下着 インナー メンズ usa まとめ買い プレゼント ギフト","L","福袋4枚セット","X12","Y11",,"0","180","179","-1",
"2026/08/24 20:58:15","受注取込","7988215","7988215X16Y15","【とにかくデカい！】 大きいサイズ キャップ メッシュキャップ 送料無料 大きめ ビッグサイズ BIG SIZE ★REV 7988215 <br> 帽子 ハット キャップ ワークキャップ メンズキャップ 大きいサイズ バケット 大きい帽子 メンズ バケハ メンズ帽子 大きい 頭 メッシュ 全39カラー","FF","5","X16","Y15",,"0","120","119","-1",
"2026/08/24 20:59:47","受注取込","7997141","7997141X12Y13","特大 スイカ ドーナツ 浮き輪 浮輪 送料無料 プール 大人用 子供用 NEK 7997141 ★REV 120cm 90cm 80cm 70cm 60cm サイズ 大きい 大きめ うきわ ウキワ すいか 海 海水浴 ビックフロート 水上 レジャー かわいい フローティングベッド 西瓜 子供用浮き輪 大人 子供 こども","90cm","ドーナツチョコ","X12","Y13",,"0","14","13","-1",
"2026/08/24 21:09:45","受注取込","7987213","7987213X11Y49","【イルマワン アイ対応】アイコス イルマワン ILUMA i ケース 保護ケース iqosイルマワン イルマワンカバー NEK ★REV 7987213 耐衝撃 おしゃれ iqos iluma one 専用 IQOSイルマワン保護ケース レザー ヒョウ柄 ペイズリー 保護カバー アクセサリー アイコスケース 送料無料","イルマワン","MM","X11","Y49",,"0","9","8","-1",
"2026/08/24 21:09:45","受注取込","7994812","7994812X12Y16","サファリハット メンズ 釣り 帽子 ハット レディース SUNS(サンズ)  撥水 アウトドア 登山 キャンプ バーベキュー NEK ★REV H-051 H-053 送料無料 大きいサイズあり キッズサイズ 子供 UVカット アドベンチャーハット 父の日 プレゼント ユニセックス 春 夏 夏フェス ギフト","大きいサイズ","GRAY(H_051)","X12","Y16",,"0","49","48","-1",
"2026/08/24 21:15:15","受注取込","7988215","7988215X16Y15","【とにかくデカい！】 大きいサイズ キャップ メッシュキャップ 送料無料 大きめ ビッグサイズ BIG SIZE ★REV 7988215 <br> 帽子 ハット キャップ ワークキャップ メンズキャップ 大きいサイズ バケット 大きい帽子 メンズ バケハ メンズ帽子 大きい 頭 メッシュ 全39カラー","FF","5","X16","Y15",,"0","119","117","-2",
"2026/08/24 21:18:15","受注取込","7994812","7994812X12Y33","サファリハット メンズ 釣り 帽子 ハット レディース SUNS(サンズ)  撥水 アウトドア 登山 キャンプ バーベキュー NEK ★REV H-051 H-053 送料無料 大きいサイズあり キッズサイズ 子供 UVカット アドベンチャーハット 父の日 プレゼント ユニセックス 春 夏 夏フェス ギフト","大きいサイズ","GREIGE(H-051)","X12","Y33",,"0","145","144","-1",
"2026/08/24 21:19:46","受注取込","7987075","7987075X11Y12","アンクレット レディース メンズ つけっぱなし NEK ★REV 7987075 ゴールド シルバー アクセサリー プレゼント ギフト おしゃれ 送料無料","ONESIZE","B","X11","Y12",,"0","3","1","-2",
"2026/08/24 21:24:45","受注取込","7987277","7987277X14Y13","【L字で使いやすい】爆速 PD60w対応 スマホ ケーブル C-TO-C Type-C to C NEK ★REV 7987277 TYPE-C 長さ25cm～3m iPhone 3A SPEED 急速 充電器 iPhone15 ipad ipad mini IQOS アイコス イルマ イルマワン プライム 送料無料","3.0M","ネイビー","X14","Y13",,"0","11","10","-1",
"2026/08/24 21:24:45","受注取込","7987277","7987277X14Y12","【L字で使いやすい】爆速 PD60w対応 スマホ ケーブル C-TO-C Type-C to C NEK ★REV 7987277 TYPE-C 長さ25cm～3m iPhone 3A SPEED 急速 充電器 iPhone15 ipad ipad mini IQOS アイコス イルマ イルマワン プライム 送料無料","3.0M","レッド","X14","Y12",,"0","10","9","-1",
"2026/08/24 21:27:45","受注取込","7986651","7986651X11Y11","【銅×グラフェンの力で、スマホを瞬冷！】スマホ熱中症対策 冷却 クーラー NEK ★REVL 7986651 スマートフォン 保冷 結露なし スマホ 冷感 冷却 iphone アクセサリー 送料無料","ONESIZE","ブラック","X11","Y11",,"0","24","23","-1",
"2026/08/24 21:30:06","受注取込","7988208","7988208X11Y12","【旅行にピッタリ】ボストンバッグ ボストン メンズ レディース ★REV 7988208 小旅行 大容量 2泊 大きい ゴルフ ビジネス 出張 修学旅行 収納ポケット多数 シンプル 送料無料","ONESIZE","ブラック","X11","Y12",,"0","18","17","-1",
"2026/08/24 21:35:33","受注取込","7986797","7986797X11Y11","【お得な2個セット】天然石 オブシディアン 黒曜石 3mm 4mm ブレスレット レディース NEK ★REVL 7986797 メンズ パワーストーン アクセサリー プレゼント ギフト お守り 金運 財運 仕事運 恋愛 結婚 家庭円満 癒し 幸運 成功運 勝負運 家族運 厄除祈願","2個セット","ブラック","X11","Y11",,"0","2","1","-1",
"2026/08/24 21:36:15","受注取込","7986466","7986466X11Y11","【大きいサイズ】 キャップ 帽子 メッシュキャップ ランニングキャップ NEK ★REVL 7986466 メンズ レディース 速乾 軽量 ジョギング アウトドア キャンプ スポーツ 釣り 海 プール 送料無料","ONESIZE","ブラック","X11","Y11",,"0","17","16","-1",
"2026/08/24 21:37:45","受注取込","7994812","7994812X11Y25","サファリハット メンズ 釣り 帽子 ハット レディース SUNS(サンズ)  撥水 アウトドア 登山 キャンプ バーベキュー NEK ★REV H-051 H-053 送料無料 大きいサイズあり キッズサイズ 子供 UVカット アドベンチャーハット 父の日 プレゼント ユニセックス 春 夏 夏フェス ギフト","普通サイズ","BROWN(H_051)","X11","Y25",,"0","40","39","-1",
"2026/08/24 21:38:45","受注取込","7997141","7997141X11Y11","特大 スイカ ドーナツ 浮き輪 浮輪 送料無料 プール 大人用 子供用 NEK 7997141 ★REV 120cm 90cm 80cm 70cm 60cm サイズ 大きい 大きめ うきわ ウキワ すいか 海 海水浴 ビックフロート 水上 レジャー かわいい フローティングベッド 西瓜 子供用浮き輪 大人 子供 こども","120cm","スイカ","X11","Y11",,"0","645","644","-1",
"2026/08/24 21:40:20","受注取込","7987493","7987493X11Y13","【楽あけくん】 瓶オープナー 缶オープナー キャップオープナー 蓋開け ジャーオープナー NEK ★REV 7987493 ツイスト 力節約 びん蓋開け ジャムのフタや缶 滑り止め 安全 らくらく 力の弱い 女性 お年寄り お子様 キッチンツール キッチン用品 送料無料","ONESIZE","ブルー","X11","Y13",,"0","33","32","-1",
"2026/08/24 21:55:45","受注取込","7987475","7987475X11Y14","【防犯】護身用 タクティカルスティック 防災グッズ 熊対策グッズ クマ対策 タクティカルペン キーホルダー 女性 キーリング NEK ★REVM 7987475 棒 車 ガラス 防災 災害 車内 軽量 不審者 痴漢 痴漢対策 武器 護身グッズ 自己防衛 コンパクト 非常時 バッググリップ","ONESIZE","パープル","X11","Y14",,"0","26","25","-1",
"2026/08/24 21:56:20","受注取込","7987802","7987802X15Y13","健康サンダル 足つぼ スリッパ 健康 サンダル 健康スリッパ 天然石 パワーストーン レディース メンズ オフィス ★REV 7987802 リラックス ストーン 足裏 足うら 刺激 ツボ押し つぼ押し 超強力 マッサージ 室内 屋外 野外 リフレクソロジー 足ツボサンダル 石 岩 送料無料","43-44(26.5～27.0cm)","シャンパンゴールド","X15","Y13",,"0","27","26","-1",
"2026/08/24 21:59:45","受注取込","7986752","7986752X11Y12","収納 サンバイザーホルダー マルチ 車 カーポケット ドライブポケット NEK ★REVL 7986752 おしゃれ サンバイザー ポケット カー用品 収納 カー用品 ペン カードポケット 収納ホルダー サングラスホルダー 車 眼鏡ホルダー カーアクセサリー 送料無料","ONESIZE","グレー","X11","Y12",,"0","41","40","-1",
"2026/08/24 22:00:18","受注取込","7986564","7986564X11Y15","【当店限定/大きいサイズ】BlackRebel 帽子 キャップ メンズ レディース 大きいサイズ ★REVL 7986564 深め Vintage クラッシュ 加工 こなれ感 おしゃれ 送料無料","ONESIZE","グレー","X11","Y15",,"0","150","149","-1",
"2026/08/24 22:02:45","受注取込","7997141","7997141X11Y11","特大 スイカ ドーナツ 浮き輪 浮輪 送料無料 プール 大人用 子供用 NEK 7997141 ★REV 120cm 90cm 80cm 70cm 60cm サイズ 大きい 大きめ うきわ ウキワ すいか 海 海水浴 ビックフロート 水上 レジャー かわいい フローティングベッド 西瓜 子供用浮き輪 大人 子供 こども","120cm","スイカ","X11","Y11",,"0","644","642","-2",
"2026/08/24 22:06:30","受注取込","7988610","7988610X12Y12","【おまけ付き】タックルボックス ルアーケース 釣り具ケース 収納 防水 タックルケース 釣り ワームケース ケース 釣り針 シンカー フライボックス 7988610 プレゼント ギフト","大","オリーブ","X12","Y12",,"0","6","5","-1",
"2026/08/24 22:09:45","受注取込","7987026","7987026X12Y11","【大きいサイズあり】キャップ 11cm つば長 帽子 メンズ レディース ★REV 7987026 深め 深い ゴルフ 無地 日焼け止め UVカット 送料無料","大きいサイズ","ブラック","X12","Y11",,"0","63","62","-1",
"2026/08/24 22:10:05","受注取込","7987683","7987683X11Y12","3WAY ボストンバッグ リュック ジムバッグ メンズ レディース ショルダーバッグ ★REV  7987683 旅行 リュックサック 軽量 アウトドア キャンプ スポーツ ジム ゴルフ シューズ収納 防水 おしゃれ かわいい 男 女子 ボストン 高校生メンズ ショルダー 送料無料","ONESIZE","ブラック","X11","Y12",,"0","24","23","-1",
"2026/08/24 22:17:45","受注取込","7987678","7987678X12Y14","【洗濯可能】トレーニンググローブ 手袋 筋トレ 筋トレグローブ メンズ レディース 指無し NEK ★REV 7987678 ウェイトリフティング 防滑 クッション性 伸びる 洗濯OK バーベル サイクリング ヨガ グリップ","M","B-ブラック","X12","Y14",,"0","15","14","-1",
"2026/08/24 22:17:45","受注取込","7987400","7987400X11Y11","【とにかくデカい！/普通サイズあり！】キャップ メンズ 大きいサイズ 帽子 深め ビッグサイズ ★REVM 7987400 BIG SIZE メンズキャップ帽子 大きめ 大きい帽子 メンズ帽子 レディース 春 夏 春夏 プレゼント ギフト 母の日 父の日 送料無料","大きいサイズ","A-ブラック","X11","Y11",,"0","217","216","-1",
"2026/08/24 22:20:12","受注取込","7987070","7987070X11Y11","【お得な2枚組】X-LARGE XLARGE エクストララージ ボクサーパンツ メンズ アンダーウェア 下着 NEK ★REVL 7987070 かっこいい ツルツル おすすめ 人気 カモフラ タイダイ 炎 迷彩 カモ柄 ブランド 男性 紳士 プレゼント プチギフト 父の日 誕生日 彼氏 父 息子 ギフト 記念日 大きいサイズ 福袋 送料無料","M","2枚組","X11","Y11",,"0","9","8","-1",
"2026/08/24 22:22:15","受注取込","7987678","7987678X11Y14","【洗濯可能】トレーニンググローブ 手袋 筋トレ 筋トレグローブ メンズ レディース 指無し NEK ★REV 7987678 ウェイトリフティング 防滑 クッション性 伸びる 洗濯OK バーベル サイクリング ヨガ グリップ","S","B-ブラック","X11","Y14",,"0","1","0","-1",
"2026/08/24 22:26:15","受注取込","7988078","7988078X11Y11","【本革レザー】トレーニンググローブ 手袋  筋トレ 自重トレーニング NEK 7988078 レディース メンズ 羊革 レザー バイク 指無し サイクリンググローブ ウェイトリフティング ベンチプレス ダンベル 腕立て伏せ ジム 懸垂 チンニング フィンガーレス スポーツ 送料無料","ONESIZE","ブラック","X11","Y11",,"0","43","42","-1",
"2026/08/24 22:27:48","受注取込","7988215","7988215X17Y14","【とにかくデカい！】 大きいサイズ キャップ メッシュキャップ 送料無料 大きめ ビッグサイズ BIG SIZE ★REV 7988215 <br> 帽子 ハット キャップ ワークキャップ メンズキャップ 大きいサイズ バケット 大きい帽子 メンズ バケハ メンズ帽子 大きい 頭 メッシュ 全39カラー","GG","4","X17","Y14",,"0","12","11","-1",
"2026/08/24 22:27:48","受注取込","7988215","7988215X13Y12","【とにかくデカい！】 大きいサイズ キャップ メッシュキャップ 送料無料 大きめ ビッグサイズ BIG SIZE ★REV 7988215 <br> 帽子 ハット キャップ ワークキャップ メンズキャップ 大きいサイズ バケット 大きい帽子 メンズ バケハ メンズ帽子 大きい 頭 メッシュ 全39カラー","CC","2","X13","Y12",,"0","17","16","-1",
"2026/08/24 22:27:48","受注取込","7986519","7986519X11Y11","【ごっそり鼻毛処理！お得な10本セット】鼻毛カッター 鼻毛トリマー  耳かき NEK ★REVL 7986519 男性用 女性用 送料無料","ONESIZE","アイボリー","X11","Y11",,"0","149","148","-1",
"2026/08/24 22:28:00","受注取込","7987988","7987988X11Y15","【AVIREX 限定】サファリハット メンズ 大きいサイズ BIGサイズ アドベンチャーハット 17158300 17158400 釣り 帽子 ハット ★REV NEK 7987988 大きめ 普通サイズ AVIREX 限定 かっこいい アウトドア ブラックシリーズ アビレックス 帽子 キャップ ブランド 撥水加工","普通サイズ_17158300","グレージュ(73)","X11","Y15",,"0","122","121","-1",
"2026/08/24 22:30:45","受注取込","7994812","7994812X12Y12","サファリハット メンズ 釣り 帽子 ハット レディース SUNS(サンズ)  撥水 アウトドア 登山 キャンプ バーベキュー NEK ★REV H-051 H-053 送料無料 大きいサイズあり キッズサイズ 子供 UVカット アドベンチャーハット 父の日 プレゼント ユニセックス 春 夏 夏フェス ギフト","大きいサイズ","BLACK(H_051)","X12","Y12",,"0","68","67","-1",
"2026/08/24 22:33:45","受注取込","7987400","7987400X11Y26","【とにかくデカい！/普通サイズあり！】キャップ メンズ 大きいサイズ 帽子 深め ビッグサイズ ★REVM 7987400 BIG SIZE メンズキャップ帽子 大きめ 大きい帽子 メンズ帽子 レディース 春 夏 春夏 プレゼント ギフト 母の日 父の日 送料無料","大きいサイズ","P-ブラック","X11","Y26",,"0","52","51","-1",
"2026/08/24 22:42:45","受注取込","7986866","7986866X14Y12","RICHARD SMITH Y_KO 2016 ★REV 7986866 ドライビングシューズ スエード メンズ スリッポン ローファー","26.5cm","ネイビー","X14","Y12",,"0","5","4","-1",
"2026/08/24 22:52:00","受注取込","7992723","7992723X11Y11","お得！ 送料無料 4枚入り 福袋 Dickies ディッキーズ ボクサーパンツ メンズ かわいい NEK ★REV <br> パンツ ボクサーパンツ セット メンズ下着 メンズボクサーパンツ メンズボクサー 大きいサイズ 大きめ 特大 3L 下着 インナー メンズ usa まとめ買い プレゼント ギフト","M","福袋4枚セット","X11","Y11",,"0","106","105","-1",
"2026/08/24 22:52:15","受注取込","7987400","7987400X11Y16","【とにかくデカい！/普通サイズあり！】キャップ メンズ 大きいサイズ 帽子 深め ビッグサイズ ★REVM 7987400 BIG SIZE メンズキャップ帽子 大きめ 大きい帽子 メンズ帽子 レディース 春 夏 春夏 プレゼント ギフト 母の日 父の日 送料無料","大きいサイズ","F-ブラック","X11","Y16",,"0","127","126","-1",
"2026/08/24 22:57:45","受注取込","7994812","7994812X12Y13","サファリハット メンズ 釣り 帽子 ハット レディース SUNS(サンズ)  撥水 アウトドア 登山 キャンプ バーベキュー NEK ★REV H-051 H-053 送料無料 大きいサイズあり キッズサイズ 子供 UVカット アドベンチャーハット 父の日 プレゼント ユニセックス 春 夏 夏フェス ギフト","大きいサイズ","NAVY(H_051)","X12","Y13",,"0","49","48","-1",
"2026/08/24 22:57:45","受注取込","7987400","7987400X11Y14","【とにかくデカい！/普通サイズあり！】キャップ メンズ 大きいサイズ 帽子 深め ビッグサイズ ★REVM 7987400 BIG SIZE メンズキャップ帽子 大きめ 大きい帽子 メンズ帽子 レディース 春 夏 春夏 プレゼント ギフト 母の日 父の日 送料無料","大きいサイズ","D-ネイビー","X11","Y14",,"0","39","38","-1",
"2026/08/24 22:57:45","受注取込","7987400","7987400X11Y30","【とにかくデカい！/普通サイズあり！】キャップ メンズ 大きいサイズ 帽子 深め ビッグサイズ ★REVM 7987400 BIG SIZE メンズキャップ帽子 大きめ 大きい帽子 メンズ帽子 レディース 春 夏 春夏 プレゼント ギフト 母の日 父の日 送料無料","大きいサイズ","T-ブラック","X11","Y30",,"0","34","33","-1",
"2026/08/24 22:59:15","受注取込","7994812","7994812X12Y33","サファリハット メンズ 釣り 帽子 ハット レディース SUNS(サンズ)  撥水 アウトドア 登山 キャンプ バーベキュー NEK ★REV H-051 H-053 送料無料 大きいサイズあり キッズサイズ 子供 UVカット アドベンチャーハット 父の日 プレゼント ユニセックス 春 夏 夏フェス ギフト","大きいサイズ","GREIGE(H-051)","X12","Y33",,"0","144","143","-1",
"2026/08/24 23:03:15","受注取込","7986572","7986572X11Y46","【新型/IQOS イルマ i ワン用】アイコス イルマiワン ILUMA ケース 保護ケース NEK ★REVL 7986572 iqosイルマワン イルマワンカバー 耐衝撃 おしゃれ iqos iluma one 専用 IQOSイルマワン保護ケース レザー ヒョウ柄 ペイズリー 保護カバー アイコスケース アクセサリー 送料無料","イルマiワン","90","X11","Y46",,"0","18","17","-1",
"2026/08/24 23:04:45","受注取込","7986531","7986531X11Y31","【新型/IQOS イルマ i ワン用】アイコス イルマiワン ILUMA ケース 保護ケース NEK ★REVL 7986531 iqosイルマワン イルマワンカバー 耐衝撃 おしゃれ iqos iluma one 専用 IQOSイルマワン保護ケース レザー ヒョウ柄 ペイズリー 保護カバー アイコスケース アクセサリー 送料無料","ONESIZE","114","X11","Y31",,"0","7","6","-1",
"2026/08/24 23:10:05","受注取込","7987070","7987070X11Y11","【お得な2枚組】X-LARGE XLARGE エクストララージ ボクサーパンツ メンズ アンダーウェア 下着 NEK ★REVL 7987070 かっこいい ツルツル おすすめ 人気 カモフラ タイダイ 炎 迷彩 カモ柄 ブランド 男性 紳士 プレゼント プチギフト 父の日 誕生日 彼氏 父 息子 ギフト 記念日 大きいサイズ 福袋 送料無料","M","2枚組","X11","Y11",,"0","8","7","-1",
"2026/08/24 23:14:45","受注取込","7994812","7994812X12Y32","サファリハット メンズ 釣り 帽子 ハット レディース SUNS(サンズ)  撥水 アウトドア 登山 キャンプ バーベキュー NEK ★REV H-051 H-053 送料無料 大きいサイズあり キッズサイズ 子供 UVカット アドベンチャーハット 父の日 プレゼント ユニセックス 春 夏 夏フェス ギフト","大きいサイズ","T.BLUE(H_051)","X12","Y32",,"0","58","57","-1",
"2026/08/24 23:14:45","受注取込","7988386","7988386X11Y11","【高輝度・省電力】LED 卓上 ライト 間接照明 おしゃれ テーブルランプ 北欧 ベッドライト ★REV 7988386 照明 ランプ 一人暮らし ナイトランプ ムードランプ インテリア 雑貨 スタンドライト フロアライト ベッドサイド ルームライト 寝室 usb 電気スタンド フロアランプ","ONESIZE","アイボリー","X11","Y11",,"0","206","205","-1",
"2026/08/24 23:18:46","受注取込","7997141","7997141X11Y11","特大 スイカ ドーナツ 浮き輪 浮輪 送料無料 プール 大人用 子供用 NEK 7997141 ★REV 120cm 90cm 80cm 70cm 60cm サイズ 大きい 大きめ うきわ ウキワ すいか 海 海水浴 ビックフロート 水上 レジャー かわいい フローティングベッド 西瓜 子供用浮き輪 大人 子供 こども","120cm","スイカ","X11","Y11",,"0","642","641","-1",
"2026/08/24 23:18:46","受注取込","7994812","7994812X12Y33","サファリハット メンズ 釣り 帽子 ハット レディース SUNS(サンズ)  撥水 アウトドア 登山 キャンプ バーベキュー NEK ★REV H-051 H-053 送料無料 大きいサイズあり キッズサイズ 子供 UVカット アドベンチャーハット 父の日 プレゼント ユニセックス 春 夏 夏フェス ギフト","大きいサイズ","GREIGE(H-051)","X12","Y33",,"0","143","142","-1",
"2026/08/24 23:21:45","受注取込","7987400","7987400X11Y19","【とにかくデカい！/普通サイズあり！】キャップ メンズ 大きいサイズ 帽子 深め ビッグサイズ ★REVM 7987400 BIG SIZE メンズキャップ帽子 大きめ 大きい帽子 メンズ帽子 レディース 春 夏 春夏 プレゼント ギフト 母の日 父の日 送料無料","大きいサイズ","I-ネイビー","X11","Y19",,"0","32","31","-1",
"2026/08/24 23:26:15","受注取込","7994812","7994812X12Y33","サファリハット メンズ 釣り 帽子 ハット レディース SUNS(サンズ)  撥水 アウトドア 登山 キャンプ バーベキュー NEK ★REV H-051 H-053 送料無料 大きいサイズあり キッズサイズ 子供 UVカット アドベンチャーハット 父の日 プレゼント ユニセックス 春 夏 夏フェス ギフト","大きいサイズ","GREIGE(H-051)","X12","Y33",,"0","142","141","-1",
"2026/08/24 23:27:45","受注取込","7992723","7992723X11Y11","お得！ 送料無料 4枚入り 福袋 Dickies ディッキーズ ボクサーパンツ メンズ かわいい NEK ★REV <br> パンツ ボクサーパンツ セット メンズ下着 メンズボクサーパンツ メンズボクサー 大きいサイズ 大きめ 特大 3L 下着 インナー メンズ usa まとめ買い プレゼント ギフト","M","福袋4枚セット","X11","Y11",,"0","105","104","-1",
"2026/08/24 23:36:30","受注取込","7994812","7994812X12Y33","サファリハット メンズ 釣り 帽子 ハット レディース SUNS(サンズ)  撥水 アウトドア 登山 キャンプ バーベキュー NEK ★REV H-051 H-053 送料無料 大きいサイズあり キッズサイズ 子供 UVカット アドベンチャーハット 父の日 プレゼント ユニセックス 春 夏 夏フェス ギフト","大きいサイズ","GREIGE(H-051)","X12","Y33",,"0","141","140","-1",
"2026/08/24 23:38:15","受注取込","7987409","7987409X11Y12","【130cm 大きいサイズ対応】本革 床革 ベルト メンズ 130cm NEK ★REV 7987409 大きいサイズ対応 シンセティックレザー ビジネスベルト カジュアルベルト 父の日 送料無料","ONESIZE","ブラウンA","X11","Y12",,"0","21","20","-1",
"2026/08/24 23:42:45","受注取込","7987988","7987988X11Y15","【AVIREX 限定】サファリハット メンズ 大きいサイズ BIGサイズ アドベンチャーハット 17158300 17158400 釣り 帽子 ハット ★REV NEK 7987988 大きめ 普通サイズ AVIREX 限定 かっこいい アウトドア ブラックシリーズ アビレックス 帽子 キャップ ブランド 撥水加工","普通サイズ_17158300","グレージュ(73)","X11","Y15",,"0","121","120","-1",
"2026/08/24 23:52:08","受注取込","7988106","7988106X11Y11","【もりもり育つ】植物育成ライト LED クリップ スタンド 植物育成 観葉植物 ★REV 7988106 多肉植物育成 育成ライト 植物 ライト 80LED 40W 室内栽培 水耕栽培 野菜工場 ledライト 3モード調色 9段階調光 360度調整 タイマー機能 梅雨時期 冬 日照不足解消 省エネ USB電源式","ONESIZE","ブラック","X11","Y11",,"0","29","28","-1",
"2026/08/24 23:52:45","受注取込","7987794","7987794X12Y11","【大きいサイズもあり】キャスハンチング キャップ メンズ レディース CULTURE MART NEK 101294 ★REV 7987794 ハンチング帽子 ハンチング帽 秋冬 帽子 ハンチング キャスケット メンズ帽子 レディース帽子秋冬 秋冬帽子 メンズハンチング おしゃれ カルチャーマート","大きいサイズ","ベージュ(1)","X12","Y11",,"0","134","133","-1",
"2026/08/24 23:55:45","受注取込","7986547","7986547X11Y11","【お得な5枚10点セット】福袋 おなかぷにぷに3Dキャラクターシール 犬猫アニマル NEK ★REVO 7986547 ピンセット付き ぷにぷに触感 ストレス解消 癒しデコシール プレゼント ギフト 送料無料","ONESIZE","5枚10点アソート","X11","Y11",,"0","669","668","-1",
